           0  0.19235843546748696       0.19996778284889757       0.20440277028290640       0.21120471277166977       0.21915059923227312       0.22923156939183967       0.23744647885434550       0.24616067739213054       0.25442711931185047       0.26519444729620045       0.27438908567806108       0.28567718262270181       0.30000834175314328       0.31478896814407925       0.33057204695032233       0.35031277992620702       0.36531162771831827       0.38528516420307535       0.41223326367688851       0.43724242909601185       0.46851947535923977       0.50048550544211690       0.53666203225782028       0.57597193383496148       0.63158308541877572       0.68247913986553599       0.75295225655205722       0.83372385200104715       0.91716193152728087        1.0301041710329906        1.1486814858207053        1.2920259422077569        1.4628877038705628        1.6299496324198788        1.8191670616697262        2.0172087466697661        2.2167795266824588        2.4379554624537856        2.6280198620233262        2.8508562403898225        3.0450894113747533        3.2364668447896840        3.4323467815169364        3.6068437905540587        3.7882547599907999        3.9771097820704413        4.1393774118441398        4.3092284410819479        4.4760062972713728        4.6453266276035512        4.8143554195148077        1.0561460334629056E-003   1.2174898722177229E-003   1.2213148164078409E-003   2.0232074320246391E-003   1.6042410383780232E-003   1.1785745463303492E-003   1.5635044793232986E-003   1.0432208997696042E-003   1.5932449544699408E-003   1.2258731989527919E-003   2.1336223170706045E-003   1.8925193946438493E-003   2.4369983056361198E-003   2.2383864416306415E-003   2.2907285066814990E-003   2.4933175935974486E-003   2.0019283060112186E-003   3.3311071374156802E-003   2.8738462668358037E-003   2.6221816696174881E-003   3.0012939827560553E-003   2.1821455097958916E-003   5.7013127067061884E-003   2.7526029860984610E-003   4.1589067080297906E-003   4.8245359657812957E-003   3.4619950988572855E-003   4.6892178294616225E-003   4.2583012200139601E-003   7.0315943263789416E-003   5.9322188584565788E-003   5.2522109531756038E-003   4.0504739525573106E-003   6.6153355224301156E-003   4.3624734648686951E-003   7.3982640902711221E-003   6.9540176619946967E-003   9.1775481468367500E-003   6.4113250549254104E-003   6.9682695347608320E-003   9.5209749302233842E-003   1.1887176905636164E-002   6.8909863952174126E-003   6.9380019891782437E-003   7.0925808654944689E-003   8.1654414787254749E-003   7.2627631863216449E-003   6.1407393554996732E-003   5.7158616701094957E-003   8.8931563420083497E-003   8.1025414145163115E-003
           1   3.4704543142729680E-002   3.7911316103399130E-002   3.9402449634631104E-002   4.2705253594033467E-002   4.7191757954515752E-002   5.0548756355022019E-002   5.3265511697350817E-002   5.8926338039928278E-002   6.0621040499489444E-002   6.5959352080488629E-002   7.3248438637945487E-002   7.6232979654345071E-002   8.4149631264727506E-002   8.9457422896411981E-002   9.9596726314778505E-002  0.11011423608680386       0.12027073455047470       0.13133740543803582       0.14686546327415728       0.16814231905050508       0.18535755513961188       0.21051854728394773       0.23868400082237606       0.26846565550386903       0.30981168339903226       0.35569346820615760       0.41478656047099283       0.48422972516275109       0.56224315740731778       0.67228210346267037       0.78760836919266353       0.93315448820411717        1.1053696190764668        1.2894493206904456        1.4970129795189637        1.7121401817726161        1.9535415139457262        2.1853999979946876        2.4023088352979900        2.6363385491189844        2.8602532195427477        3.0815492925702315        3.2893780347214645        3.4729418788678075        3.6768313844863925        3.8584917624034003        4.0344211840180719        4.2119039675788414        4.3869042988875107        4.5611079676940847        4.7287517522566116        1.0544793893495314E-003   1.0476003274495316E-003   8.3021871317803992E-004   9.7340231702786517E-004   1.1390999972865174E-003   9.4301075538213779E-004   1.3185399944332168E-003   1.4611301788093228E-003   1.0167881826839799E-003   1.7624308987901089E-003   1.7206648663899691E-003   1.2136856133749241E-003   1.4717399210736480E-003   1.7996096996436624E-003   1.8750765028043338E-003   1.8129002803902524E-003   1.9725337051333430E-003   2.8677383709601561E-003   1.8914166826845163E-003   1.7323099017450196E-003   2.4730352713321292E-003   3.0258526406821825E-003   4.7030057862850437E-003   2.2433107698756390E-003   2.2104131682301464E-003   3.2645551219109836E-003   3.4326374543600835E-003   5.0770747288924195E-003   4.8170592108438904E-003   7.1097348183756263E-003   4.7445805419320808E-003   7.2101319025662004E-003   4.0105771117215708E-003   6.8957987184201383E-003   5.4267407170124149E-003   7.7844209144434925E-003   6.6982142210099214E-003   6.4742343213275381E-003   6.6722970873789155E-003   5.4466371403000483E-003   1.0744742267231350E-002   7.5285173793210852E-003   7.5814649215798285E-003   6.8568227223329359E-003   6.4511080786933154E-003   6.9788710495287910E-003   9.5413614331835185E-003   3.6972205068549627E-003   4.7891927191206010E-003   5.4482949260484187E-003   6.2626445007468281E-003
           2   7.9325168923079711E-003   8.8685100743610377E-003   8.1244027380757596E-003   9.4975322314908694E-003   1.0681627465801185E-002   1.1014978267292551E-002   1.2609606568618065E-002   1.3797724649285180E-002   1.3608796370056429E-002   1.7025242300722533E-002   1.7510815194131876E-002   2.2059186559820133E-002   2.2973560525684705E-002   2.5602293462802475E-002   3.2050157857920064E-002   3.5694052331594124E-002   4.0017016103033501E-002   4.1804811395630845E-002   5.5411144741971348E-002   6.1949607329211807E-002   7.6660464105975434E-002   9.0512285643172319E-002  0.10133224190577633       0.12411912461830468       0.15222584719698926       0.18576280872834736       0.22994477064962970       0.28039699530662149       0.34404240463415248       0.43910867581069074       0.54651740798619364       0.67023081833877673       0.84456537754118732        1.0389083814081597        1.2489986572784200        1.4880869713089253        1.7436596372815889        2.0084848541898337        2.2458865013811926        2.5067936129285973        2.7500665930133654        2.9978859019234974        3.2292926864584626        3.4370240427161223        3.6407070365046525        3.8306489769936247        4.0176700724994596        4.1988731183146628        4.3742712394640026        4.5502118043630873        4.7176021094723266        1.0918300067566064E-003   1.0965038834117461E-003   1.0805136105640997E-003   1.1403645859541242E-003   1.0100443259100616E-003   1.3501007509950365E-003   1.5940620312789983E-003   1.0305855048913951E-003   1.3053247952505306E-003   1.6041028009367759E-003   2.1549736824019524E-003   1.6612964455035083E-003   1.0163594163492150E-003   2.0922674125256478E-003   1.8080033780275462E-003   2.5263033057978186E-003   1.3499802299343268E-003   2.0064885749446885E-003   2.3651090369478022E-003   2.3995794837664420E-003   1.8122519035175481E-003   2.4356548178006833E-003   2.9934077502698285E-003   2.2009386963915386E-003   2.6199100224423748E-003   4.2315086423405550E-003   3.7359321665103064E-003   5.1513996142964393E-003   4.5137689003894969E-003   6.1285528063540302E-003   5.5188977523407219E-003   4.6320091327146217E-003   7.4160020123698652E-003   5.7198212399206770E-003   6.7770007299598799E-003   9.7661228697028014E-003   6.0730150463597426E-003   1.0947256036478829E-002   7.4240178332036066E-003   6.8275526636927724E-003   1.1474610756445406E-002   1.1759371314349565E-002   1.0007694458013153E-002   1.5359049203930700E-002   9.3726388616800962E-003   9.2107403585064904E-003   1.0022394951317567E-002   6.3006571452384067E-003   7.2633577706125302E-003   7.2656669967804148E-003   7.9569741837473684E-003
           3   1.6989859983372075E-003   2.0786059891383011E-003   1.7880335842464514E-003   2.0909495637700575E-003   2.6771253517271190E-003   4.3832494269969149E-003   2.2942157931834534E-003   3.5019450803233728E-003   3.9253827793138095E-003   5.6316352102967256E-003   4.7278825415818636E-003   6.5748619967719267E-003   4.9014937617040339E-003   5.5675984231779085E-003   7.4983480870643810E-003   9.1260041435471690E-003   1.3976191428926695E-002   1.3747355829466920E-002   1.7000049892295852E-002   2.7397323666182964E-002   2.6253320000528838E-002   3.6843284161872221E-002   4.6995419694860034E-002   6.0059104280019399E-002   7.5997928348193924E-002   9.8156164695756998E-002  0.12714386134812569       0.16742789611718364       0.21375600968795141       0.28785620728269945       0.38064613195264696       0.48077407074701750       0.64974548545228772       0.82625157530594373        1.0418787280833655        1.2870514434347249        1.5704156152903468        1.8532137245821845        2.1044577173859342        2.3893376215789290        2.6523186382990711        2.9346845352643762        3.1806044683422274        3.3976418756886164        3.6261171474274358        3.8169251175089860        4.0033603132161630        4.1994338376080051        4.3718831549158699        4.5467012115944128        4.7168166709167023        9.0899112609667428E-004   1.4312000447133735E-003   1.1049119087102348E-003   9.2167594615904429E-004   1.3095707191545453E-003   1.2133804301480890E-003   1.1719239862023874E-003   1.7371310284204364E-003   2.0082514347927369E-003   1.2431674147012775E-003   1.0665671586992892E-003   2.2260634277362569E-003   2.3561557124374306E-003   2.1387865529047968E-003   1.7107415978476943E-003   1.8940296681268886E-003   1.3429919635157776E-003   1.5167557397552630E-003   1.6009128301332567E-003   2.6497160102668615E-003   2.5101455687912377E-003   2.3699603184360271E-003   2.7761473882296803E-003   3.5495614181707785E-003   2.9035261557538417E-003   4.1366989794062664E-003   4.1361874667656231E-003   4.4025309014203567E-003   5.1682127250817144E-003   4.7564205836055935E-003   4.3454543517895301E-003   5.4694342069073927E-003   7.2659619127023768E-003   7.9532296752634780E-003   1.1037390646915739E-002   1.0280395847890700E-002   9.4473128158652775E-003   1.5838538858922696E-002   1.4019414879726860E-002   9.7290291901502637E-003   1.8450093196081461E-002   1.6121151077249457E-002   1.7610380363891346E-002   2.1180013807537746E-002   1.3232547240846783E-002   1.2135434292050934E-002   1.0956355637586890E-002   5.3940356104088330E-003   7.1809973003434729E-003   5.8917740286295577E-003   5.1816520629893630E-003
           4  -2.9800791997114768E-005   1.4134440194748139E-003  -1.3900167235721052E-004   1.6154238599009210E-003  -1.1404947571233219E-003   3.7043426062844797E-004  -2.1327589370333171E-004   2.3798047082007751E-003   2.1688264431734714E-003   9.3610318754874398E-004   3.0047115633703983E-003  -3.4997044229742228E-004   8.5127718210383483E-004   1.6327252321266890E-003   4.4996344385538002E-004  -7.1914890167414558E-004   4.6833064450124574E-003   1.5245000151186221E-003   9.0024919979415727E-003   9.5218674230918132E-003   6.7831365575645331E-003   1.4972345890225844E-002   1.8584453044921623E-002   2.7087622174109389E-002   3.7820195872059752E-002   5.3488794543903033E-002   7.2477360412363148E-002   9.4415996230744648E-002  0.12682716949385220       0.18674329599205081       0.25730729832521271       0.35470734822810301       0.50081668204090612       0.67663124029790800       0.86538084585082309        1.1244652975809730        1.4139373118458090        1.6993156787798933        1.9739783464549425        2.2800667157328878        2.5580764424247771        2.8835414289818226        3.1316301885557007        3.3703872255023990        3.5990129324107736        3.8095683589687366        3.9987849816770606        4.2017890072547477        4.3728387367471662        4.5465456418044541        4.7163931681118649        9.4344509896785724E-004   1.1350302479867485E-003   1.1059065797205385E-003   1.1119327532437043E-003   1.3925666418225929E-003   1.2066943213096292E-003   1.2584593077452995E-003   1.1081269434004306E-003   1.3715310177197168E-003   1.2707279480666008E-003   1.1633296241207159E-003   1.2137953331241057E-003   1.1600632995683090E-003   1.7501513925010773E-003   1.5205759247787678E-003   2.2025091072842532E-003   1.2008780584103337E-003   1.8882513322475820E-003   1.9305110221217478E-003   1.6361033946765667E-003   2.1251423886422881E-003   2.1876854562569983E-003   3.0151192763684877E-003   3.6219422862481879E-003   2.2197889510848097E-003   4.6925941362206177E-003   6.3998921188489028E-003   3.8862101462408200E-003   4.9905703443120829E-003   4.8176430148181770E-003   5.5407257623502201E-003   4.5540249032105231E-003   7.4889828896909545E-003   6.4562132339386633E-003   7.5872507469454935E-003   1.5501174687333046E-002   8.8835931822409727E-003   1.3133015734998072E-002   1.5667130560394423E-002   1.1794537678894660E-002   2.1924578861053576E-002   1.9575329358082552E-002   1.6124481429355651E-002   2.6295189609773530E-002   1.7546685113999788E-002   1.5950196946493078E-002   1.3586622351890823E-002   6.2952555852936864E-003   1.1252021370207513E-002   4.7751534813088191E-003   8.6080571822807865E-003
           5   8.6051282494851772E-004   7.6036591538614529E-004  -2.0357493756894894E-003   3.6409195645058375E-004  -7.9404796990104878E-004   1.8881764901037402E-003   1.7911990778550874E-003   3.2661182160857315E-004  -2.1823397076231021E-004   3.7989202651463608E-004   2.2044087653133948E-003   8.3688953726776180E-004  -1.9690663683337873E-003   8.7249329996170468E-004   2.1584431748010663E-003   1.7145426107364780E-003  -9.7704035975303941E-004   3.5281626341102873E-003   1.9797927491375421E-003   2.9182517509625983E-003   1.0048786731408469E-003   1.0756808741675727E-002   5.3157367033983506E-003   9.7478622224784969E-003   2.0972972737996982E-002   2.5852399642402039E-002   4.1425724828101806E-002   5.5357007930867057E-002   7.6260260774907218E-002  0.12516765839703239       0.17633326941196098       0.26329673113604241       0.39522698468116385       0.54622944811731855       0.71801540003349784       0.97715756247881380        1.2646501509030308        1.5663669083426506        1.8478827285345172        2.1692112198173756        2.4692216133410900        2.8254176159787203        3.0852015552317793        3.3373248207536919        3.5922548158761596        3.7888998361498407        3.9962743350654248        4.1971601515130743        4.3673086004969566        4.5478038787959152        4.7212175908585658        8.3650390219401193E-004   1.3352166619534306E-003   8.2024653876841352E-004   1.0394496225723307E-003   1.6057344011592453E-003   1.2761324641877112E-003   8.7995957515217809E-004   1.1595245021831574E-003   1.2061571107696064E-003   1.4329151712329283E-003   1.2207777802673192E-003   1.0644680927879195E-003   1.1101127765391519E-003   2.3304218916957880E-003   2.4880443359826063E-003   1.8883723852082775E-003   1.5864473296921763E-003   2.6983331734008664E-003   2.7475980847669157E-003   1.9674517703972367E-003   2.6606129705425870E-003   3.4419998628902903E-003   3.2503379689370290E-003   3.1004697580617555E-003   2.7167141285984134E-003   3.3561594321474338E-003   4.4793915559307165E-003   3.6511135033076418E-003   3.4185243631768046E-003   5.5703946174092706E-003   4.9478206615154955E-003   5.0891671866212188E-003   8.2302040106147899E-003   8.6963163814523427E-003   7.5848783081879029E-003   1.4534271834627990E-002   8.5998898481076599E-003   1.5147597914784811E-002   2.1030515089263475E-002   1.1480269784014207E-002   2.7647137518413696E-002   2.2595891813548777E-002   2.3899118050082511E-002   3.2493848922016677E-002   1.9646990886640767E-002   2.0351808527130259E-002   1.6968312886828214E-002   8.8214227655412144E-003   1.2181348262865422E-002   5.9918434976239119E-003   8.3642118532913003E-003
           6  -9.7718672483101975E-004   1.1030013889328625E-004  -2.2295212885104076E-004   5.3863498430565605E-004  -4.6744269610841629E-004   1.8923760664943292E-003  -8.4604364489554895E-004  -1.7303389853492062E-005   7.6238898790936187E-004   1.2877044850138340E-003   1.1154553545337231E-003  -1.8077211259922836E-003   2.2587255510839798E-004  -2.2779315496839880E-003   4.6916732839617699E-004   5.2162187949258770E-004  -1.0114247984861215E-003   2.4376053018376393E-003   9.9426775277198696E-004   1.8993530772625693E-003  -5.1856192489050778E-003   5.3346586731438843E-003   3.5152583184850175E-004   1.6490621406648001E-003   9.6966454698002823E-003   1.1950794557242971E-002   2.4426474619908586E-002   3.4766888274156131E-002   5.4507510114396467E-002   7.9147505549390818E-002  0.12396095077623856       0.19531153106275617       0.30284697573461045       0.43566652426788521       0.60179622348734663       0.84825222152724822        1.1382237903422023        1.4416219024874004        1.7266397817650689        2.0655404537782944        2.3939746264222732        2.7640989663885782        3.0435535296229586        3.3113167952440810        3.5791659299530973        3.7764543964778343        3.9931892999340146        4.1970730618607686        4.3650443885104062        4.5484467304689247        4.7119396858511173        8.5204131298146247E-004   9.7772012507269749E-004   1.1452220786294833E-003   6.2166891192695813E-004   1.1745602834648229E-003   1.1673144822376752E-003   1.1488822402080608E-003   1.3648631006834778E-003   1.5246928685356234E-003   1.8499768750670548E-003   1.8011571139433104E-003   1.5950197947781726E-003   1.4156219477862756E-003   1.6330549419597438E-003   1.9523576181115167E-003   2.1381550278914935E-003   1.8091833711307052E-003   1.7661042989314272E-003   2.6786222808717467E-003   3.1299078357736481E-003   2.1024658986669468E-003   3.0204137309842696E-003   2.2246225508728320E-003   2.5279496059936934E-003   3.5930386917071302E-003   3.2222383944687702E-003   4.8592086752696356E-003   3.4926819312783206E-003   5.3478931067423158E-003   5.4225613004830388E-003   6.9141232756005635E-003   5.6038990200113891E-003   1.0088861162250556E-002   7.6359626099781041E-003   8.3949597784278695E-003   1.6033750222143341E-002   1.1367467580239838E-002   1.5950857399381183E-002   2.0219171222345352E-002   1.4982158479697654E-002   3.0290451419235476E-002   2.4170631656523146E-002   2.7515908525887239E-002   3.7135130938137535E-002   2.2642489635901770E-002   2.2001533707036173E-002   1.8892956346331782E-002   4.5883570262459945E-003   1.2567836157128113E-002   8.0746213929893257E-003   5.4755688532037343E-003
           7  -2.4716660995610526E-004   2.1781309954978225E-003   8.7433815092649735E-005  -6.5886536906691528E-004  -1.5784883223058542E-003   3.3700787731896607E-004  -2.7991383229904670E-004  -1.2049638182855316E-004   3.3599894512432635E-004  -2.0552185394988106E-004   5.7692434156962479E-005  -5.0187176996624233E-004   3.7992677432222265E-004  -7.9197973354032630E-004   9.1403474275667437E-005   1.7529573844201761E-003   2.0073944665971092E-004  -2.9156906540126306E-004   5.0149548122409998E-004   7.9521652427530206E-004  -1.7695866292117251E-003   4.8695140611786604E-003   1.0486451150075607E-003  -5.3725335967291722E-004   6.2010088189817592E-003   4.5769500390060421E-003   1.1291491682370335E-002   2.0090396362213516E-002   3.2008030913134894E-002   5.8758052134243635E-002   8.2287767064892492E-002  0.14065939082157769       0.22555526101159762       0.35762081194411832       0.50011830533560442       0.73364161409335182        1.0256187096304468        1.3291152296700948        1.6292136653299567        1.9688119221799982        2.3140986571817148        2.7111847416090677        2.9994735075915817        3.2796421352907221        3.5656238263269149        3.7632814758793418        3.9801982439027142        4.1933147944327915        4.3621650162866814        4.5461727422400067        4.7192784311312588        8.2164609578783728E-004   9.1998553789926377E-004   1.4601868505118474E-003   9.3282663494262418E-004   7.9771643556255246E-004   1.0717772637881650E-003   1.0826928826300172E-003   1.2264245689437459E-003   1.0173808216703130E-003   1.8895913658525166E-003   1.6928270956386052E-003   2.2433456218449066E-003   1.5242234369586083E-003   2.0609373117811735E-003   2.1430299982669442E-003   1.5059490115321807E-003   1.7686335057063116E-003   2.1274536380969308E-003   1.7496994370821797E-003   2.1125226356277734E-003   2.6470742655154969E-003   3.2586121986274206E-003   1.8083945735607740E-003   3.2098510980353308E-003   3.3564593101663388E-003   3.0679987153181126E-003   3.4479680121798383E-003   4.5612987846587851E-003   3.5057855802041759E-003   4.5165412188409850E-003   6.1178035995003068E-003   7.3340625595690835E-003   8.7928032965945459E-003   8.0884959931052883E-003   8.5810461427758659E-003   9.3825976916257509E-003   1.0969453742856922E-002   1.8504183095296764E-002   2.2919540883323323E-002   1.8229253748941573E-002   3.3223906201107267E-002   2.8452252774672206E-002   3.1975602501359467E-002   4.1230408251612997E-002   2.3562082920150298E-002   2.2191916652439789E-002   2.3690133381278428E-002   4.6159923485028518E-003   1.5071978295992088E-002   4.0144807372485512E-003   6.6724744931676711E-003
           8  -4.1103539945847625E-004   1.0048756069880632E-003  -1.2272815609561695E-003  -4.7963129974532611E-004  -1.6152044935427974E-003  -4.4756806485145610E-004  -9.9005259486371119E-004   1.3996196613765028E-003   9.0166942090477072E-005   1.9540312883264289E-003   3.7419915939726782E-004   2.6945995086477922E-004   1.0802322576857590E-003   2.7710510033622526E-004   6.0741924642063595E-004  -4.6304708403291752E-004  -1.9821647458986855E-003  -1.6793125301778646E-003   5.3262500224992345E-003   2.9650691700879119E-003  -2.4813679518921120E-003  -1.8857724819940440E-003  -9.0568709088022670E-004  -1.6723697045632571E-003  -7.5450842437710494E-004   8.5841686769920766E-003   5.2156293827480384E-003   1.6152572156417414E-002   1.9992326321558784E-002   3.7319422905084852E-002   5.6933152261747812E-002   9.2179307601964799E-002  0.17531936341015111       0.29014019564356486       0.41720437794763282       0.63553440089591473       0.92082234504192184        1.2186081055670031        1.5303543131400112        1.8812997515190688        2.2319433169790148        2.6670305793204490        2.9576196049032659        3.2606555721794077        3.5458546433246387        3.7555026301381549        3.9713786016343939        4.1915757076368960        4.3640307500281557        4.5440698286602217        4.7204766490708989        1.3067760785764968E-003   7.9021754076261770E-004   1.5106260790305739E-003   1.0301860710279786E-003   1.1256516520700404E-003   1.1172108397361868E-003   1.1591439269684593E-003   1.4837033077362296E-003   1.1465814686138064E-003   1.7147885706858264E-003   1.0536369093137972E-003   2.4009769904570636E-003   1.3228810918697355E-003   1.5602537733110625E-003   1.4788744687668119E-003   1.4038064091676618E-003   2.0109186839645040E-003   1.9440344014506493E-003   1.7962101685724781E-003   2.2980289043267490E-003   3.1657529976832116E-003   2.5703750439658953E-003   2.6659603610683954E-003   2.5479808110142558E-003   3.3373857397400214E-003   2.2909633213720562E-003   3.8177097131983258E-003   3.8670814308837688E-003   3.9182336386288721E-003   4.6961896015275447E-003   6.2029403399883202E-003   7.3267042157993756E-003   1.2232366726115091E-002   1.0764697803721376E-002   9.7080278782299429E-003   9.4151632189557362E-003   1.3260356767979018E-002   1.5479161259905025E-002   2.0361610910103731E-002   1.8919898634892053E-002   3.9069494722676186E-002   3.0161032012466792E-002   3.5046854152810072E-002   4.6255343478858617E-002   2.9393565280037930E-002   2.5968334253399589E-002   2.3866888157279987E-002   4.9341611686874809E-003   1.7981199449456024E-002   6.4194144570208786E-003   7.2925111513336138E-003
           9   1.2068465230671830E-003  -2.4520758367404887E-004   6.6492763373194859E-004  -1.6958330854319980E-003  -2.9550023932831196E-003   9.1602972503627262E-004   6.9919167102630727E-004   2.4206455275762600E-004   5.0241369735248343E-004  -4.7999091728282595E-005   1.1974017228039366E-003  -1.7124443971430910E-003   6.2104336039652769E-005  -1.5749136357453325E-003  -9.0820225414003323E-004  -3.7956357277780149E-005  -1.5720902988360524E-003  -2.2754932273833239E-003   1.5986091049954099E-003  -5.9205839551196175E-005  -2.4752688255084340E-005   8.5072653416085820E-005   1.2389074319892012E-003  -5.4683150040798576E-003   1.9249280153391852E-003   1.5188150893988194E-004   4.4672671170787968E-003   6.0759282397483032E-003   1.4659446658877114E-002   2.4891230987558174E-002   4.1084658276219516E-002   7.3737379103649400E-002  0.12990421424236676       0.23334693961641223       0.33930704968291664       0.54768940054976734       0.83931753931778652        1.1206667747900469        1.4342584248243448        1.7906508901131064        2.1569290723065540        2.6130800247950074        2.9083125728658383        3.2341650522579046        3.5323137257190096        3.7423747993372110        3.9671438781804720        4.1868859191900452        4.3566369301153731        4.5508925731759851        4.7172577905542479        1.0150694578702785E-003   8.7605588334737250E-004   1.2538799589206775E-003   9.2869770296459856E-004   1.0706555941430785E-003   1.3220403103632362E-003   1.1644322053372016E-003   1.2363568375433624E-003   1.3620841665045911E-003   1.9043497935800013E-003   1.1746484439097999E-003   1.7143863258890025E-003   1.9382741158861419E-003   1.5354900221992945E-003   1.8740509735806462E-003   1.5323109906027761E-003   2.0608343098472010E-003   2.0969143210810811E-003   1.8877522771534093E-003   1.8960285518131307E-003   2.6451538549237125E-003   2.2521423525469733E-003   3.0804874267808509E-003   3.1263645524957089E-003   3.6160585780242653E-003   5.1271678710910901E-003   3.8782636866177265E-003   3.8261451331445722E-003   5.2656816756429308E-003   5.3101131569236962E-003   6.3817690290592288E-003   9.7003323944730123E-003   7.5109657080579375E-003   9.0372952023310520E-003   1.0392816268977013E-002   8.6535884987531501E-003   1.3607472232940147E-002   1.5399263064140977E-002   2.4185087005145475E-002   2.1223466274827987E-002   3.8537049337740270E-002   3.1508531000764492E-002   4.1878033610483360E-002   5.1207348467068523E-002   3.1580763028762726E-002   2.8704423241735461E-002   2.7746383640654980E-002   7.3355358603852099E-003   1.9504601186508229E-002   5.1453700446300382E-003   6.4094710322294126E-003
          10   2.4591892395149059E-004   3.0663109538870998E-004   1.6438359167504238E-003   5.5648981073373239E-004  -5.9428152637705902E-004   9.2795462825672910E-005   6.6580924583264239E-004  -9.7708448972833473E-004  -6.1589664896424291E-004   6.6074176343534170E-004   1.3895247485296895E-003  -2.5051906473383856E-003  -1.1845828466914921E-003  -6.4728916154294059E-004   5.8478540701911393E-004  -2.3097802574378492E-003   5.2984805824406971E-005  -1.3612481944874147E-003   4.5995568935169835E-004  -9.3551205902739798E-004   3.7600785447010603E-003  -1.0253949065166185E-003  -4.2546982102957000E-004  -2.3165178922960384E-003  -1.8018310746754317E-003  -2.2384302735680599E-004   3.0934123737279577E-003   3.1442017080340959E-003   6.8847180530452043E-003   1.6294996261300796E-002   3.2757172444420585E-002   5.5592229168490839E-002  0.10029410302521514       0.18492943436089906       0.28392110463320619       0.47437068094437035       0.75930844689823784        1.0371392879532764        1.3450890780560829        1.7023866256157882        2.0844567895944537        2.5575334519055035        2.8739879942060607        3.2096538168380508        3.5145145083589866        3.7318133327814436        3.9579766080762511        4.1938949414182529        4.3563805375431617        4.5484497345135875        4.7166547784055837        1.1086383825232556E-003   1.4151708826624111E-003   1.1039975394934824E-003   1.2479784579843712E-003   8.1222005420835970E-004   1.0269914837993518E-003   1.9743345681994384E-003   9.8176121374403749E-004   1.4266281003708688E-003   1.1402460451223023E-003   1.4753522660096695E-003   1.3801068961890122E-003   2.2013825856002432E-003   1.3350720076405515E-003   2.1668085394396922E-003   2.2977844701521639E-003   1.5847362815371315E-003   3.2605291076328665E-003   1.9281532258326039E-003   1.9308839704224015E-003   3.6162399191256665E-003   2.1984767357139351E-003   3.5567622377800988E-003   3.7696394153988147E-003   3.5373121918893368E-003   4.6315770234776144E-003   4.6599802382948771E-003   2.9623315478769599E-003   4.8155744030462296E-003   4.9712090967131512E-003   5.6800472285157859E-003   7.0161796024459568E-003   9.2487454503871001E-003   8.7900251826380851E-003   9.5036978703129105E-003   1.0540086119365126E-002   1.4472273203444028E-002   1.7971536551577922E-002   2.3746883832896526E-002   2.2771884128352647E-002   4.1940826654271263E-002   3.4988769276599926E-002   4.8861882610126632E-002   5.3974442556974381E-002   3.7105945234221789E-002   2.9606878146787204E-002   2.8677179603311270E-002   8.5615974597780253E-003   2.1519066890581036E-002   5.5155993261070428E-003   6.9968781580136514E-003
          11  -1.9539849930625902E-004   2.1746664736005464E-003   7.7236791226391614E-004  -4.1057064966050147E-004  -5.0258233882368233E-004  -1.2044962802474171E-003   3.3269875612007013E-004  -4.9511447312850410E-004   9.0136288119670724E-004   2.3513469149470832E-003   1.3050532968718602E-003   7.5506818847639694E-004  -1.1511706110340749E-003  -1.0063222685406309E-004  -1.2197861639236577E-003  -1.6726603565120636E-004  -2.2654449571089239E-003  -1.5995265340416924E-003   3.1568154199615151E-003   3.5721854538190408E-003   2.0619601938193322E-004   4.9959090036349801E-004   4.0362425265414604E-003   1.1538944220532920E-003  -4.2035560466127409E-004  -8.9761670460432167E-004   2.8456734148440866E-003  -5.0081567116164476E-004   8.8295432163314886E-004   1.3384597362211393E-002   2.1495935715256691E-002   4.6840914603864477E-002   8.7381656470451874E-002  0.14425411989452014       0.24185282106405934       0.40923324062350247       0.68062287389215492       0.95199780200578199        1.2650833764693621        1.6211558006700522        2.0052503669268984        2.5105511907192191        2.8365522565860464        3.1874295296244037        3.5007540795627174        3.7140222161817262        3.9559999464025597        4.1858802270311868        4.3587384530392708        4.5486594228620811        4.7145556275447129        1.3479624515071841E-003   1.3097510582679899E-003   8.4123590244427932E-004   1.1605968851659729E-003   1.1660585606162869E-003   1.2274170629679529E-003   1.2067204359652976E-003   1.2215086247446753E-003   1.5798101405447597E-003   1.1928312783950419E-003   1.4637848114978141E-003   1.4626463178838128E-003   1.8481647921072281E-003   2.7236461384715620E-003   1.5256099928979690E-003   1.6511282021148804E-003   1.8889716701738384E-003   1.7964027403482702E-003   2.8508893246059182E-003   2.3374210504962700E-003   2.4765437740422711E-003   2.0920434402645978E-003   2.2629594143670812E-003   4.7787511858697141E-003   2.8420356788641668E-003   5.2112101861373173E-003   3.2580481192566249E-003   3.6689059592683176E-003   5.4691041193774305E-003   5.6649521979895284E-003   6.4552782678165416E-003   5.8555842524894144E-003   7.8012089723895704E-003   5.9904821455936258E-003   9.7067083837516846E-003   9.1049983500057722E-003   1.3966896456939387E-002   1.8962606889042728E-002   2.1172553983660834E-002   2.5697895689883381E-002   4.5183799104530548E-002   3.7211547849453061E-002   5.0494725553582753E-002   5.7038933624109063E-002   4.0267364355422657E-002   3.2538644111968697E-002   3.0086345740545074E-002   1.2514284199597912E-002   2.1554149190551691E-002   7.1243023932894972E-003   7.7634201822085391E-003
          12  -2.6497403096515553E-004   1.2590475936472322E-003  -1.1221388879814125E-003   4.2519119526564637E-004  -1.8053478167843701E-003   2.9367461680689929E-004   1.6368028810047586E-003  -2.9716438936241486E-004  -7.1280308046508406E-004   2.1781270204242146E-003   1.5864180118077718E-003  -1.8533182293147211E-003  -3.3224171583809805E-003   2.3060119067250468E-003   4.3537377940195551E-005  -1.2936541142814677E-003   1.5838232946411050E-003  -2.0477960357859217E-003   2.7263677308800483E-003   2.2968660367527344E-003  -1.7630992095687417E-003  -4.0878713062081812E-004   6.6261764766430654E-003  -5.0160865202646641E-003   5.3074364108736116E-003  -3.8150068642659974E-003  -1.8733699844199767E-003  -4.6042495345924965E-003  -1.1352278618902724E-003   1.0223403164318285E-002   1.1769477166707161E-002   3.2931943692437744E-002   6.8576103267648500E-002  0.11535180695061036       0.20035030934180220       0.35282799324116992       0.61105178206816191       0.87934961899585484        1.1824470419000299        1.5393229569485458        1.9368016114398674        2.4560000630690415        2.7953250678328447        3.1641153822710359        3.4859138512159853        3.7029374734886380        3.9507835178960677        4.1856178245946962        4.3553956630592188        4.5504131651031168        4.7111814831532461        9.8471622557620708E-004   1.0199220158098011E-003   2.3772593860255809E-003   1.2948716929645060E-003   1.3412035269172165E-003   7.6728527929392006E-004   1.4291339995568515E-003   1.3093105133594140E-003   1.1654639472423807E-003   1.1576999750264609E-003   2.5517246923942990E-003   1.1757721014234836E-003   1.6526732178415930E-003   1.2590501049168938E-003   1.2087130458716385E-003   1.6712161764297776E-003   1.7264681441413838E-003   2.0741376324761598E-003   2.2015795802495510E-003   2.3901363626107775E-003   2.2443804035266763E-003   3.6290776353160806E-003   2.3527101014157023E-003   2.3470093077446338E-003   2.8396538717852023E-003   3.0548108156635656E-003   3.6583633249613534E-003   4.3654446095849914E-003   5.7778499574857103E-003   5.7195400322720439E-003   4.9564063060448171E-003   6.2223142709622098E-003   6.7162179931972623E-003   5.9440813903385388E-003   9.9856869316341575E-003   9.9692216942045865E-003   1.3437114527272549E-002   1.8925301486447069E-002   2.1499316593550286E-002   3.0492068237527224E-002   5.2802000399625952E-002   4.2001840869705598E-002   6.1181566435283212E-002   6.1561167141917186E-002   4.2007175647049935E-002   3.4153132866991849E-002   3.1530677678856450E-002   1.0512379479672096E-002   2.6457740869692853E-002   7.2553473131922496E-003   9.0134041723941329E-003
          13   3.7038024556563848E-004   2.1731056116696236E-004  -1.1582381241299763E-003  -1.1706352300842632E-003  -1.1466101241747906E-003  -3.2565131213157996E-004  -9.7254503591311494E-004  -8.3133882677622175E-004   1.3171768160350069E-003  -6.8627937901509083E-004   1.0739998040594303E-004  -2.2270761638044341E-003  -1.2102780545981526E-003   2.5119890080088437E-003  -2.0723296712362105E-004   2.3901060369349849E-003  -1.9153061560338422E-003  -1.0919587468012555E-003   2.2959353142610823E-003  -5.7546021219726288E-004  -1.0184913985769937E-003  -7.1865696915547389E-004   1.9979864583962391E-003   7.9776774639974421E-004   2.8126883602579552E-003  -2.5190505888682204E-003  -1.3143181223689445E-003  -2.3856011071965106E-003  -2.1835994818081208E-003   9.6765103810692791E-004   5.1558797168607647E-003   2.6208184872665401E-002   5.3404564268726952E-002   9.9556069868823566E-002  0.17549343727581965       0.30691321096545299       0.55245205244056494       0.81141555496783468        1.1126340485500268        1.4804936037463845        1.8675910030687224        2.4079621536061180        2.7527628446024299        3.1449286777489940        3.4804660598336437        3.6967273891088674        3.9457824362907710        4.1840927261998342        4.3562908656079413        4.5448962890085474        4.7140495657442623        1.0241894627942472E-003   9.9757002245582553E-004   1.0760371040297886E-003   2.0919149282231119E-003   1.8319564998559718E-003   1.0579923804019146E-003   1.1818676127645933E-003   1.4380741647555125E-003   1.4936885039464650E-003   1.3850613661800894E-003   1.3149490267161971E-003   1.6127825105656803E-003   1.7144028782311153E-003   1.7432864140431285E-003   1.6781343856129053E-003   1.8027989016002285E-003   1.6019691839721237E-003   3.1741666778765144E-003   2.5554948852401995E-003   2.3133448192176453E-003   2.7536624241280721E-003   2.9595169680705115E-003   2.2893652730847963E-003   2.0368695481236933E-003   2.6062061202938619E-003   3.3259727988823977E-003   3.4868861148956167E-003   4.6018619206544646E-003   7.7968173282443216E-003   4.8204605537693771E-003   6.6307998400953532E-003   6.5804611948709034E-003   1.0954015551536540E-002   5.5829507485269077E-003   9.5901748254684678E-003   1.0623809936526679E-002   1.2461255956622178E-002   2.1196044632405011E-002   2.0357319759118440E-002   3.0822841462666561E-002   5.4145239990023915E-002   4.5034465267627909E-002   6.8007642649015668E-002   6.8948606777178414E-002   4.5887830224415317E-002   3.6606528425947048E-002   3.4208061279398252E-002   1.2738766337487852E-002   2.4336115835125006E-002   9.2897691226110444E-003   9.8808723385356845E-003
          14   1.6544448265093557E-003   1.1247103955502398E-003  -5.1779627360732034E-004  -1.1931136428547573E-003   1.6875554952217298E-003   1.6252794888331236E-003  -6.5700187706413621E-004  -3.3417672158333755E-005   9.3283500500756090E-004  -1.1198587661077008E-003   7.1545757438250235E-004  -3.0564551834860482E-004  -2.8327114263384520E-004   6.9277434743195664E-004  -1.7779506967725740E-003   2.6496958905101479E-003  -6.0057612842907055E-005  -2.0543245308393241E-003   8.6821687700863021E-004  -2.2572427861174423E-004   7.2154938066131447E-004   5.4401531935980272E-004  -1.2355930726563593E-003  -7.9169851195573071E-004   2.4827867335022930E-003  -1.0484080552774274E-004   1.5206822853243915E-003   2.9906309470178100E-004  -8.8745593621281649E-003  -3.7697822451098367E-003  -1.8580096874323357E-004   1.9822728025809939E-002   4.3650879806566033E-002   7.1713429199675771E-002  0.14898430531958232       0.26941885630705059       0.49065838103637044       0.74528214172754825        1.0427702553060250        1.4020814776889388        1.8050518807598788        2.3617681362339389        2.7134768913219105        3.1223035444033567        3.4687102922638546        3.6881593853229080        3.9466896495693482        4.1806274303236872        4.3447019264137055        4.5518610592157875        4.7085142234172785        7.1067202036162675E-004   9.2239417569878201E-004   1.2875237737191040E-003   1.5867842645869046E-003   1.9954593638848426E-003   1.4079942631243746E-003   1.0623780927168183E-003   1.5265201607173868E-003   9.3093714890526188E-004   1.1502293390387777E-003   1.3468948859663820E-003   1.1475211616681863E-003   1.9061152593794874E-003   1.6564717022152843E-003   2.0828086596330706E-003   1.8509191671693202E-003   1.4322393260869206E-003   2.0067743843391120E-003   1.7600577580273123E-003   1.9723915378642033E-003   2.9307348544437570E-003   2.5937284532398931E-003   2.6365388916234794E-003   3.1452648362625597E-003   2.3907021103851595E-003   4.0675207446615944E-003   3.3505009245749875E-003   3.3114942926228391E-003   5.7242635261818822E-003   4.6481282233955187E-003   6.3935814145632012E-003   6.9900570386651319E-003   8.1692578516805951E-003   8.7948357216222853E-003   7.6102495868000785E-003   1.1995747623326579E-002   1.2716704219825212E-002   2.1872605993722202E-002   2.3977613600393625E-002   3.3354310070339933E-002   5.4062464916731584E-002   4.8009728743166488E-002   7.6686483636431421E-002   7.4244162740009043E-002   4.8678523977246813E-002   3.7859392641680846E-002   3.3336331583574463E-002   1.5183522572513460E-002   2.6399902888480598E-002   8.5993787710097053E-003   1.1569001305873398E-002
          15   1.0851484023543672E-003   4.2339766978549876E-004  -2.8096593038350168E-004  -2.8911356125272542E-003   1.5312413360974721E-003   4.1390092602959554E-004   6.6044578935107502E-004   3.1508671803039123E-004   8.7250180080548250E-004   3.0133215304180641E-004  -7.2324817166097960E-004   3.7699044474995795E-004  -9.0128534558769652E-004  -6.3231906567567193E-004  -1.9357979125625454E-003  -4.2429648722363346E-004   5.8768566518484959E-004   7.0341903013609256E-004   1.3468645881566683E-003   3.4000746675382290E-004   1.3835298728642914E-003   3.5762575501862826E-003  -1.5367019059239035E-003  -1.8120536417684525E-003   5.1381404122652361E-003   1.1473478937546236E-003   5.5255504508121382E-003  -2.2484388165828202E-003  -9.7371445777141245E-003  -2.4127191807767605E-003   1.0290597182242291E-002   1.2960812137023152E-002   3.5932205446503697E-002   5.1431336465097052E-002  0.12077244559334439       0.22918488160310796       0.45044702951067561       0.68609695986096797       0.98206374006199781        1.3481211510436304        1.7487412553913952        2.3131266657089999        2.6728926542850968        3.1009485002266999        3.4542403775460491        3.6745756438015396        3.9430963934903080        4.1789276691721238        4.3399844102321339        4.5456405404976969        4.7026040322217542        9.9019453729496157E-004   1.0443910805032943E-003   1.2923545737849678E-003   9.8257790842222839E-004   1.3912938279861116E-003   1.2593647576914257E-003   1.0283547804471715E-003   9.8885844864901248E-004   1.1423244483938712E-003   1.3322888702958235E-003   1.4962292292294960E-003   1.7096581332365201E-003   1.7274230300622984E-003   1.7483513101577061E-003   3.0103340945745799E-003   2.2291624010019589E-003   1.8211175624161930E-003   2.5472667398384855E-003   2.2307239538526249E-003   1.6035731151543421E-003   1.4061370757537245E-003   2.0560622729278106E-003   3.5499565204327624E-003   2.6748983483119767E-003   3.1994933314971716E-003   3.7873533725358861E-003   3.3172714221728935E-003   4.6204018334383475E-003   4.4425174401111290E-003   7.7104475329708190E-003   4.1467902282097732E-003   5.8215665319411199E-003   8.4699354740518373E-003   7.4095077637237501E-003   7.9073185303299379E-003   1.3065075502791930E-002   1.2283496756747699E-002   2.1180328299846462E-002   2.4186340063217411E-002   3.7167893055630355E-002   5.9321841780828596E-002   5.1279538220823484E-002   8.0867392986173084E-002   7.9096554940325123E-002   5.3977305788830983E-002   4.2433811002973984E-002   3.3808397498671601E-002   1.8529598503659608E-002   2.9662026661813383E-002   5.2615029027116046E-003   1.4711088791733936E-002
          16  -4.3576946999271746E-004   1.1371467153544971E-003  -4.0985550708048365E-004  -1.9950234197586929E-003   3.8196263819877639E-004  -1.9634448676915441E-004   8.5001473603099338E-004  -1.3704028564668022E-003   1.1681324916091715E-003  -4.0853072135878840E-004   4.3045602703020713E-004  -3.0204911065285329E-004  -2.9825351143292216E-003   6.2850222696175036E-004  -1.7039890357633133E-003   1.4725137606546336E-003   1.2309833100087612E-003   1.9547152298800313E-003   1.3284605396112227E-004   3.5863608555429427E-003  -1.7819005781436108E-003   1.0425792536245771E-003  -1.7991299664871204E-003  -2.2847182216529632E-003   6.5060084449466399E-005  -2.9363980197067833E-003   5.3027349058306760E-003  -1.2087231278459058E-003  -1.5809778150528400E-003  -5.5715102823850693E-003   6.8958459239414158E-003   1.2092051436391310E-002   3.2376402523980503E-002   3.8992042553391268E-002  0.10177854098309425       0.20516532250404765       0.41441848694203387       0.63900491723730868       0.91875676913839688        1.2814479303650710        1.6921810091818272        2.2677251817368673        2.6364649030377914        3.0896936666067183        3.4421912200882998        3.6726639978493392        3.9341546681349255        4.1754877284635930        4.3437968725123524        4.5429598458337974        4.7046157614449804        8.6834567442201213E-004   1.0166324916116604E-003   8.1071773883874558E-004   1.1420554704779792E-003   1.1823930133766742E-003   1.2418525253216042E-003   9.5427231483775237E-004   1.7611982485331024E-003   1.5096750107955067E-003   1.2107240103618293E-003   1.5945917900876245E-003   1.1843720578892643E-003   1.6767987476183853E-003   1.8505959674129276E-003   1.9722542812160050E-003   1.1208112735608742E-003   2.0910501842334173E-003   1.9457250768914627E-003   2.2839610322086027E-003   3.2217389790503035E-003   1.9104966798553077E-003   2.8335256908094556E-003   2.9398801123251893E-003   2.6721564563270349E-003   4.2637680550646241E-003   3.6739468853411012E-003   3.8250502771086780E-003   4.1967237672752497E-003   3.6359705866268275E-003   7.4336103978988096E-003   5.7656887130305553E-003   5.9495620918264807E-003   6.9240440714415279E-003   7.6332575392465173E-003   7.7763177716497428E-003   1.0872715243220624E-002   1.1148438864820713E-002   1.9912923720840345E-002   2.7784937192008807E-002   4.0890089540455185E-002   5.8702089039579755E-002   5.2209567625152574E-002   8.5838900126638723E-002   8.5574900613717378E-002   5.4826732326070646E-002   4.3154511306499582E-002   3.4676882292308267E-002   2.5096181288489290E-002   3.2110670173362187E-002   6.9276354083537975E-003   1.5155808463466890E-002
          17   9.9810095645559027E-005   4.5219726924182369E-005   1.1822702567511102E-003   7.8991502106632656E-005  -3.8471892435999887E-005  -7.0179034530499270E-004   1.0429019677098193E-003  -1.2730977667007088E-004   5.5764926726547918E-004  -7.4290848545281838E-004  -1.3528367599819492E-003   2.2624498398873076E-004  -1.3472404096356758E-003   5.0406123804029861E-004   5.1959225660626958E-004   2.1265071888692724E-003   4.2906059442810623E-004   1.2642184452162429E-003   6.2879589584027178E-004   1.3722445418157055E-003  -3.2340133816313477E-004  -1.3855341453996768E-003  -1.0748645644215178E-003   2.3738348114495699E-003  -4.6695107030833306E-004   3.7646294611773557E-003   5.8630262531161985E-003   5.4410676913856494E-004  -4.4645883655780472E-003  -3.8479200207090047E-003   4.7207057761248965E-003   3.2613472533564928E-003   2.4928292132990065E-002   2.3571707932121648E-002   8.9969627074662550E-002  0.18263024250529322       0.37438856132324561       0.58091065602687686       0.87424466120120892        1.2193454290833816        1.6352343687037387        2.2274789536498134        2.6042012136558190        3.0681569878405992        3.4347153278215967        3.6607086232825101        3.9309923748178863        4.1698599058199628        4.3465865223916529        4.5426063769240841        4.6957188252271118        1.0837961520077293E-003   8.6772906047705286E-004   9.8913558878793218E-004   1.3247838206287207E-003   1.5093701390364546E-003   1.5894021347389257E-003   1.1420676707843518E-003   1.7879603061017873E-003   1.4001009261703950E-003   1.1017638157604789E-003   1.4032955230239797E-003   1.3748204319833984E-003   1.4746251033412119E-003   2.8301757362692139E-003   1.7386721663990199E-003   1.7236572898700162E-003   2.2846879415221563E-003   2.1690089791543397E-003   2.2371566331742618E-003   3.2212469652581964E-003   2.7547250567828484E-003   2.8183757994702787E-003   2.8394318169246376E-003   3.5325098515746286E-003   3.5626451920298704E-003   4.9113173808812121E-003   3.6851426586819178E-003   4.2997260453206364E-003   5.8755032102348450E-003   9.5395811618414917E-003   6.8650872549498336E-003   6.2315603829127975E-003   6.6538337232319358E-003   9.6146533188661079E-003   8.4983640883273866E-003   8.8141190304217940E-003   1.1560825173448901E-002   2.2450105403211906E-002   2.8069052725042138E-002   4.3743530690113185E-002   5.8892852074302102E-002   5.1504707103958006E-002   9.5116116588019245E-002   9.3791410464373823E-002   5.7288867041169846E-002   4.5580014345607579E-002   3.6750089191670755E-002   2.4196176026344534E-002   3.3174799816864567E-002   5.4199215240014146E-003   2.0992597775978932E-002
          18  -9.5195590365515682E-005  -1.6562191834866154E-004  -1.5785424629400425E-003  -9.3873842584340529E-004   1.0649298178480127E-003  -2.0741680542812565E-003   2.2375394749553144E-003  -5.6965574406626473E-004  -1.8320137976021996E-004   1.8707203620925853E-003   7.9503393290825141E-004   7.0825246396842188E-004  -1.3389445320589736E-003  -1.2477903311218089E-003  -9.8553911325426221E-004  -2.0682126729695867E-004   2.0585894150498361E-003   1.1395360024992198E-004   4.1228120339901027E-004  -2.9166304620747321E-003   3.5145665234200814E-003  -1.8310818747937483E-003  -2.1253103422188353E-003   1.2112628990181085E-003  -1.7324030619075748E-003   2.8132419700911426E-003   1.1176920276325811E-003  -5.5263079439690256E-003  -1.9082901028423245E-003  -2.1062765305628803E-003   6.5887486567053257E-003   3.7711420691682244E-003   2.1042017530306229E-002   2.1062515440416891E-002   7.2608711172362755E-002  0.15429352978454874       0.34431497439826247       0.53824598047414085       0.81643856269008708        1.1657025008335835        1.5808630932812222        2.1696943112165767        2.5633122553791008        3.0522903919475679        3.4227989669651904        3.6496299819622342        3.9306672916862189        4.1701103737967999        4.3506502111044236        4.5487049015814431        4.6933773881504779        9.4997728890911773E-004   1.0745771202390916E-003   1.3597018443847126E-003   1.2198151404269038E-003   1.3345851180430553E-003   1.0734272154878113E-003   1.2523827621482950E-003   1.5288829862764438E-003   1.0674293148639016E-003   1.9411674466266857E-003   1.3482997457087086E-003   2.1139267845072651E-003   1.7733869194050849E-003   2.5712924384887681E-003   1.4988066050528120E-003   1.8733481176167702E-003   1.6608846741439632E-003   1.6664039043949748E-003   2.3022775355441339E-003   3.0051187188130340E-003   2.5807266535892658E-003   2.6312182134642786E-003   3.5811128964906751E-003   3.7942487214464057E-003   4.0128461286317134E-003   3.6092060128971068E-003   4.2872850836644461E-003   3.1951082242337413E-003   4.7516035069105423E-003   6.3579447875176578E-003   6.0342046559130466E-003   4.5822724751664922E-003   6.2083665125984965E-003   1.2260341441267255E-002   6.6382962386796231E-003   1.0777351477328877E-002   1.3053492830253123E-002   2.4139842654581516E-002   2.7615361640089108E-002   4.5628364649420501E-002   6.0478207105804795E-002   5.3124459829088214E-002  0.10452464372940570        9.6849983471326173E-002   6.0360432675293577E-002   4.9964227867937555E-002   3.9807422043635257E-002   2.7939989019555554E-002   3.3966509742978594E-002   6.8383957936396849E-003   2.4159519865913703E-002
          19   5.5201073272155186E-004  -5.5883624619085834E-004   7.4157574976283999E-004   1.3705355197770480E-003   8.8981614389986130E-004  -9.3535766870772705E-004  -7.6532515591558228E-004   1.1075954598907397E-003  -7.3111571343137199E-004  -1.3085058374882074E-003   1.7065108644872676E-003  -2.7388761011957943E-003   1.0805811593598441E-003  -1.7051081216716722E-003  -1.4417755855261379E-003   5.5808396961624560E-004   9.4009036668024214E-004  -2.0117780498651248E-004  -1.8644250938396015E-003  -2.2833465065759725E-003   6.8670701731310890E-004  -4.3276777052657306E-003   3.2673946303752476E-004   2.8799714164564429E-003   4.6806928492289235E-004   3.4240245481776607E-003  -4.9663584472979990E-006  -1.5489431018131904E-003   5.3461903669669371E-004  -3.3707644013329873E-003   3.1567727324659381E-003   2.4264665914199178E-003   2.2763310815534597E-002   2.0585575475871185E-002   6.5454230528563570E-002  0.13732408320123357       0.31001564806145088       0.49695073377177568       0.77114824313506991        1.1193781461205670        1.5285757710082359        2.1300304152775769        2.5320302442016183        3.0442861463401383        3.4099528060783957        3.6333895186796141        3.9239257163385748        4.1654858247184983        4.3444842393576568        4.5441820560437902        4.6914084869276458        9.5288610607612717E-004   1.0524799714597345E-003   1.6043948947586913E-003   1.0548429295174097E-003   9.5220169508969442E-004   1.4359453791102927E-003   1.2151247664991477E-003   9.5944578493277781E-004   1.2549638557825353E-003   1.3345525299103286E-003   1.5474696149863792E-003   2.8864115449884482E-003   1.1993055836701969E-003   1.6296038605044174E-003   1.2042682913417809E-003   1.3145413764721486E-003   2.3290364420651723E-003   1.5946367844582405E-003   2.8692547475725732E-003   2.3130596793995125E-003   2.6430803675547214E-003   3.1424941538233911E-003   4.0157092995162704E-003   2.1502064325112373E-003   3.0764098905907947E-003   3.0075481525539452E-003   4.2603009611973386E-003   5.6436117254881103E-003   4.5501984918837213E-003   5.0184409301846289E-003   6.1026936351285073E-003   3.8105972100401638E-003   4.7563469377015473E-003   1.1328068948814742E-002   7.0591129929106055E-003   1.1605237314112653E-002   1.2787104048819123E-002   2.7057899004047758E-002   3.0018948611971952E-002   4.6260919948648400E-002   6.2963854216543783E-002   5.3972894509300526E-002  0.10990522898550063       0.10160586795061065        6.2852046639413087E-002   5.1472621449098303E-002   3.9438249303299783E-002   3.2158683459622674E-002   3.1602333626532010E-002   7.8594781905633477E-003   2.6200667995719646E-002
          20   2.8361456433291060E-004  -2.6936040188898792E-004   6.6744309381697761E-004   1.2760042687172761E-003   3.2589643822012110E-004   3.7290879407239077E-004  -1.6690027130931615E-003   8.7257381891910752E-004  -1.0131274753605419E-003  -1.4486779183408758E-003   1.8923103355698806E-003  -1.0706018580926590E-003  -1.1526786207487281E-003   7.1328461338951652E-005  -8.9528812584729433E-004  -1.4186560053261158E-003   4.4812518975495151E-003   3.9812701096750627E-004   1.6890397400915074E-003  -2.1010249948221543E-003   2.2234379790072741E-003   1.3912147595969144E-003   9.1117014608546316E-004  -1.0558242923703804E-003  -1.9885147639368424E-003   1.5163373396993369E-004  -1.7386289659413697E-003  -4.6088381624153777E-003  -6.5450504806735020E-003  -4.2784694922646015E-003   6.4297283831130341E-004   5.7687198536782447E-003   1.9050673387130453E-002   2.0723710140933205E-002   4.6722322591824642E-002  0.12356254563085992       0.27780398878902091       0.45510522972141870       0.72945456872480707        1.0689900038542099        1.4749794978728361        2.0919911516451566        2.4923566110213753        3.0199081655589808        3.4012251565384362        3.6272517925024248        3.9217486409208302        4.1566374660467771        4.3361207499360512        4.5399216520329082        4.6852763279627281        1.4959964027886417E-003   1.1388354163067863E-003   1.3665318740608281E-003   1.0044587638972514E-003   1.9430971333153253E-003   1.1243257550760145E-003   1.7751478337848941E-003   1.5461949784918482E-003   1.0817019965418293E-003   1.7696225490469951E-003   1.0770104533250155E-003   1.1867848971880042E-003   2.0633996640186929E-003   1.6813150568712669E-003   1.7098376654993651E-003   1.6408484668654817E-003   2.1595642110637213E-003   1.8092099207459023E-003   2.2216422779203562E-003   2.1029115774543854E-003   3.2274177252543230E-003   2.3816168706517330E-003   2.4560562822723659E-003   2.2415221186799410E-003   4.3860878015031038E-003   3.7413548840316401E-003   2.8767741790947385E-003   3.9093606605150148E-003   4.0130716417549547E-003   7.2185408893290426E-003   6.5399813568241000E-003   6.5260189739150933E-003   6.9556348954766048E-003   1.3497325949095227E-002   8.1007842052318452E-003   1.1495635717672752E-002   1.2671565722861509E-002   2.6926635163216500E-002   2.9217602741985458E-002   4.9444406454132415E-002   6.2951640317490301E-002   5.5926017492130921E-002  0.11570806953320276       0.10887411004453292        6.6341212695147853E-002   5.3848167296015902E-002   4.0492836415188985E-002   3.6434819800778666E-002   3.4453674515445475E-002   8.3211489162996356E-003   2.8628370361928921E-002
          21  -1.2787778110453988E-003   3.7271561859329733E-004   1.2662234013689855E-003   2.5478780110558782E-004   1.5192039737142783E-003   5.1942418179874890E-004  -1.5008415698856822E-003  -7.8759626289315863E-004  -2.5896220558177178E-003  -1.2232115024937258E-003   3.2233459834303401E-003   1.5449566219039978E-003  -1.5561577727121300E-004  -1.7929495769259465E-003  -2.0093638588421728E-003   6.3635512556818564E-004   1.5534648493114875E-003   7.1924420603436260E-004   2.0987875899219073E-003  -2.0901773391509911E-003   1.3530209624824472E-003   4.1018272133735694E-003   3.0447589532069663E-003   4.1111648053050194E-004  -4.3078023855617478E-003  -3.1074798504493587E-003  -2.8038953019204958E-003  -2.4892821370002698E-003  -1.8231339993654333E-003  -3.8372946901818034E-003   3.1131641301090701E-003   7.6381194226952994E-003   3.5180565287406635E-003   1.6710411451499093E-002   4.1083452614731931E-002  0.10994671185907579       0.25538022939003269       0.42350965966985060       0.69220173401037677        1.0174157675760085        1.4262564848087502        2.0504741626246998        2.4646742183094821        3.0100450698346446        3.3928362004653421        3.6151887095770099        3.9245750492076876        4.1569466195112650        4.3385417568555678        4.5448429125970495        4.6893580692112407        7.6441221944589463E-004   1.0693294154224882E-003   1.0110341734146328E-003   1.1833298919188796E-003   1.4324781513120003E-003   1.1803963593096265E-003   1.1212198383307983E-003   2.0643371328298724E-003   1.1284058688649052E-003   1.3444618915405702E-003   1.4943780445941790E-003   1.4635959369455665E-003   1.3934835861707726E-003   1.4281706905636736E-003   1.9755061842930501E-003   2.0190420746070263E-003   1.7564410541914593E-003   1.9785248685452225E-003   2.1073961653171255E-003   2.5847281235459665E-003   2.5395834670677814E-003   1.8386017342556025E-003   2.7234604581296939E-003   2.0285162151075873E-003   2.9676688124995179E-003   3.5843009368124274E-003   3.3075963663743496E-003   3.6026757170639105E-003   4.1992977733073394E-003   4.6188439672141925E-003   6.2013219911050844E-003   5.3266519838388541E-003   8.2362660244957205E-003   1.1118514735114274E-002   7.6660605804098449E-003   1.0944053944569031E-002   1.2608973530667117E-002   2.5570595942701543E-002   2.9548939107309762E-002   5.0777444223257757E-002   6.4152663862835135E-002   5.7868804336043952E-002  0.11884314925833921       0.10999162137320814        6.9003427852598748E-002   5.7347604511987824E-002   4.1600402235520369E-002   3.7806239589426659E-002   3.7426041123387085E-002   4.4521038343020014E-003   3.4473142418170268E-002
          22  -5.0940200111149958E-005  -4.2878904491949510E-005   1.1251348594849516E-003   2.3425968509411052E-004   1.0404994231328979E-003   3.6677153306103244E-004   7.4446225729346942E-005  -4.2326668078888240E-004  -7.4608797785453149E-004  -8.5708668818479101E-004   1.4552470091230398E-004   2.2485663606431196E-003   3.7946431139977157E-004  -1.0849243253759522E-003  -2.0688424531748991E-003   5.0535748547300263E-004   1.5234286793817373E-003   9.4586919282085559E-005  -1.7202283401213639E-005  -4.9430807573810063E-004  -4.6992293154390951E-003   4.3693889443734244E-004  -1.2263821246444361E-003   2.5776068772313996E-003  -5.1052525664819163E-003   1.5627426908662457E-003   1.3212989981899981E-004  -1.7556548656262585E-003   4.8799787938029367E-003  -4.9409124041630646E-003   3.0179928994078804E-003   4.2155058511422787E-003   4.4506279682300738E-003   1.9682002441860868E-002   3.7892194300588551E-002   9.7794503710460959E-002  0.23861713754808103       0.37940925866990516       0.64756835200076568       0.97886808580611728        1.3728561089071543        2.0220103465010895        2.4374278687964068        2.9887312286980650        3.3820540337501739        3.6069324599915302        3.9181181686301518        4.1529602850709395        4.3338424749559250        4.5445928823880966        4.6823468196004940        1.2528740070228894E-003   1.0252153467906866E-003   1.5021648463040473E-003   1.5019509276783195E-003   1.2258066189538110E-003   1.5235662913579914E-003   1.4846694060974806E-003   1.3027655137356677E-003   1.4036464351337120E-003   1.2822191570034500E-003   9.9161981594135919E-004   1.4352789925097622E-003   1.4974585454033756E-003   1.6636794541373809E-003   1.1924864891108852E-003   1.4980923775104204E-003   1.6162469044677136E-003   1.7804908547566711E-003   1.7601222932671560E-003   3.3749491170421801E-003   2.6705322446401577E-003   2.2491189350238054E-003   3.4663337374108887E-003   3.2928171250271561E-003   4.2702326914880661E-003   2.8064161080861376E-003   4.1389167822284264E-003   4.9541327136359871E-003   4.9651773569626967E-003   6.0794736285223073E-003   6.5906513331070102E-003   6.6373147874137974E-003   6.5062386046497800E-003   8.5390701174726143E-003   7.1009642767309268E-003   1.4794355825562494E-002   1.4520773302428595E-002   2.7150661948614683E-002   3.3151602158719019E-002   5.1720173871626696E-002   6.4025153291727116E-002   5.9623072707928729E-002  0.11549204419142950       0.11642025781534668        7.1178213314300826E-002   6.1573990186630206E-002   4.3591446719587958E-002   4.4026238013178301E-002   4.0064902387386796E-002   6.7004485559887389E-003   3.7136024242100343E-002
          23  -1.5691140723087017E-003  -5.6030713953341544E-004   4.9190165128345272E-004  -8.4575012065064153E-004  -2.6131695730895817E-004   2.0556503684109525E-004  -1.6530204696289760E-003  -3.4432546049409395E-004  -1.1372135245742451E-003   1.1949569388738973E-003   3.4016800900204732E-005  -2.4963098540012910E-004  -3.6591004765083982E-004   1.7431624624808699E-004   8.3077837137438503E-004   1.0652618121227070E-003   7.2263930154754764E-004   1.5562481827812746E-003   2.6009111598371867E-004  -8.7206486637371244E-004   4.8734556103970257E-004   5.3202707336885637E-004   2.2288196679885052E-003  -7.1138699764294855E-004  -2.5818234879439812E-003   1.1155986982561497E-003   5.0466721298610270E-004  -6.6363361443560641E-004  -2.2391169835143518E-003  -6.0066901887085074E-003   2.4213416397035918E-003  -5.5681379144086746E-003   7.3304053879267523E-003   1.7836298080398674E-002   3.1742498732158834E-002   8.3102432005315127E-002  0.22132883549577506       0.35197508786620257       0.61547213141491974       0.92563647435831931        1.3287306396034579        1.9895693274290618        2.4120895941354794        2.9679651054340694        3.3694402804660797        3.5934298256451087        3.9188170435728193        4.1433103240485814        4.3322163688505979        4.5433109468021398        4.6874850756092696        9.1144481290105547E-004   7.4193689176276932E-004   8.1899387175637548E-004   1.1522639814821834E-003   1.1300757964784859E-003   1.4035544841293766E-003   1.2016712395135334E-003   1.1426024463495029E-003   1.0936800494288686E-003   1.8005818026369824E-003   1.6062940582580337E-003   1.7357769913614752E-003   1.3854252358453053E-003   2.0521253485835775E-003   1.1450477064264498E-003   1.9773996285827383E-003   2.2049896071909166E-003   2.3202859891345981E-003   2.4491937973773067E-003   2.1525988753018782E-003   2.8276476026213070E-003   3.4100977590556499E-003   3.4820274255425621E-003   4.0189343496507650E-003   2.9677097010905105E-003   3.7618920944293465E-003   3.1165413978557835E-003   5.2154956381236647E-003   3.6322802703430235E-003   5.7339407663796107E-003   8.8470428412519824E-003   8.1793786391556322E-003   7.7867769881005428E-003   6.7822214538573785E-003   7.6819480976455506E-003   9.6565802788859210E-003   1.5865572068052433E-002   2.6408209171379593E-002   3.1933475425263161E-002   5.1741005475970402E-002   6.4361818513719360E-002   6.0346266887469947E-002  0.11896772895459332       0.11925479002749735        7.4561529878606050E-002   6.3979098238821475E-002   4.4604431710720621E-002   4.9122561117872277E-002   4.4614424163657573E-002   7.9442648746437094E-003   3.7224487552837450E-002
          24  -5.4892523354005570E-004   6.0984784738218916E-005  -3.4851715823983108E-004  -1.0649407803275327E-003  -9.0690652438735176E-004  -6.3860217183859625E-004  -2.0601764007147782E-004  -1.3718901778419351E-003  -3.4593029396708330E-004  -9.9329760615866317E-004  -7.9513704091315452E-005  -4.2697445545959034E-004   1.5201526004541719E-003  -2.0101072628588550E-003  -1.0040163298315700E-004   9.2421268836824640E-004   6.2883160385149501E-004  -1.9349512602359971E-003   2.0541758162079618E-004  -8.2050790706724515E-004  -1.1677036350708188E-003  -7.8842022273653491E-004  -3.5610521654272625E-003   5.7017258785045232E-004  -9.3758475144231548E-003   2.1092974908038975E-003   2.1796346640383869E-003   3.2046897209585729E-003  -1.1369188338536276E-003  -1.0359531666106736E-002   2.6130167474166261E-003   2.3035179805906681E-004   6.7741357992563474E-003   1.2084030186384813E-002   1.7436357116830548E-002   6.9848157703022801E-002  0.20608140395122990       0.32779171469491974       0.58996681942826967       0.88440627050465748        1.2924249934241820        1.9576787451067483        2.3858271574455752        2.9507941388084373        3.3588978807224481        3.5866458958674934        3.9141378813934078        4.1397004819942120        4.3331843003816930        4.5373287704231444        4.6860976979524311        8.1433359987966383E-004   7.6723211316701717E-004   8.1228837951286025E-004   1.0245776078260677E-003   1.1530424661988505E-003   1.0614326776176076E-003   9.9906907975420216E-004   1.0296367166771627E-003   1.9113452873058745E-003   1.3710133459100082E-003   2.2930569775063774E-003   1.5511042081240850E-003   1.6834220846651800E-003   1.6015250713406317E-003   2.7965094537086527E-003   1.8363025968065169E-003   2.5674665222276578E-003   2.0385248797642462E-003   2.8382901015839945E-003   2.2185145405662367E-003   2.6609698629565725E-003   1.9003336147764922E-003   3.3283251699326084E-003   3.4853050012455763E-003   2.7706676184546266E-003   3.7155399332122201E-003   4.4996400366452407E-003   4.5126831693233713E-003   4.9566551319156068E-003   4.7511761121466142E-003   4.5688359017135192E-003   4.7405411523184305E-003   7.4262956112772956E-003   1.0204682474102353E-002   7.5409244277683625E-003   1.0361008579904071E-002   1.9972154589135274E-002   2.6916261168116944E-002   3.3775387131943869E-002   5.3004889050546893E-002   6.5883691676519210E-002   6.1915254388237841E-002  0.11957708616674170       0.12171356438029599        7.7102566164316849E-002   6.7253153944256225E-002   4.5886929035349543E-002   5.5647427143097346E-002   4.3037958254609751E-002   7.7996060163018676E-003   3.7308213670806917E-002
          25   1.3816475583697699E-003  -9.3371471814159381E-004   3.8614512130112196E-005   1.1886878521973798E-003  -6.9703615513184915E-004  -6.2474462339856334E-004   4.2664179242576510E-004  -1.5370672534724807E-003   1.5173822845594037E-003  -7.4537379023254197E-004   9.2395231452887860E-005  -1.4934483595833747E-003   1.2873064301625106E-003  -1.6616348760432903E-004   6.3870976110574950E-004  -7.4838798946387985E-004   2.5856521318692442E-003  -2.0152875926477700E-003  -1.0970296950504119E-004   8.1561692233683865E-004  -2.9718227505100459E-003   6.0901268396248911E-004  -2.7210785345466886E-003   3.6953972015525693E-004  -3.2774595133681600E-003   6.2723826927147525E-004   4.6889496942884360E-004  -1.2652179671025540E-003   3.0236259288096493E-003  -4.2993006263234955E-003  -2.5068492504055261E-004   6.4047277204973847E-003   9.3977563479197886E-003   1.4010240124166061E-002   1.4110657848152658E-002   6.3072251736874238E-002  0.17740005291792635       0.29464157719605627       0.56461466504984281       0.84264917914578186        1.2405185366132756        1.9216440244490349        2.3607294708386424        2.9296011554227781        3.3468744451425443        3.5690536935468966        3.9164172987173154        4.1308588901399554        4.3303370354024660        4.5449639806546749        4.6822291341634781        1.3914480343507423E-003   8.7827977780988457E-004   8.2259686570912893E-004   9.0922993530598924E-004   8.8287245356503420E-004   1.1093460694676523E-003   9.7220349841443650E-004   1.2339985707729264E-003   1.9934788013481839E-003   1.3436031949306906E-003   1.5523257244785273E-003   1.5312651323676823E-003   1.5994905579668724E-003   1.4006881287918398E-003   3.5334338291294781E-003   1.7955577793785154E-003   1.7780289375513272E-003   2.0699707767059226E-003   3.3951945027986441E-003   2.2887579217912859E-003   2.4495233043403722E-003   3.6340136688364573E-003   4.1620699898910051E-003   2.8917399464804916E-003   3.9065015337348703E-003   3.4040370779835605E-003   4.0629215656054754E-003   5.2370388485527015E-003   6.5007619951259728E-003   5.1094670912163933E-003   4.8944204972819873E-003   4.8727558195896274E-003   5.7361868502054129E-003   9.4989855863322169E-003   8.2570791375513267E-003   9.5211303545550269E-003   2.1267773998818244E-002   2.7654948161403806E-002   3.1979544533237605E-002   5.6926918283515877E-002   6.7808155888782584E-002   6.3816201337970155E-002  0.12173111981363866       0.13021183432690780        7.9028995866814097E-002   7.0079286236090693E-002   4.6021374406633155E-002   6.0069615317932333E-002   4.6884843479894314E-002   5.9913179837288548E-003   4.0263991775449676E-002
          26  -1.3950599298370285E-003   1.3738121722049077E-003   5.7655062741952129E-004  -2.7942286476548956E-004   3.6502140295374181E-004  -3.8471627286594580E-005   2.8536053933201837E-003  -5.3325755948318925E-004   1.1300618752655982E-003  -2.5434048447622192E-004  -1.6845135567577894E-004  -1.1802235525163283E-005   1.2480823181326263E-003  -1.3530228782702978E-003  -1.2819791611501121E-003   1.4650031261622567E-003  -1.0993857928322604E-003   4.9151124207979602E-004  -1.8433462420344260E-003   6.3529381457349870E-004  -1.1448393419957756E-003   2.5570353228870366E-003   3.0316944039668709E-003   1.3188941491458356E-003  -3.0320762927198569E-003  -6.5875194619543220E-003   6.9313802821315508E-003  -2.4240850225099595E-003   7.1063438159360802E-003  -5.4129611889386147E-003  -3.3886513115187100E-003   6.1568261744169139E-003  -5.9222705757413473E-003   1.8204296368752652E-002   2.3926909789330618E-002   6.0335114106164739E-002  0.15618004782086653       0.27049104362765619       0.53396415951353415       0.80233334375667031        1.1998136817690537        1.8903114664133625        2.3380415072540730        2.9165018982083502        3.3395344248789121        3.5618870396105233        3.9202701906857325        4.1323224397039038        4.3278314465729739        4.5466375656658133        4.6817811555836419        1.1430947252410628E-003   1.0852801839022249E-003   6.4539984425669326E-004   9.1632894575555200E-004   6.8431045137945252E-004   1.4901963509130695E-003   1.2676983349094986E-003   1.5772454954988172E-003   1.5252716167405925E-003   1.9570076038115951E-003   1.0643460409377724E-003   2.2334026531504957E-003   1.6342727492612542E-003   1.8692267843567023E-003   1.4176853505067795E-003   1.3427313235128196E-003   2.8009160310283011E-003   2.8194774531123297E-003   2.0746406894373410E-003   2.0555733428409919E-003   2.3534742379228983E-003   3.0261631305920065E-003   2.5419648578607727E-003   3.0410813812269981E-003   3.3143240130566374E-003   2.8725334174429453E-003   4.6322121123730589E-003   4.3778224069748913E-003   7.4886588719081468E-003   5.8447862096746954E-003   5.1245799168640419E-003   7.3532302461806103E-003   8.7277969349652054E-003   6.6143426876949145E-003   8.6875196581782093E-003   9.3630362107861680E-003   1.7766645204223948E-002   2.7157698595290623E-002   2.9795089614106870E-002   5.6931400478537335E-002   7.0415070333296942E-002   6.6204085802973336E-002  0.12493285098441838       0.13329805328728547        8.1257743592204057E-002   7.3269350709411527E-002   4.8120815073755506E-002   6.0727169228146749E-002   4.7851404864388658E-002   9.2314882198868947E-003   3.8985555566043731E-002
          27  -6.7714461126974074E-004   7.1353731533975299E-004  -1.2398066908476297E-003   2.2061016265241830E-004  -3.4100142882173735E-004  -1.4334677436704193E-004   5.5512259108766711E-004  -1.1360952657031779E-003  -2.7626109675070513E-004   8.2276505771271800E-004  -6.6595628379313525E-004  -3.9327084550608456E-004   1.4437265720905117E-003  -5.8019453582814837E-004  -1.7531570328658734E-003   1.0670045115047184E-003  -2.1286360066716890E-003  -1.1944384405613607E-005   1.5092913841427654E-003   3.2132175643082527E-004  -3.9408342358155502E-004   1.4285126153774641E-003   1.3595117834515511E-003   7.1789502046824859E-004  -5.0170252147582457E-004  -6.7577926765777889E-003   3.6548784670574854E-003  -2.2989864507132621E-003   5.4425307126001899E-003  -7.9132187850273379E-003  -7.1124850224719097E-003   1.8539057514041339E-004  -5.2622443705522531E-003   9.6619546705440981E-003   2.4780681408515370E-002   5.5370776378145733E-002  0.14495829108652408       0.25110171697268296       0.50517733002686305       0.75880808158055624        1.1592693946347474        1.8533213833973170        2.3099786750871809        2.9051164777845231        3.3410692884315738        3.5557071387412216        3.9183758806913564        4.1407534266504076        4.3232944447726709        4.5437917088497999        4.6793644818280598        9.0639620667176213E-004   1.3709484916928497E-003   1.3038494140154113E-003   1.5815677326649765E-003   1.2934046543471528E-003   9.8239666800759191E-004   1.0960721826256531E-003   1.5701797380041627E-003   1.5647815448411771E-003   9.8688321535267214E-004   1.7984968964991767E-003   1.2349399256248780E-003   1.2690320962965795E-003   1.2228275213887199E-003   1.8188386077081068E-003   2.1925045874733656E-003   1.9113498704781808E-003   2.1541929082917704E-003   2.2086090461785183E-003   2.3246704260403619E-003   1.8525754153462823E-003   2.6387533783019902E-003   2.2145050784792238E-003   2.3208039823417888E-003   3.3618710673407517E-003   2.3629187423716354E-003   4.9497347343510087E-003   4.5157467151213807E-003   3.8563754550569921E-003   4.8816718543524254E-003   5.2232789876820998E-003   1.4336591736016618E-002   7.7810611504595022E-003   6.7258980237111859E-003   7.1188133051516087E-003   9.5985604683571542E-003   1.8868243064191124E-002   2.7503638320556391E-002   2.8489143148899554E-002   5.8681269695005679E-002   7.2001033485736041E-002   6.7427025920385242E-002  0.12830495971587180       0.13646203557424988        8.3097220566464541E-002   7.4276030992122696E-002   4.6523214970941341E-002   6.2095531626093180E-002   4.9304509240030533E-002   5.6886761372825145E-003   4.1729881746356272E-002
          28   4.9388257746922225E-004   2.4958900858497299E-006  -2.4305703999026829E-004  -2.8084967557683640E-004   1.4307922092214737E-003  -9.3306577362091794E-004   1.7204060609917235E-003   4.9956745813313876E-004  -5.2344068964745765E-004   2.1140472176645795E-003  -7.9223059482886002E-008   1.1113316108679046E-003   1.8287709558613161E-003   1.3183784581708589E-003  -6.8521078393827682E-004   1.5110696323595088E-003  -1.3988108097383412E-003  -3.1771133081620255E-003   2.7108727683538727E-003   1.0822862527296799E-003  -2.0736158259958581E-003  -1.5268247122529465E-003  -2.2842299632273687E-004   7.3224459228128473E-004   2.3448348791331409E-003  -1.3547927047268650E-003   1.0461925111727992E-003  -3.3909402948498410E-003   2.2459628769021084E-003  -4.4467322179569538E-003  -5.1441319079956749E-003  -1.7242875724783437E-003  -1.9615889408048492E-003  -1.3796986115866717E-003   1.7646973350359366E-002   5.4779909565640834E-002  0.13053958831757434       0.23287799709620893       0.47191916904951936       0.71977282557098754        1.1194520541511239        1.8257784112841438        2.2792305813259617        2.8940456939191468        3.3237898435684148        3.5489579981524644        3.9234021069820666        4.1373662919005616        4.3146620409829239        4.5475324168544482        4.6814070638300871        1.0362907166415376E-003   1.1124687740033557E-003   1.4720080579109728E-003   1.0699369306411397E-003   9.2620337165870404E-004   9.1917114155188467E-004   8.9041793306678248E-004   1.4377524168974511E-003   1.4370149257223576E-003   1.0215045198426090E-003   1.5538058250975861E-003   1.2772143493295384E-003   1.6327340413924423E-003   1.8212679796132376E-003   1.9260011279423135E-003   1.9312854124381473E-003   2.0394538840351581E-003   1.5555050713677550E-003   1.8438896128941233E-003   2.1733671646481834E-003   2.8378935799428422E-003   2.4407525833454401E-003   1.7533706949163642E-003   2.8081981789365739E-003   3.2368055639259764E-003   3.1653931808463161E-003   3.7141563155176829E-003   5.9211409731531259E-003   3.6835929420282660E-003   7.1551224475371695E-003   5.3048061938896765E-003   1.0809264893518165E-002   6.0559721313837066E-003   6.3316232061484757E-003   7.2910096504512590E-003   9.9253233553419674E-003   2.0883462058034000E-002   2.7979057633540232E-002   2.9577628004176675E-002   5.9500075545395402E-002   7.4046881803040990E-002   6.9996141841344436E-002  0.12855567682251942       0.14265395896073774        8.3700182855728486E-002   7.7966276846501065E-002   4.6126640425246078E-002   6.5589567344420438E-002   5.2477000645930201E-002   9.0993558623811924E-003   4.0283080323036541E-002
          29  -5.1027812944470644E-004   2.1459407253569432E-003  -1.1260426495813775E-003  -3.6403843692840231E-005   9.8224315803208530E-004  -4.3392102104051323E-004  -1.4111012267638658E-004  -2.9462726969123462E-003   8.9380527247529462E-004   2.0240382236033417E-003   5.5724613586059096E-004   1.1541332706100492E-003   2.0568253749199723E-004   7.0889010034768025E-004  -5.0716542102532253E-004  -1.4953229936658160E-003  -2.0871803953719688E-004  -2.7189245786026052E-003  -6.5795604349888398E-004   3.6139529933317555E-003   3.2642833742806670E-003  -2.7145851505294559E-003  -2.2173638034791590E-003  -6.7335762173057227E-004   4.8704053217211258E-003  -2.7150713120504106E-003   7.9416751949900011E-005  -4.0169174176242295E-003  -4.1724838113272496E-003  -6.8526065337544007E-003  -1.1938348853442353E-002  -1.2511476243731278E-003   2.8935046672446786E-003   3.1500661848744084E-004   9.9750769854034006E-003   4.6793806258902552E-002  0.11615957683885809       0.21642245282847031       0.44524397055148845       0.68858110399718397        1.0822241055569721        1.7926029017933325        2.2565022326588289        2.8811270207641022        3.3230958082886497        3.5384605012238142        3.9222581525438072        4.1345597505308271        4.3106776647213740        4.5423736934301173        4.6794311456274311        1.3400923064437449E-003   8.5805416761993987E-004   1.1848058009477492E-003   1.3529139413482349E-003   1.4877826248283312E-003   1.1020725173704216E-003   8.6975819632754102E-004   9.9939066753193268E-004   1.0536006341540377E-003   1.5191739891959499E-003   1.7106289674879845E-003   1.8505270102540984E-003   1.9218405879608909E-003   9.4978703230047046E-004   1.8484957411883073E-003   1.5774371358754443E-003   2.5201389423114128E-003   1.8805481294815744E-003   1.9795766153692293E-003   1.9261685348085983E-003   2.9251413793585810E-003   2.3897156628986753E-003   1.7805214028537224E-003   2.3031665517916459E-003   3.3830045688798050E-003   3.5327942567941828E-003   2.8895588059111963E-003   4.5902325738394973E-003   6.3924631506501097E-003   5.6447917007756100E-003   5.4445599879698074E-003   1.0956678501753209E-002   5.7333922648392542E-003   8.3323047192243177E-003   9.9243470473045891E-003   1.1408723162685725E-002   2.0644278333694071E-002   2.6378474876484131E-002   2.9229251923714568E-002   5.9691966825406062E-002   7.9363325376458585E-002   7.1731506502441686E-002  0.13307484069368594       0.14575382067095022        8.4333385877378708E-002   8.0762357127554030E-002   4.6549256582887284E-002   6.5169783944915627E-002   5.5173464669144051E-002   6.7174426976091342E-003   4.4289170532448054E-002
          30   5.1715544857296896E-005   3.4334144035952217E-004   1.6089211048210506E-004  -6.7951807244124923E-004   8.3909621877064613E-005   1.5718931180376081E-004   4.5898817978104911E-004  -1.6218243929298623E-003  -4.9961625874074935E-004   1.6340441630554045E-003   6.9645835529411819E-004  -1.0049968320222511E-004   2.0880074982161942E-003   1.2702483400562096E-003   1.6256137008615844E-003  -2.3807675549905138E-003  -5.9019563302389140E-004  -3.3661091599019796E-003  -2.4132961660219576E-003  -1.2405445614706342E-003   2.9910941659163368E-003  -8.7335199476966559E-004   6.7667288192526840E-004  -8.0595492756294356E-004   7.6289004459912857E-003  -6.1275508508891333E-003  -2.3840709300633309E-003  -2.5523934066379226E-003  -1.6338918044629112E-003  -5.3553454090106596E-003  -1.7792966148989448E-003  -2.9040369962290468E-003  -1.0790689143080484E-003   4.8413328850896442E-003   1.0940846748876049E-003   3.9883790944021169E-002  0.10645422334519671       0.19789631663915674       0.41304124024471006       0.65411250829130918        1.0483853653022872        1.7660506376843434        2.2273428614489079        2.8656121266005226        3.3109465814811871        3.5292097386984107        3.9190515821206140        4.1347369130713370        4.3151212230824703        4.5455229771512045        4.6734302932287859        9.3593909064394504E-004   1.0376289779138854E-003   1.2603182003378950E-003   9.6355559646338926E-004   8.7367129850671990E-004   9.7177953679827703E-004   1.4572234146759007E-003   1.4542750848717883E-003   1.6343583726421654E-003   1.0353451023925125E-003   1.2334535316100199E-003   1.4455919864053075E-003   1.2993512944943178E-003   1.3719039255578732E-003   1.6081517480182662E-003   1.7704329576565872E-003   1.8644053451532727E-003   1.9337601370953601E-003   2.8835007701020006E-003   1.7912031310586968E-003   2.2167403337907165E-003   2.5415616250975882E-003   2.1050413418147811E-003   2.7270846943020376E-003   3.2317601459801565E-003   4.8614810934859143E-003   4.2672554558441673E-003   5.2145288240909487E-003   6.0011521676212529E-003   7.6182021532922540E-003   4.8605561283778832E-003   7.9815131021576842E-003   7.8900807549204515E-003   6.9580446956592473E-003   1.3016701264369964E-002   1.0762313655381044E-002   2.2488019504038621E-002   2.7715457721809934E-002   2.9266692682156838E-002   5.8612714089995084E-002   8.3586005321668363E-002   7.3960898099770050E-002  0.14305852951435669       0.15076271470340472        8.6741063769630700E-002   8.3178611398096305E-002   4.5028054767981510E-002   6.5429847040138614E-002   5.6716662933114524E-002   6.1810740301675993E-003   4.1834642444413699E-002
          31   1.6854589805479715E-003   9.4598661346815551E-004   1.6667889824428442E-004   4.4902469374431050E-004  -8.5291645049032452E-004   1.2119792643347838E-003   1.3687979309930445E-004  -2.9258988754286954E-003   1.8111324231578087E-003  -7.2128671926602653E-004   7.5845882203480421E-004   7.6594399444905614E-004   3.3318300403012804E-004   1.1981537570451453E-003   2.1629518901509011E-003  -7.4130361131097774E-005   1.3294230249891496E-003  -6.9992781777584935E-004  -7.2877528272072669E-004   1.2716968854927047E-003   4.2705309122000028E-003  -3.8712763690991502E-004  -2.2099747342368063E-003   3.7794463394807253E-003   8.4687576130584377E-003   3.7596561858401403E-003  -3.2594943177988796E-003  -2.7811559911520194E-003  -1.1385304333911755E-002  -3.1176024322525811E-003  -1.6562454757708702E-003  -6.6321457070636081E-003   4.7839390776263543E-004  -3.3224970726343300E-004   6.1706451214842773E-003   2.7672104684100238E-002   9.5870539532112803E-002  0.18708503214108849       0.38797566463491734       0.62473032101686221        1.0166939880938088        1.7388855796526739        2.2059436125134182        2.8469271682670723        3.2995012376050781        3.5283624272299936        3.9197493922262638        4.1344411794379718        4.3140242965458002        4.5449584636902847        4.6729557625663913        1.2937531366847717E-003   8.5760116880139001E-004   1.0373604100063867E-003   9.9766695208235797E-004   1.2866954837209468E-003   1.5989522946997811E-003   8.3914604730369279E-004   9.6942728722194699E-004   1.9402313782017151E-003   1.4783591811120937E-003   1.9425555764993737E-003   1.1386598095824813E-003   1.5358170824531579E-003   1.3376192550670271E-003   1.5050665282905086E-003   1.7719861806144088E-003   1.3957156582987550E-003   2.8301195413280465E-003   1.8341823645514181E-003   2.3260370146861169E-003   1.5852182879342047E-003   2.5511490879414219E-003   3.5687505397710901E-003   2.1028268603647520E-003   3.2027127245075689E-003   3.6735546435461091E-003   3.9912536550708111E-003   4.0616042693788958E-003   8.1431849431167595E-003   7.5863296948090976E-003   5.0801262312506106E-003   7.4739692607645250E-003   9.6346635821644589E-003   5.7250001604229380E-003   1.5555726989925701E-002   1.2622428400946692E-002   1.7690838433644752E-002   2.8474414952982974E-002   3.1843287944279111E-002   5.5790013610787392E-002   8.7725085403629638E-002   7.3752384357556489E-002  0.14374621321378608       0.15307338441333979        8.9857763419027140E-002   8.5013211892097026E-002   4.6313292832316021E-002   6.9191716375233525E-002   5.8412098103381493E-002   5.1115431906042820E-003   4.0209317258420273E-002
          32   8.3517228646099958E-004  -9.8417030898362119E-005   1.1261062593617931E-003  -1.5751758484456100E-003   1.5659121032270027E-003  -7.5502239589867078E-004  -9.1771256217610981E-004  -1.2020048363769408E-003  -3.9457527728402179E-004   4.2070069389382075E-004  -3.2515900882833156E-004  -1.4612383349656226E-003   3.8175226571909582E-003   7.5558839311579259E-004  -8.5657055809934969E-004   3.7455749187274335E-004   1.1307752544314140E-003  -1.6764510393526902E-003   6.7819170656598245E-004   8.8204350513838533E-004   5.0749065359688072E-003  -2.1334615643874401E-003   6.0845930871579110E-004   3.2946390777581452E-003   6.0334463488038292E-003   1.6559091517347403E-003  -1.9014361388664724E-003   1.1205599607070954E-003  -9.2301409997689165E-003  -6.9011946614153559E-003   4.3662952925612453E-003  -5.8590017696127407E-003   2.6683382031840804E-003   8.1700088359904499E-003   6.7659933975714598E-003   2.6490753654124729E-002   8.2566762365589200E-002  0.17294582594481861       0.36370586860976034       0.59678933533735390       0.98942514464960296        1.7106378307090961        2.1958775013043623        2.8396057014980176        3.2941373577816249        3.5214722490923931        3.9246999233770179        4.1352269261462178        4.3083789576938667        4.5470631933616099        4.6761010374524590        1.5753939209875293E-003   1.0631623233576155E-003   1.2863399878240949E-003   1.6698007716496120E-003   1.2868254336808932E-003   1.2109940498642253E-003   1.3307401851497343E-003   1.1696073075483371E-003   1.5238737769123158E-003   1.1956134419694449E-003   1.1957744969235949E-003   1.0209316318770970E-003   1.4880472631313747E-003   1.4348131126875501E-003   1.7039127097576094E-003   2.0282220420252653E-003   1.6560979982221859E-003   2.6496760912470742E-003   2.6282303397083032E-003   2.1601303199085286E-003   2.3770192784026666E-003   2.2195060287499178E-003   2.5462661343126961E-003   2.2960886325551124E-003   3.3033555431545474E-003   3.7251160826246572E-003   3.4034305637909447E-003   3.5414962233732304E-003   6.0643959515888426E-003   6.4408493126539628E-003   6.6032150563988413E-003   7.6137940003847783E-003   6.0865445495747435E-003   7.3688402797983570E-003   1.3644199933176815E-002   1.4619934868914138E-002   1.6658448719341305E-002   2.6607923836088739E-002   3.3270804758446459E-002   5.5964513821601829E-002   8.7475562866640086E-002   7.6144038263349825E-002  0.14822376820372848       0.15563340012542867        9.2079202674357249E-002   8.7578341712586216E-002   4.7384512883498070E-002   6.8936255534222099E-002   6.0056908437634657E-002   6.5502882191063498E-003   4.5808964501672739E-002
          33   5.5655566502884365E-004   6.7649531820980393E-004   5.8978305918277611E-005  -1.4477908068797067E-003   2.5861828810984019E-004  -2.5886806299535518E-004  -8.6641363681741067E-004   7.9989876169822083E-004   8.1796129322716832E-004  -1.2456224671565568E-003  -2.2186126556356700E-004   2.1024017970734747E-004   1.5744141816679826E-003  -1.8177847586937104E-004  -3.1044835580939152E-003  -1.1706166331789986E-003  -3.8235313466927827E-004  -2.4298128304864803E-003   3.7772266900040368E-003   3.6875924210142724E-003   4.0269611694224974E-004   2.2810119499087757E-003   1.4547234525821566E-004   3.7313498793879896E-003   7.0785836695747657E-004   7.9570264709998995E-003   3.3433142809540900E-004   5.0415856499787387E-003  -6.0076981912142004E-003  -9.6320798787659298E-003   8.5325113954028940E-003  -2.9657369934907086E-003   6.3437125090074799E-003   6.5697449351681146E-003   1.0291857313446262E-002   3.0184057966494107E-002   6.0228205138227547E-002  0.16397395492593295       0.33771728698154335       0.57411836653865944       0.95663559689998234        1.6743018108954868        2.1806847962269220        2.8300027755533952        3.2848544275057301        3.5178227722934321        3.9203726852122043        4.1372670543593513        4.3079569581978969        4.5532276012997013        4.6768901745428337        1.2668091218162960E-003   8.2973244687239403E-004   1.4705268352321313E-003   8.4773268351733921E-004   1.0996931527000381E-003   9.2903076600643153E-004   1.0783021821986075E-003   1.5662173140577405E-003   1.6443516282847849E-003   8.6445075750350112E-004   1.0950774146028690E-003   1.3591827667767443E-003   1.9070324804038548E-003   1.3364932160791795E-003   1.9294512378163126E-003   2.5237779802762439E-003   2.0413258777736282E-003   3.1298857033134316E-003   1.9729160992919778E-003   2.2798195015632820E-003   2.6792423690748706E-003   2.9619217314173344E-003   4.1486466567703072E-003   2.7322928391580958E-003   3.1914871443852492E-003   3.4773781953049187E-003   3.7437571549009609E-003   4.3866901717857718E-003   6.6120337672109213E-003   6.3493973154258171E-003   7.8573728564088393E-003   8.0889529527624435E-003   8.6628422468271234E-003   7.6116798963344230E-003   1.1712816002416710E-002   1.4104983589301418E-002   1.6723312368781083E-002   2.4377986304743901E-002   3.2168272038446181E-002   5.7763370401418462E-002   9.1116783798386114E-002   7.6926266940289159E-002  0.14887974576532811       0.15753949865629860        9.0661182219755179E-002   9.0799884639060399E-002   4.5705844609725474E-002   6.8850453569082024E-002   6.1654803584674317E-002   7.2370990476204105E-003   4.1321994240516642E-002
          34   1.1822132339207951E-004   3.7818966958717040E-004   7.1681820459765808E-004  -8.7646734567349029E-004  -5.0692735443470382E-004   9.6017774686243235E-004   1.8669412247731982E-004   5.6917062326441623E-004  -7.1675075490145780E-004   1.2737081074554923E-003  -2.6663506853773387E-003   1.7987530251093802E-003   5.3430239389989616E-004   8.1978212739784902E-004  -2.6303509973092131E-003  -1.8359169352231007E-003   1.2774620235356158E-003   1.1635184686118831E-003  -1.4610395614047236E-003   5.9977497002894505E-004  -2.1095143893747783E-003  -2.3961554609965210E-003  -2.0154930969426758E-004   2.7708303756564510E-003  -1.0507401607403226E-003   6.2852280317842969E-003  -7.8478743142186905E-004  -1.0550613857021336E-003  -8.0258499289466659E-003  -4.8202032365286885E-003   3.7952326532853975E-003  -2.9705613017574745E-003   6.5083061079758879E-003   6.7618900469871136E-004  -8.5903490862159256E-003   3.2802144732784581E-002   5.4156863210782731E-002  0.15871130700942940       0.32074101875019395       0.55287073502698503       0.92652541511542907        1.6511993118862627        2.1655460716913981        2.8147220767914121        3.2804753195471537        3.5210147286646785        3.9271525660943425        4.1394848711370802        4.3130922717730078        4.5475913090032574        4.6776006052496184        1.5827586403354900E-003   1.2550937281402355E-003   1.2232612713427753E-003   1.1946179750404798E-003   1.2373372704012149E-003   2.0741742051341842E-003   1.1328526399339508E-003   1.5300026643841019E-003   1.3610782725127989E-003   2.0357028800533274E-003   2.1867292449416096E-003   9.5756132850649837E-004   1.7038220288249709E-003   1.3479032746403978E-003   1.5947344956450610E-003   1.8052701676200262E-003   1.8188786514395949E-003   1.7747463762727623E-003   2.3153767213898151E-003   4.2679541018880588E-003   1.8039825576799757E-003   2.7230599811322240E-003   2.5880707781962262E-003   3.2053723470350671E-003   2.4348053380616398E-003   4.1293979468887106E-003   3.1019331336270858E-003   4.3137195628397927E-003   7.2747247187525130E-003   6.9622667239245357E-003   5.9188146929292570E-003   6.6620739310740877E-003   7.7779432728923266E-003   9.2381201732424992E-003   1.0409882963630279E-002   1.3936015207811060E-002   1.7630902077043223E-002   2.3673742495593082E-002   3.2800058683523058E-002   5.5969093088094835E-002   9.7512615220066517E-002   7.6776401332462316E-002  0.15324644243813490       0.15701881360191464        9.1819785161065690E-002   9.3144455828721703E-002   4.4445537475732766E-002   6.7175429865947017E-002   6.4907227943286711E-002   5.2141188088322844E-003   4.8807808639511521E-002
          35  -1.1334187913328150E-003  -1.2177155363206460E-003  -6.6852222791238141E-004  -2.0356927917606764E-004  -1.2941383623834050E-003  -3.2651146640175205E-004  -8.8763519315745944E-004   4.3649767902363169E-004  -1.1543587103402405E-003  -6.9235671446173206E-004  -7.3959405749398640E-005  -1.1265501502417444E-003  -1.3691656306046360E-004   1.2679182168698470E-003  -4.5337498572566211E-004  -8.6696453976966680E-004   5.3653910652955539E-005  -7.3005438582998390E-004  -8.6342850668482969E-004   5.2913622316366044E-004   3.2788745483552772E-003   3.6149143101925308E-003   1.4118552823190454E-003   7.9341389995382888E-004  -8.4145005981157758E-003   4.3237380168871659E-003   1.7116259275732394E-003   4.7709710180784688E-004  -9.8523339481578712E-003  -7.3309688468740173E-003   7.4167315487182750E-003  -7.8103069277370134E-003   1.4136010936862302E-003  -1.0231031780459707E-004  -9.4008001394353287E-003   2.6117859932139265E-002   4.7879086147487433E-002  0.14886719776948487       0.30055654277663318       0.52681138841011255       0.89937321194501607        1.6342596829529148        2.1458496189612219        2.8076560423077077        3.2667803584727082        3.5155067253820587        3.9305355382199996        4.1371504718729630        4.3007710177169445        4.5503268859359967        4.6727474120878973        1.6575093648806645E-003   1.0172952718062226E-003   1.0987891586323069E-003   1.0923184846137583E-003   1.1392386447713905E-003   8.6187494535808944E-004   1.6777540260893467E-003   1.1332491172791580E-003   1.8797975943641303E-003   1.3328657153155383E-003   2.2095478657601928E-003   9.3845702703768206E-004   1.7659484833177166E-003   1.3977112393349712E-003   2.1552255806707894E-003   1.9984316413057808E-003   1.9515564856934554E-003   1.7510000290670207E-003   2.0897194746733717E-003   3.5637817871633512E-003   1.6118777987616981E-003   1.6512116928587993E-003   2.9758617827764025E-003   2.1938586896223448E-003   3.1610791445530009E-003   5.5121158382963661E-003   3.3444440019673727E-003   4.3611216437571491E-003   4.9194671754536103E-003   7.4408865933666595E-003   6.7398030078688357E-003   5.3050415008565662E-003   8.2398078701420210E-003   9.1734883671905562E-003   1.0369659355123673E-002   1.3261823384561682E-002   1.4222670964680755E-002   2.6207626856620363E-002   3.4688494794331136E-002   5.9081753720969729E-002   9.9338327545239510E-002   8.0689753857589960E-002  0.15522494876191598       0.15859402501110531        9.4829659593026444E-002   9.4923947968969385E-002   4.4855971830472553E-002   6.4922424276494528E-002   6.7113191159952040E-002   6.0608302250186727E-003   4.7610801319265046E-002
          36   2.0142512210222764E-004  -3.9220558883690791E-004  -3.0791221919931276E-004  -7.8748959113786139E-005  -1.5475959343683144E-003  -1.1196268354356994E-003   5.8038854175131778E-004   1.0268581615949393E-003  -7.2716315157861713E-004   1.3495929708829711E-004  -3.2400854104886407E-005  -1.0786759611455762E-003  -7.7221833450589518E-004   1.7466806092257883E-003   1.1630702728310037E-003   1.1906850618071123E-003  -5.1810465704700830E-004  -1.2356989090930785E-003  -2.7258175557896152E-004   9.1985292294576341E-005   1.9248429560910429E-003   4.6007293035986363E-003  -2.2326620805906603E-003  -3.7381053230641482E-003  -2.0542734201521944E-003  -1.9838543961277552E-004   1.3303084554719738E-004   3.5866467311396915E-004  -1.0577967777307217E-002  -1.9639035370963842E-003   1.5351998942717214E-002  -2.7693380853899209E-003   5.4202737614652370E-003  -7.2873735208630981E-003  -3.7235494996301060E-003   2.2680176111483076E-002   3.9131133491722862E-002  0.13385627066520620       0.28761652145062461       0.50813189670342529       0.87284579015325592        1.6142873475967108        2.1246435901887155        2.7925252750320713        3.2562684447510035        3.5129155060870434        3.9262479408050051        4.1400953448860909        4.2990309822122983        4.5449188854913452        4.6724403783973809        8.1478823089085612E-004   9.5368939607695094E-004   1.1285604568443924E-003   1.5241207372316656E-003   1.1688328718427485E-003   1.2958387729377376E-003   1.9278491985657126E-003   1.4551069898896408E-003   1.4688543212526245E-003   1.5315418963843608E-003   1.6176037507840209E-003   1.4564266077224017E-003   2.3239200175292269E-003   2.7117343884876994E-003   2.4619916598658397E-003   3.2606586978598758E-003   1.2774041637294473E-003   1.5713018743268338E-003   2.4194843087841137E-003   2.3637623781705050E-003   3.0575565639646041E-003   2.0941161683459158E-003   1.9132643371867217E-003   2.6096972655692920E-003   2.7336634379388947E-003   6.5614258053069236E-003   3.6493349189722479E-003   4.1609000303469736E-003   3.2283946564618561E-003   5.4469693717528658E-003   7.2474588999738368E-003   6.0885467399651666E-003   7.5037521627454619E-003   1.0089823452304782E-002   1.2658306691921533E-002   1.4391093550881518E-002   1.5440862265701559E-002   2.5757521497627354E-002   3.6067082396308306E-002   5.7911209621460298E-002  0.10086433001710743        8.4031349472151309E-002  0.16015874075422501       0.16082359448708136        9.3559101171986681E-002   9.7926747671431294E-002   4.5411444917985419E-002   6.8744658331681932E-002   6.9448517529012113E-002   9.1916059798916264E-003   5.1368161882052545E-002
          37   1.4984703867449917E-003  -1.5568446878872850E-003  -3.8718439686377475E-004  -1.1302807567215767E-004   5.4259911243494802E-004  -5.1564680518802729E-004  -4.8365455894526879E-004   6.3414297588121305E-004  -7.5266191648870487E-004   1.5968667349948600E-004  -1.1182746401983222E-005   7.6968380276543476E-005   6.3405262611551899E-004  -4.0343507421857974E-004  -7.0151370367954157E-004  -2.9402857534233683E-005   3.4621691062321856E-003  -5.8811779964631334E-004   1.4182918096456219E-003  -1.3931847007624546E-003   1.8122662409711424E-003   1.9622718653480920E-003  -1.5707834373871843E-003  -2.3635953126156569E-003  -3.0190035794456934E-003  -2.0139052501724230E-003  -2.9726683525798867E-003   4.5433915980030933E-004  -1.0414119930142057E-002   1.2648739556170871E-003   3.6652304349422751E-003  -1.6055306986602139E-003   5.6166038609979920E-003  -1.3766560946788201E-003  -1.6963712725455743E-003   1.7153754442698323E-002   3.1192177721508299E-002  0.12180813960552343       0.26601974752874125       0.49666379450968828       0.85151321490535148        1.5966346072540090        2.1131228552027701        2.7795509954637150        3.2508528771063783        3.5158985448128219        3.9368023590247936        4.1364132358919372        4.3021314427329171        4.5450634113115926        4.6712391161226030        1.4776318182565904E-003   9.7262661612953626E-004   9.8707496964802409E-004   8.8364158440724851E-004   1.1966416255341629E-003   1.3380268213051432E-003   1.0869299483049224E-003   1.1069351131564331E-003   1.0421411276476771E-003   1.3431311372000278E-003   2.1567788244833226E-003   1.4611342057164315E-003   1.8928471824163019E-003   1.2589222509916864E-003   3.0860579241414193E-003   3.3234234466946086E-003   1.7417622755683479E-003   2.7183673744916128E-003   2.2708877390627451E-003   2.7468495027407943E-003   2.8717432040300298E-003   2.6279273414376593E-003   2.3041687832180790E-003   3.1324395474997824E-003   2.0940239780449441E-003   6.2571861981852639E-003   4.0468613109239399E-003   4.9826703924899839E-003   3.3445940611490895E-003   4.8122091977809978E-003   7.1060536287334795E-003   6.1058189981161790E-003   1.0058294834774188E-002   8.5579512168968714E-003   1.2445556125747772E-002   1.4145922588158121E-002   1.5390190066042362E-002   2.4169879683693281E-002   3.4963926826726263E-002   5.8097669970635368E-002  0.10078584925858987        8.8442937372684868E-002  0.16561246996675397       0.16529859421719142        9.5141521678441865E-002   9.9762969523557274E-002   4.5332175935173052E-002   6.7550813801129456E-002   7.0975942849190690E-002   5.3299111368975329E-003   5.0710891457971641E-002
          38   8.2933920628550065E-005   1.0542932296733348E-004   3.0158389021028720E-005   9.2855271653588132E-004  -4.0255188118501467E-004  -1.3572001968705895E-003  -9.9129943192104121E-004   1.7862505621620830E-004   1.6584436949446575E-003   2.3904935387293771E-003  -6.1606648631141320E-004  -7.2228204691906367E-004   9.1612089218204827E-004   8.9371098914660342E-004   1.3499542878388871E-003   5.1370778202709561E-004   3.4885717019973871E-003  -1.9582567143079889E-003   2.3119619035861325E-003  -3.0390175419488844E-003   9.1201937947429207E-004   5.1869282129073861E-004  -8.0769650837751242E-003   4.4254162007701644E-004   7.8709733611297345E-004   8.2608125244814094E-004  -8.2851999169036884E-003  -1.9568130384931494E-004  -7.0288377916996039E-003   3.4658422452556848E-004   1.0202723282577224E-002  -6.9363898586347781E-003   2.4223751424948042E-003  -8.8100284050446568E-003   3.4628691901955207E-003   1.8929663608011592E-002   3.2495961687708068E-002  0.12184834143035478       0.24521186452261473       0.47524032839042307       0.84269200139603939        1.5714608616338603        2.0942218557261487        2.7634367996596212        3.2442751788003372        3.5129362556805477        3.9291719067160598        4.1344473056983997        4.2963729321731599        4.5445672517366775        4.6618691887048511        1.0864235460547979E-003   1.0998742837367221E-003   1.1985928786719397E-003   9.7940729061435534E-004   1.7035603426445143E-003   1.0246829417297567E-003   1.3472549823411854E-003   1.3097150696657731E-003   2.1801890525019428E-003   1.8699539847947366E-003   1.4859103050396450E-003   1.1832282384773580E-003   1.5095494184875083E-003   1.6770900987459554E-003   1.7200037454207745E-003   1.9568988136511663E-003   2.5206106351043445E-003   2.6805825425691961E-003   1.9806993805950349E-003   2.6731023392693068E-003   2.2810644789883561E-003   3.3019366737291255E-003   3.0894045380311609E-003   3.2946450517077372E-003   3.7593685788883261E-003   5.3002077714984887E-003   4.3455335470278123E-003   3.5994472744000677E-003   3.7716855808441830E-003   4.1124849608878888E-003   6.3652643861678970E-003   6.7370252536506654E-003   5.9142842070212722E-003   8.9783223699450732E-003   1.2374742274886399E-002   1.2148693140374166E-002   1.4690946097854584E-002   2.5471446445535319E-002   3.6519604255598324E-002   5.7424597249477849E-002  0.10134766984014786        8.9046835626352877E-002  0.16809252238851469       0.16870220140237449        9.5112258330526278E-002  0.10271003997839913        4.5778264934447241E-002   6.7528937224123273E-002   7.4622879268343073E-002   7.1653159860122365E-003   5.4005795956305683E-002
          39   8.5246397204578802E-005   8.8612271563289619E-004  -7.6697276253899146E-004  -9.6918297272564078E-004  -9.8572373953936208E-005  -1.3293881768445409E-004   5.2119597787630967E-004   1.3643083646707054E-003  -2.1475224999829628E-003   2.6020177602339278E-003   3.4625552931612328E-004   3.9369292966932829E-004  -1.9084202097821926E-003  -2.7533643470854585E-004   2.3016742519327697E-004   5.2013210670884692E-004  -9.0951219558728033E-004  -3.3474486587786313E-003  -1.1959969475923622E-003  -1.9432136575186049E-003   1.8733345182829651E-003  -2.7267240956627401E-003  -5.8568393037153341E-003  -7.7573434256368611E-004  -1.5896881096513218E-003   9.0485252077383523E-004  -1.6862502775432961E-003   1.9842449406452527E-003  -9.8218824051583987E-003  -2.8137770119542075E-003   8.0006060174035894E-003  -3.1422982596266205E-003   4.8417270439958032E-003  -1.2350264497680936E-002   2.8256596875547761E-004   1.2368752935488534E-002   4.2307173967936769E-002  0.11906835834542157       0.23665758347671001       0.45466433548152591       0.81608596355345286        1.5515733482611958        2.0845241578654750        2.7572526348452668        3.2371098667426592        3.5101757905294924        3.9308852483019345        4.1393675544388051        4.2955640476688908        4.5413622636012851        4.6630327691708509        8.7758345808387945E-004   1.4596834617496787E-003   1.5078831270662341E-003   9.0784059999232040E-004   1.6134417167791011E-003   1.0121615014568230E-003   1.3134762550170906E-003   1.1522050240297072E-003   1.8689911794483132E-003   1.5256303236448924E-003   1.5927668861434434E-003   1.5721300493123625E-003   1.4590764041705682E-003   1.3279084312646902E-003   1.7552033589134984E-003   2.5675198100436813E-003   1.7730882879207527E-003   3.7876563321130275E-003   2.3609506445648140E-003   2.0312351591044680E-003   2.5794627084826534E-003   2.8491668273875393E-003   2.0410627094534792E-003   4.1198709521087012E-003   3.7164512262140895E-003   4.7562618324782212E-003   4.0755186510637717E-003   3.9334856702099635E-003   5.5920901282893046E-003   5.3266116515922500E-003   7.7108006847834629E-003   8.7800358443100163E-003   6.1324474325578689E-003   7.3101159720951854E-003   1.1919453977871924E-002   1.3557092871372366E-002   1.5972538762924031E-002   2.5396217076207150E-002   3.7074585561885386E-002   5.6167924240974110E-002  0.10000375663557126        9.2512758385488655E-002  0.17509736385888724       0.16836153590488309        9.9928145655064596E-002  0.10571623555101003        4.5929866100197211E-002   6.6589520320556594E-002   7.4954239986069982E-002   6.4144457990530611E-003   6.3055675853318241E-002
          40   3.1173096066507356E-004  -1.3246136070246101E-003   1.2015245227365327E-003  -5.6471097225406107E-004  -2.1539319876573175E-003   4.0071187396425003E-004  -8.0413198537475123E-004  -2.9774062739048554E-004  -8.4043190808045685E-004   2.1412842200418227E-003   2.4293565746894027E-004   9.2810104639017954E-004  -7.2594350180342970E-004  -1.9564368448009928E-003  -1.2067506004430587E-003   3.0940436603454105E-004  -2.4734180904855225E-003  -2.3961389568188021E-003  -2.4024396537998330E-003  -3.2702034517152921E-003   4.0994476906308893E-003  -2.3071720587181433E-003  -6.2336477527594148E-003  -4.9432972002820914E-003  -3.4434257684001187E-003  -3.7227774344323629E-004  -2.5956216671173954E-003   1.7315811707925681E-003  -5.8243610369549219E-003   3.4078313776766418E-003   4.1411965151254206E-004  -5.9302120625556419E-003  -7.2971658938662037E-003  -1.3997372783544734E-002  -3.1007279467187899E-003   1.0574546533364241E-002   4.1250631152801566E-002  0.11269333402005287       0.23230895311809011       0.43613391103671062       0.80043661543211553        1.5304228134914342        2.0663927378762983        2.7384043439175234        3.2341313797121143        3.5036576209413042        3.9325584906171227        4.1347220477299382        4.2932552544540981        4.5437375323584250        4.6457795975843288        8.1235458453846813E-004   1.3700260852759234E-003   1.0747823573361414E-003   1.1414757100997939E-003   1.2573337090128422E-003   1.5519187491691614E-003   1.2834896604274749E-003   8.7664097152306136E-004   1.6656021002532148E-003   1.6124115240017754E-003   1.8399033222254325E-003   1.0781879089210519E-003   1.0883638051349799E-003   1.4306867408787787E-003   1.5581125896432897E-003   2.3325809146012948E-003   2.0045220607178794E-003   2.8867230605603453E-003   1.8298594947891917E-003   2.3162364072558685E-003   2.4732929235345364E-003   2.9499154022705025E-003   2.3790516812414540E-003   1.7964243529420092E-003   3.0431596041292884E-003   3.6918865946072152E-003   3.9000531331496975E-003   3.1396968271035610E-003   4.9443172686688772E-003   6.5554644979086921E-003   7.5814141661381734E-003   6.4951240501528321E-003   7.2239647111496576E-003   8.2856471263370833E-003   1.0722854364081750E-002   1.3386107780668543E-002   1.4922962360196919E-002   2.6850200878332113E-002   3.6585532935980873E-002   5.6895374919148874E-002  0.10156611739241402        9.5519126081567374E-002  0.18286106552398265       0.17397414732932093       0.10073356174342045       0.10910722699859705        4.4456364571532264E-002   6.5013059255954103E-002   7.5894185359510813E-002   5.3876979097173903E-003   7.2429586085954095E-002
          41   1.1318060737965235E-003   7.9351222387280713E-004   5.6315747102059558E-004   1.0641874958818949E-003  -2.1792455439326266E-003   1.3275833001645475E-003  -2.3360123930544135E-004  -1.0094856167389358E-003   1.2845972897631793E-003  -3.3698560785457428E-004  -7.4945104424693992E-004  -8.3731319030540328E-004  -2.0934252451286469E-003  -5.8251827790935963E-006   1.4559751196938724E-003   4.6080743914235316E-004   3.9503940937774429E-004  -1.5409502452425261E-003  -3.9116442773481485E-003  -3.6039770323701512E-003   3.3176862559720949E-003   7.6405713881977312E-004   2.2459026318840604E-003  -3.3075452673058765E-003  -2.1078156353481563E-003   3.3657935684306686E-003  -4.7213496472333048E-003  -2.5884448253779562E-003  -2.0303745158989600E-003   3.3627406962928362E-003   5.8411948454659716E-003  -7.6870678335441952E-003  -5.4322116549412732E-003  -8.4575967178007385E-003  -7.4171084100761765E-003   2.1261050430039434E-003   4.0289166766920063E-002  0.10827713558462376       0.21814152666346720       0.42264574877882577       0.77836970011289153        1.5187105503555818        2.0579249252818701        2.7179957822846634        3.2194564077343739        3.5065718238254466        3.9342456008211970        4.1383501698633696        4.2913389701997096        4.5503569051036683        4.6386300059260455        7.5335977216082236E-004   7.7187054595789697E-004   6.5098281892281827E-004   1.4194466298595272E-003   1.3440879967355367E-003   1.7619129286859706E-003   1.1145601439365178E-003   9.1927922373600526E-004   1.1488627254364633E-003   1.6558110475951120E-003   1.3683995391112116E-003   1.3662059411688654E-003   1.3829633377999964E-003   2.0763883001733408E-003   1.8213596019889268E-003   2.1222761636330257E-003   1.7333438188770866E-003   2.2083816238441215E-003   2.1305025815517419E-003   2.0547596248577460E-003   2.0608209786584287E-003   2.3530309933171441E-003   2.7740918095231154E-003   2.3746557451922285E-003   3.5179458787972843E-003   5.2299740304356055E-003   2.9538452904334812E-003   6.0600838569767690E-003   4.4840326509171290E-003   6.2274643874762961E-003   6.6028708841569797E-003   8.0682036079336959E-003   5.6969307295063939E-003   1.0969030904067137E-002   1.0354359338567067E-002   1.3532812163540376E-002   1.3802711671470697E-002   2.2682506575193134E-002   3.9152307829646696E-002   6.0547050101145333E-002  0.10123669410629700        9.8770641866634548E-002  0.18712668195975327       0.17078498998392347       0.10104681350068280       0.11245165550418101        4.5012002713485065E-002   6.4361749220043632E-002   7.8951147275844749E-002   5.0561150244851187E-003   8.3479666559275148E-002
          42   1.0083830065406225E-003  -1.2124120282494438E-003   1.0293534873593783E-003  -6.7067603743673431E-004  -8.5521603524956781E-004   7.8830234939475494E-004   4.9695946648956111E-004  -9.9628305352037492E-004   4.5506630490587793E-005  -1.9373397408908217E-003   7.3573748849462548E-004   1.8567577675708987E-003  -3.1434518920330588E-003  -1.8590681188000060E-004   5.0267734557099086E-004   2.0479962588944271E-005   2.2091359455783256E-004   7.3677363818645196E-004   1.8434330110107228E-004  -1.3887414745237016E-003   9.3930371102631319E-004  -2.0599457412992942E-003  -1.2287135160412577E-003  -4.3960089188138738E-003   2.8604917839784600E-003  -1.2031003986146583E-003  -1.2365809555755587E-003  -8.9236777935810582E-003  -3.6052869663098629E-003  -1.5515566337592985E-003   3.0493698085223438E-003  -4.6289572349073743E-003  -7.7695193407547629E-003  -8.3775421160793666E-003  -4.8451981240480542E-003   3.9765690406529212E-003   2.5677344982466942E-002   9.7305727083780269E-002  0.20971618104008855       0.40706079435961062       0.76501125619151145        1.4989617173584513        2.0476277397050047        2.7086675972026697        3.2107470196321617        3.5032204682198680        3.9337279042236069        4.1391012143158843        4.2975445085006312        4.5455765227492524        4.6374629738514948        1.6481374343893633E-003   1.1543889201027304E-003   1.0439125635981188E-003   7.8987555504489036E-004   1.0354229158460410E-003   1.1486642280253490E-003   1.0445525357595270E-003   1.8406486188629638E-003   1.6703409549400357E-003   9.5687965939548569E-004   1.5815690180265294E-003   2.3670170035823231E-003   2.3433527844993595E-003   1.7628867445620116E-003   1.6940531089524012E-003   2.3253036939233506E-003   2.7388872112726710E-003   2.0666807525349788E-003   1.7592370896810162E-003   2.3996184001197677E-003   2.6127422540446993E-003   2.6552937596744887E-003   3.1593879889412237E-003   3.5061241490685559E-003   5.9036021197548831E-003   3.0948582246219827E-003   2.5439268311058185E-003   7.2833396026315642E-003   4.3244441772598962E-003   7.0193201866060153E-003   5.9552937224757940E-003   3.8377586125835851E-003   4.5621016044537152E-003   1.1207882610599320E-002   7.8139448481158724E-003   1.2978656824657759E-002   1.4675696196014427E-002   2.0599224675012431E-002   3.7715559564315375E-002   5.9720233421417745E-002  0.10123009199794915       0.10084353897729174       0.19056129587372928       0.17055334308634426       0.10237581670319112       0.11542686508008020        4.5563702488340095E-002   6.0456433571996600E-002   7.9125509718546566E-002   4.3060115674717261E-003   9.0264654878151135E-002
          43  -2.1850959702381925E-005  -2.3779978832509610E-006  -1.5076964793992104E-003  -2.4256654385847532E-003   6.7629212725783816E-004   8.4489185329111058E-004  -1.3927747946224396E-004  -3.1418319063963998E-004   2.0767303965763795E-003   2.7413833859276916E-004   1.2776366856056022E-003  -8.1816086726661352E-004   1.2835325601865465E-004  -6.0594342520923724E-004  -8.4254409206373779E-004   1.1155267117801547E-003   1.1255046648054007E-003  -2.9948516530494979E-004  -6.8794848253288070E-004  -5.3785812738580676E-004   6.4437727651906677E-004  -3.7803002829444928E-003  -4.9591667512833464E-004  -2.6268557845121848E-003   2.2966489016557922E-003  -4.4558781920276552E-004  -5.9629088432821198E-004  -5.9715872650072666E-003   3.1168292822912813E-003   1.1043552766316150E-003   8.1590811819536053E-003  -7.9054120564737776E-003  -6.4400916374147922E-003  -8.8590879877017501E-003  -3.9101394333985098E-003   3.4957663976803721E-003   2.2212983522776134E-002   9.2237733952778192E-002  0.19387678754307280       0.39351899245287308       0.76090419199014514        1.4772071919279965        2.0411780127466650        2.6922677736818250        3.2008571867785691        3.5022583243179839        3.9295523223868445        4.1468249293558577        4.2906554220181290        4.5497842884338615        4.6221681203439600        1.2311567282563256E-003   9.2171134925192856E-004   8.1393526033509192E-004   1.0860559519674671E-003   1.6338949163449937E-003   1.1548480762820072E-003   1.4591301313518609E-003   1.6505930180658334E-003   2.3164688890702136E-003   1.1596384405243216E-003   1.3390093713195553E-003   2.1352963153812798E-003   1.1728121093770073E-003   1.6349581659516846E-003   1.4829205043944344E-003   1.4257937036258176E-003   1.8724654949471482E-003   2.0482853288831945E-003   2.4376600405695602E-003   1.8235447859539984E-003   2.9378879823019608E-003   2.2481497387938222E-003   3.1406295704174874E-003   3.6919871848332363E-003   3.3639733703859456E-003   4.3447006866064401E-003   2.6334101044196605E-003   5.1883322930415419E-003   5.5150989779026594E-003   5.2393580892794982E-003   6.8238899092208892E-003   4.9775973160924624E-003   6.2903243192980809E-003   1.2445954772905285E-002   7.9861898054469724E-003   1.1610981338411649E-002   1.3231355406112918E-002   2.3120186365945327E-002   3.6878566750023621E-002   6.0376351275229154E-002  0.10014850744816106       0.10381607812388498       0.19412794783568760       0.17799633884900798       0.10331216047854190       0.11853260130232061        4.4461733960554681E-002   5.5577830317106822E-002   8.0488221404278221E-002   6.3583154768823338E-003   9.9611480378640718E-002
          44  -8.2666107557511086E-004   9.4925431729688773E-004  -9.1997978041509000E-004  -8.7804898823775108E-005   2.0332677055537561E-003   1.0129309390645676E-003   3.4075473110487075E-005   6.8111209395332038E-004   1.4050147334154729E-003  -3.6997856417508667E-004  -1.3605437318274841E-003   5.0122143088274565E-004   1.3696936633666955E-003  -1.0512138762176376E-003  -1.3935955314310897E-003   1.2307448037243418E-003   2.0285993972180070E-003  -1.5397817477317023E-003   1.4132244361089879E-004   1.2416748760727418E-003   1.3940400545543832E-003  -1.2802177643080144E-003  -1.6647840540018085E-003   6.8846099274293279E-004   3.8253293743171113E-003  -4.7625874937651218E-005  -4.6954551293800521E-003   5.0006794891513894E-004   2.6439639099634657E-003   5.5717747580300448E-003   7.6635632110298056E-003  -6.3173456361925980E-003  -3.5952908015584677E-003  -3.5664344936890409E-003  -3.5046120576620499E-003   2.9926630454280216E-003   1.8541986424000640E-002   9.6858859922500998E-002  0.18670444384419765       0.37319671302762186       0.74299843004454358        1.4717741900661909        2.0314787762708337        2.6810047827321526        3.1869452678214754        3.4946636592453850        3.9316960694832330        4.1435919865653927        4.2918421817165120        4.5492988279782605        4.6115199737956791        7.4153540228693172E-004   9.8333501237088915E-004   1.0468413687011280E-003   1.1405037606701982E-003   1.3073148516380331E-003   1.6709098110342425E-003   1.6768218950387272E-003   1.4360644983365982E-003   1.2968178474142263E-003   1.3259863942927310E-003   1.6444396974540556E-003   1.2926789000024387E-003   1.5038226207871796E-003   1.4630583866666999E-003   1.8546820405325860E-003   1.9203041312545043E-003   1.7526677668792767E-003   1.8167890810969426E-003   1.9889581960109352E-003   2.2227773077389159E-003   2.6802215368146435E-003   4.3067780364988931E-003   3.9510453934397021E-003   2.6883170247137093E-003   2.6487678684521099E-003   4.1876091053605407E-003   3.8457005371934343E-003   6.0352335328012320E-003   8.7360416646859590E-003   6.4700883376119260E-003   7.2822960537297044E-003   6.1814249077729528E-003   7.3381054389025438E-003   1.0139978532664660E-002   9.1987930452504651E-003   1.2500359521882295E-002   1.3930514357949210E-002   2.7912752912799588E-002   3.6499174368372272E-002   5.9081918377710096E-002   9.7284449632392675E-002  0.10898703774584553       0.19327431920742894       0.17542608514065042       0.10457306222008374       0.12107952537376324        4.3904807087037201E-002   5.7023577636809722E-002   8.0061116151044193E-002   6.1866870005619634E-003  0.11035932865498894     
          45   1.5075603654054240E-003   5.2698289140810863E-004   1.2487747856450087E-003   1.3911340903753095E-003   2.0505396072013462E-003   1.8621586968675318E-003   8.3247705159214113E-004   2.0831124693974283E-003  -6.8742292976218774E-004  -4.1759992274235355E-004  -1.4904993103431036E-003  -1.0035689033329246E-003   1.2813916187178300E-003   1.6009431318086398E-003   3.1799779467806780E-004   3.0885427686853230E-003   2.3964461537026639E-003  -1.7590107873298742E-004   5.2213280858367443E-004   9.5570600384058298E-004  -2.1375007761894236E-003  -2.7820722214797122E-003   1.1282066572195963E-003  -1.2570734437913212E-003   1.1377887619931485E-003   3.1468936358933926E-003  -5.8203087406609351E-003   4.2893295246978231E-003   4.2389462527485117E-003   9.3361998893822830E-003   1.8145812327121271E-003  -9.7542226201000337E-003  -6.4843566034862412E-003   1.1227137454852452E-003  -2.9284447459747899E-003   7.1485481099311144E-004   8.0522774649850921E-003   9.0681225434383117E-002  0.18119533992743644       0.35736091920006402       0.73200363532003265        1.4494726163447060        2.0185145142213132        2.6754133550575960        3.1792760792921126        3.4910557080083859        3.9323967073527677        4.1466802460165004        4.2946221714054174        4.5498152420120688        4.5973075310735672        9.8649424354626007E-004   1.2918694114149886E-003   1.0201397099478676E-003   1.0763317617824035E-003   1.2054391675078056E-003   1.2846853272901052E-003   1.1106391074537430E-003   1.2430390796557608E-003   1.3679703069854436E-003   1.3456507532409573E-003   1.4010565998794937E-003   1.8968464970241907E-003   1.8285319574724514E-003   1.2978298724468896E-003   1.2096519337411566E-003   1.6514412018301494E-003   1.5601259596492690E-003   1.7588189416353525E-003   2.9617637674991606E-003   2.9707630347017254E-003   3.5095220436620481E-003   3.8485410869560982E-003   3.7717205183555656E-003   2.3104198164417191E-003   3.2240375914411941E-003   2.8914048772343049E-003   3.0312894465483338E-003   3.5452886103152326E-003   7.6378587544284433E-003   5.2875201848833616E-003   8.4032386216217596E-003   9.9700306511670122E-003   1.1077692648250124E-002   1.0706751879762172E-002   9.2753195291100238E-003   1.3447128339553411E-002   1.1736406263001382E-002   2.7157666523291886E-002   3.7281451104156121E-002   6.1453020542444226E-002   9.6661101547989875E-002  0.11138267631584932       0.19416885545546239       0.17546568673882906       0.10764270965521072       0.12479544021503614        4.4462458916901350E-002   5.2658285542032675E-002   8.0929270965284350E-002   6.6148530042377139E-003  0.12547323100963451     
          46  -1.4105133564373972E-004   1.8116980363578792E-003  -1.4546499764949220E-005   1.9634364112692424E-003   1.3687902879461254E-003   7.6992029998576789E-004   3.1004312037783761E-004   4.1591274782718397E-004  -1.1410597758078765E-003  -1.8331158349710380E-003   1.1912609693369605E-003   5.5470482733269827E-004  -9.3502447422353738E-005  -1.1339209715366008E-003  -1.3643271494082341E-003   6.5387382809200883E-004   1.7841514597460417E-003  -1.3900754226525112E-003   9.8336289384539310E-004  -2.6901534081001411E-004   3.3680871152946242E-003   3.4237957167499279E-003   4.6278743580990293E-003  -6.2833851865589144E-004   3.7876201157446233E-003  -1.5046379953810604E-003  -7.3566173529804194E-004   3.8440731486281674E-003   5.2109214325635244E-003   5.8119297801542047E-003   4.9180587080910878E-003  -4.7566997987402403E-003   3.9172213249788097E-003   3.3137229778087155E-004   9.0865442158041419E-004  -4.2520538379614047E-003   1.0282017988798731E-002   8.6895785966968481E-002  0.17301464182482676       0.35072841364191504       0.72102345901990517        1.4365268504444957        2.0083801993585109        2.6695676013206531        3.1725257938632914        3.4888111459387874        3.9309971060405471        4.1416290449898616        4.2940119065340108        4.5465936309063988        4.5848634532712023        7.1096071607232379E-004   1.0167751360204312E-003   9.0055019610025861E-004   1.3131960875061588E-003   1.1543072252083609E-003   8.5246910954389361E-004   1.1815009895356481E-003   1.5273985959536873E-003   9.5104520110144656E-004   2.3171532337140257E-003   1.2428746202954167E-003   1.5329601764701025E-003   1.2647194629549462E-003   1.3014127121242700E-003   1.9312045069115973E-003   1.9521610522189742E-003   1.9821402792530502E-003   1.6238503602126165E-003   1.8668071118589850E-003   2.1277073970915610E-003   3.2269002621815499E-003   2.0018469930014964E-003   2.1056872599252226E-003   3.5183831690589547E-003   2.4373282970024694E-003   3.4958584933330217E-003   3.4908828570240644E-003   5.5002132580409214E-003   4.1637380401567722E-003   6.0634548763179750E-003   1.0067396828027890E-002   7.3993022520799610E-003   1.0973126878591411E-002   9.8999649154887532E-003   9.4615282811408557E-003   1.5439443591027554E-002   1.3522082476374724E-002   2.7982858432942438E-002   4.0571127408549387E-002   6.1693642949296072E-002   9.5328499541151496E-002  0.11381153469150998       0.19373103769735081       0.17875518967393367       0.10815955488726267       0.12678667053172119        4.4353821762683328E-002   5.2852653544793675E-002   8.3975102478221555E-002   7.6790630599656937E-003  0.13353376669115891     
          47  -7.3873071942241839E-004   4.0021326490461716E-005   2.9548324350779507E-004  -1.2396477809318494E-004   1.7147730010256504E-003   7.4663663783456748E-005  -1.0305072227273012E-003   1.2510951732098751E-003  -1.4856796373940480E-004   4.6089388387027887E-004  -5.9292775268007596E-004  -5.2801000106975505E-004  -1.9463485931432537E-005  -4.5857564892058379E-004   7.9239821540102204E-004   1.8537305787622972E-003   4.5108641299370584E-003   6.5574037446941222E-004   1.2274896053645560E-003   8.2209317263841125E-004   1.5248338077041338E-003   5.5798212663214965E-003   1.3698681682670472E-003  -2.8307205381207431E-004  -7.8074385967524047E-004   3.2266952219574658E-003   1.4443322036673584E-003   1.6232723291561700E-003  -1.0212626418771931E-003   2.8618273936153659E-003   1.8799372049818426E-003  -4.2089941678111571E-003   1.3375051138753532E-002   3.6535277293743658E-003   1.8338798302293803E-003  -4.6617128195575045E-003   1.1322304408178030E-002   8.1084988127741037E-002  0.16892867849136564       0.34283537858694851       0.70282503298295051        1.4222470020382525        2.0056998076450152        2.6613397315222587        3.1734752807769850        3.4844573158339722        3.9288758052776926        4.1479591170466268        4.2948303981949563        4.5437485114522653        4.5757797159652682        8.7458801870444775E-004   9.6173696618370784E-004   1.0093695662769840E-003   9.7528110470144721E-004   1.7979537037427027E-003   1.6033868950725055E-003   1.3956857875397893E-003   1.0422073267164838E-003   1.2090810744649224E-003   1.7939678370018700E-003   2.0219815633088518E-003   1.3454821086669570E-003   1.4668778569078365E-003   1.8326694495897052E-003   1.5063322363417001E-003   1.3690262437106328E-003   2.9009110982533325E-003   2.2210201236081378E-003   2.5090911096474207E-003   1.6649139162498942E-003   2.7484367116516351E-003   2.6130953076806632E-003   2.8392440973979555E-003   3.6855801211223278E-003   3.0668941401253047E-003   3.9010819961337565E-003   3.5774828465113435E-003   4.5704485914733447E-003   5.1478491743364050E-003   5.5063278217159697E-003   6.6765873183791411E-003   6.7481609603846516E-003   1.0143471321477951E-002   9.6273652141133873E-003   9.6097765609883343E-003   1.3163044327659282E-002   1.5716544454378874E-002   2.8559161099587539E-002   3.9060241117194652E-002   6.1914375035961478E-002   9.4271148458421550E-002  0.11603547821604521       0.19495696864313497       0.17864201086111631       0.11142568574868593       0.12983401663922106        4.3463125994522324E-002   5.0069852337488119E-002   8.5017002744915471E-002   5.5877778976226910E-003  0.14752711515760406     
          48  -1.1934648714761178E-003  -1.8078312268199963E-004  -5.8333850109483249E-004   2.3884168135165053E-004   1.9687878205840669E-003  -1.6555641341471704E-003  -9.5758623145262070E-004  -1.4425415453621468E-003  -9.3200234756767779E-005  -6.4268630379031902E-004  -5.5167768759926776E-004  -9.3910340474525158E-004   6.0706868589705353E-005  -1.5137363041407886E-003  -8.9010559144139237E-004   3.0426469697779940E-003   2.1146327900254890E-003  -1.3603850528648923E-003  -3.5191978004961698E-004  -2.6620296556976603E-005  -1.6516997610486405E-003   3.5845895825342903E-003   1.0666887046332531E-003  -8.6157050411542072E-004   1.5345046843799133E-003  -1.0443122288252987E-003   1.6125161368422513E-003   3.5334536999847888E-004  -3.5298060685775381E-003   4.6908216967448861E-003  -3.4869692497732111E-003  -2.7994885179472408E-003   7.6470511596372090E-003   2.9352508949774762E-003  -1.3527555552029066E-003  -6.2658425008899673E-003   5.8829249044242953E-003   8.4730898727084059E-002  0.16128282014937328       0.33148159927568727       0.69059705255174630        1.4002230285690123        1.9976899948439879        2.6528736046827470        3.1643037220015517        3.4817520713419530        3.9241354004748712        4.1444370322386375        4.2909913383154352        4.5484050502870756        4.5644818572984445        1.4926428015857706E-003   9.5594912018596035E-004   1.1630840747035671E-003   9.7304145374030749E-004   1.1324866107878808E-003   9.9240300998407324E-004   9.7957235451484170E-004   1.2245706849682879E-003   1.8944360240124019E-003   1.6365489567926306E-003   1.7698614525919944E-003   1.5686114259911982E-003   1.4556589912678838E-003   1.6083709367020961E-003   2.3763140735097703E-003   2.1639789303626411E-003   1.9485304576777665E-003   2.4797371640370111E-003   1.7608444311313211E-003   3.5998131459995127E-003   2.3968638340546473E-003   4.4641944155516169E-003   2.1224637745719229E-003   4.5246302488557025E-003   4.1026339516838893E-003   3.6399304043518740E-003   2.6756322974005684E-003   5.7830689707105542E-003   6.1772961717877894E-003   5.3718244145685105E-003   5.1723905716721781E-003   8.0773818950879220E-003   6.4802772541381146E-003   6.7740597627390957E-003   8.9853572261253921E-003   1.1797896189672958E-002   1.5300616294458714E-002   3.0075325340612184E-002   4.1072565046097964E-002   6.0084103274102511E-002   9.1585910316852079E-002  0.12098101221093889       0.19572805949565411       0.18087200665187197       0.11092383499715580       0.13204875280947848        4.3812863942514463E-002   5.1650792292177727E-002   8.5686724499797667E-002   5.2044672408719005E-003  0.15897023658998666     
          49  -1.9001820416806201E-004   3.5466905715199516E-004  -1.8873491590092428E-005   4.4270791283749074E-004   2.1630161339229992E-003   4.0480671846342305E-004   1.7321454691571978E-004   9.9841531711625481E-004   1.2348850178189282E-005   9.9707223397772001E-005  -9.3992271784237055E-004  -1.7310525178627818E-003  -1.3221666189685774E-003  -2.2983545114355157E-003   1.7780260611175186E-003   4.6281834698851899E-003   1.5899805542463109E-003  -3.4773307451456593E-004  -1.9064484191596441E-003  -7.2375600926547054E-004  -7.6675089870011863E-004   4.1774907490744013E-003  -1.5886758426893625E-004   3.1256971291884731E-003   7.1762174960445678E-003   1.2441477748212674E-003   4.4830110164116666E-003  -9.6094875043181043E-004  -1.9132939535013822E-003  -3.0954392435080555E-003   4.8732943695510625E-005  -7.4075993623627233E-004   3.8159980490537117E-003   5.1170827539313291E-003   9.0956359323617964E-004  -1.5992512905110421E-002   8.3152586507421796E-003   8.3242925611183294E-002  0.15996025962842605       0.30719933878848332       0.69107998598275633        1.3832870251805904        1.9982001273685657        2.6438711165614395        3.1605753095155840        3.4774017558709649        3.9285643462117306        4.1500532196518227        4.2879748778665112        4.5543712030449734        4.5561945507471906        1.2153525888134612E-003   1.5277626594001799E-003   8.4215768136856591E-004   1.0010970979929886E-003   1.6110877236855164E-003   1.1953261023223436E-003   2.1702691605997959E-003   1.7639564914415597E-003   9.8569100073469021E-004   1.4062871996361177E-003   1.9152545952429581E-003   1.1748293612089415E-003   1.1290806698115059E-003   1.1905714475550680E-003   1.4291879927133550E-003   1.7634688412015514E-003   2.7594195052891976E-003   1.6151549644536389E-003   2.0939117281496894E-003   2.8724032039546205E-003   3.0304934008784702E-003   2.8237720321111744E-003   2.3302720926951792E-003   3.0831466262848414E-003   2.9429587917407705E-003   3.1828945704709577E-003   2.5770209526233389E-003   5.1276855393907455E-003   6.9963890407755856E-003   5.2049178382693514E-003   5.9541305311577863E-003   7.5610691108495285E-003   6.4929134831586029E-003   8.3879249399164118E-003   8.5160226051900663E-003   1.1464913709004361E-002   1.5581766290927734E-002   2.6541281697561436E-002   4.3518458856446063E-002   6.0577552634528790E-002   9.2981026316611329E-002  0.12354573616165314       0.19043460417994360       0.18110862791503804       0.11383334703010362       0.13314230673343430        4.4363775681405739E-002   4.9404477551963977E-002   8.8066787599714785E-002   5.9433808182162229E-003  0.16377131579926904     
          50  -1.5667133304296935E-003   9.5407289886239113E-004   4.2881940888026861E-004  -5.2243738940578458E-004   8.0437784995608566E-004   8.2226450608885698E-004  -1.5690342713932531E-003   7.6044370508779964E-004  -6.8872487780692745E-004   1.4247334253355711E-003  -1.3454624211556424E-003   1.2260778319104904E-004   1.2589168948165944E-003  -1.4283703280270072E-003  -3.9424644906278544E-004   2.8679189703239888E-003   5.7002080998524334E-004  -4.0644480019297070E-004  -2.4886876946387609E-003   3.1900562358238077E-003   3.6402876850650271E-003   2.6251149710734825E-003  -2.8331280964256191E-003  -1.4246511850073075E-003   6.0465178490114405E-003  -1.0509628624924758E-003   4.5702389759669877E-003   5.3446853944947598E-003  -2.1545091063962488E-003  -2.6630361775864171E-003   2.4695171154399554E-003   1.3077312941922007E-003   1.0427360308131147E-002   8.7359893782425289E-003  -3.2799690215011548E-003  -1.4483518230489007E-002  -2.9830900469948901E-003   7.4562481418921439E-002  0.15356201089942970       0.30832885494800494       0.68031315583713869        1.3667425102689430        1.9913330268116245        2.6422644562057882        3.1519093002692751        3.4744950095370362        3.9210734847068300        4.1457208552206666        4.2845195637443938        4.5445322364555754        4.5524238393678251        9.9657399533979252E-004   9.4538963077829433E-004   8.8596930194143530E-004   9.2218088302979141E-004   1.1355202725039618E-003   1.5067515772729772E-003   8.7657021487951362E-004   1.4567345182249552E-003   1.2601367204889695E-003   1.1358275917549112E-003   1.6430059632006084E-003   1.7875838097469777E-003   1.2391068599097216E-003   1.7771623840013148E-003   1.6413566442494193E-003   1.4681390492941619E-003   1.1884427210897210E-003   1.6705828642006573E-003   1.8160487152520460E-003   2.3089303967467204E-003   3.0609686992945201E-003   2.5835657783252336E-003   2.8699036391734061E-003   2.4809212608508072E-003   3.0165913364562660E-003   2.9914202505009540E-003   2.8040038150419062E-003   3.6579558455683983E-003   5.0741135180141029E-003   5.1833652974935685E-003   5.2263892721198411E-003   6.8769776094005858E-003   8.2576088403127565E-003   6.6311608050682027E-003   7.9680402456822463E-003   1.3427125821041651E-002   1.6571731573719915E-002   2.8845899150295992E-002   4.3999524880959803E-002   5.9358833354978456E-002   9.4816184513068585E-002  0.12596628416665484       0.18784588199769800       0.18640524185319413       0.11446288590647916       0.13484985141410036        4.8176083723390516E-002   4.6133187719052136E-002   9.0368988633223638E-002   5.5301340498794841E-003  0.17390135054487865     
          51  -1.3950241935098103E-003  -1.0899156996178217E-003   1.5163491060865191E-003  -1.0074609060386165E-003  -8.7413999463797703E-004   1.2332154612719399E-003  -1.1795683022385909E-003  -4.5270040958099947E-005   2.2913236011942549E-004   2.2736165428218432E-004  -7.4441176871311221E-004   3.4993004172256657E-004   3.0267041878233691E-003   6.5816539041281747E-004  -9.5949946224116163E-004   8.1133897941983537E-004  -1.7969764960252914E-003  -5.0749630191044195E-003  -3.3798427092257429E-003  -1.1147130572317839E-005   1.9769248469576959E-003   4.5456273956696325E-003  -4.5363936822958827E-003   1.5401413667058526E-003   1.6346110116850572E-003   7.2145595865554684E-004  -2.1806075991032759E-003  -1.6568587719046526E-003   5.6843716125778401E-004  -2.6866129787719286E-003   9.8768129777806069E-004   1.4793513502873196E-003   7.7921528239532174E-003   1.0162262525199188E-002  -4.2702880491668109E-003  -1.1694517045048113E-002  -1.5322923788166712E-003   7.4902410402017214E-002  0.15277924793750935       0.30312301606371489       0.67097069305099710        1.3506493298005471        1.9919567510344658        2.6298337909083500        3.1520016171128065        3.4776572357139126        3.9184360941874581        4.1463252498070551        4.2793633756802771        4.5487702289952869        4.5429152348016562        1.1136185892869665E-003   1.1675594775578046E-003   9.0551061282346265E-004   8.4600977535121487E-004   1.8334635177961666E-003   9.9274035219356271E-004   1.0233047892292092E-003   1.3472319558062709E-003   1.1428291909438349E-003   1.8149146010003540E-003   1.1925296789636239E-003   1.8056790702936400E-003   1.9023657214281824E-003   1.9873979560371792E-003   1.3173440458842936E-003   1.7078828770404528E-003   1.9871530572678022E-003   2.6361679856852652E-003   2.5774476951544020E-003   2.9368604317419082E-003   2.8736496186202946E-003   3.7223771809588241E-003   4.3599290377848094E-003   3.7273360870092205E-003   3.6897758706350365E-003   2.9675474183690695E-003   2.9362567985662317E-003   4.0819754118548279E-003   3.3058530874590778E-003   4.4775636720725161E-003   5.7744073409008462E-003   7.0066432901738146E-003   8.1294126797459287E-003   6.2820189093311420E-003   7.2323157986617197E-003   1.1756111551655552E-002   1.6186958164300835E-002   2.9077645817956098E-002   4.4569300467104098E-002   5.8374366685824221E-002   9.5867735005627702E-002  0.12753155783522779       0.18865840417908755       0.18768619969717434       0.11427069700279255       0.13666110291566536        4.6272292649996945E-002   4.9567865182321036E-002   9.2114963325918467E-002   5.2390172178111037E-003  0.17465925014523073     
          52  -9.9595653160431275E-004   6.1469096624609571E-004   2.2330910488399712E-004  -6.2920559838965996E-004   9.3143983576773914E-004  -3.3210587978464229E-004  -6.3235141218690360E-004   1.0123159819082110E-004   7.3106632128440061E-004   1.0497096576647389E-003  -1.9741793844993546E-003  -2.6082623984535004E-004   3.9653875062234937E-004  -4.4582782838123013E-004   1.3814788007008921E-003   2.3972215221278793E-003   2.0865007209771338E-004  -1.5602370100616027E-003  -9.9709014275395268E-005  -3.2897977353761368E-003   3.9363127004513063E-003   4.3760472102291349E-004  -4.2119639667594121E-003   7.2582874994608123E-004   2.2118395961394761E-003   2.0422440274317369E-003  -8.0192670012825117E-004   8.9063258374965965E-004   3.2210024620827351E-003  -5.1727611539968679E-003  -2.8549430191118206E-003   1.4363147151167511E-003   2.3970785465298253E-003   6.4143708432274054E-003   2.1914457402553841E-003  -2.1003278928436564E-002  -1.0561457263173755E-003   6.8390940380436305E-002  0.13818977011817785       0.30012316118483728       0.65748632680782781        1.3340393936021469        1.9835281422594839        2.6290933690231992        3.1513722990133357        3.4756176392466509        3.9229198260559999        4.1506126161655787        4.2798596913962728        4.5461038100670716        4.5449753929789347        9.5244875029878941E-004   9.3140054496042128E-004   8.3242614351029592E-004   8.4013778003383768E-004   9.6482679746918672E-004   1.0656578077460678E-003   1.7789384224839750E-003   1.4737229572438799E-003   9.9000276510243846E-004   1.6733106679850016E-003   2.3023171119425901E-003   1.3109749733541183E-003   1.3838899580096106E-003   1.5365978724196643E-003   1.4009537017369892E-003   1.8952680765630626E-003   1.3078606516579816E-003   2.6037335543413038E-003   1.7467591623579726E-003   2.3976507669017859E-003   2.4443953474060864E-003   2.2678436600371489E-003   2.8216571151835211E-003   3.4743209943712949E-003   2.9414629154514691E-003   3.8174503116719240E-003   3.9118646545442202E-003   4.5474374809174253E-003   4.2499773497002968E-003   5.0563156395192470E-003   6.9788006885258659E-003   6.0364617474080069E-003   1.0845516492172082E-002   7.0609114793264982E-003   1.0505546856489424E-002   1.2648240190340977E-002   1.5470253252810311E-002   2.9376386492536082E-002   4.4501225585434435E-002   5.6822711374933360E-002  0.10273402565694786       0.13016168819084015       0.18546522204951849       0.19014241969127826       0.11599228968941880       0.13797069662737174        4.8829894184151686E-002   4.6992821833702569E-002   9.5279074271018060E-002   8.4521421971506042E-003  0.18000291068902488     
          53   1.1012342667515863E-003  -1.2606026588032012E-004  -3.2837759983986208E-005  -1.2661820040528386E-003  -1.1702864729121293E-004   7.5514849422179877E-004  -2.1579830204327232E-004   6.5790702853390321E-005   9.6206663881783481E-004  -9.4379866972904732E-004   1.7104445087758592E-004   1.4957281840295247E-003  -5.9949030592290214E-005   4.1396883535974835E-004  -6.5507682706586749E-004  -6.0663647306579251E-004   1.8011609955613335E-003   8.2183623597194895E-004  -2.7533352450579071E-003   2.0850774322976932E-003   1.6893740270274818E-003  -6.2697003056173817E-004  -2.0383744854143219E-003   4.0840982259684648E-003  -1.1491071616973763E-003  -8.0773160211454443E-004  -2.3301578707857853E-003   4.2834417985462064E-003   2.8772437549590238E-004  -1.9135680499750556E-003  -1.2411032782617918E-003   1.1800709091853229E-004  -1.0126023979440365E-003   5.4865865462713440E-003   5.0624548578276024E-003  -2.2382763203882845E-002  -5.1511243240467304E-003   6.6608961972402431E-002  0.13464852428039825       0.29554433158593613       0.65698965086862937        1.3273749527855307        1.9741851701878625        2.6196519824051370        3.1557162191857193        3.4754501764511248        3.9187235003358327        4.1543456358439679        4.2780868939645922        4.5395531305570511        4.5404454909292884        1.0317228986974584E-003   9.1203449573790932E-004   1.1421420447763125E-003   1.2327652411435255E-003   1.1854908178918662E-003   1.3937150785508312E-003   2.2574270399805009E-003   9.9617891914274923E-004   1.6890116561972799E-003   1.4245924380314205E-003   1.7766473354513491E-003   1.0358135869422875E-003   1.2006736826230913E-003   1.4834482943714817E-003   1.4596259846953235E-003   1.6274389680033001E-003   2.1554059066335096E-003   2.9289365196697673E-003   2.2909071298324968E-003   2.4155023431499229E-003   3.5086206137910337E-003   2.0065455706098508E-003   1.6333803369104889E-003   2.4714891151534713E-003   4.7276673615655341E-003   3.5415620071104488E-003   3.9894537469384091E-003   6.5287050625325469E-003   4.8339037041329538E-003   4.7209043336605217E-003   5.2971497769287211E-003   9.0967486995914421E-003   7.9925510554183943E-003   7.9308917970398012E-003   1.1294538720557128E-002   1.2042837140783183E-002   1.5863825334009454E-002   2.9862336618504480E-002   4.5491350870584889E-002   5.6598641699909552E-002  0.10233413682006715       0.13510686530751409       0.18071303071792008       0.19173958907624769       0.11644266873347081       0.14035719742232333        5.2648237313492344E-002   4.5516113542688127E-002   9.6095986491302923E-002   5.2337272653636274E-003  0.18035557347964906     
          54   9.5125188838644402E-004   5.6677920297300960E-004  -8.6261426044923454E-005  -6.0132332011815265E-004   9.3927411852176015E-004  -4.0942543478805749E-004  -9.8949953659948687E-004   5.1221627864052864E-004  -5.1683656904762695E-004  -2.5131970345151841E-003  -2.0531864559903722E-004   6.2312290343006312E-004  -3.6439672875458891E-004  -1.6989727680444559E-003  -2.0220815050303259E-003   1.1514759622482094E-003   4.8225336616703466E-004   1.4505175042182697E-003   1.8780853895479566E-003   3.2409824174867122E-003   2.6093556315972969E-003  -1.9513157096959929E-003  -2.8169405575578601E-003   2.3048457371603838E-003  -5.4010113908020138E-003   1.5296650025144518E-004   8.9583639750808537E-004   4.6843538604378386E-003  -8.9357125076023017E-005   2.3930500478865939E-003  -1.5587263178914743E-003  -7.2378133012218583E-004  -3.0380532249095612E-003   8.4061503623878413E-003  -3.8467801028820421E-004  -2.0486472289208617E-002  -8.1183739971797796E-003   6.3407394049917215E-002  0.12348971078856777       0.29610480753363955       0.65244038832185858        1.3179652818901395        1.9719222119732647        2.6133220658701890        3.1525753084063703        3.4763143977055639        3.9092734316669198        4.1446624690662937        4.2723627308504151        4.5403933381667576        4.5373512771952864        8.7373288217771608E-004   9.9202857088822628E-004   9.6820511972272488E-004   1.2657281540669465E-003   9.4640225716306357E-004   1.6129934253092612E-003   1.4323498088577601E-003   1.3462392135576370E-003   7.2790212206397524E-004   1.1432331929483448E-003   1.3451871414906058E-003   1.0223179698656715E-003   2.1426258926168619E-003   2.4783782439064903E-003   1.5238467887029961E-003   1.8545512435134189E-003   2.2841539364698753E-003   1.5934519429793993E-003   2.5853482322992292E-003   3.2368919412788968E-003   3.0631827431880348E-003   2.0332005712379994E-003   3.4652050103659254E-003   3.7640753084806221E-003   3.2208169854576483E-003   3.1308749279609738E-003   3.3859867471619965E-003   3.4739932570193267E-003   4.5608752820328171E-003   4.4772680385825681E-003   6.7402312783283406E-003   9.1405480495333966E-003   1.0624756967417140E-002   8.7061106241266804E-003   1.5183303331232204E-002   1.1502345089814526E-002   1.6992351495346725E-002   2.9726753630690245E-002   4.4466598550144544E-002   5.5563459877685718E-002   9.9175673479840673E-002  0.13953496614563007       0.18010982635149775       0.19700351475143937       0.11742560173403181       0.13980224277865913        5.3155664908385282E-002   4.6697871190387451E-002  0.10096155787199249        7.3590071653641008E-003  0.18170684126679482     
          55   5.2831938998248639E-005   1.3905601923545037E-003   3.7911811334951549E-004  -2.1428320817499635E-004   1.7867827831227835E-004  -1.7373501649705430E-003  -8.0178321991358228E-004   9.9709366925051775E-004  -1.3445229517564602E-004   1.7405697828556723E-004  -8.9357431051811183E-004  -4.1285017115641840E-003  -1.9420667056873305E-003  -3.4235828746913091E-003  -2.2663347993284620E-003   2.8449094379610164E-004  -2.2338738816120025E-003   7.6922931311220887E-004   1.5356459367674216E-003   4.5205105592739459E-003   9.8104039520631697E-004   2.1157850513776519E-003   7.0754565868768736E-004   9.0100129597509417E-004  -3.1330856692939760E-003  -1.4232895339477507E-003   3.4137334566922643E-003   2.6882909024945997E-003   4.0573909872204470E-003  -1.4134930156855460E-003  -2.1774746719033771E-003   1.4674908827945203E-003  -3.6764607978555458E-003   7.9468364940969306E-003  -3.4083601015130979E-003  -2.6903388873001966E-002  -6.0857922911763292E-003   5.2483002056509860E-002  0.11919037341991250       0.27655994306086379       0.64863012975841916        1.3102731046056220        1.9789786739158814        2.6060978572957927        3.1596586815834629        3.4681284927287948        3.9038988070293210        4.1450096849139637        4.2672275810707578        4.5461166762598930        4.5322966345309137        9.8708363103478729E-004   1.3393532125666600E-003   1.1819453764463259E-003   8.9851819284812349E-004   9.6846608852520786E-004   1.5052937748896095E-003   1.1910998485293496E-003   1.0052324025329735E-003   1.3739549220011730E-003   1.3599111286400501E-003   1.3951885695528241E-003   1.3823765792900275E-003   1.6813966907268045E-003   1.8592218411167467E-003   1.9037776198302576E-003   1.2488594712938329E-003   2.0915603566102987E-003   1.8996315458985065E-003   1.9577510809795141E-003   3.1126250914832684E-003   3.3608026592207314E-003   2.4388614425555448E-003   3.6767569699927244E-003   3.3509286028472729E-003   3.1585752851521322E-003   4.7927749099937562E-003   3.7717293407038017E-003   5.0658884411952003E-003   4.4968004022038115E-003   4.1512055239131410E-003   5.3592639976100974E-003   8.5676314210665402E-003   9.3922675743744691E-003   7.0006328855647297E-003   1.7365530189554747E-002   1.2398446319001758E-002   1.7471068572574917E-002   2.8766011890666254E-002   4.4261350157762981E-002   5.5999914687123967E-002  0.10620659092723370       0.14250375008627383       0.17935599094061980       0.19924727930191494       0.11869073246145928       0.14265690676577228        5.5483871855238363E-002   4.6074822962273797E-002  0.10248928692684205        5.7161062688549698E-003  0.18608037995148471     
          56  -9.0174836119103245E-004  -4.2259514398799986E-004  -6.7974418419387275E-004  -1.3978186048321632E-004  -1.0495560798090874E-003  -5.9061554583446244E-004   1.5064482626708337E-003  -2.2726435501870852E-004  -6.3228186275593858E-004   2.5723269211218249E-003  -4.1717687602015112E-004  -2.9531192010458113E-005  -1.4566121315514305E-003  -1.5698985323524335E-003  -1.2684169715467229E-003   4.7271849172899591E-004  -5.7478566819288640E-004  -1.5003642679217327E-003   3.7733250781058431E-003   4.4109891962328309E-003  -6.9711400557359246E-004   5.4834605912217919E-003   2.0232687765848220E-003   1.4226211675177876E-003   1.4677655762912840E-003  -3.1806078918214984E-003  -1.3997349881681408E-004  -6.9292984534825453E-003   4.9747472906588840E-003   3.7140679282850796E-003  -4.2566790012919945E-003   5.2346384831285691E-003  -6.0748386455025272E-003   6.2480608504029613E-003   2.9959664141390062E-003  -3.0387443300666436E-002  -3.3697501557541040E-003   4.5122853022334590E-002  0.11806991081512512       0.28140009528223853       0.64169006885838198        1.2951110171517319        1.9735247576172690        2.5969124965951380        3.1550741851206019        3.4710050723542625        3.9028184270863426        4.1499710007649808        4.2737942503094644        4.5456814789654176        4.5374383039271038        1.2154955287516603E-003   8.7669595344897345E-004   1.0511289523315100E-003   1.2030965207584315E-003   1.0397525621598537E-003   1.9059972451400729E-003   1.3927829141563773E-003   1.1561978473544740E-003   1.3096656467332635E-003   1.5907854226073902E-003   1.3261164770208350E-003   1.2196464252332926E-003   1.8695441690948966E-003   1.5384290637087150E-003   1.8016686585113459E-003   1.8862401013014830E-003   1.8479243807516072E-003   2.2853233495684043E-003   1.9625856031566203E-003   2.3591520644486823E-003   2.4257429281027603E-003   1.4391117469143074E-003   2.7355715219864359E-003   4.9286107330710873E-003   3.2979623007295977E-003   4.7472633409617335E-003   4.0017715402058144E-003   5.9723937160920870E-003   4.9094323416180004E-003   5.1062059357144902E-003   4.6201440697202232E-003   1.0116261659763665E-002   1.0230532571168268E-002   6.9294484458743474E-003   1.9146675995112029E-002   1.0800291303544308E-002   1.7705835810354210E-002   2.9411811484706368E-002   4.5754613899510702E-002   5.5988253157456369E-002  0.10677963864986614       0.14497626502675487       0.18156576337928612       0.20266229134122671       0.11790283678512808       0.14424716420477690        5.7769966253442780E-002   4.6899078424240098E-002  0.10443561272747176        9.4216247989156472E-003  0.18741448993644028     
          57   2.3726622503549729E-004   5.9311656351166060E-006  -2.4507983226209815E-004  -8.8738455132641024E-005   4.4995180716465063E-004   8.0210262346485978E-004   9.7103487855918879E-004  -3.3478146675275622E-004  -7.6803087404345627E-004   1.6877262471322034E-003  -2.4691782340312734E-003  -5.2142098848690082E-004   9.7931625735399861E-004  -2.0809085848742148E-003  -2.1133681885238216E-003  -8.6632689412847455E-004  -2.2539634535469289E-004   3.6980935930025109E-004  -1.0392300675952221E-003  -9.7269539270536181E-004   1.2014583858925981E-003   1.9865378077223278E-003  -4.8361103579073241E-004   1.3465084031307438E-004  -4.4236874306779932E-003   4.6751384911428561E-003   5.2445751896693798E-004  -2.9284926369642010E-003   9.9330933629233681E-004   5.2338978906909025E-003  -8.3260093675745304E-003  -3.7656047705470326E-004  -7.0899859827044491E-003   7.0646157424748739E-003  -8.5012051957539751E-003  -3.0107595624205109E-002  -3.4923394442617165E-003   4.2614201604450071E-002   9.9024909632328378E-002  0.28212895135460359       0.63741467762107373        1.2911667051690723        1.9734345378597362        2.5926245818598717        3.1488304014540867        3.4726020601120600        3.9058760120469467        4.1513120801090668        4.2634268215593556        4.5393465287779993        4.5272323112023383        1.0604261064678015E-003   6.7204742758894965E-004   1.7785859869024290E-003   1.1718978976390263E-003   1.4777628065109503E-003   1.4585793339887249E-003   1.3380727680919935E-003   1.2171171481527908E-003   1.9481014925776859E-003   1.8439611468110343E-003   8.8140055942335655E-004   1.6961192217871490E-003   1.9003640620198835E-003   1.9494117799086961E-003   1.1305149618534222E-003   1.6333452177536803E-003   1.2907960949939460E-003   1.7723183471348965E-003   2.4318769429465658E-003   2.0511526957248121E-003   2.6855264201040966E-003   2.7794075513708628E-003   2.9714731351315484E-003   4.4739219732447683E-003   2.6727556871634400E-003   3.7396879591447846E-003   3.7379578885272540E-003   3.4830969219273667E-003   3.3281015991280510E-003   3.7449550466801050E-003   6.2227251652386935E-003   6.7346086939710156E-003   1.1224372785068508E-002   8.3414014429706845E-003   1.8033988270415902E-002   1.1665329200644010E-002   1.6776856491048681E-002   2.5624183078158624E-002   4.6640177275030226E-002   5.7997151540985475E-002  0.10180419317756398       0.14632675034959272       0.17983432598221977       0.20958830813843843       0.11843167853758384       0.14419152671081525        6.0715747684036356E-002   4.6533804330317348E-002  0.10888098748963425        6.5886375201323344E-003  0.19047820419398989     
          58   1.1378522796195269E-003  -1.1466097703505688E-004  -4.2237791628672676E-004  -1.3324127108554551E-003   1.2418365776826237E-004   1.8854646102132182E-003  -6.5142433805544166E-006  -4.4025715125522622E-004  -1.0777800239825516E-003  -1.9799458439860387E-004  -6.2188003703043102E-004  -1.5258925254203433E-003  -2.2001198205249218E-003  -1.4853390135755953E-003  -2.0915806561568654E-003   1.5872157218325652E-003  -4.3343759173011478E-004   1.1282603097136253E-003  -2.5717885937603133E-003  -5.8258995097025252E-004   5.8010118097990453E-004   2.1818996907859338E-003   5.6868962275962156E-003  -2.1711651715008349E-003  -1.1930978698288428E-003   6.4341452514265667E-003  -1.6925388923338398E-003  -1.4949179934718667E-003   9.1090062301118829E-004   7.5319417447367960E-003  -8.8179574304687522E-003  -2.6936010875161878E-003  -8.5397779728435055E-003   8.1334076538974471E-003  -1.0149741970141925E-002  -2.5570619178338857E-002  -9.4964814453006699E-005   4.1702850473149110E-002   9.3173927092232114E-002  0.27947345588486477       0.63188195721765550        1.2870569505787788        1.9753920998343497        2.5873378526482864        3.1525618179533312        3.4624909586535972        3.8937016654734937        4.1475923636472718        4.2631092240128270        4.5451984637365088        4.5283891819130799        9.4542748214466001E-004   1.1231323257627217E-003   8.8019669674403831E-004   1.3982672214830521E-003   8.7527587026101073E-004   1.9817990284098927E-003   1.0776897142023411E-003   1.0813710820622904E-003   1.3017794274958682E-003   1.7013177405030867E-003   1.5887286674204622E-003   1.0238422777955082E-003   1.7245362677690611E-003   1.4110164448347614E-003   1.4843471109629153E-003   2.8581315490773169E-003   1.5457848585744460E-003   2.3419414394119271E-003   2.8689826047263115E-003   2.2828741684251209E-003   3.1475853408750049E-003   2.1705795631659004E-003   2.4548427472166055E-003   2.8819209713937528E-003   4.3676406672181365E-003   3.7644099947505092E-003   3.6448777776519428E-003   6.3791972049692669E-003   3.6459723165312174E-003   4.4998683571634956E-003   4.6301125626539144E-003   6.5281359426287823E-003   9.8770232845625423E-003   9.5114837299474717E-003   1.7393734188272527E-002   1.0880758092714540E-002   1.9791793201636390E-002   2.4402592597846100E-002   4.7638412862286351E-002   5.6996712952866783E-002  0.10609960556038615       0.14756296638736174       0.17838197976187409       0.20735633882372834       0.11933049111882547       0.14603578527371328        6.6229966721126438E-002   4.6668430894598566E-002  0.11296227017247788        1.0644719200858486E-002  0.19245051315298739     
          59  -1.1416612035789829E-003  -4.7534744508169691E-004   2.2029051437363035E-003  -1.5542974974616418E-003   4.2329530599324243E-004   1.6067760304054818E-003  -1.0519988983938508E-003   2.7963808171894560E-004   1.6902686467424517E-003   8.0822836392153367E-004  -2.4850213937889941E-003   3.0868260025414263E-004  -4.3194919927892045E-004   1.3464388412976239E-003  -2.5566450430019233E-004   2.4162748784031128E-003   2.7674511726604486E-003  -3.0138060114125279E-004  -2.2173031667364128E-003  -1.3833221587254126E-003  -7.3864670335423545E-004  -4.3965800085732251E-004   3.6293401485134819E-003  -6.5292723794672979E-004   5.2173159766735550E-005  -2.3586493569596862E-003  -6.1627684882502492E-003  -4.0925344228770255E-004  -7.0112075752334132E-003   8.3958055924762149E-003  -4.2433492890342492E-003   1.8580866398101678E-003  -9.3906733603525677E-003   1.0945254757432724E-002  -4.4375644131095055E-003  -1.3891263613168546E-002  -3.9153937363014977E-003   3.8653401176342403E-002   8.8962630690868572E-002  0.27808264150026762       0.63253411796461212        1.2782651858814045        1.9792587635554462        2.5785955135918170        3.1502266593998587        3.4661693577293122        3.8983921832809112        4.1548568139730504        4.2591643198686482        4.5466136338223100        4.5304855591552275        7.6230294829473730E-004   1.3363874234575432E-003   1.5070360619656559E-003   1.1886271338125483E-003   1.5594904580347319E-003   1.6098313852266123E-003   1.2395471200840815E-003   1.5053599178165120E-003   1.1003739756543225E-003   1.7616632725615505E-003   1.1158686325858571E-003   1.5762966958761213E-003   1.4693373657678319E-003   9.3280974999911223E-004   1.7026595459805503E-003   1.5527849744559215E-003   1.8242736963087773E-003   2.3299587660898023E-003   1.7212247167117847E-003   1.9571016517683252E-003   2.8406314567617700E-003   1.5070245722456632E-003   2.7883368727573835E-003   2.6282666407988968E-003   4.7943082046381282E-003   3.7261702226261120E-003   3.5598717270395076E-003   3.5274586968477403E-003   4.4317541472370155E-003   5.3886841156589385E-003   6.0701212465213948E-003   6.4881670175333042E-003   9.4598561057145578E-003   9.2995194575531456E-003   2.2075555710564618E-002   1.2184414392851227E-002   1.8551319225740413E-002   2.7613638227304373E-002   4.7314302239758042E-002   5.5381734894985400E-002  0.10613432874760069       0.14983083540612074       0.17531355972617188       0.21078837137012066       0.11844366408329159       0.14829482905202968        7.0376837330943062E-002   4.5613296782514544E-002  0.11690211434348047        7.5416004202627949E-003  0.19189913103442244     
          60   1.0397624067290459E-004  -7.4361082313934940E-005   2.2016369832442628E-003  -9.0759945825398202E-005   1.1232329382443230E-003   1.6136753382920633E-004   1.3606947773740733E-004   6.2388259617830581E-004   8.0454336996304253E-004   9.1446770197581805E-004  -1.1302319707260677E-003   1.1887741327512040E-003  -1.0182112321331172E-003   3.2482741708622404E-004  -2.6594169868393311E-003  -2.0680028433903196E-003   2.3616800736647155E-003  -2.3647026875450038E-003  -2.6223398808855047E-003  -2.9472868529637321E-003  -3.3643300000294491E-003   4.3811336057863847E-004   4.5682257275095417E-003  -3.1740477622467594E-003   4.2688953335791036E-003  -3.0152634632863373E-004  -7.4289521244180227E-003  -4.2352123902833468E-003  -2.8690535792778010E-003   4.0686135202698545E-003  -1.5341121347076882E-003   6.3451101943099884E-004  -5.1536683472893528E-003   1.3703497295691562E-002  -1.2887399659139462E-003  -1.3577494026878599E-002  -4.2419397218248665E-003   4.7503331596581898E-002   7.9496280689679968E-002  0.28003144678543596       0.62639291458865931        1.2724827183713396        1.9685922639724740        2.5705485400859969        3.1437240796305121        3.4637124959690380        3.8903959683224389        4.1565957343879845        4.2499968020994725        4.5465940073835478        4.5273561187674236        8.4701471786680961E-004   1.1643385409179469E-003   9.0460524290728159E-004   1.3852263037342205E-003   1.1032775286558059E-003   8.7909530722813658E-004   1.4482192961194785E-003   1.3916278511457122E-003   2.0821842879361900E-003   1.4338512295193455E-003   1.5407713272859620E-003   1.7283114501083663E-003   1.9057697973544668E-003   1.6144485133168286E-003   1.4262260925506952E-003   1.6727202827057663E-003   1.4947916594622733E-003   3.1002725788629852E-003   1.7350160693110346E-003   2.4811344112428825E-003   2.0290469533326065E-003   2.9187555405055261E-003   2.5405684326708917E-003   4.2105450180268279E-003   3.7267833881435911E-003   3.7023107215293600E-003   3.0320921614884729E-003   4.4889757962105229E-003   5.2073454922693160E-003   6.3199573349858344E-003   5.7370136320513453E-003   6.3127672819495943E-003   7.9917470518256657E-003   8.4999445452539502E-003   1.8453079657549942E-002   1.2802664242564757E-002   1.6866945443882821E-002   2.5661663087654798E-002   4.5965421454306030E-002   5.4570851116538782E-002  0.10858967577449605       0.15276759183529670       0.18047282590351868       0.20897774540652919       0.11937756130452253       0.14866993951517782        6.8864309852542702E-002   4.7010378588722548E-002  0.11959345933194181        8.7241285458572477E-003  0.19133347772459411     
          61  -5.9707833537260948E-004   1.5452881477328545E-003   2.9145087338835720E-004  -1.1681289356238998E-003  -1.2417790546912812E-003   9.0252352101465863E-004  -7.8789191936075103E-004  -1.9705075083214477E-003  -7.2250792637153921E-004  -3.3576169829080589E-004  -2.1981490777185169E-003  -5.6691546078122034E-004  -1.2476921773937467E-003  -1.6578687843711378E-003  -2.2150296447585216E-003   1.1743928399538099E-003  -1.9771409270471073E-004  -8.9090383506121339E-004  -2.0872902113490176E-003   5.9839907668794462E-004  -2.6143102324969981E-003   8.3053975845659759E-004   1.5646742034246832E-003  -4.7172164382539602E-004   1.9543211282959955E-003  -8.1307529037628933E-004  -2.0788128314715021E-004  -1.0162525682379687E-003   2.0609455825097028E-004   5.7990116469524957E-003  -2.3581423171317934E-004   3.6799646898097497E-003   2.6194613504423982E-003   1.2186304471673548E-002  -7.3152368387344718E-003  -4.9833980429599403E-003  -7.3335612880741658E-003   4.4350883402589532E-002   7.7043837867567827E-002  0.28429995872044017       0.62239101313513834        1.2719108575198306        1.9643436307995943        2.5557996962637604        3.1504205683644497        3.4629183919120816        3.8914407520865151        4.1543613087410476        4.2471104098371439        4.5411926163787495        4.5300452844023962        1.0324153206539390E-003   8.9711471194772665E-004   1.3553590682366975E-003   1.2800434704753243E-003   1.1618153350159142E-003   1.0850985516913331E-003   1.4188494315339711E-003   1.4469498441583828E-003   1.0404359493338458E-003   1.8476691399725367E-003   1.2696543127403109E-003   1.2526640241880081E-003   1.6772203343630580E-003   1.5969650788898219E-003   2.2192245995579403E-003   1.6084520660250969E-003   1.7002586941482494E-003   3.0937432322726706E-003   1.9978421872003521E-003   3.1263429170936699E-003   2.4935852047309444E-003   4.0791802639762063E-003   3.6045086374447079E-003   2.6543428641332047E-003   3.6470853165326742E-003   2.9747450925623315E-003   4.3770941066522094E-003   4.3881530015266396E-003   5.0556190578910686E-003   6.6824036933743301E-003   4.2782094946105190E-003   7.1140350698633515E-003   8.1266144706237994E-003   9.7420677290295157E-003   2.0560914867212385E-002   1.1374790100506878E-002   1.6252967564046421E-002   2.6589929492661656E-002   4.3281108340615104E-002   5.7930501029713928E-002  0.11387522700139019       0.15366361864092379       0.17896159294925473       0.21401015728008074       0.11912434055551691       0.15006780019835322        7.0153752609803638E-002   4.4120358379772753E-002  0.12284088318930401        6.9659301446782238E-003  0.19007240098211048     
          62   9.7025116598401580E-004  -1.6621852187053503E-006   4.6980713105418517E-004  -8.3816866505367294E-005   1.2523676642062244E-003  -4.1305419200191740E-004   2.2518035189479850E-003   1.3161328640388279E-003   4.8166474583727520E-005   2.0602856438337131E-003  -7.6919978016564718E-004  -2.6623677262733684E-003   1.8253364507428963E-004  -1.8017434198202653E-004  -2.7377316194250457E-003   1.8283816327665564E-003   1.6466625594118377E-003   7.8824566896077610E-005   1.2738694310719680E-003   2.8946970751082677E-004  -1.4063886638321645E-003   9.4532440871287354E-004   2.6399205559130001E-004   1.7985689806616111E-003  -2.6539770717079409E-003   1.8170314845720667E-003  -2.7918757090860907E-003   3.1018350975229683E-003   4.4571201740994703E-003   1.0024913293564450E-002  -3.4711557226439118E-003   7.4301061535655584E-003   2.9703920934843900E-003   8.8494718208386499E-003  -9.5041183836832178E-003  -1.1740628885498375E-002  -8.3699014791855080E-003   4.3900615403292507E-002   6.7596602333441336E-002  0.27347664658180543       0.62493033127241671        1.2658072431402112        1.9604005818119670        2.5552914231244732        3.1447488249695765        3.4638219745403611        3.8980089949204726        4.1563107148486473        4.2481427472290099        4.5422301376950420        4.5280800550176856        1.1717498486924032E-003   1.1051554811192894E-003   6.6848060828474326E-004   1.2638121190271287E-003   1.1902317469098061E-003   9.7779331924140655E-004   1.5089912471347954E-003   1.7972578584997487E-003   1.5399421630227740E-003   1.3401817173680183E-003   1.6261579516365797E-003   1.1936797415942357E-003   1.4551625631603533E-003   1.6407128286366403E-003   1.7907525215360373E-003   1.6904274442428348E-003   1.8345010491475318E-003   1.7199219383380049E-003   2.5394035578465007E-003   2.4424559010085994E-003   2.3153441246453899E-003   2.3566586537718910E-003   3.5361082608724344E-003   4.2127909894554890E-003   3.8715224580899389E-003   2.8515014316781513E-003   3.3777824928774023E-003   3.9126408651579871E-003   3.7586521964880358E-003   5.4885418479317842E-003   4.0462798370303633E-003   6.7499721298512226E-003   9.6090162511362487E-003   9.2565037865408786E-003   1.7849921003222566E-002   1.1713758714814225E-002   1.6781183326903280E-002   2.5972156501780627E-002   4.2296718921190427E-002   5.9524978164577330E-002  0.11526081107369550       0.15492027660976071       0.18406038361485863       0.21747712906181202       0.11881300990483538       0.15156078817712398        7.2320607597936806E-002   4.5757364003226657E-002  0.12733274468889111        7.6182348880506770E-003  0.19158659561433172     
          63   4.2582030180262790E-004  -1.9173779270822400E-004  -2.5212426195663341E-004  -1.2314090244395026E-004  -7.2557954614090373E-004   4.7634937349015465E-004  -1.5812713772131956E-005   2.4254885038232517E-004   1.0980969014923437E-003   5.0784041505754971E-004  -2.5545948015445311E-003  -1.0953680693049533E-003   2.9839639886663953E-003   1.2869953509060568E-003   1.3183630489724642E-004  -2.1005226281170680E-003   3.9439945425479997E-003  -2.4025112647787483E-004   2.8348325608678644E-004  -1.2821485554573423E-003   2.3434462391760992E-004   4.7527585499063292E-004   6.9082374189563718E-004   2.7148061727216648E-003  -3.6895639679224244E-004  -4.2543187297499404E-004   3.2754204433585806E-003   1.4886161383453811E-003   5.0987290989373373E-003   5.6996374596761570E-003  -5.1949846961158392E-003  -3.9341837681798218E-003  -4.4526486303953893E-004   9.7775713159775849E-003  -6.8438125709021748E-003  -9.4834707689467109E-003  -4.7996625815068519E-003   5.3301250292677481E-002   6.5712862790534399E-002  0.27515505621157854       0.62508757896437395        1.2503467649505327        1.9520931072790473        2.5445849244137695        3.1465423266770838        3.4631556569800535        3.8867431301913391        4.1555831396667280        4.2483955812570962        4.5476321410907108        4.5276713695478161        9.2125266501505594E-004   1.2547990157598748E-003   1.0739675229141522E-003   1.0957227144030369E-003   8.3530650321738992E-004   1.2726418857856565E-003   1.5633501793847670E-003   1.3948995908475554E-003   1.0857819734560173E-003   1.4180135486977108E-003   1.3027037216869631E-003   1.9072175767256563E-003   1.8167405883454195E-003   1.7187595527764074E-003   1.6901239831471492E-003   1.7026959608065217E-003   1.6141322495010163E-003   1.3688203681715713E-003   2.1612536711939881E-003   1.7815249015385153E-003   2.6221771532231528E-003   2.7341106988800937E-003   4.3833340767471113E-003   2.3253645554607368E-003   3.0053910092008125E-003   5.2835586985857472E-003   4.0656878354734197E-003   4.4058679671047556E-003   3.9922853326223792E-003   7.1145985057556350E-003   5.3086774344152030E-003   6.1173972254117163E-003   1.1090889378119360E-002   8.3641124664411565E-003   2.0415234780252253E-002   1.0199406840692551E-002   1.7120942298378333E-002   2.6759077778819307E-002   4.6868503255153973E-002   6.2323718611851493E-002  0.11350058679927819       0.15486185400449828       0.17894742313146911       0.21598409593033449       0.11972423715258598       0.15156665646958367        7.4112303019898657E-002   4.6011868922407294E-002  0.12716530138566784        9.6029907270765175E-003  0.18812534503331105     
          64  -7.4526556532411624E-004   4.8131153252772504E-004   1.0465427119126249E-003  -5.7670591625425926E-004  -3.5765072624583674E-004   1.6684136814367309E-003  -1.4528185567747643E-003   5.8559072340624548E-004  -8.2769488497107043E-005  -4.9015107837446900E-004  -1.2818775807414134E-003   1.5956505056322126E-003   1.7499308174080059E-003   1.0504455255137912E-003  -1.2756338066763683E-003  -1.8793562602223417E-003   2.7363124935391495E-003  -3.3844135503705119E-003   6.7124467949090905E-004   1.6866292616937238E-003   5.3135573333402989E-003  -2.7857956146983215E-003   7.0463037937529239E-004  -1.1174871809642251E-003  -3.4379966815090046E-003  -6.8553582478601228E-003   2.3294828401036307E-003  -2.3642500833623440E-003   4.0104546157196516E-003   3.3230412922492900E-004  -8.0723916002346970E-003  -1.2707911842367919E-002  -2.0860663486016811E-003   9.9139929653285497E-003  -1.2375275605674771E-002  -8.3272037729858822E-004  -9.4970789711945509E-003   5.5645643255692642E-002   6.6760584752193361E-002  0.26889741791530425       0.63073897747585550        1.2493889035919790        1.9551400925078892        2.5450960442012565        3.1446218218424371        3.4650489724905471        3.8850516335736880        4.1591469552242124        4.2434543264666322        4.5437050044802971        4.5418535418507329        9.4725531559288660E-004   1.0757778835870926E-003   1.0771702172642716E-003   9.2769783491334712E-004   9.6479553036201142E-004   1.1943087541554183E-003   1.0020292849797741E-003   1.1416894332178249E-003   1.2037968749679148E-003   1.9497324077308346E-003   1.6474468180500213E-003   1.5242816028568145E-003   1.4690240681054379E-003   1.8615294391939540E-003   2.9830875885493214E-003   1.4552412513857112E-003   2.2802539865140860E-003   2.1627519778676424E-003   2.8918347384445813E-003   2.2653714498245205E-003   2.3983999987569719E-003   2.5267332071886748E-003   2.1092569995419586E-003   2.7848752690029944E-003   3.1999505429234415E-003   3.2161387331350920E-003   3.4040024288402972E-003   4.0997876117603929E-003   4.5092199721588353E-003   5.0869004493440716E-003   6.6687114954963080E-003   6.4461130038792362E-003   9.9660927831332780E-003   7.8799452574925179E-003   2.0501886126356703E-002   1.0363807879435522E-002   1.8486716286044310E-002   2.5519849310395221E-002   4.5319570353667418E-002   6.4002890243068669E-002  0.10841210413757056       0.15637949014548005       0.18564709082949207       0.21893920961714103       0.11878487158006022       0.15328379863504990        7.8798568229207513E-002   4.1954801038373173E-002  0.12977237951987305        5.5227140892441292E-003  0.18521249539112233     
          65   1.1101754660703747E-003  -2.7550515172914194E-004  -9.9958632785910923E-004   1.9526127212416428E-004  -9.5332011181383793E-004   7.6582408969247634E-004   7.0361325391380737E-004  -8.0587208783526371E-004  -9.5862504898502616E-004   4.6456477467720904E-004  -2.7625972860650864E-003   2.0589934470204756E-003   2.3811242502289327E-003   7.6242772092785245E-004  -1.5017332731270018E-003  -3.0354440734514658E-003   2.2488177310497699E-003  -1.7569353888751871E-003   5.5130781467700198E-004   1.2986276118197155E-004   2.3335086211811757E-003   1.9545534976419285E-003   3.5352066345916908E-004  -2.0302016901992833E-003  -3.6870968056862677E-003  -4.2926486214082907E-003   3.5672594108198470E-003  -2.3450313833327258E-003   4.7073526218289977E-003   4.5265705906056273E-004  -9.5227331349232273E-003  -8.2700707430681756E-003   3.5594402036226128E-003   9.0205544798058358E-003  -6.6236381486065371E-003   3.4661485836534321E-003  -1.2921824986881320E-002   5.4975892828734704E-002   6.1933489251226610E-002  0.27175717626798640       0.63001201901716297        1.2472390638518314        1.9529443963267097        2.5471019342382122        3.1398166928140054        3.4578914017983746        3.8861202122434624        4.1577816935169487        4.2348255239186754        4.5452123452101478        4.5365408945768930        7.1426202259896091E-004   9.8767690094373720E-004   1.0500422951364094E-003   9.6216279749673274E-004   1.4231354392804547E-003   1.2590147205144089E-003   1.1258786043212032E-003   1.5057631713379436E-003   1.6482920806638228E-003   1.2723881078714856E-003   1.1007674820293671E-003   1.3884859157465405E-003   1.5738801214442426E-003   1.0847314222837757E-003   1.5443637297341876E-003   1.6188512328711236E-003   2.8518449429626009E-003   2.5286514333111719E-003   2.1896742053154014E-003   2.3146032539488486E-003   2.1212926284825896E-003   2.1348855626656801E-003   3.2195716166190575E-003   3.1680941011869852E-003   3.3392959325026497E-003   3.7976878913005257E-003   3.1021841214875783E-003   4.5493281362994466E-003   2.2532386762072511E-003   5.7789408393543401E-003   4.0965882809931384E-003   6.7228717421438568E-003   6.0793516694650765E-003   9.1353974293256045E-003   1.6323851835903777E-002   1.3052736040194881E-002   1.6796329079286462E-002   2.7208374778649177E-002   4.1934394677740641E-002   6.6996892816192699E-002  0.10100471982873824       0.15814054169467803       0.18533676709841496       0.21573233653931209       0.11902511868021275       0.15274795785674292        7.7133916978741737E-002   4.1766552572160227E-002  0.13327676505414401        7.5053958661856395E-003  0.17773073959846486     
          66  -3.1927972696612890E-004  -2.8988599478069525E-005  -1.1163882942060567E-003  -8.0175955976457939E-004  -1.2314197709254976E-003   9.5115691312258437E-004  -4.9511306934369890E-004  -2.0546424753649039E-003  -3.4994613021146792E-004   3.5115358057327221E-005  -1.3974107214951416E-003   1.4666132746597158E-003   3.1000943560355299E-003  -8.9364223817272259E-004   4.6373488566146543E-004   3.9296049224641239E-004   3.6017709929261562E-004   1.4618818198852666E-003   1.5133917231265734E-003  -3.5919538603670746E-004   1.6125672545347995E-004   1.5700924443357738E-003   2.8075088325165581E-004  -3.3980236218986555E-004  -6.1370147058536061E-003   2.9723010572668264E-003   3.5494948830506508E-004  -2.5913146243184766E-003  -2.2571372967339102E-003  -3.7777176106642408E-003  -7.9550791589665555E-003  -9.2622440553486005E-004  -2.1407052330620889E-003   5.0942965427858648E-003  -4.6920751597387816E-003   7.6508542608371951E-004  -5.7459817218469701E-003   5.1965929761761599E-002   5.8359903117558752E-002  0.27306451396484049       0.62956249291002375        1.2451138068254024        1.9476367147056690        2.5460502540953129        3.1450403485878975        3.4603398611941620        3.8848459769435575        4.1561475106351820        4.2400599476722443        4.5493782752686567        4.5383144424955022        1.0051097686460606E-003   1.1143487183453442E-003   1.0182535551109585E-003   1.2246737420382207E-003   8.2342108591967802E-004   1.3883436588060123E-003   1.2565560567207768E-003   1.2715391720599686E-003   1.4629986145996278E-003   1.6015206244958677E-003   1.1959739768701290E-003   1.3962295652427679E-003   1.8052526151640473E-003   1.2582562355016977E-003   2.6459426620090393E-003   1.9153524275337249E-003   3.2865076618623025E-003   1.7068173737674413E-003   1.7024074683684443E-003   2.2822138494571916E-003   2.4811223364894753E-003   2.8612279927728978E-003   2.4649743776179412E-003   3.4944861165672565E-003   2.7704296167015731E-003   4.5558482729368731E-003   4.1283338189230688E-003   5.7723121801348557E-003   4.0860587921452201E-003   8.3023186174798064E-003   3.8914677161290007E-003   5.6550662395426429E-003   9.7542855592773637E-003   8.6557442812480925E-003   1.5973289238566259E-002   1.8454151895512538E-002   1.5414111627537244E-002   2.6328457763760249E-002   4.1850512095494896E-002   6.6154795520271467E-002   9.9477145104255746E-002  0.15838927414294945       0.18326260738195449       0.22093972233660314       0.11927437383958356       0.15306394243438132        7.7976662085587248E-002   4.1506015493351776E-002  0.13670674841284514        8.0033967005145989E-003  0.17884427928363400     
          67   1.2884172156889702E-003  -1.7613543403986335E-003   9.0182978272911323E-004  -1.3622481780443405E-003   2.1567773308090211E-004   3.4257773806275005E-003  -5.3173682455646845E-004  -1.0219927147053097E-003  -1.1354636912238598E-004   2.9570657443478967E-003  -5.0964432984782284E-004  -3.5777357933936709E-004  -1.9328710580799322E-003   1.8741143636691793E-003   5.5697089246289498E-004  -1.8000290276577774E-003   2.7376762106147101E-005   3.5336151524008709E-003   6.0650121922851063E-004  -1.3941531889500283E-003  -1.2470774809014587E-003   2.3677672989855193E-003  -1.8772586890677995E-003  -2.3499272652602932E-003  -3.5042727678436395E-003   1.6334536136090949E-003  -3.2320794973199839E-004  -3.8494656272530471E-003  -4.7934166958795866E-003  -1.9541419721904076E-003  -9.1086975136310203E-003   1.9845445415516417E-004  -4.5905651359465340E-003   2.1309824547408919E-004  -8.5620776984833193E-003   5.0993011983012371E-003  -1.2607104421976783E-002   5.5874971220492356E-002   6.7869530603668751E-002  0.27576739997323835       0.63136678404405766        1.2388508741728195        1.9469012090089988        2.5457455192766654        3.1448390481640525        3.4598414953926566        3.8855331700635944        4.1581998094489645        4.2338508786512667        4.5465511054513028        4.5426749950722707        8.3753888261458903E-004   1.4929120653665237E-003   1.0150752652759579E-003   9.5535656581318719E-004   9.9970711628928274E-004   9.5059568983318834E-004   1.4741726590459126E-003   1.1869088239412112E-003   1.2216670776319335E-003   1.1474930830228602E-003   1.1971142659900327E-003   1.3708448801374447E-003   1.0977717003138388E-003   1.4319588971825415E-003   1.8793366604736008E-003   1.3534284729270756E-003   1.4127587523037250E-003   1.9009819187173840E-003   2.1055935224750261E-003   2.0840501780201031E-003   2.6367686905786293E-003   2.1204314439266063E-003   3.1257331589773637E-003   3.2180659562976621E-003   3.2002194248904868E-003   3.2239459725786354E-003   5.3226645593280981E-003   3.7731772996747077E-003   4.2520907277408451E-003   5.9849495952553613E-003   4.7753217797139756E-003   7.5021120019157939E-003   1.0715752386410244E-002   6.5157802220819931E-003   1.2564086446630398E-002   1.4587103773453583E-002   1.6781009125812079E-002   2.6119379840157515E-002   4.1818943584405431E-002   6.7287308689507525E-002  0.10556777612082793       0.15721820840970541       0.18645448822893154       0.21887813191508970       0.11926178344763308       0.15406870594647959        8.1143441519928541E-002   4.1360949189838139E-002  0.14017326548232092        5.7382193872826401E-003  0.17533969012432379     
          68   3.2340714431512727E-005   2.2453690985167288E-004   3.9327612009348579E-004  -1.5064317925420412E-003   2.3738076047568669E-003   1.8851103237137346E-003   2.5490849191319429E-004  -9.5369532003580510E-004   4.5194071014903757E-005   2.6370002090829736E-003   1.4038878140914311E-003  -2.1429109694038229E-003  -2.7754235667128454E-003  -3.7846219829444801E-004   4.4178945266746351E-004   2.0997520679095526E-004   1.1796459236494915E-003  -1.4431465365029098E-003   1.6565096549434957E-003  -7.6706430185095100E-005   5.9758961232324261E-004  -2.5254273590523892E-003  -1.8014457911294411E-003  -1.9685778145513196E-003   2.1580780470855933E-004   4.2200960440088309E-003   1.1220922347396141E-003  -5.5083495839230107E-003  -4.9039364054086080E-003  -1.8595669630442615E-003  -5.8085297606492049E-003   4.5427836453930158E-003  -3.1359907043388216E-004   6.3886363127350900E-003  -9.8100769599115591E-003   2.6095588175208922E-003  -1.7778061806508112E-002   6.0197336264815923E-002   6.1612627094683674E-002  0.28384386386417532       0.63429563140271294        1.2364384952602017        1.9433968540395008        2.5544504763234204        3.1526676028793257        3.4593203044280147        3.8881182055662169        4.1635089288920986        4.2333829950170161        4.5436750308475338        4.5490319038766707        7.8988843080131865E-004   1.6412053955924169E-003   8.8388028517736976E-004   1.0900243889264383E-003   9.3011342723371649E-004   1.2128928312457620E-003   1.3338149983177442E-003   2.0147279752060149E-003   1.4344996938482626E-003   1.1458481667136000E-003   1.0355476184780903E-003   1.8835010720417624E-003   1.2565301508527440E-003   1.4623469699359321E-003   1.1534655789988033E-003   2.3535726928794322E-003   1.4243457348717520E-003   2.4674923274670777E-003   2.1477339226905448E-003   2.1552581917943679E-003   2.7781677153779043E-003   2.5251851382659769E-003   2.4592699613652015E-003   2.7357761713718161E-003   4.6992401855956234E-003   3.7897868797453159E-003   3.4067793824681179E-003   5.2706026671405660E-003   5.3038621712036896E-003   7.0565740440498414E-003   5.3874461110788273E-003   8.4833920418735560E-003   1.0119387198777936E-002   5.7463681301655016E-003   1.3157187761216178E-002   1.4450070171105910E-002   1.8044408750937407E-002   2.8284648818332109E-002   3.8601446702835773E-002   6.7230344328208583E-002  0.10664210298023884       0.15761340055468837       0.18263266689846258       0.22051727737522428       0.11853633508052704       0.15439785391102437        8.3839335634337542E-002   4.1151966356507509E-002  0.13857445185805115        6.9697521186419392E-003  0.16798130178482459     
          69   1.2047764417632077E-003  -2.8443332629601799E-004   4.7615144756431830E-004   1.3171758904434179E-003   1.5102887356827257E-003   5.3515619931567503E-004   4.2916488113577681E-004   6.3086439768871407E-004  -1.2855245291731152E-003   7.3676392675545393E-004   7.3402969976312925E-004  -1.3784168184822661E-003  -1.4292022310594509E-003   7.4571858124421533E-004  -2.1747431001793386E-003   1.4088206968136529E-003   3.2952951052941622E-004  -1.1746271323306459E-003   5.8211995117909911E-004   9.9363263622792003E-005  -6.7411387501028857E-004   2.4867725482192924E-003  -8.0714265700973108E-004  -1.9353600976119202E-003   3.4156456570338715E-003   3.4121661903718362E-003   1.7533137523190149E-003  -5.5191910436968089E-003  -3.0019085864542898E-003   1.8026967582062679E-003  -6.1505546500048138E-003   1.7249358741593202E-003   4.5758906788587747E-003  -9.8369322617980351E-004  -5.2022553967815315E-003   3.6488600665303961E-003  -6.1182832517229242E-003   5.5528293341598742E-002   6.3697508193331476E-002  0.28106690164690312       0.62671947222327973        1.2343539190506694        1.9490848154584666        2.5619448123093833        3.1511433648317100        3.4474343554995217        3.8794261360226043        4.1649746165471990        4.2302925295931750        4.5492785325727088        4.5571524243296455        7.2265753694195057E-004   6.6302225347323013E-004   1.1745630495960215E-003   1.2286625060496505E-003   1.2632665330011212E-003   1.2252709675827462E-003   1.0844853333307483E-003   1.2486404255578993E-003   1.3227159970267345E-003   1.2263983156820953E-003   1.7328674010178916E-003   1.3451111163402282E-003   1.3602686577924075E-003   1.5243676521851260E-003   1.9465862901007749E-003   1.4277827815385462E-003   1.9655573451514592E-003   2.7979774901665199E-003   2.1691385411669257E-003   2.7570090135431899E-003   2.5793814909203130E-003   3.4670611776199249E-003   3.2013872561032692E-003   4.3540033948654472E-003   2.9865246975614361E-003   6.1186601820028214E-003   3.6811033230561879E-003   3.6582387739784610E-003   3.5600470287455600E-003   6.4922938367972076E-003   5.1949666716527877E-003   7.1145894763694744E-003   1.1350852947492423E-002   8.1418043483783530E-003   1.3512774708964581E-002   1.2815985678154406E-002   2.0426765616828480E-002   2.9527116631202846E-002   3.9224726235865329E-002   6.6084419321548682E-002  0.10644890429861520       0.15966723795520157       0.18456416278190182       0.22018586878741539       0.11777877463743382       0.15266216936874177        8.1191425041079110E-002   4.0370141962086672E-002  0.14028242813688929        7.0358530445500493E-003  0.16526664979846056     
          70  -8.2525895291395840E-004  -3.0589718001091277E-004  -6.9819491385227116E-004   5.1566674476245279E-004   2.4730572176423022E-004  -4.8061969517357843E-004   2.9981328232188500E-003  -5.7317210865509766E-004  -5.4746936059927318E-004   2.2350450038417552E-003  -4.9775248413883532E-004   2.1272761654571475E-003   1.3959381974941098E-003   1.1840301506166027E-003   4.9244525592244263E-004   1.4970965153209162E-003  -1.0108426520972916E-003   6.2416870968484456E-004   1.4471514215129027E-003   2.0804579585620587E-003   2.7901039404786315E-003   3.5862055976161877E-003   6.0902319944881487E-004  -4.6927173546481571E-003   6.1820868271282746E-003   1.6283841704637245E-004  -3.3634805190662295E-003  -3.3262272579595038E-003  -4.0514081848658130E-003   1.2756469767456189E-003  -7.1076649266942921E-003   8.2014672142087068E-003   1.8713917254158919E-003  -2.8612482286606198E-003  -7.6993315417322955E-003   9.5406793598526059E-003  -1.5711639249081963E-002   4.8789304508782667E-002   5.9031801469692120E-002  0.28473193830000298       0.63724960996449187        1.2299527314936956        1.9537649404356874        2.5617434871109621        3.1495521893243961        3.4527374792491825        3.8804645179220505        4.1582505546398982        4.2313518445664817        4.5494946993256216        4.5569165937885368        1.2924411040954068E-003   8.1765324501431125E-004   7.7959893823575173E-004   2.3449101173391731E-003   1.0954958640373015E-003   1.2100169382000424E-003   9.6084157116971443E-004   2.3667038488613661E-003   1.3914433927732757E-003   1.4102641829853008E-003   1.2828220584708068E-003   1.5620827696524921E-003   2.2573433727430940E-003   1.6330329357453445E-003   1.5265069795095316E-003   2.0675017481053054E-003   2.3244684057898138E-003   2.3243154949577093E-003   2.7608000235970816E-003   2.0311670543530754E-003   2.2549902305468977E-003   2.8203613957840505E-003   2.6870288821845291E-003   3.3843864189169871E-003   3.8404534184328146E-003   4.8921142792914861E-003   3.3755996008855188E-003   4.0868423536206773E-003   4.5176711670983274E-003   6.6066004292940489E-003   5.1306774371996438E-003   6.7011691937723375E-003   5.8035596756320284E-003   8.9067896815567607E-003   9.2653168832271347E-003   1.1136476853886957E-002   2.3762387758615659E-002   2.7353797083969282E-002   3.6161685173820513E-002   6.5038897714911031E-002  0.10432960350772401       0.15701837617206962       0.18276003833409407       0.21683320584953444       0.11625558374180815       0.15454553842199195        8.6914967531972698E-002   4.3457283078200598E-002  0.14248479759268556        5.7572981367344459E-003  0.16000654386823279     
          71  -9.6076595619582590E-004   5.4671527936638335E-004   1.0720241748466226E-003   1.9460649574023378E-005  -7.7688436430236501E-004  -9.5687055909559086E-004  -1.1814596654740684E-003   6.2207432770436735E-004   1.3438219976000902E-003   5.6601600916908785E-005  -2.7979225362524527E-004   1.5009788666114803E-003  -4.1529207092780440E-005   1.4689046030630815E-003   1.0353960959779149E-003   3.0189434845867952E-003  -2.9339915356906597E-003   2.6951289368508740E-003   8.2803302055259385E-004   9.7408738800800387E-004   1.8791878605967818E-003   1.0324743371938089E-003   4.6514967256947184E-004  -2.2420338723977062E-003   7.3223971474445327E-004  -1.2025332471648667E-003   2.1974890800890434E-003   1.2469999692360093E-003  -4.5746431481047765E-003   3.6982527490252506E-003   2.9798191353767690E-006   4.7888716209855825E-003  -3.3425714532371982E-004  -9.8597848761358881E-004  -1.1003339229331588E-002   1.0805726393907478E-002  -1.1884303666976041E-002   4.5387036023401522E-002   5.4963799145866570E-002  0.28937405849732628       0.64336810378134823        1.2243599567457610        1.9579803300502985        2.5689445189635398        3.1503785609234241        3.4513535412416876        3.8755727427537385        4.1602398472170279        4.2282825776007513        4.5466001229571642        4.5702712567927728        9.9325720172061438E-004   8.7216420632990545E-004   1.4581805317172485E-003   1.1005678094781401E-003   1.1032004779602316E-003   1.3368693071155334E-003   1.4789243011347781E-003   1.0812700138069014E-003   1.4024379038909439E-003   1.0442212772800842E-003   1.9044851506502365E-003   1.6681570069655761E-003   1.9771875879026619E-003   1.8000257080815455E-003   1.8534992989702067E-003   1.7716116157549787E-003   1.4756102025554765E-003   1.5698467675437390E-003   3.0697399426510750E-003   1.9126750138242312E-003   3.4153371361528473E-003   2.7061219827147626E-003   2.3994024258317359E-003   2.8536261937050938E-003   3.7984289603932085E-003   3.5551953338340300E-003   2.8136337265679510E-003   4.1605548322942425E-003   5.0086449873644797E-003   4.3775092780886987E-003   5.5236851114205121E-003   6.9821216495204340E-003   7.3756329037833988E-003   7.4458793859938990E-003   8.9994601424483837E-003   1.1651509543356175E-002   2.1763221536746827E-002   2.6305349517073685E-002   3.5473000121209991E-002   6.5961123163790714E-002  0.10181015236564631       0.15626531416323863       0.18556710710907726       0.21566115145144904       0.11686713398044435       0.15471946704501227        8.7034413439054159E-002   4.1270433707967923E-002  0.14336633985758090        5.8203239396594419E-003  0.15037194244224542     
          72   8.7335678056428957E-004   3.6823606023326410E-004  -2.0596201363319152E-003   5.7914712013758067E-004   1.2107977473366921E-003  -1.1133462397226286E-004   1.4504701748826519E-003  -6.1054956805978308E-004  -2.5538850613614141E-004  -4.7825857763686782E-004   4.7596300213805545E-004   1.9053232237280381E-004   2.1341327377119251E-004   2.9185765019242656E-004   2.4806506870401084E-003   2.5925087418677143E-003  -1.6571941979693749E-003   1.5056082489622968E-003   5.0372014242045708E-004   2.3977554177100555E-003  -1.0998603230405874E-003   1.4679877150584910E-003   1.8109331631848112E-003  -5.3264535713088619E-005   2.7784107053539456E-003   5.7674874986681389E-003   5.7335325288603370E-004   1.1229379405695135E-004  -2.9920761915317642E-003  -2.4460239216086235E-003  -3.1765019780387862E-003   4.9461329632070070E-004  -2.2373535541330963E-003   7.1114592218689899E-003  -8.3955268807439712E-003   7.2827080752256336E-003  -1.1527287405462581E-002   3.8351575761492888E-002   6.3496947117478289E-002  0.30690231099572896       0.64499118270591616        1.2297322852315544        1.9504564144634362        2.5708956255707469        3.1601327028330961        3.4561900921411759        3.8753660269320411        4.1639868515676381        4.2356114798239162        4.5481499020524430        4.5716047473313086        1.0197809337666990E-003   1.2265663740755393E-003   1.1666207558807655E-003   8.6637518285889801E-004   8.3121939523453749E-004   1.1022076376161134E-003   1.2625055906215479E-003   1.3462619510198526E-003   1.4692746403200372E-003   1.0929931642172552E-003   2.0816721023397115E-003   1.5485453608103379E-003   1.7149233468567936E-003   1.0829036629349676E-003   1.6782587288318184E-003   1.5510771492080280E-003   2.1314714686652236E-003   2.6740823239045797E-003   2.0025060045863220E-003   2.0745985722954857E-003   2.8065327496884051E-003   2.1729662944909105E-003   3.0100949813640253E-003   3.5223188299616458E-003   3.1376840708454042E-003   2.5676136515162093E-003   5.4469942760970022E-003   3.7326596038971078E-003   6.6741208351486806E-003   6.9968378200409697E-003   8.6795482525790953E-003   5.1742818180442489E-003   5.6001687845574138E-003   8.3158656523028129E-003   1.0180261975946805E-002   1.2638277631535600E-002   2.0052650100279023E-002   2.7589173882309886E-002   3.5821914622026906E-002   6.3369720742792388E-002  0.10046534338368281       0.15650270132447580       0.18516470519346298       0.21360383858160831       0.11648024733148381       0.15227352727667712        8.6072260193378824E-002   3.9893832353346668E-002  0.14554919859116683        4.9228551873981554E-003  0.14850993930350762     
          73   6.2631315616498316E-004   1.0593224455152464E-003  -1.5770054277480217E-003   1.5058726149110311E-003  -3.8882567472423962E-004   1.2853625125069595E-004   1.0182836501268330E-003  -1.6543368087376807E-003   1.7102356771104238E-003  -2.4577583708465028E-003   1.1528188419240560E-003   5.2327950846492846E-005  -2.1310175162834745E-003   4.0162283733055041E-004  -1.3802648353835730E-004   2.1479232354781139E-003  -6.5864689573015393E-004  -7.6648199188200530E-004  -8.5827839109911162E-004   6.9950976298515698E-003   1.3233460478691706E-003  -1.0867260891533133E-003  -1.2020764429395707E-003   2.0417770264321219E-003  -1.7040911530849115E-003   3.9179579108647557E-003   1.6851106313859111E-003   1.6799702997854474E-003   1.3245483760656229E-003  -7.8462086536649159E-003   9.3688952560259020E-004   3.2748732155009471E-003  -1.7615559444560279E-003   1.1020495307993176E-002  -1.2485923370558168E-003   4.8600817529597558E-003  -1.7416489830855610E-002   4.2618776968162055E-002   6.6843507433510627E-002  0.32045370000409651       0.64441661246361492        1.2312156468604247        1.9610620948761717        2.5666840802099489        3.1581270850829797        3.4567014655436519        3.8814087052708564        4.1602644955433652        4.2312724045541268        4.5500814854956237        4.5803981123880959        1.2778598675845876E-003   7.7195682370510799E-004   1.0752808821865179E-003   1.0700106336464824E-003   9.6745663875325754E-004   1.0776756584386857E-003   1.1610280680288830E-003   1.5593095724367153E-003   1.2887322366020922E-003   1.1340261796927167E-003   1.0059798696187151E-003   2.2713057184195586E-003   1.9139151927110927E-003   2.2796328051488774E-003   1.5008860254706112E-003   2.1743058055753036E-003   1.5290647065629563E-003   1.0904535089601580E-003   2.0569316081806015E-003   2.2852096254734316E-003   3.0356412057225036E-003   2.4767557242551569E-003   2.8661474288960462E-003   3.3566138732555439E-003   3.7555921674163077E-003   3.0740880305755824E-003   3.1951343225207944E-003   4.0700775486504784E-003   4.9564385072288827E-003   6.1400023399217889E-003   7.0541616245165988E-003   6.0125429793500282E-003   6.3649190773131907E-003   9.7920792257367318E-003   1.1209441678106894E-002   1.3680835461672031E-002   1.8638868151540217E-002   2.5943997657276289E-002   3.8379037746106487E-002   6.3107129534606191E-002   9.8459565117511014E-002  0.15369986957395537       0.18731860215343193       0.20890869869257461       0.11552245883051308       0.15219164452642936        8.4187429577567349E-002   4.3626058200789027E-002  0.14765299922153452        4.6760536076441645E-003  0.13900961536376369     
          74  -9.0690681766193249E-004   8.7448870353513020E-004  -2.7772265443867733E-003  -3.2762612344715541E-004   5.8541016515617321E-004  -5.7590625671080581E-005   6.3316697907708731E-004   2.3713816162123258E-004   2.2933636068955426E-003  -1.9127558628391041E-003   1.8366634063228085E-004   1.0365046885053544E-003  -2.4367780920306042E-003   3.5276850741170369E-004   2.6553565348153129E-003  -6.5609639584871245E-005  -2.7394271157519670E-003  -5.4655103327933626E-004  -2.2077095666828066E-004   4.3569330810716749E-003   3.4229264468054865E-003   1.9677761014877618E-003   3.1751365973262231E-003   2.2092528381257620E-003  -3.4361952626459020E-003   6.2458315110223853E-003   8.1057046073572251E-004  -2.7647703463688201E-003   2.3103717557112630E-003  -4.4046757784349348E-003  -1.7120834793775167E-003   3.8787114677929030E-004  -5.6682412703570996E-003   1.5338940991876509E-002   6.1965295799474816E-003   1.1210320744412732E-002  -1.5711888283951800E-002   4.0404045117287055E-002   6.5202140989802676E-002  0.33122761452350097       0.65453163985169216        1.2360463945044280        1.9653332405049837        2.5831673975626464        3.1542420960405471        3.4581328464740269        3.8751751479378171        4.1617911360753279        4.2238310678964188        4.5505840221576888        4.5895810395782330        1.0157266661254391E-003   8.1040661131074080E-004   1.1245865684063614E-003   1.3881322057783308E-003   1.2758836650390436E-003   1.7610402148800003E-003   1.2340211071191138E-003   1.4598536757334743E-003   1.3024137919434246E-003   1.7319583664132676E-003   1.9023241857889983E-003   1.5333461740543910E-003   2.7964223154585202E-003   1.8050333090826925E-003   2.4658996627626821E-003   1.5597694535889014E-003   1.5716128483305139E-003   2.7966236823829065E-003   1.9347223924675552E-003   2.5490414138823921E-003   3.8156643484842470E-003   3.1668274193190397E-003   2.3781804277608906E-003   2.3458684350625416E-003   3.3142054936455608E-003   3.1377484482020021E-003   4.0551970014167929E-003   4.4954438338556790E-003   4.6226524092712338E-003   4.6139918697495263E-003   6.6198107956517462E-003   5.6358562909505109E-003   9.3165504171627885E-003   7.9688688030445688E-003   1.1078079144719697E-002   1.3857177115207864E-002   1.9318276745082717E-002   2.6115729914800493E-002   3.7071430672661061E-002   6.6756636626114668E-002  0.10104736462716567       0.15422844950507439       0.18747357301481407       0.20634858688531316       0.11581582802323259       0.15197799100687776        8.7279377183508783E-002   4.3802464536656066E-002  0.14758969106354689        5.2205657952571916E-003  0.12924413434565213     
          75   6.3137375357283235E-004   4.7300918227706278E-004  -3.7252016269072422E-004  -9.0369597751248398E-004  -1.2671581683049043E-003  -7.8573203957978273E-004   1.1605588802305977E-003   1.1464765983815507E-003   1.1155690746231556E-003   7.2630479737173374E-004  -8.3959938605727427E-004  -1.3469980879740743E-005   1.2505773073291644E-003  -8.8481075202466821E-004   3.3770254376994358E-003   1.2548281828396121E-003   8.7737585232309330E-004   1.5071959212834750E-004  -1.3161659969691706E-003   1.3809799092818866E-003   4.1736703390857256E-003   1.2815364329647389E-003   1.7457088257536167E-004  -4.0909554803588967E-004  -5.1844981693178081E-003   4.2612748837410922E-003  -1.2585708879019892E-003   9.7656208250120405E-004   1.5795857653387250E-003   1.1730488121764465E-005  -3.7929711233541928E-003  -3.7526227709565349E-003  -1.6183855885440550E-003   8.7154787750115380E-003   7.1080546421162343E-003   3.7452742224690777E-003  -1.7015244620670309E-002   3.7506202140144780E-002   6.2170860133294072E-002  0.34003993519391656       0.66511162316100747        1.2367088938411748        1.9698095174433385        2.5849290038831034        3.1654917253077941        3.4615646938942248        3.8756988214366883        4.1604458771404653        4.2255658574757993        4.5446289731675815        4.5951797535630758        7.5733343144631596E-004   1.1749518738938803E-003   1.1119548520320583E-003   9.0959905809561532E-004   1.1914056626351039E-003   1.0796039381771999E-003   1.4674979073301818E-003   1.9736620126823319E-003   8.9240030208132177E-004   1.2425139969476056E-003   1.2636836502469737E-003   1.8618452758306933E-003   1.3812941119146962E-003   1.8432748960736430E-003   2.9386851102851338E-003   2.0576695975012349E-003   1.7244314104145387E-003   2.6400059577447953E-003   2.0899232311322718E-003   2.0937743901664747E-003   2.9419136175126565E-003   2.0183005938170292E-003   2.4801582812807492E-003   2.6516768904104393E-003   4.4694629044427876E-003   2.9087998048954737E-003   4.1963604123709834E-003   4.2343407269245957E-003   4.7976778778019945E-003   7.6257637248604345E-003   9.1500706113008048E-003   4.7649164831977354E-003   7.7690617078057479E-003   7.5744204604250871E-003   1.2633502315065498E-002   1.5111895120906734E-002   1.8084609203471068E-002   2.5879084894014373E-002   3.7223349282585673E-002   6.5591187785065008E-002   9.6122446518392177E-002  0.15314340655168349       0.18957908452437042       0.20402449684634713       0.11646708534247038       0.14981807155253504        8.5320413729393405E-002   4.1543518880373172E-002  0.14583689354650453        7.5775866426795796E-003  0.12461521425367340     
          76   6.9498487828155658E-004   3.7117754443762756E-004  -1.8584842727863837E-004   2.5795543741964034E-003   5.0998382368877971E-004   9.9010882846765100E-004  -1.5009195885599535E-003   3.3575682897648326E-004   2.1910147601010019E-003  -1.5269192217088764E-003  -6.0462122653392200E-004  -9.5588565161005282E-005   1.4812251462230099E-003  -8.6897942239131905E-004  -6.6055979536105123E-004   1.7604174418050685E-003   1.4740750636997070E-003   7.0532986562156280E-004   3.7762548534838586E-004   1.5088335895007312E-003   3.1850100385336891E-003  -1.2850312942785404E-003   3.4306505672892494E-003  -1.6335572784621818E-003  -1.3199396902707024E-003   6.2963185221074280E-004  -2.2991870934171588E-003  -2.4229921884413533E-003  -2.2295862409539417E-003   2.8844411334776540E-003   9.5714727260640434E-004  -4.5477116785292045E-003  -4.9806768654190653E-003   5.7726668399513395E-003  -3.8024494186941342E-004   7.6603294585381012E-003  -1.5361433441316697E-002   3.4330080819251312E-002   7.2466744104924014E-002  0.34685978944008383       0.66275008364716481        1.2387472371713149        1.9662580529790961        2.5886620566420393        3.1651039839795843        3.4686588523680344        3.8806420573713640        4.1608801214067936        4.2238305875320483        4.5462230105475507        4.5976026077299270        6.7844144577214468E-004   9.8205156492956955E-004   9.8571213609988757E-004   9.8931086264192943E-004   9.7339554404137028E-004   1.1634502201571760E-003   1.1711587965347655E-003   1.5924179286072977E-003   1.4991642776446424E-003   1.1512823869741391E-003   1.5382276459781562E-003   1.1250360108428965E-003   1.5956764914424498E-003   2.2497788434536069E-003   2.6500732274412062E-003   2.3501684786610554E-003   1.4548464732964802E-003   2.1627211602996015E-003   2.4749555285860630E-003   3.1306623978004399E-003   2.9495733558513944E-003   3.0651615754743225E-003   2.3884920773366842E-003   2.6423155086341219E-003   4.7217726857772899E-003   4.1707648962222557E-003   3.7271112092962296E-003   4.0286636619718931E-003   3.1125083170884839E-003   4.8054106784782792E-003   7.4052395517887814E-003   4.4352258740510773E-003   7.2936676489895359E-003   9.5921229716353050E-003   9.9863245906393339E-003   1.6324894743436170E-002   1.6844991130590400E-002   2.5909553921416056E-002   3.8365122108874911E-002   6.4977001810262294E-002   9.1098718326855899E-002  0.15149248910853147       0.19064742497896525       0.19835997937103503       0.11571827307727918       0.14967083169021309        8.2498200329484739E-002   4.6998045265374863E-002  0.14485088635241483        4.8842096858016269E-003  0.11950434834817425     
          77   4.9293950082156463E-004  -9.4252672777516753E-005   9.7520006948805568E-004  -4.7860862061055365E-005  -6.7130918710826500E-004  -1.3455842826258851E-004   1.4804573551839383E-004  -1.4290392614908158E-003  -1.3955918327156957E-003   1.1356424434325223E-003  -1.7767386712751615E-003  -1.1043207053144095E-003   2.6827291102518374E-004  -6.1571994168191748E-004   1.1426359623535720E-003   1.4012462876883290E-003   3.1825951896673324E-004  -2.5329544044893197E-003  -2.9375470070561410E-005   3.4257644464630202E-003   3.6330062151732670E-003  -5.9689595970400584E-005   1.9841434643635583E-003   3.2879028000687931E-004   2.6254185758434157E-004   3.2628421155488102E-004  -1.7143223072278301E-003  -7.4612509223446523E-004  -2.8156403804982921E-003   5.9811544241707903E-003  -5.5582134416180956E-003  -3.8664239481726965E-003   2.2603855307735776E-003   1.0837670336904293E-002   8.4041081396028620E-004   9.4138246607986106E-004  -1.0944780585228468E-002   4.1229068592944514E-002   7.5223048536124409E-002  0.35165507983260463       0.68029664390113287        1.2462449523547383        1.9710727481204795        2.5982243506114080        3.1689959746052763        3.4701936121208354        3.8691037870725014        4.1610374103400609        4.2242324389580324        4.5481721334029146        4.6077099419215237        1.1225134460543964E-003   1.4118828446054118E-003   8.8996624186309786E-004   1.9106026075616778E-003   1.2887478714890886E-003   9.9601886711904735E-004   1.2681902477434770E-003   1.3635072848329529E-003   1.2168866710797950E-003   1.1107281579271120E-003   1.2027799246935947E-003   1.7162398133708358E-003   1.7551934603299837E-003   2.0287194513398531E-003   1.5902146295070886E-003   1.7373516061204607E-003   1.8497539028585236E-003   2.4730123468693949E-003   2.8035950846483281E-003   2.0815169766254301E-003   2.1283290997681824E-003   2.5068287891947772E-003   2.6661041257165534E-003   2.0577408933903029E-003   3.8713480369762993E-003   3.5925584627816802E-003   2.5667523812196950E-003   4.3657723289090159E-003   5.3385671949627202E-003   7.4614426789049856E-003   7.4476900617643990E-003   5.2996451724416716E-003   7.0776670227770634E-003   9.2988743532383070E-003   9.8806135690149028E-003   1.4155938210401115E-002   1.8378954627398816E-002   2.7562140457270644E-002   4.0279970505042971E-002   6.7356930991695249E-002   9.3351801205994137E-002  0.15252654979303906       0.19485233991094267       0.19843669981877970       0.11619478264942243       0.15042452275753904        8.3366871881234164E-002   4.3576104871007861E-002  0.14148684720956414        6.9267805006376993E-003  0.11000266841114685     
          78   2.9265740376988682E-004   1.1832518282175392E-003  -7.6144088202666357E-004  -1.9644462502734486E-003  -1.9248640333975058E-003   1.0572571743027421E-004  -6.7652927016477644E-004  -1.2760060645996571E-003   7.2165511386258492E-004   7.8818995837684404E-004   2.4350913020354463E-004   8.4280749051258064E-004   2.2099692248970394E-003  -5.0760850993463835E-004  -1.2324967266786498E-003   5.8776225823664434E-004   3.1450655034942482E-004  -2.0807827366745228E-003   1.4985181054571162E-003   1.6428164155185823E-003  -2.1897834218623957E-004   1.2200272152089317E-003   2.5362388561066273E-004   2.3365976069713035E-005   3.5633909949261116E-003  -7.9162803619651318E-004   1.7988357677218422E-003   1.5737310500565851E-003   1.0418856869443612E-003  -5.0725414077691855E-003  -5.0616125690231169E-003   8.8653229489658349E-003   5.6828555357349431E-003   1.3349486065369702E-002   1.1253953753801473E-002   4.4419845207279950E-003  -2.0754691705680050E-003   3.4494843024728369E-002   7.5936546606529626E-002  0.35143043461809598       0.68956527152611857        1.2513122810252770        1.9686225124695753        2.6057213484904262        3.1778836566187834        3.4752680297318617        3.8762133828238867        4.1551242294979263        4.2275100083643649        4.5488731217790850        4.6156773773574180        1.1116321728497211E-003   1.1956944436425096E-003   1.2657726628153884E-003   1.2827506277639697E-003   1.4278161783271505E-003   1.1358755679368509E-003   1.3360115358994999E-003   1.2286976249654513E-003   8.0122770003102442E-004   1.7430895288470243E-003   1.3714300112529982E-003   1.2192874972884805E-003   1.3750328580879995E-003   1.5816972378401718E-003   1.2172101922035702E-003   1.4886138697218251E-003   2.3219611894962724E-003   2.6913833771120038E-003   4.0626440708935790E-003   2.1810525502245549E-003   2.4231222568543995E-003   2.1855335198577275E-003   2.7739304391784952E-003   3.6746095389908113E-003   3.9958643627731553E-003   4.4558675644048801E-003   3.5982052306755981E-003   3.6946395400392529E-003   5.4415947519388871E-003   5.4321691535872962E-003   4.9629989661678468E-003   5.3448633247059462E-003   7.3658065506298047E-003   7.4856885533748987E-003   1.1879190009454298E-002   1.3399419408391971E-002   1.9370494654752820E-002   2.6437622952973267E-002   3.8744243523774091E-002   6.5263624663092365E-002   9.3129107082654594E-002  0.14990461509072597       0.19606079382047112       0.19892544759254441       0.11426507181494752       0.14830542346089964        8.1131632143986068E-002   4.6586901993933449E-002  0.13759543238598818        5.8200464047942838E-003  0.10538411471205461     
          79  -6.7075890567139338E-005  -6.7834187836266337E-004   1.6422454698904866E-003  -4.3812075097602162E-005  -3.5400413598668659E-004   2.0891367956647606E-004   3.8877590337614386E-004  -1.0217882561008118E-003  -8.2992619487338710E-004   1.5665654925901876E-003   3.1168921781007497E-004   1.9189353407052347E-003  -1.8109173561242154E-004  -3.5339755563734642E-003   1.0957386426318088E-003  -8.9847347765027234E-005   1.2111047737541855E-003  -3.2253654039303479E-003  -3.7260685218956321E-004   2.7384550994379630E-003  -1.0831893019007139E-003  -2.4129789258876206E-003   1.2598012729407491E-003  -1.4040672959395950E-003   2.5967752998403491E-003   2.2766287563924670E-003  -2.2605864330047036E-004   4.1960053506881869E-003   2.4300392984353491E-003   1.6730243555780638E-004   3.5266103673828992E-003   6.5166334052904010E-003   1.3128623347498751E-002   8.9701827812879078E-003   4.7454685586074711E-003   5.0759749508799412E-003   6.2832944347355202E-003   3.8889591629081337E-002   8.5464723716462840E-002  0.35675144700078837       0.70178361180324900        1.2564871247480300        1.9729868910785635        2.6095684527075060        3.1766198401042516        3.4739339039545092        3.8729608895856491        4.1576977296698399        4.2216029591253372        4.5469363795214690        4.6237628960067321        1.1105430569584415E-003   1.2494977614687201E-003   9.5553855758708395E-004   1.0356307102342441E-003   1.2325676282102353E-003   1.1301050298209287E-003   1.6576227899313210E-003   1.6739209928362604E-003   1.2074625660890592E-003   1.2988769540358139E-003   1.9049482828206543E-003   2.0506563384651115E-003   2.4795513007486985E-003   1.2041995022698127E-003   2.5617602912393666E-003   1.5022467452219140E-003   2.9163883147300743E-003   2.2060049387483257E-003   2.6291991527556194E-003   2.6944865960303321E-003   2.2752027789769147E-003   2.0738001639841208E-003   2.6877251271410795E-003   2.8241571830939596E-003   4.0598320653813360E-003   4.5172651555317475E-003   5.1934130566333083E-003   5.1368472123733888E-003   4.9683394950611297E-003   4.8885300837025842E-003   5.7134985530232964E-003   7.0236690394693000E-003   7.5138152997682442E-003   6.2977019574130292E-003   1.0927844786759060E-002   1.3397796464111040E-002   2.1992046288639291E-002   2.4106114204391668E-002   3.8498569490707887E-002   6.5824254798787410E-002   8.7194928010134148E-002  0.14975298082928651       0.19553122249144056       0.19912661799432305       0.11245536126208733       0.14905941865182978        8.1485278692453561E-002   4.2047396235858368E-002  0.13834439355607722        5.0722581100054263E-003   9.9922251634316603E-002
          80  -4.0102387142326457E-004  -6.0986037881920446E-004   1.1119431550673904E-003  -5.1150275441047587E-004   7.7997325037332320E-004   1.7491434433811846E-004  -9.7706999211495411E-004  -5.1704140927480609E-004   1.1104336431628135E-004   1.4193663228415628E-003   2.5028696464263899E-003   2.0720759192583062E-003   8.0154908714521772E-004   2.0017017550790239E-003  -2.9584706317332152E-003  -2.4689241569448104E-003   1.0117270213644137E-003  -1.8684818997670072E-003  -2.3852881350539773E-003  -4.7871628541352155E-004   3.3856670344836149E-003  -2.5491493316506008E-003  -3.0297839225517115E-003  -3.7614521651825931E-003   3.4780727430314276E-003   1.9923577405257459E-003   2.6571656085411523E-003   7.4266130400121747E-004   1.5521656810392793E-003  -3.7452976969335246E-003   1.2993476103663297E-004  -2.6746242020152730E-003   1.2651800018717066E-002   1.2504440841102827E-002   7.2009132634357365E-003  -2.9917025737201991E-003   7.1535415557972678E-003   3.6348085863024772E-002   9.2139403827859137E-002  0.36889423329116589       0.72358649446885859        1.2580399348283133        1.9793699027971887        2.6108900702554743        3.1802662751197093        3.4746391954951705        3.8605476297788681        4.1594329692084679        4.2116873135399322        4.5458909536221652        4.6252933685180242        1.0018032797478717E-003   7.8749985909852484E-004   9.8992148033858135E-004   1.0248961688346713E-003   1.0762249603805296E-003   1.2417403154030839E-003   1.5727273421700196E-003   1.6223038409389672E-003   1.1716513394332999E-003   1.2255146872298358E-003   1.4331666102420449E-003   1.5599861391351205E-003   1.9423805365380966E-003   1.4214309787656579E-003   1.7882117480592815E-003   1.6911614377682878E-003   1.6331000616211437E-003   2.0957446723500668E-003   2.4311716067706808E-003   2.8379929233523370E-003   2.5146209565861401E-003   2.9243764080680626E-003   3.0997769038992643E-003   2.6053171070588290E-003   2.8269539039168724E-003   3.9571189277091455E-003   7.2288579501468579E-003   4.7113302187196020E-003   4.5004731401426523E-003   5.4283382928205833E-003   5.1100757800437227E-003   7.7327604740623094E-003   9.9448217331921419E-003   1.0115980385217799E-002   9.2542251081664233E-003   1.2820961472004495E-002   2.2016502813642497E-002   2.5397803333234929E-002   3.5174993411810046E-002   6.5585012485817676E-002   8.4742703109053075E-002  0.14871140702788188       0.19325646419079878       0.19927648599685119       0.11191518059452878       0.14660806765387369        8.2619250599468883E-002   4.1748904162473836E-002  0.13849444899141053        5.2427190709211403E-003   9.6042303078583371E-002
          81  -9.5828527316904957E-004   3.1213290055597670E-004   6.6419193211635617E-004   4.7549528379606285E-005   5.1270197249996625E-004   1.6068149450787768E-003   9.8089013250560663E-004  -6.2421043911542668E-004  -7.8780525772561086E-004   3.2029692092046036E-004   2.0071886957657588E-003   2.6301321260778417E-004   2.3778390524918066E-003   7.3450175089931444E-004  -2.3996407428569380E-003  -2.5420529127544861E-003  -1.5958238751836991E-003  -1.5391238742012551E-003  -1.7190360260119801E-003   2.1810771335727301E-005   3.3170092361189873E-003  -4.2363489727065915E-003  -3.0268445660255701E-003  -2.6318673597661743E-003   3.1586329527287529E-003   4.1345184606597580E-003  -1.5992451442948155E-003   3.2959539692159917E-003   3.7197785764162138E-003   9.2568789474941325E-004  -5.8975153393283370E-003  -8.5039061630769186E-003   1.0863242785162227E-002   2.1354361992399432E-003  -8.1558678409487349E-003  -4.2401624541012805E-003   4.0283369441776792E-003   4.1045220660591776E-002   9.7419879145722171E-002  0.38174862809303006       0.72806917864533593        1.2638779319561360        1.9934716467209759        2.6231831064235069        3.1938014188130870        3.4784827997371832        3.8615785100037807        4.1537959485157367        4.2107253212051869        4.5480036263170689        4.6324466668080930        6.1262868890556502E-004   9.0760187091583398E-004   1.1137086006903485E-003   1.0560426499245093E-003   1.3154065098626149E-003   1.3028042832459159E-003   1.7664306307554850E-003   1.2940892226326339E-003   1.3808038627300360E-003   1.7320312949121851E-003   1.5061848288203407E-003   1.6227102930593236E-003   1.2059990339426253E-003   1.6843983259311756E-003   1.0406409253207931E-003   1.9686290514353447E-003   1.5864970536438997E-003   2.1606889291063084E-003   2.6758215552474792E-003   2.0419663417398409E-003   2.2264907365972557E-003   3.3701948473742328E-003   2.4704393188525052E-003   2.3966109660907699E-003   2.8368217982080598E-003   4.4038200523345483E-003   6.0876708840942231E-003   3.8493305176652511E-003   4.4670208864392323E-003   3.7404150364606361E-003   7.5951188163166216E-003   7.8018366204034746E-003   1.0416390852424687E-002   8.2033629306277802E-003   7.2186978278566362E-003   1.1351237376298258E-002   2.0855964375125262E-002   2.5224796477014300E-002   3.4010107581280903E-002   6.6104712835990911E-002   7.9333949169859405E-002  0.14872467446334900       0.19568566321750455       0.19746941099752435       0.11209191215763485       0.14613961539649115        8.1749868399333528E-002   4.3359467754112944E-002  0.13934789787764709        4.8414644956116734E-003   9.0423447221360490E-002
          82  -4.4752948143204376E-004   9.3036595669165401E-004   1.4683690558229064E-003   8.6838854932929827E-005   1.1141637101625011E-003  -9.0249114795796481E-005   1.0976164685062668E-003   1.9502276848974126E-004   9.0619422385088312E-005   1.2066372899287693E-003   6.8952677951099924E-004  -1.5203941731132028E-003  -1.5535459201040818E-003  -4.0039453483489072E-004  -1.3430695225728308E-003   1.7793931426762131E-003   1.1746870312732921E-003  -2.7957039568555732E-003  -1.7006160648376397E-003  -3.2868751803245663E-003   3.8092166489302904E-003  -5.4725124450172595E-004  -4.2956256309649731E-004  -1.2527406895921772E-003  -7.8091721979865752E-005  -1.9831621903490340E-003   1.9697291732496988E-003  -1.7735515157415596E-003   1.3176531193108696E-003   2.0066905325923489E-003  -4.8157852233434179E-003  -6.3556989191525907E-003   9.9413475845531833E-003  -1.2494546011912425E-003  -4.7863187934492661E-004  -1.0045995680832594E-002   1.5746734300043353E-002   4.6780372308533172E-002   9.8910047994683878E-002  0.39482891356158778       0.74551480834054995        1.2699144739111345        2.0017345890183131        2.6289724029548647        3.1943213526509804        3.4765030806924884        3.8507466317314911        4.1596993321716154        4.1998077636000728        4.5499588564920144        4.6268868562286558        1.1052294290825433E-003   8.1782246063250800E-004   1.0711390255964189E-003   9.6222426135987083E-004   1.1473997470088204E-003   1.4933295971095017E-003   1.0816994814303500E-003   1.1981041661402634E-003   9.0746437492183064E-004   1.1521265428264553E-003   1.2894482815363068E-003   2.4658169883042826E-003   2.0890601590600045E-003   1.7059002720528152E-003   2.1087105699425560E-003   1.5047750755310010E-003   1.7974868690125219E-003   1.9075362926762826E-003   1.9922900883654914E-003   1.9578510630382231E-003   3.1252719821197508E-003   2.4307930895095353E-003   3.1672135733069348E-003   2.9130643921657898E-003   4.8275178698225212E-003   3.2521745770093436E-003   4.7187540040348822E-003   3.3658119480988202E-003   5.4302501257890790E-003   4.0084798797800966E-003   9.4035203126270703E-003   1.0113184181440625E-002   8.6254299254977136E-003   8.3017574280327376E-003   6.4801113535420700E-003   1.3575616224015531E-002   1.9782976280403292E-002   2.5150789589534584E-002   3.5118938292193064E-002   6.7734780434068054E-002   7.9386873669290481E-002  0.14896827342728031       0.19706810048668183       0.19680789274720475       0.11120398100039167       0.14590156296665960        8.1995777716553045E-002   4.2481109927415613E-002  0.13848449945520899        8.0138121696126576E-003   8.1268456156945904E-002
          83   2.4335578775634727E-004   9.3036061708475133E-004   1.0818011778354484E-004  -2.6103084511022164E-005  -6.2678614812975404E-005   1.2798534422071063E-003  -1.2377616023763645E-003   1.1693968412407720E-003   1.0494369517746243E-003  -7.9922720407842076E-005   9.2184998125108492E-004  -2.3395025291239888E-003   1.6369782837000130E-003   1.6968101226663256E-004   1.1505981824980510E-003  -1.1777545393807040E-003   3.5603926001157630E-003  -3.1523291788790172E-003  -2.0684490941658319E-004   1.9131825834966720E-003  -2.6319285999190097E-004   1.2444334564776784E-003  -1.4366752276975124E-003  -4.6180565266200260E-003  -6.8002808994740613E-004  -4.9814006735600831E-003   2.4913970764636330E-003  -6.2711286166047524E-003  -3.0535618928310888E-003   2.1984236942529812E-003   4.6687403341600856E-004  -1.0170782659104363E-002   5.2563127949294035E-003   2.1440864289901961E-003   1.0908467544707359E-002  -9.1243721826292298E-003   1.9188299499429528E-002   5.4805318343406614E-002  0.10184698640790539       0.40773853109771174       0.77109737752848895        1.2733048508148033        2.0111069465893210        2.6285288656259715        3.2010980722832034        3.4852301121419624        3.8553711136742672        4.1527945539301694        4.2051558986412987        4.5410687259862881        4.6377772417937404        1.0370889074338562E-003   8.8828120687012237E-004   1.1761937611570444E-003   1.1023827839173070E-003   1.1248011713206984E-003   9.9646359059695324E-004   1.5188180506476307E-003   1.4282976670881384E-003   1.8009542571239265E-003   8.3435129650104658E-004   1.6445226254042759E-003   1.9273991152027544E-003   1.7988950973833108E-003   1.8716974157289292E-003   1.5295758861206235E-003   1.5968978792349484E-003   2.3447800693504137E-003   1.6150381905731162E-003   2.3979514425434868E-003   2.4793762716168242E-003   2.3356782388150913E-003   2.8280281377342418E-003   2.0398308962266500E-003   2.1966187261780990E-003   3.1787616450763903E-003   4.9113213362736718E-003   3.6080211014037755E-003   5.0654123411969709E-003   3.4329709136105874E-003   5.3405167083196096E-003   6.8917405368676635E-003   5.9264621686676297E-003   7.3174051601110216E-003   8.0076157367762121E-003   6.9266473329470763E-003   1.3100675981650017E-002   1.9105165586189733E-002   2.7178726923850823E-002   3.5556110865319457E-002   6.8182507219920072E-002   7.6265056860113159E-002  0.15064830057625817       0.19396219301076401       0.19618189235791816       0.10942669015501047       0.14315782448209302        8.5871208418471026E-002   4.3713642091063008E-002  0.13757615012089583        5.0862104632721237E-003   8.4116078749868428E-002
          84  -2.7903640134976639E-004  -4.4992972181912027E-004  -6.4530600184712239E-004   1.0320593552056144E-003   5.6555167039889641E-004  -1.9867619155339067E-006  -2.0125038314654548E-003   2.8403316214695505E-003   3.0131994903986095E-004   2.2479269938620126E-003  -1.4489505987628402E-003   2.7080453528123945E-004   2.4471436578049231E-003  -1.8359666853646434E-004   1.0344985562398205E-003   1.5488515259513733E-003   8.7161258925767398E-005  -3.6070164537152379E-003  -1.6657798262171492E-003   2.4429560051616003E-003  -2.1891204752874866E-003  -2.7770758479131593E-003   1.2486462038923678E-003  -4.2907161327828004E-003  -1.5562717962496675E-003  -1.6865032466551312E-003   2.9186244094603798E-004  -1.2135902609123637E-002   2.3259136477288232E-004   5.2204209370030098E-003   3.8003116772026755E-004  -1.3223830773283892E-002   9.5696857719007697E-004   7.4017760279381265E-004   2.5261996909103890E-003  -7.7400030724959481E-003   2.1681722519807888E-002   6.3672277086095339E-002  0.11168194650983582       0.41378836007478542       0.78142014888033628        1.2884814681125876        2.0170215781763661        2.6375995830691350        3.2133388396863625        3.4875588796273038        3.8540408546042628        4.1610248571055344        4.1991958620304972        4.5445948182656517        4.6419168763851486        8.1434081659367320E-004   8.5744892069491844E-004   1.1138029663620070E-003   9.8180233763475950E-004   1.2329775003292747E-003   9.9620206596902632E-004   1.4134246519767848E-003   1.4558603611586100E-003   1.0833568881619003E-003   1.2313570969181562E-003   1.1003310166008298E-003   1.8145756976028805E-003   2.3825179726841149E-003   1.5372653797929682E-003   1.9893949959588174E-003   1.8142511141464315E-003   1.3946047553350773E-003   2.9601137747624845E-003   1.6502058115172474E-003   2.0364695467512284E-003   1.8358079875182001E-003   2.5048703595966209E-003   2.4334363521470608E-003   3.2962277033054396E-003   4.2913520974934127E-003   3.5786354471478150E-003   3.9504491171370899E-003   6.3876349424242503E-003   3.1769654583722797E-003   4.6856354640237539E-003   4.6414899417590721E-003   7.2955339217899212E-003   1.0089389538002242E-002   7.5201543370690934E-003   9.5520220216887934E-003   1.3398395857213568E-002   1.7550758868581227E-002   3.2199654247426747E-002   3.2922454722746734E-002   6.5815650766612846E-002   7.8400022700799432E-002  0.14756084885581952       0.19261798446860989       0.19217137661675124       0.10782014716865650       0.14030772962790694        8.2982369816503032E-002   4.5618929825870777E-002  0.13880444102979667        4.8889934380723478E-003   7.6092627869324497E-002
          85   1.3577022662660419E-003  -1.0202615745410820E-003   1.3117350028026291E-003   1.4594675492803106E-003  -7.6599290594106919E-004  -5.5123325607537340E-004  -5.9153899125032495E-004   1.4027337869252003E-004   4.9031670615730133E-004   1.7074744172584186E-003  -1.4548893232856270E-003   5.3542092930673507E-004  -7.7819544725657116E-004  -1.7640535393981496E-003   4.3391517376802626E-005   3.0214627446617784E-003   2.4951185820587690E-003   4.7928581999343717E-004  -7.6122583084480445E-004  -2.9831342523471993E-003  -2.2810264413967709E-003  -5.2025248555671616E-004  -3.0982677044310084E-005  -3.3754050696865640E-003  -3.1626436702680218E-003  -1.3092661521745843E-003  -1.0560435467556065E-003  -8.3316766678711383E-003   2.1576460162986261E-003   9.2327437277571010E-003  -3.6433345634862935E-003  -7.5608442074846368E-003  -4.2818069882893843E-003   5.0464459447657371E-003   1.2825704962416997E-003  -5.5326403553578847E-003   2.1438071854405275E-002   6.4451745440006508E-002  0.11786184497754673       0.42402646716173403       0.80523412591755283        1.2973479150662477        2.0217242655531451        2.6305293941477021        3.2247434543977973        3.4894574441055806        3.8542550038532593        4.1596311333981504        4.2054495553623772        4.5490226755844310        4.6483905645915664        8.1036930336226317E-004   1.0283458623263832E-003   1.2656361299376499E-003   1.0252018563902811E-003   1.1433334290738416E-003   1.8715512196456725E-003   1.2091023508998963E-003   1.2041205637095740E-003   1.1627160321601455E-003   1.3793160237481868E-003   2.3221051598342319E-003   1.9100533752149185E-003   1.5988195349726252E-003   1.4303727355066279E-003   1.6825392891471837E-003   1.9425812618010477E-003   1.9613515694779883E-003   3.2839671003656802E-003   2.3361450795698264E-003   2.3019000615971405E-003   1.9120159147610050E-003   2.0107664694787673E-003   3.1571596378921680E-003   2.9749266773625533E-003   3.6094263688863514E-003   3.8702401854812268E-003   3.3297804817034593E-003   3.7031041989805682E-003   2.8284860549633219E-003   7.5272365369556601E-003   4.5586617523882553E-003   7.6492335038800610E-003   8.7837466589801381E-003   8.4375171188079724E-003   8.9749587260465041E-003   1.3518652837626998E-002   1.9471300429437718E-002   3.0045544928514016E-002   3.3892315366623384E-002   6.6805712342619103E-002   7.5598200238509827E-002  0.14775421861308918       0.19086022491264726       0.19287910591751251       0.10878632522359691       0.13723283090613367        8.3339829482391534E-002   4.1392539793304990E-002  0.14052153887332636        7.8855870051971044E-003   7.1756322983879975E-002
          86   6.5730837931545055E-005   1.4555815091510569E-003   1.2790971034278987E-003   1.4634863843481459E-004  -2.2212320774139916E-004  -2.1141090353157314E-004  -9.0699533250105443E-004   2.5194651782725603E-004   1.6729403524306215E-004  -1.4496447994008235E-005  -2.0936355595660341E-003  -1.4865338594011862E-004   9.0910841857901915E-004  -1.7731254058618009E-003   1.4548889102701326E-003   1.7348100919240715E-003   4.6282114774855491E-004   1.2554377384908571E-004   1.2226578475220391E-003  -6.9014362562050055E-004  -2.0676085587052759E-003  -3.3455157261223696E-003   1.4375921265787908E-003   7.7518348445819755E-004  -3.4358880202896738E-003  -1.4313403854363449E-003  -2.5828602852376775E-004  -4.5709312233651583E-003   4.6140197430190972E-003   8.1151990507739719E-003  -7.0645077105709511E-005  -3.6536947781805004E-003  -4.2505142368555651E-003  -1.9142178692366349E-003   2.1335069908935641E-003  -1.0742499272716415E-002   2.4032565322829932E-002   6.3109557472194280E-002  0.12973916360193616       0.43836709389311540       0.82019327644777185        1.3092299659939464        2.0314518103695347        2.6351035820762285        3.2346875012342831        3.4861931945086910        3.8543102685730521        4.1584442912343684        4.2036385424500660        4.5446677076855213        4.6503330727281913        1.1896293666108137E-003   1.3083070709040776E-003   9.7397255594920825E-004   8.2088609864663042E-004   8.1030874018246277E-004   1.6378221939063920E-003   1.6372859360159839E-003   1.2381919263773147E-003   2.0634568400694766E-003   1.6032623677079698E-003   2.5826926833348641E-003   1.2982956635669857E-003   1.5266274636764156E-003   1.9508469252718680E-003   1.5710868634563027E-003   2.1773535463250927E-003   2.7696719185831328E-003   1.6395998547008258E-003   2.8741655930789134E-003   1.5322866831308736E-003   1.7349228239155465E-003   2.1574744377113619E-003   1.9363480801968822E-003   3.3868437775930547E-003   3.3231910394916752E-003   3.1476153228460666E-003   2.4095393371442795E-003   5.1431316325372418E-003   3.7356077328095372E-003   8.1525941184050470E-003   6.1270010864843153E-003   7.7653177385130102E-003   6.9845759084107457E-003   1.3663129184491508E-002   6.8199448674016484E-003   1.3448690514425231E-002   1.7929046481798910E-002   2.9647600719476981E-002   3.4230065121564207E-002   6.5619826146958077E-002   7.0284858944012249E-002  0.14764743689481247       0.18913186063633736       0.18995183204823304       0.10755648646224623       0.13406468314906708        8.3909500518041247E-002   4.2793574302111392E-002  0.13937632388144369        6.1575118188959338E-003   6.7958331177599363E-002
          87  -8.6392376095291293E-004  -5.5146943578128027E-004   4.2931947943702844E-004  -1.2205187741923956E-003  -7.4207548820876337E-004   1.2021115983278884E-003  -5.9477059965469825E-005   5.5646737618183270E-004   3.0173371412491355E-004  -1.4347899239693400E-003  -2.0195727057636423E-003   1.9028991345873409E-004   6.7843568094263823E-004  -7.2502628072243145E-004  -3.4161568376346217E-004  -5.5390258914021003E-004  -5.5654003063129503E-004  -8.6283280372579491E-004  -1.0612728573079994E-003   5.1918662914401319E-004  -2.1750817621335582E-003   1.1766986527828910E-003   7.0643913429804361E-004   1.7662560858245802E-003  -1.8238707902690037E-003  -5.8386411966815941E-004   2.8709106793278201E-003   6.7883408816393168E-004   5.3308336947004093E-003   2.6159190023887122E-004  -8.8438592969817906E-003  -2.3657865934900249E-005  -3.8379737474727752E-003   5.8471300738453672E-004  -1.7832839780975794E-003  -1.3464236516521604E-002   3.6225333214070059E-002   7.3895902386781759E-002  0.14206143133479027       0.45913968435052399       0.84051257218453979        1.3209531627779612        2.0377492047695922        2.6390414731815226        3.2424449435204883        3.4954500502815651        3.8533788317225528        4.1576559595671911        4.2016602785847219        4.5443577728253501        4.6574942478780326        8.7464771868630122E-004   1.1109946732796761E-003   1.3441914026163305E-003   1.1018872343893790E-003   1.2840402327106407E-003   2.0608765747942843E-003   1.1811594835111656E-003   1.7624541262761073E-003   1.4267583051988727E-003   1.7665103176769290E-003   1.4957328145183792E-003   1.7715275610333235E-003   1.4780940422487784E-003   1.3790569474340598E-003   1.9590645355744194E-003   3.7654393752372750E-003   1.9115424589872920E-003   2.1704776735519842E-003   3.2999602089808498E-003   2.0499885080930589E-003   1.5014956329397167E-003   2.2525748168879429E-003   3.4148742679691061E-003   3.6450655566605686E-003   3.9981622164604290E-003   2.7134203539459938E-003   4.4601040989139563E-003   4.1766861348632419E-003   3.3255541147839212E-003   7.4910955515440939E-003   7.9013658034901100E-003   5.7805784420125999E-003   6.8841893457986048E-003   1.3236264031060339E-002   7.3325246429042056E-003   1.3029271812100444E-002   1.9271829664387449E-002   3.3916910155338237E-002   3.4594974725599935E-002   6.5838097646532298E-002   7.4298449942640649E-002  0.14854045173861580       0.19192227770264197       0.19021467053148600       0.10783550799900622       0.13291326102413084        8.5036295207002191E-002   4.1291916438838921E-002  0.13855511040691690        5.3674599936872347E-003   6.3625389222088977E-002
          88  -4.7501825679915781E-006   3.6215062784776970E-004  -9.8787927983030096E-004   4.2015722203256052E-004  -6.6767534822570333E-004   7.5790125091614385E-005   4.1134970477293070E-004  -3.3823792623111673E-004  -1.1923152253643606E-003  -4.3710667720950232E-003  -1.2658524845697262E-003   1.2842326331732187E-003   7.7133210890311689E-004   9.5461918539425559E-004  -1.4811507087170910E-003   1.6368298034027048E-003   9.0916687454660125E-004  -2.1293969711753849E-003   2.0148251873457232E-003   3.0787098849041706E-003   2.9192016535362260E-004  -1.7889080770396443E-003   3.6661354597527051E-003  -8.4644364144598248E-004  -4.0408572280670250E-004  -5.1909204927064916E-004  -5.7090619496956775E-005   3.6977895027539775E-005   6.7074146435464783E-003  -1.6194729556175684E-003  -5.6483177523621968E-003  -3.1975437699706846E-003  -4.2950082299183451E-003   4.3230054413366754E-005  -3.1420251685659877E-003  -1.0979812353791240E-002   4.7487870625141697E-002   7.8355956184370454E-002  0.14185150548126285       0.47312442724862469       0.86006844668825266        1.3411263527226331        2.0529350247833986        2.6435505541462745        3.2475945643768918        3.4992196217982499        3.8614602724830394        4.1626708825631740        4.2031843158968174        4.5494211053807510        4.6573817889123461        9.1324496382695403E-004   1.2674073104718263E-003   9.2648858210478207E-004   1.1887164134892182E-003   9.0148741311725880E-004   9.7424154798095828E-004   1.4966035157876478E-003   1.2796877723584227E-003   1.1367738848436289E-003   1.8519588735223130E-003   1.6411681213405849E-003   1.5390861429174644E-003   2.0766006204869622E-003   2.0213585576374484E-003   2.7378295550315557E-003   2.2496299799439285E-003   2.1523828275808602E-003   1.6552678556802025E-003   1.6739431203468499E-003   2.2259791341845032E-003   3.2493140709381136E-003   4.6390314651063051E-003   3.3634932817402179E-003   2.3302319541913395E-003   3.1667270213038344E-003   4.4993975598457215E-003   3.2890234260889491E-003   3.6978472835255604E-003   5.3288283374324334E-003   6.7984113946386610E-003   4.6896627111536072E-003   6.1183711166115477E-003   7.0755839817975208E-003   1.4889419550152419E-002   5.6404068613088876E-003   1.2168364057026511E-002   1.8190337107655982E-002   3.6941123069694118E-002   3.4650065997461059E-002   6.7637505914818347E-002   7.2148321135028198E-002  0.14805272019523716       0.19045543936521728       0.18835000982433145       0.10622119983774612       0.12981791177147728        8.4713202949597541E-002   3.8388711312097729E-002  0.13565142449035483        5.1777764233235067E-003   6.2984564103407054E-002
          89  -1.4504188265261549E-004  -3.3496382799154882E-005  -1.9229271840226598E-003   5.5962659930360698E-004  -4.6893106430832067E-004   1.1587432321284136E-003  -6.6302782375026179E-006  -1.0042131571253732E-003  -1.1763786655068062E-003   2.5999200147178424E-004  -1.8712547051324469E-003  -2.5052052504393997E-004   1.0449952198577537E-003   2.6106761230238677E-003  -8.3080434287968459E-004   9.5896440446395156E-004  -2.1602646031704983E-004  -3.5963720419513920E-003  -1.6612860363723124E-003  -9.0349776323244563E-004   1.9344060716178038E-003  -2.7423509134334159E-003   1.0018759586078551E-003   8.2104172884467190E-004  -3.2152495554885817E-003   1.5621741149329444E-003  -1.0476385750752598E-003   8.8836471526790067E-004   2.5052723728010650E-003   4.9738452358330889E-004  -5.3160638413788461E-003  -4.4881605764903552E-003  -6.3404797669793823E-003   5.0958646258344835E-003  -1.4024752941636536E-002  -1.1194859758384407E-002   4.8209419000921246E-002   8.0627357192249394E-002  0.14718365773437928       0.49294167514610004       0.88275396421024566        1.3562863524129951        2.0592538145761781        2.6518875811229319        3.2562624819348369        3.4953640432859587        3.8562906443560405        4.1591410332086349        4.1995115688442901        4.5480173043219745        4.6604952914988127        9.7265636611546793E-004   9.0161959131693334E-004   1.4087740631748755E-003   1.0369854470173791E-003   1.1486638753224806E-003   9.6239545729711164E-004   1.6501031794802111E-003   1.0584976273187415E-003   1.0917058332173715E-003   1.0301625422573426E-003   1.3671281374157615E-003   1.6220635265433968E-003   1.6333302575987135E-003   1.3436064346113955E-003   1.9138228710276523E-003   2.3917782347192755E-003   1.7491770234047059E-003   2.2186466478725858E-003   1.8929965949274639E-003   1.5681716916401242E-003   2.2485129886977745E-003   3.0053408164666586E-003   2.1129043334970452E-003   2.0780851728491754E-003   3.0711423275374510E-003   2.1401465528030649E-003   3.5490012247821451E-003   3.6740920578404212E-003   4.9796017076748737E-003   5.3085449752260537E-003   4.7687755065621085E-003   5.8719823108199535E-003   7.3603959237978972E-003   1.3490864874912597E-002   8.7440539777861523E-003   1.2326371229883460E-002   1.9549908991404085E-002   3.5506140947293721E-002   3.4665057939401452E-002   6.4154313682331571E-002   7.4416964509759806E-002  0.14566733252245509       0.19101151221891174       0.18197210715454967       0.10626008796351490       0.12679152281586159        8.4221000205232488E-002   3.7240786423866371E-002  0.13478651914033601        8.7648744222388920E-003   5.8996534229484948E-002
          90  -1.0050988612883877E-003  -1.5292784720755947E-004   2.2277115475408219E-004   7.1175660806127832E-004  -1.5608959788154723E-003   1.0242019841995437E-003  -8.9195856129912002E-005   1.7943443398246359E-004   2.0502661079416953E-003  -1.2273614334745995E-003   1.2004760027313134E-004  -3.7433643962971898E-004   5.3486735984611445E-004  -1.1364274431356555E-003  -1.1259810460083571E-003  -3.0834039551872855E-004  -2.3948562229707811E-003  -2.5026397650274039E-003   1.0598575096055635E-003  -4.1438382580167058E-004  -3.5465219832686183E-004  -2.6093293570201361E-004  -1.8868687698466065E-004   3.2489169917372493E-003  -3.3853024391526060E-003  -7.1590337562116649E-004  -6.8163021719900142E-004   5.1371932468438214E-003  -3.1954693170147958E-003   2.5314005578758727E-003   4.5652413060961704E-003  -6.7307545559526366E-003  -8.5352728240087379E-005   6.1164996943186408E-003  -3.2998545075933641E-003  -1.4913005439187018E-002   4.4079284327604988E-002   9.6437761612423456E-002  0.16869070665178260       0.50913337155205463       0.90844653474459847        1.3849064213281477        2.0713062341498962        2.6568661204645538        3.2688229950920755        3.5043483568702807        3.8586639389604178        4.1665849994422581        4.2057692855131359        4.5504547915586677        4.6579981465311482        7.8879105648982058E-004   8.5566259394308935E-004   2.1052973358844482E-003   1.7983503753731108E-003   1.2477319738471019E-003   1.5292340339358591E-003   1.1323105781885089E-003   1.3144973187008385E-003   9.6444746726305551E-004   8.8636439127663680E-004   1.3482335526070126E-003   1.9199504487328164E-003   1.5471243992525375E-003   1.9203646883458208E-003   1.9662984815661160E-003   2.1560750619508233E-003   1.8792826659404624E-003   1.1618223402312317E-003   3.4376753563819728E-003   2.5001965330189923E-003   2.0080485570427823E-003   3.2669142116550321E-003   2.6909445444878595E-003   2.3541700495167146E-003   3.4381423112580722E-003   2.3451758620666686E-003   2.7772442835324544E-003   4.6926133363143531E-003   5.7844030684797111E-003   6.0628195535981288E-003   8.0834601502845164E-003   8.5760291689885998E-003   7.5857417565176957E-003   1.2758529421133704E-002   8.3714589461803615E-003   1.7671166520954955E-002   1.9785128150581224E-002   3.2373948296724478E-002   3.3895381541295490E-002   6.2427197147012878E-002   7.0518147983465451E-002  0.14412215513891755       0.19011161888780356       0.18016510496391763       0.10403810689616896       0.12513013783115626        8.2920050791532404E-002   3.6100158333195111E-002  0.13459372356838362        5.6848208584847400E-003   5.6456534352471090E-002
          91  -2.3365319324996207E-003  -2.5800645833778702E-004   7.5285676848783271E-004   9.7182585980480076E-004  -6.1852168168306386E-004  -5.1542148617599710E-004   3.1206522916906446E-004   9.9194381416411385E-004  -1.2002125081868593E-003  -9.9842086488404424E-004  -2.8737064841042057E-003  -1.2257190160662858E-003  -7.2561299488594635E-004  -9.7142220007793512E-004  -1.2817227248416057E-003  -3.0612313470290285E-004  -6.8553060768305031E-004   2.2437649806105876E-003   1.0103251773185308E-004   1.4675697730163236E-003   4.6465647932888519E-003  -3.8913672568820410E-003   2.6483332260651572E-003  -2.7892470598513612E-003  -4.7148673318992886E-003   1.7994134950581910E-003  -1.7892580240903408E-003   3.7809009863389452E-003  -3.4838182583428715E-003   4.5656967358438915E-004   9.2258857938121389E-003  -3.2860811929793883E-003  -2.6411591008721046E-003   7.3038564750794073E-003  -9.5763277976598348E-003  -6.2284918138739475E-003   5.7663801637360075E-002  0.10409381548083428       0.18254691175974838       0.52453806779459344       0.92864617881085865        1.4116837224861503        2.0776649815723109        2.6656890209437512        3.2844510037244672        3.5066610835265690        3.8584019598467334        4.1666440875179864        4.2089061515801820        4.5517456994995369        4.6658569602133406        1.2012059468124903E-003   7.7820045414554305E-004   1.3369790642763163E-003   1.1225149910197593E-003   1.0079128389319817E-003   1.7276725747130451E-003   1.4866875390890212E-003   1.0078855936011409E-003   1.0029092720166325E-003   1.9096017806620352E-003   1.1864070132516676E-003   1.7718895710484139E-003   1.8450913302720758E-003   1.5374701801318686E-003   1.2616045568265811E-003   1.7933809174670540E-003   3.1599460090995660E-003   1.6069523857243147E-003   1.5740464666600500E-003   3.0807402939627701E-003   2.5362116872793350E-003   2.4529509002642579E-003   2.7865106785419100E-003   3.5049197078840339E-003   3.4098820893697242E-003   2.3619646383960745E-003   4.6064849822182912E-003   5.3719918115570755E-003   4.9995827918176200E-003   6.8873637800682510E-003   4.7119691942485945E-003   8.0282851283591666E-003   7.0812224684023871E-003   9.7630983614777553E-003   9.0403118630786889E-003   1.5079339379684708E-002   1.7619646328790674E-002   2.5950001764419896E-002   3.2368486647719019E-002   6.4747975255734572E-002   7.0944470184016700E-002  0.14128098271515094       0.18442297848516345       0.17473712729172788       0.10375479351503447       0.12281650572834542        8.2335189876304740E-002   3.4933141223951587E-002  0.13175920774198036        7.8765653678428277E-003   5.4425876183808682E-002
          92   8.5465074786656456E-004   1.6358276050702956E-003   1.3115739363977841E-003   8.5022560406413880E-004   1.1101959132445271E-003   4.5847742814231852E-004   4.1273529987833219E-004   1.6167428215505275E-003   1.1103761711171928E-003  -1.7176111031074951E-004   1.2337965698808720E-003  -1.1614677055252266E-003   2.3452782797960582E-005  -1.3416026751457550E-003   7.0521428351289449E-006   8.2150822760624720E-004   2.3657526233909270E-003   2.7484068577634034E-003   1.4389608218654424E-003  -1.7983333764476381E-003   3.5754206690731239E-003  -4.3945398699886211E-004   1.6003080703007109E-003  -1.3186354231770796E-004  -3.2590775639129302E-003   5.5965638751053902E-004  -6.0121811947488164E-004  -1.1325998244376093E-003  -5.4216987631549420E-003   3.6039856106371885E-003   8.5990951545629815E-003   2.3652177049610600E-004  -1.3852595416679403E-003  -1.3344353873832875E-003  -7.5816316579430387E-003  -4.3821633643413745E-003   6.6260486753671466E-002  0.10908399284851952       0.19245111075036803       0.54462460023152437       0.95747518647959440        1.4297468865011349        2.0828063513345514        2.6731867874969018        3.2960593330055943        3.5117643950768977        3.8638660014420241        4.1648435428714112        4.2091866538735827        4.5496969512862320        4.6732045016464259        9.3299472722641909E-004   9.5288847861620151E-004   8.1171079388013968E-004   1.0945767184144181E-003   1.1875835956598562E-003   2.1755797918738516E-003   1.2110645669022257E-003   1.7491242151469692E-003   1.0308397357234786E-003   1.1728408506580244E-003   1.0858164208192910E-003   1.6970067585415356E-003   1.7835966786905997E-003   1.3764493871727956E-003   2.3365945276062811E-003   2.6080508796830419E-003   2.1472004082888629E-003   1.4671294947377700E-003   1.6855805132981482E-003   3.3293339342830405E-003   2.6034976443766746E-003   2.3988800290126963E-003   1.9558519980805841E-003   3.1447652731370992E-003   3.3513368955955117E-003   4.3149762794415115E-003   3.0913305845159545E-003   3.7242718047545949E-003   5.7786420314931471E-003   6.6538230051237102E-003   5.6486585579003171E-003   1.0862218666719553E-002   8.3919732152123519E-003   9.6458414337409950E-003   1.2018641264033576E-002   1.2625890015460757E-002   1.7550050984157177E-002   3.0832025947850134E-002   3.2478687336196979E-002   6.5311472789286854E-002   6.8387984326853363E-002  0.13857549690114276       0.17846578191331228       0.17065642851492929       0.10191189091311850       0.12076912272976453        8.0421212004700274E-002   3.3342381075393973E-002  0.12674894204454007        5.6634307590371471E-003   4.8766604187757898E-002
          93  -5.4427911299911576E-004  -6.7793029269536305E-004   5.8684169835319260E-004   9.0690987336675545E-004   1.0522113550439627E-003   1.7400321444516072E-003  -6.2843791488581370E-007   2.4502227424560633E-004   6.3453963626016038E-004  -1.8436215606178056E-004   6.1472614680715173E-004  -2.0786318661837641E-003   1.0617671973100938E-004  -2.4693437677586878E-004  -5.6530746271966871E-004  -1.2673468604890031E-003   1.0419849059382365E-003   6.5953545046635285E-004   4.9079588367126857E-004  -1.8450603313933847E-003   2.6955915626357607E-003   8.2709744600202348E-005   5.6155229944674463E-004   1.7381612872970358E-003   8.4447778112368445E-004  -6.5060615426181163E-004   2.6319365693197511E-003   2.6514032159044190E-003  -3.0365764036347003E-003   4.3717422210333961E-003   2.6580001093962596E-003  -4.3772567976080811E-004  -3.1907847627888398E-003  -5.7042488727692209E-003  -4.3949082450302013E-003  -1.0409870108115547E-003   6.9499575069756875E-002  0.11888192912068438       0.21234389261057818       0.57741174887365510       0.98531146152927485        1.4546200086600745        2.0922680757281933        2.6802286917785278        3.3001211209336820        3.5084093734279054        3.8659237706876461        4.1729073949457405        4.2150238513479383        4.5497641517598408        4.6761533850869847        9.9222086443908524E-004   1.0784247536561309E-003   1.3304155679547181E-003   1.0466007872918450E-003   9.6367248131303538E-004   1.0386603886901337E-003   1.3300572143548081E-003   1.3740981734670164E-003   1.3643221271240837E-003   1.2990432324752317E-003   1.2470399675293907E-003   1.2662023262458130E-003   1.6227465654712944E-003   1.9502083618380766E-003   2.3388095842161883E-003   1.6029022763294901E-003   1.6197359512489227E-003   2.2545013369412560E-003   1.9892370616752773E-003   3.0980114599981961E-003   2.9956494617013733E-003   3.3098335844802397E-003   3.2259540011905967E-003   4.4762923989230211E-003   3.3514469230316551E-003   3.2072969489109846E-003   4.0560452902569403E-003   4.1042097954345049E-003   6.7650345886060967E-003   6.5498926384899691E-003   5.8111802709490974E-003   7.3482856450802275E-003   9.5422389763052829E-003   8.5844580122702852E-003   1.1314807942415009E-002   1.5131557783993549E-002   1.7415317901579186E-002   2.5016929898474836E-002   3.4307889840727045E-002   6.1188285571735543E-002   6.6663531467368350E-002  0.14053395851034192       0.17792026619965540       0.16735020457293506       0.10290312843287024       0.11820868632386621        7.8528322449759214E-002   3.2660473639406142E-002  0.12578395842223455        8.2212687743459557E-003   4.5008130169665948E-002
          94   1.0093912911093616E-003  -8.9314407344008215E-004   4.9571650770698333E-004   2.1731633718935565E-004   2.3509781788110941E-004   4.6559693969585892E-004   8.0495414125361967E-004   5.2166862009581831E-004  -1.1379887481869999E-003  -1.8602050695779061E-003   1.7792204899070361E-003   2.2780848071555886E-004   8.7410382267885970E-004   2.5226881652568777E-004  -2.0484692663923546E-003  -1.2391620137105141E-003   4.8860160335347110E-004   4.5007116870434842E-004   7.6429644989646419E-004  -2.9001835116917074E-003   5.2596301480832737E-004   2.2363754121451193E-003  -1.5675509758999154E-003   2.4897229335528468E-003  -2.3099884922220515E-003   1.8999841898005919E-003   2.3741596124966179E-003   3.0139664847036557E-004  -1.7304955105423539E-003   1.8712847039558484E-003  -3.6990572017851914E-003  -1.5382986913461858E-003  -1.5577610149657844E-003  -1.2071887122498172E-003   4.5007573001595256E-004   8.6197751995916137E-003   7.3460505270714974E-002  0.12963886580164316       0.22601636404132447       0.59673292493860997        1.0220583842242894        1.4765605213917452        2.1128150630532114        2.6966953571168926        3.3017339666103647        3.5156760373319713        3.8683624084779087        4.1697215572484980        4.2180444274888815        4.5495899641696820        4.6771664622908649        9.4515218449780667E-004   1.0334018300381825E-003   9.6842704334079688E-004   1.1324662045977302E-003   1.4473193093905163E-003   1.1923681864212108E-003   1.0430815899964995E-003   1.2351048876556748E-003   1.2199979290194684E-003   1.3083899591026702E-003   1.5193457440632122E-003   1.1973301423669552E-003   1.4714541698125916E-003   1.6638236393133026E-003   1.6177667198516749E-003   3.1799659455702301E-003   1.6393570673085738E-003   2.2533866487017360E-003   1.8354220161925089E-003   2.6802222981774041E-003   2.6265028388111353E-003   2.2557977707418544E-003   3.0184406939521677E-003   4.4535135611477377E-003   3.2899667344523458E-003   3.2234651740034662E-003   4.2235033030834784E-003   3.8399682791172350E-003   4.4307569543639820E-003   5.5001365028519910E-003   7.5027482704794158E-003   1.0027444523262818E-002   8.0561041659104066E-003   9.5012533321686306E-003   1.1641269407735612E-002   1.2045741311955252E-002   1.7357383710422510E-002   1.7784542365139044E-002   3.2780808545983170E-002   6.4855399524979790E-002   6.7341019229145704E-002  0.13797816497677776       0.17692463054809446       0.16557320875830686       0.10037278373035224       0.11570389761514525        7.8208607790694593E-002   2.8772697491846830E-002  0.12259601515420882        5.7249357796261913E-003   4.4223609755835877E-002
          95   1.0255185299542294E-003  -1.5279491184225943E-004  -9.0940351821709546E-004   7.6901431258694243E-005  -1.5629922297901268E-003   3.2255884274445243E-004   1.1361430649687713E-003  -9.8625236791833468E-005   1.6141707260997750E-003  -6.6647546952943869E-004   1.2603493749872272E-004  -2.0032402275905080E-003   2.2016135141557144E-003   7.5915332603979655E-004  -1.0140230635353330E-003  -2.9894143617168736E-003  -2.2856057972420237E-003   2.0155165386186997E-003   7.4851800825253482E-004  -2.4128650235558228E-003   3.9204583923613940E-004   2.2820338224206899E-003  -3.0292178217425358E-003  -2.8788748660453314E-003   9.8753723466847815E-004   4.7483942245151699E-003  -2.4661610852380225E-003   1.5338581276569674E-003  -1.3058264534720496E-003   1.6220362135567477E-003   4.9731843006242081E-003   4.6698920121292656E-003   4.1070406947130997E-003  -8.2848909011460272E-003   5.6544916215809926E-003   1.4363418630845715E-002   7.2991766775066969E-002  0.14367093188598684       0.24575086116329251       0.62523899498260371        1.0496709304524230        1.5017209014107209        2.1242796066286487        2.7041057475384300        3.3162910507469614        3.5179097239596064        3.8685655711717835        4.1778158075686589        4.2270287565633877        4.5429173480617928        4.6851678944995134        8.8632661183987726E-004   8.7166137549456039E-004   1.0137896386104932E-003   1.2187970565206341E-003   9.2721456535887906E-004   1.1976336634664608E-003   1.0267627097551022E-003   1.1806855686244313E-003   1.1937423039319849E-003   1.9331444090560082E-003   1.2840902066958422E-003   2.0810098993960173E-003   1.3749433856543969E-003   1.2632555673274337E-003   1.4968144667480508E-003   3.0567378948552263E-003   1.2142978340360130E-003   1.9044146079820979E-003   2.0944516085856530E-003   1.6086504343049419E-003   1.9025754654280063E-003   2.3082338367855968E-003   3.5830943646256211E-003   3.2645474189454994E-003   4.1432866246295524E-003   4.3817424718265285E-003   4.5055515358569023E-003   4.3061467478724275E-003   5.4733246378804428E-003   6.5044430177328937E-003   6.5695584698867828E-003   7.3988570871613242E-003   1.0081958573500069E-002   7.6815215958937312E-003   1.1596596838261633E-002   1.4546687671741484E-002   1.6685289619977100E-002   1.8622913434823921E-002   3.5985339849869687E-002   6.5978937317316730E-002   6.7442450515244820E-002  0.13494919192678753       0.17997786192173543       0.16565132296664428        9.7330091002519714E-002  0.11302860775099394        7.6284081396694112E-002   2.6789683055700616E-002  0.11904031817249329        5.9567345170014182E-003   3.6745700524850364E-002
          96   4.1485111154528602E-004  -3.4751455382862156E-005  -1.5065867358328401E-003   9.8492040200052252E-004  -5.5291217477447649E-004  -5.3130727843000444E-005  -1.6654102449343503E-004   9.2572941040949602E-004   1.1997323970572051E-004   1.5593206840358296E-003  -4.8165342226981543E-004  -2.0664936593518669E-003   4.3054003032959457E-003   2.3756597312162065E-003  -1.2249969594320394E-003  -1.9291883514916202E-003  -2.0778055678063807E-003   2.6782181540844710E-004   1.3095368998688943E-004  -2.5828026444218843E-003  -4.5979722183509355E-004   1.8647533284312057E-003   3.2052275930972296E-004   1.7852570809449228E-003   5.4223021557818123E-003   6.9462188320748791E-003   2.4537485275296276E-003   5.6588420572667908E-004   8.0158672328779941E-004   1.5458037531951990E-003   5.1056607254034462E-003   1.2674323488969309E-003   8.6015922480602927E-003  -1.0546474602821947E-002   1.2028198293600082E-002   1.6642054654581004E-002   7.6365680598231442E-002  0.15536817640629919       0.27153074106541925       0.64447194169795330        1.0743514807615591        1.5275663886349455        2.1357776678202764        2.7163181217398527        3.3191653542865098        3.5238401797412093        3.8730104186835836        4.1765010796524802        4.2225517779207449        4.5408061739518599        4.6866886544180648        1.2572997778412512E-003   8.9501502984991983E-004   8.9622422158755369E-004   1.1264404261103031E-003   1.0663107305000346E-003   7.6871298872273721E-004   7.6312552854821921E-004   7.2929413322537671E-004   1.3102295643130000E-003   1.5887700552053557E-003   1.4879115373472673E-003   1.5447594367464655E-003   1.1883038054586654E-003   1.4624961523980740E-003   1.4852195849055095E-003   1.7219802414037296E-003   1.0330180574546122E-003   3.1272201350847338E-003   1.7987314617538325E-003   1.8527188891653626E-003   2.7217082351122732E-003   4.6129894017819563E-003   2.2483463034964984E-003   2.4950657979467619E-003   4.3727311638472556E-003   3.7384204378289924E-003   3.6637463828166402E-003   4.3668428029265977E-003   5.8297305412811449E-003   5.7325998135425750E-003   7.3623927494304497E-003   7.1676925776532358E-003   9.0635315551804811E-003   8.9521137050701423E-003   1.0914809921081008E-002   1.5830190357009825E-002   1.9034067436527712E-002   1.5084568307758787E-002   3.5085580645057228E-002   6.6925313701552219E-002   6.9925817260602416E-002  0.13500487696385502       0.17665572095581691       0.16338010556105850        9.6661472532999032E-002  0.11175583550319589        7.7522982054227613E-002   3.0663197226225541E-002  0.11655216119121629        7.5078902940598916E-003   3.5210431716681423E-002
          97  -5.0597939307928629E-004  -1.0594192790456122E-004   1.5107882032230758E-004   2.8894536835994107E-003   4.0380407213119664E-004  -9.6253727647357371E-004  -9.2823310807569964E-004  -1.3342453823618505E-003  -1.5320382951549379E-004  -3.1588005123078837E-004   6.0132866722655367E-004  -2.6149190544314302E-004   4.2494479405852831E-004   1.2810311126422284E-003   6.9681043601098173E-004   2.4732318471142463E-004  -4.7216300814626770E-003  -1.1185918532817798E-003   4.3681327737678076E-004  -7.1860890536205467E-004  -7.6004363561381669E-005  -1.5393475168551057E-003   1.0998074165972118E-003   3.0401585389211662E-003   1.8636014989390185E-003   4.5250154643975173E-003   9.2000834557168462E-005   1.3970823834336496E-003   5.4740768567513153E-003   2.8615028533952061E-004   3.1903482483755449E-003   1.1330071664048863E-002   3.9444413351780146E-003  -6.7714495953291876E-003   8.8936970667844260E-003   2.7368188955123600E-002   8.6447302199780390E-002  0.17185903505157565       0.28831602269132628       0.66963272331628909        1.1053286435240246        1.5558997718174441        2.1619431423539952        2.7250684654806867        3.3221437100190312        3.5259485479289676        3.8689203820050722        4.1777933552776849        4.2297072772442990        4.5468948273595613        4.6887248120728939        6.2892255226322785E-004   9.9217529927317599E-004   1.1547700709002131E-003   8.9544289644592930E-004   9.9182252943079484E-004   1.4012651958771438E-003   8.1685181937895212E-004   1.1962617479841107E-003   1.2327029738939143E-003   1.3820598553119850E-003   1.4634452340293621E-003   1.7483579847628939E-003   2.4440086227651122E-003   2.0611320628400628E-003   2.0371331635658393E-003   1.7569370965055018E-003   1.3567539858233763E-003   2.7291083261734945E-003   3.7947191454164222E-003   1.5869656619128627E-003   2.5958886603695552E-003   1.4879748405375163E-003   2.7710638547971188E-003   2.3127510462791069E-003   4.5034959329711974E-003   3.5599576077096802E-003   3.4510565736649902E-003   4.7386835295935344E-003   5.9161923762970879E-003   5.4551918036696801E-003   6.0242127479526834E-003   6.0436334732952620E-003   9.6290515384042270E-003   8.3804526847998089E-003   1.0899368519147667E-002   1.4262677180597519E-002   2.0254812268851022E-002   1.5809312811422092E-002   3.4805526777059663E-002   7.0102353912054133E-002   7.1904612847551064E-002  0.13241874041768814       0.17245297493495956       0.15788750266649643        9.5331431340614947E-002  0.10741959171523648        7.1073333892892762E-002   2.9587554891505365E-002  0.11263990141414271        6.5428378646316850E-003   2.8683049689327857E-002
          98  -4.2716642389243134E-004  -1.2116373377150415E-004   1.0939038255925759E-003   2.1533007326894333E-003  -2.1275599966253647E-004   1.4066645065450884E-004   7.6699951189180659E-004  -1.9785906147507366E-003   5.1381133618934880E-004  -6.1078532133195971E-004   1.9508162300041804E-003   4.4446514211078864E-003  -9.7808593909764563E-004   3.5744954045795782E-003  -1.9208486113710221E-003   1.3905584717642495E-003  -3.2114671159102445E-003  -1.0348428240298572E-003  -4.3245773370921916E-004   5.5642938275292755E-004  -1.7530866886424127E-003   2.1669962327609425E-003   4.3892075867095552E-004  -2.7113331335178555E-004   2.2678648035986200E-003   1.5324963096157308E-004  -3.6744021779255213E-003  -1.9993111618619606E-003   1.5885111986333254E-003  -3.9858463648934413E-003   5.3168292549534727E-003   4.3391227472417649E-003   2.8998244021682046E-003  -2.6840503790780462E-003   1.2027749418974958E-002   2.9962654754351458E-002   9.1475212520249746E-002  0.17759687966883947       0.30908719278234276       0.70093058727478408        1.1357867051528350        1.5909334734002987        2.1782809564624213        2.7405739616185421        3.3293774517082797        3.5362910708376689        3.8675762273726866        4.1788483197496618        4.2395783350608696        4.5399005744011580        4.6936465012939328        8.8246929172826967E-004   8.6830766338030839E-004   7.6561411256042839E-004   1.2455467637242697E-003   1.3232145186355551E-003   1.0904025345754645E-003   1.0274839390736639E-003   1.2840169659812312E-003   1.8185886679971375E-003   1.6810483868850183E-003   1.2447376627111877E-003   3.0345067070336228E-003   1.5688992160831298E-003   1.2096610657073028E-003   1.4124287266282761E-003   1.4273831621226430E-003   1.8979368368044667E-003   1.5010386814463567E-003   1.4634414908598445E-003   3.1849927991542230E-003   2.8030717748288498E-003   1.9490308368707878E-003   2.3381339697471932E-003   3.6160712169918882E-003   3.6468393256582233E-003   3.3438057214096755E-003   3.6471813844364408E-003   4.2093752761944497E-003   4.4740055611309443E-003   5.3340684231337745E-003   6.8962841919748760E-003   6.7169326894084879E-003   9.8160256220972790E-003   1.3128892138689499E-002   1.2475420222699277E-002   1.3441951685444915E-002   2.1750171590394919E-002   1.7880348090482591E-002   3.4373636790739119E-002   6.7301439669369786E-002   7.2038069921343026E-002  0.13071451670492656       0.16663598561481052       0.15834903208702761        9.4192020773515753E-002  0.10528999031134004        7.1047585070035335E-002   2.7909142028278235E-002  0.10805462553830382        7.1150623642909144E-003   2.3403633266665037E-002
          99  -4.7506166612118445E-004   4.2541821767488392E-004  -1.3594726583103427E-004  -1.1213140378675958E-003   5.2898250780117849E-004   5.4543272272192472E-004  -9.2576810847396461E-004   2.5630866919444179E-004   7.3359184548575174E-004  -2.7862618561524436E-003  -1.4324546232877791E-003   4.8613282866367540E-004  -8.8627864801539156E-004   7.5863337546979229E-004   1.0753472391639846E-004   1.2497222487732182E-003  -6.7366932905225864E-004   2.1749550741175885E-004   1.3810995330085405E-003   2.9000297094287936E-003   5.1649445742434801E-004  -2.1256237884196691E-003  -1.8622740772943104E-003   2.1719379560099488E-003  -2.8711984324219795E-003  -2.3342621561135658E-003  -3.6073746319469939E-003   1.9186951934437757E-003  -3.0590814999340013E-003  -4.6424775433669721E-004   1.5582324279370331E-003   5.2722402172235752E-003   2.1884111908482434E-003  -7.0839202012883415E-003   1.3492330590110596E-002   4.2846180136694764E-002  0.10596366258902296       0.19657426971492090       0.33465905948327629       0.73701387749866143        1.1688649891938090        1.6131215836467101        2.2013388131779918        2.7591070606290802        3.3354679714984927        3.5434881419512236        3.8710902108432479        4.1793344732612665        4.2437745929752637        4.5491108312749695        4.6989123325560849        9.5300069950315176E-004   9.1331888099006051E-004   1.1130859388516208E-003   1.1685636554302945E-003   1.0662164581755622E-003   1.3478673673337331E-003   1.1934490704777684E-003   2.2410194637082380E-003   1.3753669854937184E-003   1.3769591097711421E-003   1.3018998285781703E-003   2.1021936125174717E-003   1.2051353025060245E-003   1.1884151305692646E-003   1.5738005937404496E-003   1.6140923864266141E-003   2.5814934995816775E-003   1.9195255128444326E-003   1.9171702783122076E-003   1.7977435502980273E-003   2.6950541056771716E-003   2.5289452724032674E-003   1.9409374070382421E-003   2.0474471460879594E-003   5.0536258657596896E-003   2.3367115742582815E-003   4.5450827786430057E-003   3.0790391447244199E-003   5.4221143740841469E-003   5.3966378652891261E-003   6.1410625207534387E-003   7.6885334133650549E-003   8.2789033616345008E-003   1.3924472514606486E-002   1.4487855008483702E-002   1.2726877718183602E-002   1.9553724983315091E-002   1.9378749774632990E-002   3.3770461119892140E-002   6.1168068483274857E-002   7.0446501468121148E-002  0.12978407181764839       0.16329575228794158       0.15352978113310933        9.2975630249976959E-002  0.10228222636801508        6.9912638968561563E-002   2.4420112244859710E-002  0.10207730566709011        4.9696326792776730E-003   2.3037507308871143E-002
         100   3.5464893735308393E-004   1.6533505399931034E-003   1.4379877456984368E-003   7.9581299797456563E-004   1.6245562121023414E-003   7.6721676849548679E-004   1.3748554217225992E-003   4.0834269310738904E-004   3.3073619640746119E-004   9.3753185906940081E-004  -5.7766163514271157E-004   7.6981314479226040E-005  -4.1778818926038980E-004  -1.2642612712030932E-003  -5.7509521449166387E-004  -5.0150187646767731E-004   1.0450736148353143E-003  -1.6327670831593204E-005   8.3259219324208190E-004   2.7476168357264082E-003   4.0410490322115517E-003  -2.5455136194961216E-003  -3.1669897524004139E-003   4.1203866842246016E-003  -5.7905778762963188E-004   1.4425957593839965E-003  -3.6884335193663603E-003   5.4146085960707817E-003  -2.4572585917253952E-003   1.5769470072754784E-003  -4.6632940995432323E-003   5.1179308240121768E-003  -2.9587191916146710E-003  -1.9083264160781183E-003   1.3548792756691897E-002   4.5172556323204056E-002  0.11095050478271441       0.22053315146433869       0.37360878918876400       0.77625804680208466        1.2010830900364133        1.6394398359828173        2.2252152807232335        2.7721288978349126        3.3397182932535823        3.5496461845103680        3.8761885750723191        4.1795138439716579        4.2456679338866383        4.5479290355590267        4.7036768429857183        1.4178878441673407E-003   1.2436948492015403E-003   1.0160738729698183E-003   8.9104154259950718E-004   1.4460490806135937E-003   1.3997821038052487E-003   1.1087048356138928E-003   1.1245007238213181E-003   1.3873623623445123E-003   1.6610534841297218E-003   2.5310030518388409E-003   1.5446300703508646E-003   1.6197702622307588E-003   2.0661066253240797E-003   1.3638760065993129E-003   2.1677373027377770E-003   2.0477660219807908E-003   2.0550106995529849E-003   2.2092411558551758E-003   2.3974316936498084E-003   3.4619787974050731E-003   2.6861882332010925E-003   2.5656564654329881E-003   2.3493943234810539E-003   4.3371805022498731E-003   3.3023642226410878E-003   4.3448086014544396E-003   7.2475219462460822E-003   4.5427967083533100E-003   7.1709074686188441E-003   9.7655797993468872E-003   6.4250543021974246E-003   1.0743275020739690E-002   1.1537243249552364E-002   1.2828127100523236E-002   1.4511386451279008E-002   1.9463815884017008E-002   2.3443440640261364E-002   3.4266477126903838E-002   6.1512437139785048E-002   6.6549886879718162E-002  0.13069099737251644       0.15918725861701655       0.14743991418140703        9.1121674984191228E-002   9.8051404725401817E-002   6.7101505548502499E-002   2.1541764154006743E-002   9.7420643604820598E-002   6.6211662478212934E-003   1.6587402123638424E-002
         101  -4.1428246814841552E-004  -7.3437162955205853E-004  -1.0852963579634800E-003   1.6382249411539289E-003   1.6159127014017102E-004   4.5237180940968605E-004   1.4803136138883946E-003  -1.4192052153244880E-003  -1.6176049101525788E-004   9.7321089343907019E-004  -1.8083972640515133E-003   5.4747823731753737E-004   2.4455819129904697E-003  -1.0863483188317874E-003  -2.6895075673232160E-003   2.4304388112059748E-003  -1.9277177444739323E-004   7.4943737507915614E-004   8.5266586062940396E-004   1.4912312599121044E-003   1.9369734866438529E-003  -1.4181154708984905E-003  -3.5514898313941290E-003   3.5630839002675566E-003  -2.0519424138609834E-003  -1.8288832205787290E-003   1.2762266863632964E-003  -1.4989051458353163E-003  -7.2304648524445646E-004  -3.6166126892965415E-004  -6.6093029320868999E-003   7.4691285715325845E-003  -2.6349333467770449E-003   5.1146599373256749E-004   1.4206655029510419E-002   4.6922139532213886E-002  0.11786178368561734       0.23967787405727586       0.40077898844310667       0.80836997654908571        1.2343903337066948        1.6729122536429661        2.2495224852865912        2.7889806485297668        3.3506846800760242        3.5491066760945547        3.8820974108582078        4.1820829893380651        4.2563843693029986        4.5435917580602396        4.7049643938581074        8.6411566089690636E-004   7.0457048319356899E-004   1.6942393526228105E-003   1.1380191890885797E-003   1.0639417643333398E-003   1.0553466243205455E-003   1.5196818681231677E-003   1.5679098714678392E-003   1.6699218126238148E-003   1.4889348923061794E-003   1.4262676091322600E-003   1.4710870643612538E-003   1.4693176945753538E-003   2.2462213747003190E-003   1.1880778808995836E-003   1.4120727762819728E-003   1.7624752899965753E-003   2.3749804757997209E-003   1.8664312091116698E-003   3.9852630557521739E-003   2.1772725241906380E-003   3.3566522554504016E-003   3.2273880690379948E-003   2.9077268204711184E-003   4.3688730684833376E-003   5.2495083957483498E-003   2.6153792460420697E-003   6.0976351264945107E-003   4.1292043325996258E-003   6.0810051980633752E-003   9.2019348833511823E-003   6.2951808943332932E-003   1.1869812701239787E-002   8.3745460144697848E-003   1.2953107034572246E-002   1.4641636908528897E-002   1.7468882196912824E-002   2.4562966573677535E-002   3.5544183401553756E-002   5.9622701443000359E-002   6.3736310985895384E-002  0.13006911596810070       0.15746879486945248       0.14122766410080156        8.9854010168852333E-002   9.3949653021630858E-002   6.5774859889651732E-002   1.9081391345635138E-002   9.3423738456961086E-002   6.2055526443389299E-003   1.0805514893571745E-002
         102   9.1975465714578869E-004   2.1494290936780232E-003   9.4834468587267723E-005   8.4470457989774760E-004   1.6233326453351999E-003   7.4467000760489513E-004  -2.1529373550461394E-003   8.4457355663817223E-004  -5.7181198706074540E-004  -2.7055183459894042E-004  -1.5709248893267852E-003   6.8422399998482896E-004  -2.4610078749615251E-004   1.4460193073873113E-003  -1.3918693401797774E-003  -7.3355488114787426E-004  -1.9314332531819346E-003   1.5531628461703514E-004  -5.5013168490171253E-004  -1.5418013384658249E-004   8.1301380485527825E-004  -1.3943067682655021E-003  -5.0205346821532385E-003   6.3131761397853849E-003  -1.4777440127007317E-004   1.1211468644712170E-003   2.1087622188290943E-003   2.1659093298002853E-003  -6.5300908651346249E-004  -8.5361014136504465E-004  -7.3019182007156699E-003   9.5482299347251047E-003  -5.0445661186005776E-003  -4.3273335489562564E-003   1.5999499409026775E-002   5.2248926325434299E-002  0.13031008367990843       0.26853560873020743       0.43388084438254765       0.84301710964784304        1.2673025668106741        1.7101322552721696        2.2789415098283667        2.8075048766476125        3.3567097034422444        3.5593305588244677        3.8829562098935373        4.1817265814826614        4.2619015169115064        4.5489594365414900        4.7103655366949555        8.7964459930156926E-004   1.0468042267814466E-003   8.7063494036134143E-004   9.7701591218325940E-004   1.1711895088150331E-003   1.4405509774859310E-003   1.1018163802442313E-003   1.3183726615572542E-003   1.2922376648626486E-003   1.2766344654726403E-003   1.2100265693586224E-003   1.0552581983313981E-003   1.2456909194217499E-003   1.3601393312354707E-003   1.7534043461244491E-003   1.3747902131818891E-003   1.9848851631964586E-003   2.9806059642583679E-003   3.5205800949980872E-003   2.1094697079235298E-003   3.2853012704594075E-003   4.0627428130237545E-003   1.8796884585652982E-003   2.4675984652644417E-003   5.7697024479018274E-003   5.6784927059826164E-003   2.8657591212860535E-003   5.7157418202477325E-003   5.2640206633931038E-003   4.7958470806250377E-003   1.0549204778164140E-002   6.0774084053733281E-003   1.1149536335752826E-002   7.5457907082534057E-003   1.0456855633618261E-002   1.2889468634514085E-002   1.6475373328483874E-002   2.4344561366376988E-002   3.5385039211402951E-002   5.7126357843333038E-002   6.0077381549344618E-002  0.12656262678355817       0.14735468311931246       0.14032270322302959        8.9448757843045429E-002   9.0384542650792807E-002   6.5668603426613015E-002   1.9162956854334483E-002   8.9636261134419165E-002   4.2602459104616498E-003   1.4076414258737015E-002
         103  -1.3520844007365197E-004   2.8134576231353902E-003  -1.3595636211859699E-003   5.5161592796474756E-004  -4.6070704939708953E-004  -1.0220333619175139E-003   1.0914324301051930E-004   7.4522072433295462E-004   2.3742463218956503E-003  -3.9260256677043124E-004  -1.9758470292974869E-003  -1.9832323537958422E-003  -2.0561120928926676E-003  -1.7689241099521551E-004  -3.5396760994053659E-005   5.7933598830517700E-004   5.2847965330830708E-004   9.8463594444587522E-004   2.8576385223748590E-004  -3.6242172711554266E-003   4.0464978099419822E-004   8.7281074598249934E-005  -6.4502405895749421E-003   3.9300680202875669E-003   1.1938651987480485E-003   2.2933457480304618E-003  -1.8558865546625997E-003   1.6319670086667104E-003  -3.7827527868352934E-003   4.6341913207199152E-003  -4.7544286566328538E-004   4.6857491477843329E-003   4.0856406655964537E-004  -5.9763139790189118E-004   2.3393153302762575E-002   6.1229577740014349E-002  0.13959043937465568       0.28833359117476681       0.46388413851062904       0.88387470734747586        1.3060013404635680        1.7510435110474638        2.3129925214906351        2.8216757081390620        3.3564153633508287        3.5678481243417570        3.8851060281190346        4.1749349970812917        4.2598106017904369        4.5441294925365332        4.7111911410412999        1.0860831565868341E-003   1.0084698169424715E-003   1.8395251262149318E-003   1.2563135494997725E-003   1.1171573517843832E-003   1.2832118564883514E-003   1.3512980066721363E-003   1.2980074740664789E-003   1.2015080417537610E-003   1.6180549661587412E-003   1.3375208690192702E-003   1.3494971528063317E-003   1.7445082306932317E-003   1.2722492731618326E-003   1.7422430223895465E-003   2.3903477732855516E-003   1.8703563137300724E-003   1.9735913252977807E-003   2.5800279250708792E-003   1.7348992907550550E-003   2.6911421632282435E-003   4.0984302751761867E-003   2.7302865763184220E-003   2.8291041729471863E-003   4.9578164979620590E-003   4.2064376688244363E-003   3.8653629957609804E-003   4.6608705969257633E-003   4.8325930382881396E-003   4.3936913223940723E-003   9.3623646195403840E-003   7.2848216986812313E-003   8.8904391119935481E-003   6.1305309706516081E-003   1.3113893105027851E-002   1.4002469689652467E-002   1.5534425754608193E-002   2.4964752772587254E-002   3.3837892113392769E-002   5.9247822520065732E-002   5.9890503424389938E-002  0.12386847097416163       0.14028826442504758       0.13549110280884308        8.8131879062005328E-002   8.6664083193316130E-002   6.5064955760813892E-002   1.9939497647175605E-002   8.6714732086478119E-002   4.1649775784428789E-003   1.0789599497332493E-002
         104   5.5543985262498170E-004   1.2437166157079356E-003   1.5729626498755067E-003   3.3185868299630560E-004  -1.8539244591799513E-003   6.0258132148929117E-004  -1.3629028302986530E-003  -1.0574111564955158E-003   8.2244672866515209E-004  -7.3294998695136915E-004   6.3742182403891457E-004   1.0162686978475990E-004  -1.6966113490988169E-003   1.2399749991708563E-003   5.1013263704707866E-004   1.7700416303678304E-003   2.2717203132161744E-003   1.8540956394087535E-004   7.9551830473007813E-004  -3.7757268226011620E-004   1.4055065960347456E-003  -1.9863970772570280E-003  -1.6265639911498013E-003  -3.7880749307814673E-003  -1.9260151679736347E-003   5.0570724985120981E-003   2.0044563955861671E-003   3.5246104150111562E-003   1.2647390088301204E-003   4.0945312248301538E-003  -4.0416469531966127E-004  -2.8292145839854395E-003   4.6239243087830553E-003   4.9339931729003609E-003   2.8222119469694995E-002   6.9133656849972719E-002  0.14830014664759980       0.31899224973072771       0.49885739485768005       0.92333624292159866        1.3384593495157080        1.7868103096857872        2.3409043539486407        2.8384667119966847        3.3653493020582603        3.5697643999717568        3.8844083528619353        4.1812651141924002        4.2748761553482657        4.5482051045207719        4.7196995189550242        9.4934068974040294E-004   9.5190295499992432E-004   8.9292947493068689E-004   9.3731757774529281E-004   1.4956860954503388E-003   1.1036900911552932E-003   1.3045188859841304E-003   1.2058300062902148E-003   1.1439534131131176E-003   1.6180707701671929E-003   1.9177121887115488E-003   1.3472909615303975E-003   2.4410745806053668E-003   1.5159332764552488E-003   2.0080730920942090E-003   2.1120489410356704E-003   1.4050379069435782E-003   1.6335837884037753E-003   1.9860975729585201E-003   2.8240993272208312E-003   2.7950650088055793E-003   3.7038525502150208E-003   2.5149830517087503E-003   2.2692908740038816E-003   4.3170323584778517E-003   3.7776016236709133E-003   4.2790186512864058E-003   3.5342648683004247E-003   5.4824414211494376E-003   4.4757361526160874E-003   6.3762607372863907E-003   6.4462252245402942E-003   7.1234230422943350E-003   8.4362990967590222E-003   1.0180196364241348E-002   1.3515992134935326E-002   1.5506960030686660E-002   2.4914130613372488E-002   3.3435615926209875E-002   5.7921313361441254E-002   5.8735345911024098E-002  0.12006180921283907       0.13450570614355684       0.13188934005057892        8.4344034132123560E-002   8.5654496058614624E-002   6.3299476806699895E-002   1.9734995216560278E-002   8.5343648020433177E-002   5.0935088429225218E-003   7.4933013853491640E-003
         105  -7.9594739414412942E-004   2.2768108845426586E-004   3.9642427421156880E-004   1.1431704583760350E-003  -7.4337657132723175E-004   1.5765917761576912E-005  -8.5863030782064689E-004  -4.9038260166875945E-004  -7.1361008405414206E-004  -6.4719895710974550E-006   1.0512226026745714E-004  -1.7408122251590033E-005  -2.0176287171207890E-003  -3.7858635100049211E-004   1.9070335405266302E-003  -1.5566900401386330E-003   4.9942338848846840E-005   4.4752694954834095E-004   2.5866433444170795E-003  -7.8999527699886421E-004   2.5783815235113300E-003  -6.5976019891061932E-004  -2.4605016775235519E-003  -2.3790054780541249E-003   5.1268494488059787E-003   3.4595173887722293E-003   2.5606326573214102E-003   2.3782677833079097E-003  -4.4329514870994244E-004   1.0129573272195133E-003  -1.3435673038350189E-004  -7.0988328130263730E-003   1.5435557341774724E-002   3.3243297910575168E-003   3.2732562806179664E-002   7.3951568080451530E-002  0.17686682728854658       0.35055199615113042       0.53381026337295456       0.96283697074203656        1.3802879130673817        1.8234697436168692        2.3673255916742262        2.8610009427803513        3.3768355719036314        3.5828375165945774        3.8860343975031557        4.1853171263478979        4.2742692717390138        4.5484213997903185        4.7165765759552150        1.0028256699408926E-003   8.8103008056925731E-004   1.3406059414221799E-003   8.5230192937960731E-004   9.1325109753597779E-004   1.5313430243633758E-003   1.6880153353441829E-003   1.2393585058633411E-003   1.0972366671060862E-003   1.4601107174236200E-003   1.5564849499374389E-003   2.0026780676567486E-003   1.3207903591127520E-003   1.6727271097300275E-003   1.8790200527708078E-003   1.9034406737080669E-003   1.5673423233404716E-003   1.7178420397551530E-003   1.7460218991577536E-003   3.1633514631035941E-003   3.2715584414564074E-003   3.5643730929130761E-003   3.1738602511623185E-003   2.8833763573427739E-003   4.7079077898748130E-003   5.8554989346891366E-003   4.5440829772296493E-003   4.5162296195957099E-003   5.7358231078791962E-003   4.6211660593987649E-003   7.4187065740117242E-003   8.2115592347132855E-003   7.8521144407239889E-003   7.4099672711418338E-003   9.5851314596076282E-003   1.2913474468275263E-002   1.8312775312986654E-002   2.6514383654422182E-002   3.1316843173291413E-002   5.9962870134366346E-002   5.9770785035805227E-002  0.11813155077084743       0.13418725797108377       0.12829593699840888        8.0648896033528539E-002   8.1469866144010458E-002   6.2139125945156720E-002   1.7306741843339732E-002   8.1271084341708627E-002   5.5240586665172868E-003   8.1770393153689346E-003
         106   1.1346189335056146E-003   1.4950053342350123E-003  -6.8932427589253815E-004   2.2147510217157060E-004  -2.0010840228740544E-003  -5.8619121519641257E-004  -1.2736022300153190E-004  -1.6370579222797486E-004   1.0882848710629440E-004   3.1602447776590478E-003  -1.6922815892677579E-004   2.3810308544785479E-003  -2.1781027004668719E-003   2.3222249072851905E-003   1.6457696263274713E-003   1.0425310061964658E-003  -8.4639517645634867E-004   1.5564020018490332E-003  -2.3355453409936873E-004  -9.9794640457527475E-004   2.7413630203906190E-003   2.1052460143635319E-003  -3.3003029519358853E-003   3.8160433793968359E-003   1.8300562806166025E-003   1.2512460333674942E-003   4.5868239629945741E-003  -1.3691423385905519E-003  -2.8120775935967009E-004   2.2968550860582404E-003  -5.0822502831621196E-003  -6.4929892603243370E-003   1.3831188340426060E-002   6.7643753491711082E-003   4.2104926730137819E-002   8.5841141174855876E-002  0.19724399941558424       0.37490304923386392       0.58074303165808705        1.0069586950092320        1.4193830112968675        1.8612568199771045        2.4003852349220747        2.8850178709915033        3.3786995572637273        3.5859776392838412        3.8900286214723816        4.1864445686748386        4.2764042786001362        4.5500806821941469        4.7172639569961250        9.6184624227395852E-004   1.1321759721792963E-003   1.5938457452516030E-003   1.5847877389711536E-003   9.5703113427978445E-004   1.2169677204367326E-003   1.3212054826511866E-003   1.4192044043208880E-003   1.4891881977736566E-003   1.2807294528274994E-003   1.4461502248598124E-003   1.3949155249371127E-003   1.2062960307099592E-003   1.3579321840951053E-003   1.3157152544828266E-003   1.8185567695744454E-003   1.8942471930269247E-003   2.8565037099769360E-003   1.6140152880376203E-003   3.2569741473139706E-003   3.5783440182646079E-003   3.3651269229530525E-003   3.0418224052854654E-003   3.1980404207548451E-003   3.9823923563667872E-003   5.2930421869600555E-003   3.2412896191327933E-003   4.3569479570195521E-003   7.0145730451607845E-003   4.0895862264764644E-003   6.2648062791408887E-003   8.0237213725580757E-003   9.2959273356434165E-003   9.9228032348273962E-003   1.1268018490555875E-002   1.0233031225962351E-002   1.4176803493254649E-002   2.7207053366570026E-002   3.0572661680335483E-002   5.5249124411722805E-002   5.7778503923975572E-002  0.11226319359715128       0.12680487243983782       0.13166626056910974        8.1608673230469830E-002   7.7275369637860691E-002   6.2146214340856459E-002   1.6118407237357319E-002   7.9108383376423938E-002   8.0197415931930419E-003   5.1895783304107832E-003
         107   8.9925637667727344E-004   1.3968435169507108E-003  -1.5784572497526302E-003  -8.7392065487994545E-004  -8.4156555276899525E-004  -6.0966084081518401E-004   7.1179044900130859E-005  -1.5713287546104343E-003  -1.2997299806708400E-003   1.4138790286812128E-003  -8.2400000801964598E-005  -2.7720406472145017E-004  -2.2362187442933804E-004   8.5404550223569986E-004  -1.9258926916173203E-003  -2.8358905903890144E-003   1.7156172821983894E-003  -8.5104341801147440E-004  -2.7112032009218670E-003   1.2475966214241702E-004  -9.2436627298324539E-005   2.2474342703074556E-003  -4.1744281997977894E-003   1.1700903654422122E-003   4.5681264472347809E-003   4.9073388196945345E-004   8.8057213275176014E-004   9.5058745722164750E-004  -4.6310269837171293E-003   3.1171051240684177E-003  -6.3668754618481484E-003  -4.1542858003525652E-003   1.2896345559970830E-002   1.0802170904725272E-002   4.0080151134763688E-002  0.10179611098388455       0.21950835804990348       0.40766635131838386       0.62356549976011244        1.0584743499060030        1.4597203417331002        1.9011565050180652        2.4308655766891065        2.9048374727728130        3.3867453607090154        3.6017434535175830        3.8932577168884182        4.1821415942009077        4.2847763429440384        4.5505762018831195        4.7211802242851482        1.2365307695807403E-003   1.3407282123351779E-003   9.1702407580567240E-004   1.4178011252005147E-003   8.8478774584823782E-004   1.3089277432744126E-003   1.5521695970519959E-003   1.2930462648225881E-003   9.0501493372309222E-004   1.4658970106321792E-003   2.3134479260613150E-003   1.3610572288281595E-003   1.4403673341147961E-003   1.2904110858188310E-003   1.5117612183466326E-003   1.4282981402677626E-003   1.8017599648320805E-003   2.5668004490435551E-003   2.8032904348019028E-003   2.3223202096475755E-003   2.2923790627422677E-003   3.2129718355377412E-003   2.5062629191848610E-003   3.4563579274443385E-003   3.0904048294022597E-003   3.6202901293116564E-003   3.8393551150100623E-003   3.7753838362002720E-003   5.3045946266091527E-003   4.6576643293432425E-003   5.7352070861945255E-003   7.0234940151065869E-003   7.6551704083461522E-003   8.4337931477727786E-003   1.2711469113511207E-002   1.1583192677327386E-002   1.5674486660856721E-002   2.9508914636745945E-002   3.0177808978148812E-002   5.4943698879282833E-002   5.6921135680997333E-002  0.10718321650785106       0.12051623892182568       0.12633633809820871        7.7979882090244534E-002   7.3118867555593547E-002   5.9956777012035854E-002   1.7847083818608833E-002   7.4864230006022797E-002   6.4264668588967823E-003   7.5809612183901833E-003
         108   5.7194854558536917E-004   2.6068125958387579E-004  -1.8497129107144283E-004  -1.2244033102439837E-003   3.3854737417326642E-005  -6.4268418674264460E-004  -9.8883898254444611E-004   3.3949601339491940E-004   1.9523683507217326E-003  -8.0818174041888814E-004  -4.3093550052687550E-004   2.5252779546010152E-003   1.8929268523048960E-003  -1.5090129987214594E-004  -1.6719673292737542E-003  -8.1506708221084495E-004   1.9913996320458576E-004   2.3245650737294516E-003  -3.0268733869173907E-003  -3.7027577097177643E-004   3.1401254677791888E-003   3.3858133582167602E-003  -8.4379046564339089E-004  -5.4222293285959757E-003   2.3105404070249136E-003   3.8009999135767969E-003  -8.8262881601867071E-004   9.4960080913815707E-004  -4.9032920346043073E-003   4.3758354119141727E-003  -2.9120079305858756E-003   4.3132724733014648E-003   9.2057958959249429E-003   9.5385161880122728E-003   4.6966000088091056E-002  0.11511844539780282       0.24519618193271556       0.44457406618192297       0.67641237216411954        1.0930708294297415        1.5073987017872079        1.9457563255786825        2.4635373825135156        2.9247140226983523        3.3962711909076417        3.6059222615657514        3.8889206042012816        4.1875987806117765        4.2850671518502299        4.5470245436974972        4.7211679453946394        8.7924057083303274E-004   1.1779257480843601E-003   1.4052304548246677E-003   1.0919749882850112E-003   9.6146513403649837E-004   9.3542791312475426E-004   1.1153635602498488E-003   9.1868395345511336E-004   1.4465787002452323E-003   1.3883286428060355E-003   1.1807199159989152E-003   1.9178065732643062E-003   1.5115841330853880E-003   1.6243601358378189E-003   2.0017468783735596E-003   1.4334709206358495E-003   2.0034549614883481E-003   2.0731705719347362E-003   1.9902846437403780E-003   2.3582821668399309E-003   2.4693729292324857E-003   2.2869361826951783E-003   2.6236666752850854E-003   2.9851888294762001E-003   3.6051810293396156E-003   3.5653363292980573E-003   4.9406908609647728E-003   4.0797060664052994E-003   6.2982079493906608E-003   4.3019664368313341E-003   4.1297303023785006E-003   6.7324311781447434E-003   8.4899681897023446E-003   8.9402325314301388E-003   1.0264704368039841E-002   1.8070614228763632E-002   1.7366117185164291E-002   2.9205294682119479E-002   3.0841557462722123E-002   5.4550972497779446E-002   5.7259841862024305E-002  0.10452548971543729       0.11274737905460064       0.11907189958876190        7.4862850553665983E-002   6.8270600984762883E-002   5.8651926304509237E-002   1.4509916119795113E-002   7.0734449252335518E-002   7.0747963916216478E-003   5.6786407320751475E-003
         109  -1.1337044988381033E-003  -2.0181409708040620E-003  -1.2394491664485955E-003  -1.3318292804176781E-003  -1.7619034920895687E-004   7.3710176989539688E-004   4.2366304724856553E-004   1.1210474404004522E-003   4.0527639612191927E-004   7.7903182682580879E-004  -1.9220750273565581E-003  -6.0992448652255279E-004   1.0057764713565004E-003  -8.8125556313874959E-005  -3.3986255325038047E-003  -7.5168156599008144E-004   5.6972216026858198E-004  -1.3894845699958859E-003  -2.0956536022964677E-003  -2.6135707780012580E-003   3.2221881670056822E-003   1.2719672153010176E-003  -2.3522658335098767E-003  -4.1773814931392334E-003   3.3092778842487200E-003   4.5665142671495237E-003   2.4631575381289851E-003   1.6911786645026925E-003  -9.7098872005946973E-004   7.1512913777966643E-003   3.8677219586214090E-003  -3.2070126806003694E-003   1.2080264884995175E-002   3.0230928833442283E-003   6.2733178106365695E-002  0.13883669852637573       0.26835111705743298       0.47786928384901256       0.72274581559293927        1.1469026802991287        1.5631743663669546        1.9920135181953449        2.5018664253549194        2.9478813148403740        3.4018122484698803        3.6217259591924238        3.9084314281820958        4.1818776279031509        4.2904211216034751        4.5432794952822260        4.7172480630002118        8.5637811584232042E-004   1.1164895843144855E-003   1.2839537625184351E-003   1.3441592259199582E-003   1.0191869215979857E-003   1.0740618255591680E-003   9.8059263149188609E-004   1.5600660778066361E-003   1.3965459345380556E-003   1.2519486650712582E-003   1.2509170070024141E-003   1.9008864763578584E-003   1.2700933518276761E-003   2.1073790198657938E-003   1.3062447412364932E-003   2.1420348785962250E-003   1.5561062096953978E-003   1.5942238876590152E-003   1.9512586450523986E-003   2.4862345261558770E-003   2.6451157258104772E-003   3.1612732354763602E-003   3.0191958322741130E-003   3.3227997239006798E-003   3.1270349846044200E-003   2.5508718812112152E-003   3.2196118716754261E-003   3.4530613751119535E-003   5.3002425992104852E-003   4.5714480646283744E-003   4.3144651045893727E-003   7.3799616724239733E-003   5.5894951931334631E-003   8.1888432735353310E-003   6.7006180789999483E-003   2.2225659765697493E-002   1.4851748299793471E-002   2.8310221557905080E-002   2.9535291152026102E-002   5.0765756034444234E-002   5.8570838630980469E-002   9.9911899574952015E-002  0.10867068460650020       0.11840968297670626        7.3022916757001677E-002   6.3727747951224933E-002   5.7618991383083150E-002   1.6000882258166451E-002   6.8393358293126177E-002   5.5923598195824079E-003   6.5273376818459315E-003
         110   3.5842326973264762E-005   9.7570100468113019E-006   3.0159546040049040E-004  -1.0866527622873714E-004  -9.9271954088014317E-004   4.5501615839074283E-004  -2.1986772428633951E-004   9.5637992973266644E-004  -1.2974672371880494E-003  -1.9105775089409945E-003  -1.1757500262998242E-003  -6.9362477258829889E-004   4.6497371491292821E-004  -2.4116693686532042E-004  -2.8482908626905638E-003   1.0401403583873614E-004   9.5880732837094046E-004   6.1395019316004941E-004   1.4455777554694244E-003   4.6121175000930710E-004   2.8007033566244881E-003   3.6519847884038063E-003  -8.7738391174065208E-004  -2.4485693651914693E-003  -9.8626162397469591E-004   7.6646325933479214E-004   2.2041117341623415E-003  -3.1814984553129845E-004   5.4801477024446679E-003   2.9327954818781643E-003   5.4230699742894486E-003  -1.3192657488729568E-004   1.7797507882252206E-002   1.1129185717402228E-002   7.7705661131945630E-002  0.16324359819553111       0.29522238905084042       0.52634771282716064       0.77129236898451303        1.1965575598715830        1.6159327784802080        2.0419078733931704        2.5358852540008079        2.9680073647938583        3.4121197123091149        3.6297802905326528        3.9055049863532645        4.1905251712131122        4.2938254241607385        4.5470169482502261        4.7159979142047002        1.2753919868642735E-003   1.1041722950538540E-003   9.2890253184193692E-004   2.3145284315205217E-003   1.1357117692710451E-003   1.2684269220074682E-003   1.1196507602019604E-003   1.5548612119501346E-003   1.3036754574404603E-003   1.0755291424252144E-003   1.5755312718465967E-003   1.3553026687925624E-003   1.1383163259843334E-003   1.9672453146007854E-003   1.4148139909419440E-003   1.9064726041409163E-003   2.3923215475222491E-003   2.6731785885823803E-003   2.5367180882538017E-003   2.1792205850741393E-003   3.3407590638749422E-003   2.6190255351490055E-003   2.4879348029511472E-003   4.6756692701619730E-003   4.2481061166629915E-003   3.2919657173015437E-003   6.0696579761517593E-003   6.0407471395874787E-003   5.3283716475047678E-003   8.3298105067651177E-003   7.3394222610599297E-003   6.1151100747598988E-003   8.8846621906375628E-003   6.4740535698123705E-003   7.7099752765371994E-003   2.2518597444397617E-002   1.4297325825720563E-002   2.5519366515776784E-002   2.9881041602246312E-002   5.2850998729418376E-002   5.7008329499135410E-002   9.5899530553151174E-002  0.10530924514016943       0.11829110159745831        7.0520564150966775E-002   6.0418575994328969E-002   5.5586281565201630E-002   1.2903050295544257E-002   6.2955046765365244E-002   6.2513801878199349E-003   4.3669715280893178E-003
         111   2.4064428520771236E-004   9.7722688057766481E-005  -8.2665548496093440E-004  -2.8576169481931498E-003   6.4682199019134255E-004  -3.3686597829682142E-004   1.5747277975576837E-003  -1.8745720066523338E-004   1.1809672115064016E-003  -9.0982533381371816E-004  -5.0913149698304338E-004  -6.4422685743837694E-004   3.0234014548387528E-003  -2.6752294403916540E-003   2.8134015923852282E-003   2.4273257086970283E-003  -1.0035568252504231E-004   1.6509917253443461E-003   9.2054526681697318E-004   1.0881823799961015E-003   3.2478593512314962E-003   2.2714262663153517E-003   2.4556864690171024E-003  -1.9900571577257356E-003   6.0232970041498007E-003  -2.1668688904930072E-003  -2.3133191423158554E-005  -3.0825411870930488E-003   3.0793672623934333E-003   4.9034417364939411E-003   3.6207374537588956E-003   3.9518981807020685E-003   1.5624865533535657E-002   1.8795361281929424E-002   9.1353644453501234E-002  0.18654573467214428       0.32603368499580015       0.57065813692739076       0.82379368124689589        1.2412890181405334        1.6707145579059399        2.0834694766501887        2.5739911225133856        2.9957545052308139        3.4188033152354427        3.6371727477787186        3.9087436929748738        4.1895744931559022        4.2991622266704672        4.5484714514560611        4.7211297594948247        8.6104598253914115E-004   9.3002647458271257E-004   9.6088920282093771E-004   1.1699112962579652E-003   1.5588152888292030E-003   1.0849669714017660E-003   1.1353610337228293E-003   1.3899525767746622E-003   1.1445754154843881E-003   1.5854882569718109E-003   1.3689840038040122E-003   1.7623054647035714E-003   1.9086952721463007E-003   1.9172452488054709E-003   1.3145160593212998E-003   1.3894501090752653E-003   1.7431802396188759E-003   1.7216231088625223E-003   2.1879680863042639E-003   2.2447785365107423E-003   2.4551954672873679E-003   2.3565104326661347E-003   3.0768210984278626E-003   2.6786805485274419E-003   3.0460213301955041E-003   5.0711415735811699E-003   5.4384791814992769E-003   4.5553265225118525E-003   4.8814042832689176E-003   5.8598810692018751E-003   6.1658270222983121E-003   5.6108317066188105E-003   7.3104624594026073E-003   5.9899717511831749E-003   7.1533290134248757E-003   2.4386880571174725E-002   1.3834642795922883E-002   2.5388362861511981E-002   3.0355986167855738E-002   5.1598907172227919E-002   5.5800868526201787E-002   9.0307368517793432E-002  0.10118974741756485       0.11230736281573260        6.8058474797871471E-002   5.7640160167351941E-002   5.5546517558967445E-002   1.1367941939564041E-002   5.9172193124032255E-002   5.7468309825529787E-003   6.7668517519374281E-003
         112  -6.5451614854495992E-004  -4.1026056432718467E-004   2.2441212463134670E-004   3.1335027950558827E-004   2.2316993793894952E-004  -1.1297409015539701E-003   8.2897425001288540E-004  -3.9655035535382283E-004   1.0068762498361269E-003   1.7750346344278057E-004   9.4086875041779559E-004   1.7790650521860728E-003   8.9645220465793378E-004  -2.8042132047457619E-003  -1.1472940387212358E-004  -2.2271319725711762E-003  -7.2830961065120680E-004   2.1152768773622348E-004   8.8658923886368471E-004   1.0776897729139821E-003  -9.2616652741695502E-004  -1.4675821517507832E-003   3.2160459173948774E-003  -1.4411621527792751E-003   4.5733080140503363E-003  -4.9977934810793939E-004  -9.6249523490365583E-004   1.7013910214179076E-003   4.3359467663530256E-003   6.1891051466016530E-003   3.8506498579948972E-003   2.7655508195527016E-003   2.9037614117008701E-002   2.8656772560740465E-002  0.10534569326527048       0.21824464580271244       0.36955291541837582       0.62497158536382691       0.88620915880753437        1.2998613071630520        1.7167698577117783        2.1307449846370239        2.6152067298152746        3.0179187921464821        3.4311200228873266        3.6573724683603421        3.9133982165903385        4.1815373969717999        4.3077395506410188        4.5441828591805136        4.7145311465281727        1.0934666885831193E-003   6.2874647513398458E-004   7.2566438098892432E-004   1.3170853758507958E-003   1.2304168051745464E-003   9.5931483250804455E-004   1.2633098371023427E-003   1.5833859275927930E-003   1.0223503136324616E-003   1.1229605107530253E-003   2.3522030974549293E-003   1.9867687480838721E-003   1.7905691893422113E-003   1.4882455523495936E-003   1.5708351370716373E-003   2.1759723982374200E-003   2.7800932412176062E-003   1.7067729352031656E-003   2.6689797146926212E-003   2.8840621706876361E-003   3.3465790633890264E-003   2.8753319964154311E-003   2.6069845766487961E-003   3.4573491008673099E-003   3.3328229809309108E-003   5.1817340871292434E-003   3.5859401677743293E-003   8.6374657272726939E-003   5.1916024172505761E-003   4.2595694581684714E-003   7.2935034289128486E-003   7.1954816443244351E-003   6.4021854524771672E-003   6.8566487716498203E-003   8.8113257335137359E-003   1.9967296138733531E-002   1.5862085414926595E-002   2.2879764234728164E-002   2.8796882927968316E-002   5.5838463533908825E-002   5.6073906743536558E-002   8.6828507412089029E-002   9.2375306723658027E-002  0.11227648616693363        6.3017202182308912E-002   5.4155980238005670E-002   5.3883443566415841E-002   9.6839386137075462E-003   5.5187706226661942E-002   4.9763691056494610E-003   5.2565469584963925E-003
         113  -7.0089752444555753E-004   6.7896348797393717E-004  -4.8620295330275968E-004  -1.2045276722758131E-005  -8.2142480322564232E-004   8.2296073677022477E-004  -1.5939038354639439E-005  -1.5649232320354123E-003   1.2161393145607648E-003  -1.4725710601499646E-003  -5.4544865885629127E-004   8.3263569468283553E-004   2.7778766980646190E-003  -1.5529809159031504E-003   1.0207140580211361E-003   1.1463374687368489E-003   1.3483343137441182E-003   2.3037609692695784E-003  -1.4452441064795893E-003   2.0467797155985360E-003  -2.7555835796469405E-003  -2.4470622548925712E-004   8.7934231244118444E-004  -8.5763600385595185E-004   1.9273556509550287E-004  -1.3952550062816640E-003  -1.3974135705320976E-003   7.6279967660024019E-003  -1.2311080765184713E-003   7.1272255897127177E-004   3.4511875040346427E-003   3.9152977271761083E-003   4.1439698740299083E-002   3.9863434918192102E-002  0.12351419889173872       0.25625622297638784       0.42422375725910677       0.67192399369222067       0.95132070922552336        1.3537041093246240        1.7825131046312128        2.1749052814117671        2.6597193252862303        3.0405100366300193        3.4429662248688389        3.6731104597927828        3.9206661511182883        4.1922274545509186        4.3134945143100882        4.5470307979072260        4.7234325847420253        6.8700526694899912E-004   1.1469465823077869E-003   9.2057650249044974E-004   1.3590463639624605E-003   1.4176608244066931E-003   8.9568002545570074E-004   1.6214782786421679E-003   1.1302578389191433E-003   9.2533002245377010E-004   1.3483404642194727E-003   1.7202582071359502E-003   1.6377381468586447E-003   1.0549304113156191E-003   1.1104657257244225E-003   1.8504386130165529E-003   1.3490833850983194E-003   2.4829939085160200E-003   1.8345620254759545E-003   2.3710601439739889E-003   2.7981239290471678E-003   4.7196004642803538E-003   3.4523039826614538E-003   4.1349378524712438E-003   3.3121408491899470E-003   5.1214511180577450E-003   3.7135461589954408E-003   4.2335664906476477E-003   7.2991245992910887E-003   6.4587785296932321E-003   4.2178303856619517E-003   5.9042056921072891E-003   6.1226571953795382E-003   6.5509457509992219E-003   7.4092527110696275E-003   1.1395927743602060E-002   1.5485652889294292E-002   1.5296782668092515E-002   2.3519689010823224E-002   2.8334491201155956E-002   5.4550075286435698E-002   5.2698879161170775E-002   8.0741868610546885E-002   8.9851843939300763E-002  0.10725077281064395        6.0994849173228990E-002   5.0602302570439052E-002   5.2876649200344100E-002   8.2529386563771432E-003   5.1190168065519834E-002   6.5412434753081596E-003   6.3378646498184190E-003
         114   4.6650065205154444E-004  -7.9877026312249848E-004   2.0028626047699285E-004  -1.6475870154901240E-003  -9.1486643528522992E-004   1.1853259295912897E-003   1.0760319421608060E-003   2.4389629894073595E-004   4.1518570183193522E-003  -2.3363469926542316E-004  -2.7702710005155504E-004   5.8385512103008329E-004   6.0166111248080448E-004  -1.4996821285310181E-003   1.1923375879230090E-003  -4.8541714554854487E-004   1.0902246797546616E-004   1.1527783911285145E-003  -1.2682226113399262E-003   3.0630051484237986E-003   4.9269789580544908E-004  -1.3667532616681896E-003  -2.0881632581337133E-003  -4.1295611818653718E-004   5.1783378956253936E-004  -2.8800167938186779E-003  -3.0992998635094855E-003   3.4391017436626171E-003  -3.3635125084685455E-004   7.4026747779505067E-003   4.8704803105808353E-003   9.3269465461390932E-003   3.9447486376270130E-002   5.8335897100206896E-002  0.14208278118739909       0.29031375425269962       0.47260608020644412       0.73519052888225611        1.0129334893026105        1.4044976841934913        1.8441091422575562        2.2243307600222737        2.6984096031761866        3.0660558159311688        3.4518238501467255        3.6873508247342812        3.9211274920682513        4.1924822432299313        4.3276107215334267        4.5461496169500375        4.7179848634350581        1.2559578231597457E-003   8.5482598514715041E-004   6.4090435165360020E-004   1.1761626515645262E-003   1.1968023251663468E-003   1.0477680965622019E-003   2.0958278265264161E-003   1.0963079682760068E-003   1.1483411177145065E-003   1.1511553357263543E-003   1.5383701181985085E-003   1.1918943928250656E-003   1.5163636197946229E-003   1.3703584355081529E-003   1.9933644087435261E-003   1.4361931061130826E-003   2.0587287188414036E-003   1.5500459383297549E-003   2.3039508017264083E-003   2.2979064934761828E-003   2.3113932177469590E-003   3.1284281085735880E-003   4.1222735720036442E-003   4.4404949906466512E-003   3.7528711638020349E-003   5.4224590522739301E-003   3.6468820928759775E-003   4.6194573700135402E-003   5.5725310109299830E-003   5.7555076233798807E-003   8.3013529847441141E-003   5.4097541933797741E-003   7.8390024251386702E-003   6.8900037721644249E-003   1.0977479922058169E-002   1.4895067711570769E-002   1.8156258550352886E-002   2.3252863436328170E-002   2.6304294933491741E-002   5.1860059620266442E-002   5.2668713724159870E-002   7.6184267012189985E-002   8.4546748187714599E-002  0.10431644040637268        5.7167987298110276E-002   4.6044858440039978E-002   5.0758019093209775E-002   9.8097347847665023E-003   4.4761110660573547E-002   6.4608810054468070E-003   8.4523726982090805E-003
         115  -9.7342055786236764E-004   5.1879368566416849E-004  -8.4658852930588656E-004   2.6843745498794679E-004  -1.5111293802819296E-003  -1.9184833472455087E-003   5.9202413393428762E-004  -2.5477976619828323E-003   1.4265634577223121E-003  -1.2288787041586787E-003   1.2200078572587305E-003  -3.3947998562079001E-004   2.2882324264987125E-003  -4.4847534540880046E-004  -1.0312646059824718E-004   1.5428592901281294E-003  -1.3307250660225261E-004   2.7718730239360222E-003  -1.3595838172699875E-003  -5.1491317489594634E-004  -4.9827526052319585E-004   3.1413542754100097E-004  -1.3865938376468891E-004  -1.8483891411575531E-003   5.9024473747021789E-003  -2.4186617944285615E-003   2.8915590227841870E-003   2.0807642241081064E-004  -5.1707215478874252E-003   1.0489444590524458E-002   5.8492283420640521E-003   1.9529773998515063E-002   4.7547849546756379E-002   8.6937933204454254E-002  0.17332754249590873       0.33124907057820946       0.51972696208077740       0.80065303546993882        1.0812007739056078        1.4693477882190262        1.9121815297710090        2.2802608987892841        2.7257363991555361        3.1007694514306325        3.4605722340982741        3.6956427427688561        3.9259034930507051        4.1911511554622916        4.3303043086370492        4.5442691251205263        4.7158061999663596        1.0726840402208282E-003   1.3177238920946560E-003   1.0159819516858115E-003   9.3490484023449512E-004   1.8175171677607608E-003   1.4074758069433084E-003   2.4020036734185963E-003   1.8362988480368303E-003   1.3838853747999368E-003   1.0161551603105655E-003   1.4699156145753247E-003   1.8880609942752049E-003   1.5956959415552453E-003   1.2721209352262179E-003   1.6358686539209211E-003   2.1966148681278365E-003   1.7159099432630181E-003   2.4517850870057856E-003   2.7146874135513649E-003   2.2402308528251670E-003   2.3038437636211805E-003   4.4720564823016269E-003   2.3552712097597334E-003   2.3803160752566169E-003   3.4576807456329758E-003   3.0081512671260155E-003   3.3676081603048707E-003   7.0932754408984102E-003   5.3378739509697317E-003   5.8962250396125890E-003   1.0637556074219321E-002   6.1201719397244985E-003   7.9482914817865773E-003   9.9348108173006877E-003   9.2576851052299826E-003   1.4047760061335804E-002   1.8683167260787326E-002   2.2860705276065943E-002   2.6751862094262856E-002   5.2831529950720900E-002   4.9900037026143026E-002   7.0592079460196897E-002   8.1953286568580780E-002   9.4427125376161616E-002   5.1036499896484504E-002   4.2096461299342962E-002   4.8777042689498624E-002   1.3734365808538283E-002   4.0849994272481718E-002   4.4897226462539989E-003   5.8075094975009412E-003
         116  -6.1392574254272368E-004   1.6898380895846634E-004  -1.8569266058343949E-003   9.4288892222740156E-004  -5.8907197884499349E-004   2.2220747068604674E-003   8.5553728228798310E-004   5.5440121996198856E-004   2.1650874442471728E-004   6.1170817480966401E-004   8.2583116465131143E-004  -1.3167441652607431E-003   1.2071538433197423E-003   8.1307077509876311E-004   1.2860665649424628E-004   2.5013115903897020E-003  -9.8960846414079622E-004   1.5794589798809472E-003   2.8724845215119788E-003   1.9503383833877760E-003  -1.1448132551770489E-003   4.1519364764461421E-004  -4.9614056438146798E-003   1.7374583546896235E-003   7.7058727348019085E-003  -6.7170112494175608E-004  -1.6739898499084674E-005  -4.7059274313610011E-003  -1.2303009863372850E-003   1.2705110333294856E-002   1.4577021626705128E-002   2.5100320088370688E-002   6.0278410251685483E-002  0.10269781722326664       0.21121526671124116       0.38015228656755895       0.57939712371901053       0.86778904484008490        1.1577893167030273        1.5439537294307020        1.9755055948627818        2.3459208628452748        2.7677628707738720        3.1183383078690547        3.4733795398182292        3.7028077237677741        3.9382084321018378        4.1922470774477887        4.3352676760834772        4.5477258011208948        4.7154748594256573        1.2177735587447314E-003   1.2521519548040995E-003   9.6876190824608810E-004   1.1218096498207034E-003   1.0657051164663562E-003   1.2636468375401592E-003   1.6695220277920220E-003   1.1961423642872571E-003   1.8638734088564446E-003   1.0859149800966107E-003   2.0027716152637171E-003   1.4322745581294271E-003   2.0230047004331604E-003   1.6742323449127979E-003   1.6351631568304998E-003   1.5495153776400720E-003   1.5912007351290573E-003   2.1767613233524032E-003   2.4442520639974090E-003   2.5141826558277053E-003   2.9863809354656067E-003   2.6229173292445346E-003   3.4747580102631121E-003   3.0231608021066623E-003   2.7772798229016801E-003   5.0035867551506564E-003   2.9632842781321602E-003   6.7106290356123517E-003   5.9955566844554437E-003   5.9064658474913979E-003   8.1236568638068159E-003   6.5784683435053610E-003   7.6783237775100779E-003   1.0440904755102646E-002   9.2095183273099984E-003   1.2806023313623188E-002   1.6858563361707657E-002   2.4570015395298787E-002   2.3394193811284599E-002   4.6915242646659132E-002   4.7835343281699069E-002   6.4760219982997996E-002   7.7643928491227657E-002   8.9666046412960235E-002   4.8426092115705595E-002   4.2425672468559723E-002   4.5925598300689416E-002   8.0492911973665832E-003   3.6003789377873498E-002   5.7582591405815359E-003   5.8130853825690623E-003
         117   1.0372533141938328E-003   3.0320136703632382E-004  -3.3117491730703220E-004  -7.8813262400571926E-004   2.9860445670285035E-004   1.3936563003089460E-003  -6.4459259296677446E-004   1.4552082579133323E-003   2.8850920151026632E-004   1.5475959859698604E-003   5.0736106620275770E-004  -5.4995520302318450E-004   1.2042906262390673E-003  -5.8097304312950391E-004   1.5250571702181913E-003  -2.7173888050238213E-003   1.9054608621783774E-003   3.4635084445625068E-004   1.6035902469046473E-003   2.3499959360940570E-003  -1.1827532001588415E-003   2.2667225682708124E-003  -2.7583810568930080E-003   1.5171023663340763E-003   2.8638412932883448E-003   1.8540888388153124E-003   3.3020000223460974E-003  -2.3206732737563393E-003   6.5411887365776555E-003   1.4863537094357534E-002   2.2143598967358329E-002   3.7195703883308305E-002   7.8050100963076491E-002  0.13118145490165989       0.24819209874181325       0.43344677683274507       0.64606063278405457       0.94470553557429360        1.2330699896533892        1.6220342459025552        2.0412814386809943        2.4046366455820816        2.8065656413284996        3.1467210485939172        3.4845496793081829        3.7193736939401396        3.9393701144426312        4.1922243317625343        4.3388295040306462        4.5428346632311341        4.7185658992598380        9.6169193516513552E-004   1.1439931979701392E-003   1.0253497549021229E-003   1.0424988243866800E-003   1.0152646227573332E-003   1.3054153768220177E-003   1.6638187884310026E-003   1.9851557387840003E-003   1.2812400538544343E-003   1.1476561375719011E-003   1.7048806932015181E-003   1.7517240882520357E-003   1.4033827299699026E-003   1.4483268912035387E-003   1.8740401725513859E-003   1.8152479713077585E-003   1.5877982494064780E-003   2.1669856898670261E-003   2.7563325373900450E-003   1.7699256511011314E-003   2.5873310550791834E-003   2.2811869286372332E-003   2.6067903153929543E-003   2.5350602930283295E-003   3.3021260328688789E-003   2.8809434380782772E-003   3.2953753123526114E-003   8.9191864469451605E-003   4.3390650557275567E-003   3.8535728629473559E-003   7.0126870000556544E-003   6.1650926885935342E-003   6.1071713768752148E-003   7.3551421553594903E-003   8.9349391975561219E-003   9.3829819704247305E-003   1.8109100147893627E-002   2.3630028540286521E-002   2.2899241519060198E-002   3.9732158816666162E-002   4.3972640030100506E-002   5.9780920562202383E-002   6.7608595831384524E-002   8.6427182328116386E-002   4.4907648957772967E-002   3.8045780156645163E-002   4.1449900303806027E-002   1.0254526960838048E-002   3.2636892297822906E-002   8.6426943078781824E-003   7.2789411714039038E-003
         118   9.1249552894932275E-004  -3.7884635885647851E-004   7.9430178326263885E-004  -1.1754690704466855E-003   1.3369062524812571E-004   1.5330919617463875E-004   7.9554720216015945E-004   2.3401885854433800E-003   4.6559789633070995E-004  -2.4538985724109875E-003   2.2326420342397317E-003  -4.7864347585756251E-004   7.7111321361895990E-004   4.6420661065598421E-004   1.7285487413502556E-003  -4.5759928523242390E-003  -7.9161836231248471E-004   6.8507274429274549E-004   1.5730299702469311E-003  -2.0407613042372100E-003  -2.8098629116671708E-003   1.9440228400788766E-003  -1.0673702944259814E-003  -7.0558989832872105E-004   7.0370375217759600E-004   3.3818870580089172E-003   1.9038247911932278E-003  -1.9677494241302743E-003   2.2813518932092085E-003   1.8688003401198507E-002   3.0420923260754937E-002   5.3858588571488744E-002  0.10179520025669345       0.17139463555476941       0.30258464396688040       0.49484443033437386       0.72098461255877599        1.0265997351699176        1.3195166168774071        1.7014799459518322        2.1053635359556195        2.4575947191373291        2.8596328351988047        3.1706618422126600        3.4996571928558664        3.7318558083606379        3.9502872456884592        4.1898747488077657        4.3361266171692723        4.5486865648739370        4.7161945420303661        9.2524032126421317E-004   1.1070774713961200E-003   1.4220057608851303E-003   1.7155695732673354E-003   9.4288097412322685E-004   1.2124208786548766E-003   1.2634738305745564E-003   1.0958025352201437E-003   1.3769545445374940E-003   1.2362793291841360E-003   1.3986845289009043E-003   1.3127596232071085E-003   1.6181253523950266E-003   2.1129332809891759E-003   1.6890599015332789E-003   2.6667225178315275E-003   1.7960587156841585E-003   2.2314789532291062E-003   2.9853686281221788E-003   1.6417443761807251E-003   2.9325635813817899E-003   2.5699334702000182E-003   3.2680493483947821E-003   1.7969127486880754E-003   4.3793327397023850E-003   2.6643579486188918E-003   2.9708421830705900E-003   5.5679407011144152E-003   4.8413465837868052E-003   4.9212693425797135E-003   6.2542046800412414E-003   5.2930144842372418E-003   5.9930125878888997E-003   9.3117765268798600E-003   1.1738846848788766E-002   1.2939729642345729E-002   1.7175124013188443E-002   2.3690810323176444E-002   2.1265525577890378E-002   3.7819738574760231E-002   4.2013586751752950E-002   5.5588962557887339E-002   5.9802387012432366E-002   7.3841279625965831E-002   4.1126102612215637E-002   3.4523309537790571E-002   3.8610406411769847E-002   1.0760000950233934E-002   3.0893876735837825E-002   9.5828605711353442E-003   5.7002551653893242E-003
         119   9.2010924056306763E-004  -6.9141066008320819E-004   2.3001589530534979E-004   2.1754288362160399E-005   1.1403345418882847E-003  -9.0573338468477517E-004  -7.3857997441066287E-005   4.3048539446835759E-004  -8.7268932218662651E-004  -6.8391308076498505E-004   1.6079100798649009E-003  -2.3308013679486494E-003   1.3887240318214932E-004  -1.1140834853151802E-004   2.2576199991721567E-003   1.5448996421450552E-003   1.4886496313812935E-003   5.5175507566726349E-004   3.2246642804549064E-004  -6.0183470707113882E-004  -2.1270162382714028E-003   1.5979862873019160E-003  -1.2443635468519993E-003  -6.8096606598698690E-004  -9.9750287266156751E-004   1.2332642527779593E-004   1.5105747449604609E-003   2.5231050254532050E-003   8.0420171300586915E-003   2.7032911288200026E-002   3.6813378654643091E-002   7.3073875497743801E-002  0.12823960311076027       0.21060827269137430       0.35508159761714653       0.57033053422310986       0.81403441244788388        1.1198214416707473        1.4080643159030521        1.7873265253750417        2.1734183418027491        2.5191530509448312        2.8993986040393835        3.2001991076738361        3.5170498821161971        3.7428561805952043        3.9487809788127795        4.1968479728908381        4.3463475645733194        4.5467637529765224        4.7187988537977175        1.3613598905683371E-003   1.2157833485452680E-003   9.2092606782124360E-004   1.2517722038100417E-003   1.3482596793667570E-003   1.1052991454748476E-003   1.0736043721796438E-003   1.1829766435858260E-003   1.2021231145742362E-003   1.3227881343237985E-003   1.2481683116479000E-003   1.0024665509025441E-003   2.0721740425574788E-003   1.3099199071536088E-003   1.2909961884667875E-003   1.6925394580613944E-003   2.8513323341949992E-003   2.4047097021712652E-003   1.9880634008451574E-003   3.0541067184997415E-003   3.1802679344719205E-003   3.4499019403874077E-003   2.0969518472668250E-003   2.7679192854373380E-003   2.5698294961033026E-003   5.5099282078252239E-003   2.6421340056545311E-003   5.1462272478015906E-003   6.2773164990848089E-003   6.6520184504259240E-003   7.4269871073206328E-003   5.7456550437192761E-003   4.0191227441912355E-003   8.1655153672315541E-003   1.3629352036958435E-002   1.1181814843175649E-002   1.3100869657834874E-002   2.1608905191050402E-002   1.9494407892978245E-002   3.0465743424247311E-002   3.7538374922706480E-002   5.2810593470375089E-002   5.6317351216067728E-002   6.6877672176442318E-002   3.6401953501788042E-002   3.2713738182383559E-002   3.5047829971927673E-002   1.1369267368664011E-002   2.8586529863437918E-002   6.0167608676525101E-003   7.6586474722024215E-003
         120  -1.2654577680420761E-003   6.4766226650008428E-004   1.7988329267647218E-003  -1.2274545406303192E-004  -1.4523340132433734E-003   4.7691972452276800E-005   1.4598581119116660E-004  -2.2957673577850331E-004  -6.9647637055399771E-005  -3.3631906840899084E-004   4.7555878174413592E-006  -6.0887951859865674E-004   3.2218812780295095E-004  -1.1698500539641158E-003  -8.7190914187945331E-004  -7.0941355406377684E-004  -2.2589765307645419E-003  -1.0596254572153094E-004  -5.4049769440316856E-004  -1.2027818875118364E-003   2.9512096090395187E-003  -9.6352332366961524E-005   1.9408782406499377E-003  -1.4754436986944605E-003   3.6412700463754823E-003   4.1371663688197806E-003   5.0799313221098199E-003   6.3793465338160436E-003   1.3440602639316289E-002   4.3940704916052238E-002   6.2716062983984078E-002  0.11380541017729144       0.16672240593639645       0.26715826962141098       0.42720079537405503       0.65560874317910667       0.90370755077621878        1.2117832260810686        1.5042952018434614        1.8689822545645745        2.2502730293602258        2.5894289360328355        2.9427402191987846        3.2304294145192589        3.5331897118963704        3.7547137373492401        3.9648859011050135        4.1921426254231147        4.3443920728150847        4.5427090214105501        4.7173931704533638        1.1351866076348858E-003   7.4802517559365868E-004   1.5176796479210127E-003   7.5620679569643945E-004   1.4112831148964892E-003   9.8232167606010002E-004   9.3149145097865742E-004   1.7147558838021149E-003   1.0345441471532658E-003   2.4427019341721925E-003   2.0239917454033121E-003   1.0694367448309430E-003   1.6172468977862834E-003   1.2943855706035721E-003   2.4296882490614929E-003   1.6547053926134873E-003   2.7009459781057624E-003   2.2060347423671694E-003   2.0952738844653672E-003   2.3676572326914789E-003   2.9271372270839205E-003   2.0178219830639861E-003   2.4097265965146064E-003   2.7890177034843775E-003   3.3259049440714024E-003   4.8673927682989183E-003   3.0118186232434897E-003   3.7695982971100587E-003   4.7462269872898671E-003   4.9218025199627277E-003   9.4799742737461459E-003   8.3826844764643763E-003   6.6324331772442150E-003   7.3375705819186798E-003   1.2159536422733269E-002   1.1441477287098708E-002   1.3356600993510038E-002   1.8557933695461888E-002   1.8360852890198499E-002   2.4748942457443676E-002   3.4145963384709627E-002   4.7284702991460786E-002   4.5929668408785582E-002   5.7376517654311267E-002   3.1372998557908913E-002   2.9842989609074038E-002   3.2013585036498413E-002   1.0648027195912452E-002   2.8836133922406346E-002   7.4796673091731625E-003   5.3474867720327227E-003
         121  -2.9019184420662167E-005   1.6058981510353085E-003  -1.1177073635096461E-003   2.7025868966188191E-004   1.9771711008583222E-004  -1.6829886417112081E-003  -1.4284291651189436E-003   4.1968529991829337E-004   2.0888869016460559E-003  -2.9440263181476325E-004  -8.8301402361078206E-004  -2.5405954896910365E-003  -1.9590657433798575E-003  -1.4371597335357078E-003   3.9325489406499429E-004  -1.1903923392147652E-003  -3.6004843547009862E-003   1.5942223058092214E-003  -1.2361107083029084E-003   2.8142140611783066E-003   8.4001304466261347E-004  -1.4120789226502999E-003   2.1208925940106563E-003   3.3983282285549535E-003   5.8981126842777877E-003   7.8625744686393814E-003   1.2290675233819881E-002   1.9014043014738729E-002   2.6410422724470497E-002   5.9777829953297806E-002   9.0221656035174985E-002  0.14881151042802027       0.22055706892949473       0.33309585288455129       0.50904855656312198       0.75258644206899905        1.0099304087360468        1.3162353933646185        1.5982353531847844        1.9585743680418235        2.3230843727003747        2.6616694337984006        2.9883160874471129        3.2646474721334613        3.5492370423923245        3.7642360862033142        3.9694782889639701        4.1904137102877703        4.3493860598168137        4.5467871039413170        4.7153733012016934        8.0727785120168359E-004   1.0908534442172350E-003   9.9491076375619056E-004   1.0393048608036352E-003   9.0408476154758301E-004   9.2527337555555042E-004   1.0176026687439533E-003   1.2586316654444138E-003   9.9416819758745673E-004   1.3732559747871213E-003   1.0333960079492227E-003   1.4229298650135034E-003   1.4428051094157554E-003   2.1664869930006366E-003   1.4813911653080677E-003   1.7590288638151394E-003   2.3015406994533541E-003   2.1804217237651156E-003   2.5935153175760117E-003   3.4424392259398730E-003   3.5139300755215245E-003   2.1593906378725341E-003   2.3513370665513541E-003   3.1148137578710152E-003   3.8461403014130578E-003   4.3976533153425226E-003   2.6157387876138199E-003   4.2714992154785332E-003   5.1182375294524241E-003   6.5520241693410039E-003   9.5024561625430565E-003   5.1943665000457450E-003   5.4070731588909829E-003   7.7147045950690732E-003   1.7760884545194200E-002   1.1771168960988244E-002   1.6661249956647584E-002   1.7277905079516973E-002   1.7079323430026210E-002   2.0148761427850138E-002   2.9638769495722250E-002   4.0696686034079804E-002   4.4600922315861886E-002   4.9788030058651365E-002   2.7794259536140786E-002   2.5094310353199631E-002   2.8932342763558223E-002   7.8558556436304442E-003   2.6701542915121040E-002   5.1431438502225375E-003   5.8644898402072099E-003
         122   7.3551706884584058E-004   1.0302531574854150E-004  -6.9665271702336210E-004  -5.4347865164480617E-004   5.6683158209429026E-004  -2.1367324870821781E-003  -2.8687844533983587E-005   2.0609944867145710E-003   6.8299071853078269E-004   1.0176229130454647E-003   7.2614360786552761E-004  -6.6934099216456506E-004   6.3701622638146803E-005  -1.9075397001355396E-003   3.2240233293514680E-004   2.6634675780178800E-004   8.7678578659845633E-004   1.6081713544542505E-003  -8.8194100005895004E-004   4.8100780189318263E-003   2.0151128927101041E-003   6.7610404690030500E-004   1.9970517352819227E-003   3.6897401200229312E-003   1.2819361259753231E-002   1.7153088110524108E-002   1.9295303091603974E-002   2.9383896397793860E-002   5.1081449062661780E-002   8.5229462054847341E-002  0.12914478086945516       0.20581222182671075       0.29200023785023005       0.41855733464093203       0.60974442257138806       0.85445346988410786        1.1205411659481956        1.4231177882240935        1.7062103998216247        2.0548083074000192        2.4055303983101486        2.7265078259661513        3.0311811210849515        3.2969901103337458        3.5683535016886494        3.7806810444323768        3.9715403328509566        4.1995169018408438        4.3479955900042455        4.5456244215753827        4.7175956485976069        1.3839602928160158E-003   9.1805642358860028E-004   1.2122557799090577E-003   1.3115172437123377E-003   1.2246600754774431E-003   1.5464613669133659E-003   8.0346088011144941E-004   1.0829106397227779E-003   1.3194278019996056E-003   1.2038641981169601E-003   1.8242580080656292E-003   1.1034354349532041E-003   1.2721839406190556E-003   1.5037693348971307E-003   2.4462450210777529E-003   1.7411891493550929E-003   2.2910621613561498E-003   1.4784025991280998E-003   1.8626812882205288E-003   2.8920876264319057E-003   2.3283817758454049E-003   1.6100666899032333E-003   2.9708544696959516E-003   2.2876150020903320E-003   3.1448746232706757E-003   3.1024746055447333E-003   3.3366433268836380E-003   3.6628939792462023E-003   4.7978867660929811E-003   6.0889290904745791E-003   8.0505808456962299E-003   5.3444686538350996E-003   5.3255448386172041E-003   7.4681230076976629E-003   1.2648912857944544E-002   1.2742092710374098E-002   1.2390489983358557E-002   1.3757572916851214E-002   1.3817664420977102E-002   1.7507221160638096E-002   2.6214565744788258E-002   3.4380721176004915E-002   3.6838233835465341E-002   4.2374593972346067E-002   2.5020769738842503E-002   2.4243610534078752E-002   2.5154612065259267E-002   9.1154942030992510E-003   2.5713667491192273E-002   3.2461276862389607E-003   6.3331406507859513E-003
         123  -2.5231232560639182E-004   9.7679597612791323E-004  -1.1141155207630338E-003   6.5515037330125499E-004  -2.0554319400188997E-004  -6.0207636357900089E-004  -5.0555693289689666E-004   2.0035618381119150E-003   6.8647522992236649E-004  -2.3603859314579072E-004  -7.0000511286632953E-004   1.2853684262352760E-004   1.0528452360123917E-003   1.1202403650495921E-003   1.6221754097039470E-003   1.5309693860570326E-003  -7.2566905610411329E-004   1.5074383956763398E-003   1.9166738711457868E-003   3.2024131964387692E-003   4.8302586665409063E-003   6.2099759587115038E-003   9.5081401276880875E-003   1.4296137050513769E-002   2.1788481941652425E-002   2.2609091507120958E-002   3.5698908778702083E-002   5.5892806721570938E-002   8.2746758210092378E-002  0.12373928333297726       0.17833914765392753       0.26940029493160417       0.37923686320151145       0.52979301978456228       0.73258205924943998       0.97579565983332339        1.2546200470940110        1.5467373356213205        1.8343211174078538        2.1642432857847953        2.4823777892766103        2.7903573651500126        3.0834578679251377        3.3297947528084930        3.5874089123545381        3.7989284377940673        3.9843271943246350        4.1967365361885225        4.3594279569376759        4.5445003940200328        4.7180302438034323        8.8726465917230064E-004   1.1753371892065702E-003   1.1615547001182049E-003   1.2461321057886299E-003   7.1559576110632713E-004   9.5119348202539185E-004   1.4579123890002912E-003   1.0904136570904974E-003   1.6793584205436448E-003   1.3242058314941641E-003   1.2654704089120280E-003   1.6010425395883464E-003   1.6096550619966424E-003   1.1688556986110879E-003   1.6718217674906420E-003   1.4620574446275484E-003   1.6353491663479460E-003   1.6202242461689515E-003   2.1925657638908894E-003   2.3742263177446953E-003   2.2456532387532106E-003   2.1910451724516679E-003   3.1486460573374262E-003   3.3361773984726269E-003   4.3054844862990497E-003   3.7240260610547117E-003   3.9656899383779367E-003   5.5226704420530707E-003   3.6282736376261515E-003   6.0190582160189162E-003   5.8823859688198346E-003   7.0015167927898444E-003   6.8163736892957729E-003   1.1703296773656923E-002   1.2465039634187951E-002   1.2524218523498118E-002   1.1338644727549583E-002   1.4863597870840500E-002   1.2150619151677880E-002   1.6270597265057293E-002   2.3639014219018276E-002   2.7547670260737161E-002   3.0835679110266787E-002   3.9003145373811304E-002   2.0613986069859959E-002   1.7352386637942835E-002   2.0965014531966863E-002   6.0909959029610385E-003   2.2198466018075614E-002   5.2104725164529462E-003   4.9555722486592591E-003
         124   1.1793564054699711E-003  -1.6946782244530204E-004  -3.8613524123421914E-004  -1.3314002630887905E-003  -5.0059124771782931E-004  -3.2355618367454624E-004   1.2368944999045105E-003   7.9156514292592580E-004   1.6389261427943711E-003   8.2681875067725083E-004   1.5509039058407138E-003  -1.0811110785232331E-003   1.0121672940555633E-003   1.6551898317223863E-003   2.0974785672109772E-003   5.2776468639508618E-003   3.4095700220744441E-003   6.2978540512576026E-003   9.4879749288098777E-003   4.8207372632198533E-003   8.4459445258051307E-003   1.4766013992788459E-002   2.0557044749474153E-002   2.9406453645320702E-002   4.1524846336381614E-002   5.2370953740321739E-002   7.3504149584962444E-002   9.7042139923674733E-002  0.13088194061169661       0.18833754358251739       0.25380416834822028       0.36998712668292211       0.49487029632196294       0.66139918969099598       0.88069151393169076        1.1288054536480874        1.3921177488727656        1.6835828511048223        1.9526226215761142        2.2706269596219206        2.5722501079929665        2.8585923399607620        3.1271747236247260        3.3625044295270827        3.6110032788243078        3.8068903857102696        3.9922903793190967        4.1947370469166172        4.3621128188137392        4.5440488172720750        4.7209955464410189        1.2883409032290424E-003   7.9218958588240509E-004   1.5122728628201251E-003   9.2183635372543055E-004   1.8882668550502183E-003   1.5371257254756690E-003   1.0947084868436923E-003   1.8124813731961269E-003   1.8136953786676100E-003   1.1367283280663905E-003   2.0236996534737511E-003   1.1256595535356314E-003   1.6768388976950630E-003   1.9315422677739942E-003   1.7448895316449064E-003   2.8407227234230987E-003   2.0783544379743609E-003   1.5740704840226697E-003   1.9036424741500579E-003   2.9237178958539068E-003   2.7764450250142626E-003   1.8062131795312274E-003   3.3856526574291878E-003   2.7257050884061784E-003   3.2698460885721490E-003   4.5473656193615311E-003   4.3324204632895153E-003   7.1039988363559969E-003   4.1529612947830159E-003   6.2076601603691071E-003   6.9256641464702385E-003   5.8511687296032965E-003   5.4623070240134748E-003   9.4387016541341209E-003   1.0446722707769956E-002   1.1411797059669838E-002   1.2337676633564998E-002   1.3213515361299983E-002   9.7940713175360735E-003   1.3260566816703952E-002   1.8004908839254936E-002   2.1272445714969130E-002   2.0613708492354842E-002   2.9380216719633950E-002   1.4692846593343327E-002   1.2990638726301231E-002   1.7843777820750483E-002   5.0393687949139374E-003   1.8063974028352411E-002   3.2915710951838956E-003   5.1331871350838885E-003
         125   1.4257726060223732E-003   9.9760863332547657E-004   1.6052960666124766E-003   1.4581834891166155E-003   8.8686700510962892E-004   3.3331467992020634E-003   4.4453507988845261E-003   9.6000205246072354E-004   1.9145201130789419E-003   3.6297114485604252E-003   5.7008105470147110E-003   5.7954099637946982E-003   6.9644691227330364E-003   6.5393712583921172E-003   9.7962556033900378E-003   8.9777579069665412E-003   9.3077027689027377E-003   1.5594527912906121E-002   1.7859216231357718E-002   2.5170923856505188E-002   3.3189735017948647E-002   3.4368809806839880E-002   4.2757576978279282E-002   5.8130148705350729E-002   7.6081127209157468E-002   9.8278530486458501E-002  0.12893744804068813       0.16600563176782387       0.21076609225860224       0.28540772164256895       0.37842521730386458       0.49964686969456001       0.64927109161287100       0.83068417872265543        1.0468539869729523        1.2921490612563185        1.5581466245727742        1.8285369968392564        2.0890179912879061        2.3808548307120514        2.6620592544332031        2.9314877582853094        3.1738692286915948        3.3961424840627972        3.6262004130092165        3.8204406133046200        4.0028568455894895        4.2042362161877760        4.3637153184117210        4.5436904913302554        4.7196265215991229        1.0622107070364457E-003   1.1697996848428558E-003   1.3539008098254113E-003   2.0121485401500905E-003   1.4406110203997525E-003   1.5040068436563536E-003   1.2712702316814168E-003   1.6787150321071447E-003   1.2831393679659157E-003   1.1412323211992582E-003   1.6475363582271782E-003   1.8390406232564769E-003   1.2551577710009246E-003   1.5566171007062894E-003   1.8287515876881605E-003   1.5487351280621404E-003   1.8291084707479309E-003   2.6186841064264467E-003   1.5971848013925148E-003   1.6700773017368999E-003   2.6518010587375023E-003   1.9163211106564947E-003   2.4047835541691968E-003   3.9159916272270270E-003   3.8229080331360333E-003   3.1323963183017287E-003   2.9812705464567881E-003   5.1235477557738801E-003   3.1600768149860651E-003   5.3585080341614607E-003   7.6453378825383491E-003   4.9789818411481541E-003   5.8783603178418483E-003   8.5370695624545790E-003   8.3508406083650406E-003   8.2874677881063057E-003   1.1156197626620396E-002   9.9419553146982143E-003   9.4035014737525024E-003   8.8370685149853755E-003   1.4247525640703806E-002   1.9052780954679147E-002   1.6819707846794409E-002   2.0456284272485092E-002   1.2076547480604107E-002   1.0511517786852775E-002   1.4532961655089558E-002   5.3243920170761008E-003   1.4794489466837849E-002   6.5402641683000983E-003   4.9181779306987873E-003
         126   9.0801637316025533E-003   8.5324240574544373E-003   7.9977357872354528E-003   9.0873487223645869E-003   9.9033031636961855E-003   9.8348612990985362E-003   1.3488260607265150E-002   1.3833528101195825E-002   1.4323322848232449E-002   1.8378271930406802E-002   1.5301429700474482E-002   1.9312996065258100E-002   2.3674340892343278E-002   2.6502212990376705E-002   3.0448879653248589E-002   3.6712946805335524E-002   3.8409557077862644E-002   4.4881339838112558E-002   5.0997578640864231E-002   6.1186730648898242E-002   7.8326038785963850E-002   8.5474373651695981E-002  0.10696951926077156       0.12714901352360619       0.15415844361002187       0.18562289320684655       0.22987918966864315       0.28009945981058260       0.34472681451230935       0.42773169500496433       0.54406098409715720       0.68062053503342701       0.84276014006095723        1.0346937455521064        1.2449674369127757        1.4936048057740556        1.7435788185144883        2.0013559476465259        2.2357626943904418        2.5122051724168930        2.7526941320538585        2.9924005973447505        3.2203978898760308        3.4371120376969198        3.6419336883062892        3.8397201554453710        4.0107137660369450        4.2016734179756741        4.3734397831201139        4.5495351286742842        4.7190475874334421        9.6267198819786459E-004   7.3652919518464414E-004   1.1005003650550993E-003   1.1454701159982704E-003   9.9822217923347290E-004   1.2748442520887349E-003   9.9031652539050496E-004   9.0488638034993507E-004   1.1475624892109757E-003   1.2928754149713847E-003   1.3501421393240299E-003   2.1429051712848041E-003   1.2847060640754789E-003   1.7586242559320621E-003   1.1129612888848845E-003   1.6489154721460388E-003   2.1084279368506951E-003   2.6113467188313678E-003   2.7345316791633125E-003   2.2732677408061953E-003   2.8945045779535778E-003   2.7299268021476150E-003   2.1622600027188712E-003   3.2116377445295012E-003   4.7885459298907104E-003   2.9896601846529699E-003   3.4093932101465899E-003   3.7120487958630433E-003   5.3978367741641395E-003   5.3789765163501837E-003   7.5766352340316187E-003   4.8941014541451344E-003   5.9536937055051035E-003   6.1568673293474208E-003   5.3321040233622052E-003   1.1614720377227637E-002   6.4648847173346836E-003   8.9380664361837954E-003   8.9951800917847744E-003   6.7801536607591788E-003   1.1449891249693938E-002   1.2683761662226206E-002   1.2273626722198507E-002   1.4786420904956523E-002   9.4317508157099363E-003   8.0340861253392851E-003   1.0680974327645087E-002   6.4405740157694015E-003   1.0908980837589295E-002   5.2185122230753011E-003   5.5971312431911937E-003
         127   3.6563168092387945E-002   3.7292094014346661E-002   4.1919864202682407E-002   4.2286813205072098E-002   4.5419530359976451E-002   4.8925650916155826E-002   5.2049488485795034E-002   5.8110013185881153E-002   6.0660106014827998E-002   6.6850685767800663E-002   6.9914768668080607E-002   7.6491690434919268E-002   8.3090762006856014E-002   9.2557243232881115E-002  0.10202830579819824       0.11148713959150008       0.11756788267658930       0.13413878558991829       0.14821201373523904       0.16078202915246056       0.18608270067922988       0.20830479503083069       0.23753672479168586       0.26828396134881211       0.31319593796836886       0.35258109254275138       0.41584535964944802       0.47922986910404841       0.55521716387305209       0.66133324074637856       0.78631980014175973       0.93806065482838652        1.1078983622833471        1.2859400690394089        1.4923425911493107        1.7167245408776877        1.9430126459443915        2.1858721474135518        2.3979328388670442        2.6389510192664192        2.8581200144935792        3.0739002282141867        3.2841289431661651        3.4740567348780642        3.6709844181636715        3.8655834180206785        4.0352822108314736        4.2138007196825873        4.3854026862100897        4.5529047575921631        4.7279612845498882        1.1242209859410742E-003   8.4892914261597567E-004   1.2856415254652311E-003   1.6745557771358026E-003   1.2017435870650020E-003   1.8708548633642383E-003   1.4338979719016012E-003   2.3205091575413013E-003   1.4224790485643725E-003   1.3085228556171211E-003   8.2739516350162899E-004   1.4543384643775960E-003   1.1514907292280755E-003   2.1857171539496939E-003   1.6296432575751425E-003   2.1368177591205477E-003   1.8513447229676753E-003   1.7298251262791377E-003   2.3427937821159455E-003   3.2397677598235857E-003   2.4756635299736278E-003   3.5278391664544414E-003   2.0907744723179813E-003   2.9795436807552498E-003   2.9454789004659298E-003   3.2980716569528056E-003   2.9600509977002159E-003   3.9542367363131934E-003   4.7927110033461808E-003   6.5620877538508536E-003   5.3283242653544552E-003   5.3124647283370272E-003   5.1073457946749458E-003   6.9684176727009221E-003   5.9039994609890335E-003   7.4508130323523583E-003   6.0702468822279145E-003   7.5794514162116485E-003   5.5319195264887256E-003   6.2906628861940737E-003   8.9975842622457072E-003   1.2353390389487767E-002   6.0792533030957540E-003   7.8159483112088673E-003   5.9072375839941934E-003   7.4174449138132269E-003   9.0788048372002130E-003   4.1441202707377884E-003   6.6875844179635725E-003   4.8405963911668922E-003   4.2065726490780834E-003
         128  0.19235843546748696       0.19996778284889757       0.20440277028290640       0.21120471277166977       0.21915059923227312       0.22923156939183967       0.23744647885434550       0.24616067739213054       0.25442711931185047       0.26519444729620045       0.27438908567806108       0.28567718262270181       0.30000834175314328       0.31478896814407925       0.33057204695032233       0.35031277992620702       0.36531162771831827       0.38528516420307535       0.41223326367688851       0.43724242909601185       0.46851947535923977       0.50048550544211690       0.53666203225782028       0.57597193383496148       0.63158308541877572       0.68247913986553599       0.75295225655205722       0.83372385200104715       0.91716193152728087        1.0301041710329906        1.1486814858207053        1.2920259422077569        1.4628877038705628        1.6299496324198788        1.8191670616697262        2.0172087466697661        2.2167795266824588        2.4379554624537856        2.6280198620233262        2.8508562403898225        3.0450894113747533        3.2364668447896840        3.4323467815169364        3.6068437905540587        3.7882547599907999        3.9771097820704413        4.1393774118441398        4.3092284410819479        4.4760062972713728        4.6453266276035512        4.8143554195148077        1.0561460334629056E-003   1.2174898722177229E-003   1.2213148164078409E-003   2.0232074320246391E-003   1.6042410383780232E-003   1.1785745463303492E-003   1.5635044793232986E-003   1.0432208997696042E-003   1.5932449544699408E-003   1.2258731989527919E-003   2.1336223170706045E-003   1.8925193946438493E-003   2.4369983056361198E-003   2.2383864416306415E-003   2.2907285066814990E-003   2.4933175935974486E-003   2.0019283060112186E-003   3.3311071374156802E-003   2.8738462668358037E-003   2.6221816696174881E-003   3.0012939827560553E-003   2.1821455097958916E-003   5.7013127067061884E-003   2.7526029860984610E-003   4.1589067080297906E-003   4.8245359657812957E-003   3.4619950988572855E-003   4.6892178294616225E-003   4.2583012200139601E-003   7.0315943263789416E-003   5.9322188584565788E-003   5.2522109531756038E-003   4.0504739525573106E-003   6.6153355224301156E-003   4.3624734648686951E-003   7.3982640902711221E-003   6.9540176619946967E-003   9.1775481468367500E-003   6.4113250549254104E-003   6.9682695347608320E-003   9.5209749302233842E-003   1.1887176905636164E-002   6.8909863952174126E-003   6.9380019891782437E-003   7.0925808654944689E-003   8.1654414787254749E-003   7.2627631863216449E-003   6.1407393554996732E-003   5.7158616701094957E-003   8.8931563420083497E-003   8.1025414145163115E-003
