

*******************************************************************************
Fri Jan 30 13:01:23 2026


FIT:    data read from 'corrfunc.dat' u 1:column2[i]:column3[i] every ::1::(L-1)
        format = x:z:s
        #datapoints = 15
function used for fitting: f(x,a,mr,c)
	f(x,a,mr,c)=a*cosh((x-L/2)/mr)+c
fitted parameters initialized with current variable values

iter      chisq       delta/lim  lambda   a             mr            c            
   0 7.0763164648e+06   0.00e+00  5.62e+02    1.000000e-01   2.100000e+00   1.000000e+00
 156 8.8564595567e+00  -4.35e-04  5.62e-03    1.474093e-06   6.461834e-01  -4.030673e-04

After 156 iterations the fit converged.
final sum of squares of residuals : 8.85646
rel. change during last iteration : -4.3499e-09

degrees of freedom    (FIT_NDF)                        : 12
rms of residuals      (FIT_STDFIT) = sqrt(WSSR/ndf)    : 0.859092
variance of residuals (reduced chisquare) = WSSR/ndf   : 0.738038
p-value of the Chisq distribution (FIT_P)              : 0.715139

Final set of parameters            Asymptotic Standard Error
=======================            ==========================
a               = 1.47409e-06      +/- 1.876e-06    (127.3%)
mr              = 0.646183         +/- 0.07645      (11.83%)
c               = -0.000403067     +/- 0.000598     (148.4%)

correlation matrix of the fit parameters:
                a      mr     c      
a               1.000 
mr              0.999  1.000 
c              -0.499 -0.487  1.000 


*******************************************************************************
Fri Jan 30 13:01:23 2026


FIT:    data read from 'corrfunc.dat' u 1:column2[i]:column3[i] every ::1::(L-1)
        format = x:z:s
        #datapoints = 15
function used for fitting: f(x,a,mr,c)
	f(x,a,mr,c)=a*cosh((x-L/2)/mr)+c
fitted parameters initialized with current variable values

iter      chisq       delta/lim  lambda   a             mr            c            
   0 2.0740145021e+01   0.00e+00  4.08e+01    1.474093e-06   6.461834e-01  -4.030673e-04
  95 1.7047255907e+01  -8.41e-02  4.08e-04    1.664108e-07   5.407256e-01   4.709183e-04

After 95 iterations the fit converged.
final sum of squares of residuals : 17.0473
rel. change during last iteration : -8.40845e-07

degrees of freedom    (FIT_NDF)                        : 12
rms of residuals      (FIT_STDFIT) = sqrt(WSSR/ndf)    : 1.19189
variance of residuals (reduced chisquare) = WSSR/ndf   : 1.4206
p-value of the Chisq distribution (FIT_P)              : 0.147828

Final set of parameters            Asymptotic Standard Error
=======================            ==========================
a               = 1.66411e-07      +/- 4.664e-07    (280.3%)
mr              = 0.540726         +/- 0.1178       (21.79%)
c               = 0.000470918      +/- 0.0007856    (166.8%)

correlation matrix of the fit parameters:
                a      mr     c      
a               1.000 
mr              1.000  1.000 
c              -0.422 -0.415  1.000 


*******************************************************************************
Fri Jan 30 13:01:23 2026


FIT:    data read from 'corrfunc.dat' u 1:column2[i]:column3[i] every ::1::(L-1)
        format = x:z:s
        #datapoints = 15
function used for fitting: f(x,a,mr,c)
	f(x,a,mr,c)=a*cosh((x-L/2)/mr)+c
fitted parameters initialized with current variable values

iter      chisq       delta/lim  lambda   a             mr            c            
   0 1.0452694508e+01   0.00e+00  5.04e+01    1.664108e-07   5.407256e-01   4.709183e-04
   6 3.6716221438e+00  -3.48e-02  5.04e-05    1.454166e-07   5.308725e-01  -2.739499e-04

After 6 iterations the fit converged.
final sum of squares of residuals : 3.67162
rel. change during last iteration : -3.48343e-07

degrees of freedom    (FIT_NDF)                        : 12
rms of residuals      (FIT_STDFIT) = sqrt(WSSR/ndf)    : 0.553144
variance of residuals (reduced chisquare) = WSSR/ndf   : 0.305969
p-value of the Chisq distribution (FIT_P)              : 0.98866

Final set of parameters            Asymptotic Standard Error
=======================            ==========================
a               = 1.45417e-07      +/- 1.678e-07    (115.4%)
mr              = 0.530873         +/- 0.04668      (8.794%)
c               = -0.00027395      +/- 0.0003943    (143.9%)

correlation matrix of the fit parameters:
                a      mr     c      
a               1.000 
mr              1.000  1.000 
c              -0.483 -0.476  1.000 


*******************************************************************************
Fri Jan 30 13:01:23 2026


FIT:    data read from 'corrfunc.dat' u 1:column2[i]:column3[i] every ::1::(L-1)
        format = x:z:s
        #datapoints = 15
function used for fitting: f(x,a,mr,c)
	f(x,a,mr,c)=a*cosh((x-L/2)/mr)+c
fitted parameters initialized with current variable values

iter      chisq       delta/lim  lambda   a             mr            c            
   0 1.7136757919e+01   0.00e+00  4.11e+01    1.454166e-07   5.308725e-01  -2.739499e-04
  17 3.6144568167e+00  -3.31e-01  4.11e-05    1.965148e-07   5.376703e-01   4.373462e-04

After 17 iterations the fit converged.
final sum of squares of residuals : 3.61446
rel. change during last iteration : -3.31219e-06

degrees of freedom    (FIT_NDF)                        : 12
rms of residuals      (FIT_STDFIT) = sqrt(WSSR/ndf)    : 0.548821
variance of residuals (reduced chisquare) = WSSR/ndf   : 0.301205
p-value of the Chisq distribution (FIT_P)              : 0.989433

Final set of parameters            Asymptotic Standard Error
=======================            ==========================
a               = 1.96515e-07      +/- 1.966e-07    (100.1%)
mr              = 0.53767          +/- 0.04157      (7.731%)
c               = 0.000437346      +/- 0.0004522    (103.4%)

correlation matrix of the fit parameters:
                a      mr     c      
a               1.000 
mr              1.000  1.000 
c              -0.508 -0.499  1.000 


*******************************************************************************
Fri Jan 30 13:01:23 2026


FIT:    data read from 'corrfunc.dat' u 1:column2[i]:column3[i] every ::1::(L-1)
        format = x:z:s
        #datapoints = 15
function used for fitting: f(x,a,mr,c)
	f(x,a,mr,c)=a*cosh((x-L/2)/mr)+c
fitted parameters initialized with current variable values

iter      chisq       delta/lim  lambda   a             mr            c            
   0 1.0379983389e+01   0.00e+00  5.06e+01    1.965148e-07   5.376703e-01   4.373462e-04
 223 7.1124852348e+00  -9.81e-01  5.06e-05    1.761934e-06   6.458768e-01  -7.579788e-04

After 223 iterations the fit converged.
final sum of squares of residuals : 7.11249
rel. change during last iteration : -9.81105e-06

degrees of freedom    (FIT_NDF)                        : 12
rms of residuals      (FIT_STDFIT) = sqrt(WSSR/ndf)    : 0.769875
variance of residuals (reduced chisquare) = WSSR/ndf   : 0.592707
p-value of the Chisq distribution (FIT_P)              : 0.850091

Final set of parameters            Asymptotic Standard Error
=======================            ==========================
a               = 1.76193e-06      +/- 1.726e-06    (97.97%)
mr              = 0.645877         +/- 0.05867      (9.084%)
c               = -0.000757979     +/- 0.0005799    (76.51%)

correlation matrix of the fit parameters:
                a      mr     c      
a               1.000 
mr              0.999  1.000 
c              -0.547 -0.536  1.000 


*******************************************************************************
Fri Jan 30 13:01:24 2026


FIT:    data read from 'corrfunc.dat' u 1:column2[i]:column3[i] every ::1::(L-1)
        format = x:z:s
        #datapoints = 15
function used for fitting: f(x,a,mr,c)
	f(x,a,mr,c)=a*cosh((x-L/2)/mr)+c
fitted parameters initialized with current variable values

iter      chisq       delta/lim  lambda   a             mr            c            
   0 2.7860148310e+01   0.00e+00  4.61e+01    1.761934e-06   6.458768e-01  -7.579788e-04
   6 1.0993719736e+01  -2.03e-03  4.61e-05    1.928905e-06   6.468955e-01   7.832019e-04

After 6 iterations the fit converged.
final sum of squares of residuals : 10.9937
rel. change during last iteration : -2.0273e-08

degrees of freedom    (FIT_NDF)                        : 12
rms of residuals      (FIT_STDFIT) = sqrt(WSSR/ndf)    : 0.957154
variance of residuals (reduced chisquare) = WSSR/ndf   : 0.916143
p-value of the Chisq distribution (FIT_P)              : 0.529457

Final set of parameters            Asymptotic Standard Error
=======================            ==========================
a               = 1.9289e-06       +/- 2.258e-06    (117.1%)
mr              = 0.646895         +/- 0.07027      (10.86%)
c               = 0.000783202      +/- 0.0007418    (94.72%)

correlation matrix of the fit parameters:
                a      mr     c      
a               1.000 
mr              1.000  1.000 
c              -0.526 -0.514  1.000 


*******************************************************************************
Fri Jan 30 13:01:24 2026


FIT:    data read from 'corrfunc.dat' u 1:column2[i]:column3[i] every ::1::(L-1)
        format = x:z:s
        #datapoints = 15
function used for fitting: f(x,a,mr,c)
	f(x,a,mr,c)=a*cosh((x-L/2)/mr)+c
fitted parameters initialized with current variable values

iter      chisq       delta/lim  lambda   a             mr            c            
   0 1.5606108090e+01   0.00e+00  5.08e+01    1.928905e-06   6.468955e-01   7.832019e-04
   6 1.1119432118e+01  -3.26e-02  5.08e-05    2.588374e-06   6.604696e-01   2.921924e-04

After 6 iterations the fit converged.
final sum of squares of residuals : 11.1194
rel. change during last iteration : -3.25773e-07

degrees of freedom    (FIT_NDF)                        : 12
rms of residuals      (FIT_STDFIT) = sqrt(WSSR/ndf)    : 0.962611
variance of residuals (reduced chisquare) = WSSR/ndf   : 0.926619
p-value of the Chisq distribution (FIT_P)              : 0.518712

Final set of parameters            Asymptotic Standard Error
=======================            ==========================
a               = 2.58837e-06      +/- 2.271e-06    (87.74%)
mr              = 0.66047          +/- 0.05491      (8.314%)
c               = 0.000292192      +/- 0.0007873    (269.4%)

correlation matrix of the fit parameters:
                a      mr     c      
a               1.000 
mr              0.999  1.000 
c              -0.545 -0.529  1.000 


*******************************************************************************
Fri Jan 30 13:01:24 2026


FIT:    data read from 'corrfunc.dat' u 1:column2[i]:column3[i] every ::1::(L-1)
        format = x:z:s
        #datapoints = 15
function used for fitting: f(x,a,mr,c)
	f(x,a,mr,c)=a*cosh((x-L/2)/mr)+c
fitted parameters initialized with current variable values

iter      chisq       delta/lim  lambda   a             mr            c            
   0 2.3718741669e+01   0.00e+00  4.18e+01    2.588374e-06   6.604696e-01   2.921924e-04
  87 1.2922554251e+01  -5.13e-03  4.18e-05    1.444372e-05   7.811629e-01   1.318123e-04

After 87 iterations the fit converged.
final sum of squares of residuals : 12.9226
rel. change during last iteration : -5.1289e-08

degrees of freedom    (FIT_NDF)                        : 12
rms of residuals      (FIT_STDFIT) = sqrt(WSSR/ndf)    : 1.03773
variance of residuals (reduced chisquare) = WSSR/ndf   : 1.07688
p-value of the Chisq distribution (FIT_P)              : 0.374695

Final set of parameters            Asymptotic Standard Error
=======================            ==========================
a               = 1.44437e-05      +/- 1.283e-05    (88.83%)
mr              = 0.781163         +/- 0.07796      (9.98%)
c               = 0.000131812      +/- 0.0008867    (672.7%)

correlation matrix of the fit parameters:
                a      mr     c      
a               1.000 
mr              0.999  1.000 
c              -0.539 -0.523  1.000 


*******************************************************************************
Fri Jan 30 13:01:24 2026


FIT:    data read from 'corrfunc.dat' u 1:column2[i]:column3[i] every ::1::(L-1)
        format = x:z:s
        #datapoints = 15
function used for fitting: f(x,a,mr,c)
	f(x,a,mr,c)=a*cosh((x-L/2)/mr)+c
fitted parameters initialized with current variable values

iter      chisq       delta/lim  lambda   a             mr            c            
   0 2.7376108360e+01   0.00e+00  4.60e+01    1.444372e-05   7.811629e-01   1.318123e-04
 204 1.0433621773e+01  -4.20e-02  4.60e-05    7.118774e-07   5.813791e-01   1.330402e-03

After 204 iterations the fit converged.
final sum of squares of residuals : 10.4336
rel. change during last iteration : -4.20211e-07

degrees of freedom    (FIT_NDF)                        : 12
rms of residuals      (FIT_STDFIT) = sqrt(WSSR/ndf)    : 0.932453
variance of residuals (reduced chisquare) = WSSR/ndf   : 0.869468
p-value of the Chisq distribution (FIT_P)              : 0.577976

Final set of parameters            Asymptotic Standard Error
=======================            ==========================
a               = 7.11877e-07      +/- 8.367e-07    (117.5%)
mr              = 0.581379         +/- 0.05702      (9.807%)
c               = 0.0013304        +/- 0.0007858    (59.06%)

correlation matrix of the fit parameters:
                a      mr     c      
a               1.000 
mr              1.000  1.000 
c              -0.505 -0.495  1.000 


*******************************************************************************
Fri Jan 30 13:01:24 2026


FIT:    data read from 'corrfunc.dat' u 1:column2[i]:column3[i] every ::1::(L-1)
        format = x:z:s
        #datapoints = 15
function used for fitting: f(x,a,mr,c)
	f(x,a,mr,c)=a*cosh((x-L/2)/mr)+c
fitted parameters initialized with current variable values

iter      chisq       delta/lim  lambda   a             mr            c            
   0 4.1300642795e+01   0.00e+00  7.81e+01    7.118774e-07   5.813791e-01   1.330402e-03
 274 1.0710173911e+01  -9.97e-02  7.81e-06    1.530370e-05   7.717110e-01   4.393095e-04

After 274 iterations the fit converged.
final sum of squares of residuals : 10.7102
rel. change during last iteration : -9.97183e-07

degrees of freedom    (FIT_NDF)                        : 12
rms of residuals      (FIT_STDFIT) = sqrt(WSSR/ndf)    : 0.94473
variance of residuals (reduced chisquare) = WSSR/ndf   : 0.892514
p-value of the Chisq distribution (FIT_P)              : 0.553907

Final set of parameters            Asymptotic Standard Error
=======================            ==========================
a               = 1.53037e-05      +/- 1.076e-05    (70.32%)
mr              = 0.771711         +/- 0.05972      (7.739%)
c               = 0.00043931       +/- 0.0008863    (201.7%)

correlation matrix of the fit parameters:
                a      mr     c      
a               1.000 
mr              0.999  1.000 
c              -0.630 -0.616  1.000 


*******************************************************************************
Fri Jan 30 13:01:24 2026


FIT:    data read from 'corrfunc.dat' u 1:column2[i]:column3[i] every ::1::(L-1)
        format = x:z:s
        #datapoints = 15
function used for fitting: f(x,a,mr,c)
	f(x,a,mr,c)=a*cosh((x-L/2)/mr)+c
fitted parameters initialized with current variable values

iter      chisq       delta/lim  lambda   a             mr            c            
   0 1.8074443224e+01   0.00e+00  4.68e+01    1.530370e-05   7.717110e-01   4.393095e-04
   6 1.5397320389e+01  -1.65e-03  4.68e-05    1.313234e-05   7.545278e-01  -4.566491e-05

After 6 iterations the fit converged.
final sum of squares of residuals : 15.3973
rel. change during last iteration : -1.65162e-08

degrees of freedom    (FIT_NDF)                        : 12
rms of residuals      (FIT_STDFIT) = sqrt(WSSR/ndf)    : 1.13274
variance of residuals (reduced chisquare) = WSSR/ndf   : 1.28311
p-value of the Chisq distribution (FIT_P)              : 0.220424

Final set of parameters            Asymptotic Standard Error
=======================            ==========================
a               = 1.31323e-05      +/- 9.451e-06    (71.97%)
mr              = 0.754528         +/- 0.05873      (7.783%)
c               = -4.56649e-05     +/- 0.001261     (2762%)

correlation matrix of the fit parameters:
                a      mr     c      
a               1.000 
mr              0.999  1.000 
c              -0.667 -0.646  1.000 


*******************************************************************************
Fri Jan 30 13:01:24 2026


FIT:    data read from 'corrfunc.dat' u 1:column2[i]:column3[i] every ::1::(L-1)
        format = x:z:s
        #datapoints = 15
function used for fitting: f(x,a,mr,c)
	f(x,a,mr,c)=a*cosh((x-L/2)/mr)+c
fitted parameters initialized with current variable values

iter      chisq       delta/lim  lambda   a             mr            c            
   0 2.6581625613e+01   0.00e+00  4.15e+01    1.313234e-05   7.545278e-01  -4.566491e-05
  10 7.3045218732e+00  -1.08e-04  4.15e-07    2.907700e-05   8.116603e-01  -1.554718e-03

After 10 iterations the fit converged.
final sum of squares of residuals : 7.30452
rel. change during last iteration : -1.07744e-09

degrees of freedom    (FIT_NDF)                        : 12
rms of residuals      (FIT_STDFIT) = sqrt(WSSR/ndf)    : 0.780199
variance of residuals (reduced chisquare) = WSSR/ndf   : 0.60871
p-value of the Chisq distribution (FIT_P)              : 0.836851

Final set of parameters            Asymptotic Standard Error
=======================            ==========================
a               = 2.9077e-05       +/- 1.445e-05    (49.69%)
mr              = 0.81166          +/- 0.04712      (5.805%)
c               = -0.00155472      +/- 0.0007637    (49.12%)

correlation matrix of the fit parameters:
                a      mr     c      
a               1.000 
mr              0.999  1.000 
c              -0.584 -0.567  1.000 


*******************************************************************************
Fri Jan 30 13:01:24 2026


FIT:    data read from 'corrfunc.dat' u 1:column2[i]:column3[i] every ::1::(L-1)
        format = x:z:s
        #datapoints = 15
function used for fitting: f(x,a,mr,c)
	f(x,a,mr,c)=a*cosh((x-L/2)/mr)+c
fitted parameters initialized with current variable values

iter      chisq       delta/lim  lambda   a             mr            c            
   0 2.0430049143e+01   0.00e+00  5.17e+01    2.907700e-05   8.116603e-01  -1.554718e-03
  28 1.1719096318e+01  -3.16e-02  5.17e-04    1.145882e-05   7.286059e-01  -3.008099e-04

After 28 iterations the fit converged.
final sum of squares of residuals : 11.7191
rel. change during last iteration : -3.16018e-07

degrees of freedom    (FIT_NDF)                        : 12
rms of residuals      (FIT_STDFIT) = sqrt(WSSR/ndf)    : 0.988226
variance of residuals (reduced chisquare) = WSSR/ndf   : 0.976591
p-value of the Chisq distribution (FIT_P)              : 0.468495

Final set of parameters            Asymptotic Standard Error
=======================            ==========================
a               = 1.14588e-05      +/- 9.12e-06     (79.59%)
mr              = 0.728606         +/- 0.06056      (8.312%)
c               = -0.00030081      +/- 0.001011     (336%)

correlation matrix of the fit parameters:
                a      mr     c      
a               1.000 
mr              0.999  1.000 
c              -0.535 -0.522  1.000 


*******************************************************************************
Fri Jan 30 13:01:24 2026


FIT:    data read from 'corrfunc.dat' u 1:column2[i]:column3[i] every ::1::(L-1)
        format = x:z:s
        #datapoints = 15
function used for fitting: f(x,a,mr,c)
	f(x,a,mr,c)=a*cosh((x-L/2)/mr)+c
fitted parameters initialized with current variable values

iter      chisq       delta/lim  lambda   a             mr            c            
   0 2.0045280133e+01   0.00e+00  4.66e+01    1.145882e-05   7.286059e-01  -3.008099e-04
  29 6.6754800582e+00  -5.36e-03  4.66e-05    3.198250e-05   8.095954e-01   4.961631e-04

After 29 iterations the fit converged.
final sum of squares of residuals : 6.67548
rel. change during last iteration : -5.3569e-08

degrees of freedom    (FIT_NDF)                        : 12
rms of residuals      (FIT_STDFIT) = sqrt(WSSR/ndf)    : 0.745849
variance of residuals (reduced chisquare) = WSSR/ndf   : 0.55629
p-value of the Chisq distribution (FIT_P)              : 0.878293

Final set of parameters            Asymptotic Standard Error
=======================            ==========================
a               = 3.19825e-05      +/- 1.713e-05    (53.57%)
mr              = 0.809595         +/- 0.05038      (6.222%)
c               = 0.000496163      +/- 0.0008245    (166.2%)

correlation matrix of the fit parameters:
                a      mr     c      
a               1.000 
mr              0.999  1.000 
c              -0.598 -0.584  1.000 


*******************************************************************************
Fri Jan 30 13:01:24 2026


FIT:    data read from 'corrfunc.dat' u 1:column2[i]:column3[i] every ::1::(L-1)
        format = x:z:s
        #datapoints = 15
function used for fitting: f(x,a,mr,c)
	f(x,a,mr,c)=a*cosh((x-L/2)/mr)+c
fitted parameters initialized with current variable values

iter      chisq       delta/lim  lambda   a             mr            c            
   0 1.5704541343e+01   0.00e+00  4.96e+01    3.198250e-05   8.095954e-01   4.961631e-04
   9 3.6897515286e+00  -2.37e-04  4.96e-05    7.143135e-05   8.819770e-01  -2.382587e-03

After 9 iterations the fit converged.
final sum of squares of residuals : 3.68975
rel. change during last iteration : -2.371e-09

degrees of freedom    (FIT_NDF)                        : 12
rms of residuals      (FIT_STDFIT) = sqrt(WSSR/ndf)    : 0.554508
variance of residuals (reduced chisquare) = WSSR/ndf   : 0.307479
p-value of the Chisq distribution (FIT_P)              : 0.988407

Final set of parameters            Asymptotic Standard Error
=======================            ==========================
a               = 7.14313e-05      +/- 2.151e-05    (30.12%)
mr              = 0.881977         +/- 0.03356      (3.805%)
c               = -0.00238259      +/- 0.0007551    (31.69%)

correlation matrix of the fit parameters:
                a      mr     c      
a               1.000 
mr              0.999  1.000 
c              -0.611 -0.589  1.000 


*******************************************************************************
Fri Jan 30 13:01:24 2026


FIT:    data read from 'corrfunc.dat' u 1:column2[i]:column3[i] every ::1::(L-1)
        format = x:z:s
        #datapoints = 15
function used for fitting: f(x,a,mr,c)
	f(x,a,mr,c)=a*cosh((x-L/2)/mr)+c
fitted parameters initialized with current variable values

iter      chisq       delta/lim  lambda   a             mr            c            
   0 4.2832061884e+01   0.00e+00  4.72e+01    7.143135e-05   8.819770e-01  -2.382587e-03
   6 1.2033576127e+01  -2.81e-02  4.72e-05    5.748863e-05   8.520125e-01   1.729458e-03

After 6 iterations the fit converged.
final sum of squares of residuals : 12.0336
rel. change during last iteration : -2.81352e-07

degrees of freedom    (FIT_NDF)                        : 12
rms of residuals      (FIT_STDFIT) = sqrt(WSSR/ndf)    : 1.0014
variance of residuals (reduced chisquare) = WSSR/ndf   : 1.0028
p-value of the Chisq distribution (FIT_P)              : 0.442987

Final set of parameters            Asymptotic Standard Error
=======================            ==========================
a               = 5.74886e-05      +/- 3.177e-05    (55.27%)
mr              = 0.852013         +/- 0.05745      (6.742%)
c               = 0.00172946       +/- 0.001508     (87.21%)

correlation matrix of the fit parameters:
                a      mr     c      
a               1.000 
mr              0.999  1.000 
c              -0.620 -0.598  1.000 


*******************************************************************************
Fri Jan 30 13:01:24 2026


FIT:    data read from 'corrfunc.dat' u 1:column2[i]:column3[i] every ::1::(L-1)
        format = x:z:s
        #datapoints = 15
function used for fitting: f(x,a,mr,c)
	f(x,a,mr,c)=a*cosh((x-L/2)/mr)+c
fitted parameters initialized with current variable values

iter      chisq       delta/lim  lambda   a             mr            c            
   0 3.4624177046e+01   0.00e+00  4.77e+01    5.748863e-05   8.520125e-01   1.729458e-03
  23 1.0939057288e+01  -1.27e-02  4.77e-05    1.163436e-04   9.176432e-01  -2.647780e-05

After 23 iterations the fit converged.
final sum of squares of residuals : 10.9391
rel. change during last iteration : -1.26803e-07

degrees of freedom    (FIT_NDF)                        : 12
rms of residuals      (FIT_STDFIT) = sqrt(WSSR/ndf)    : 0.954771
variance of residuals (reduced chisquare) = WSSR/ndf   : 0.911588
p-value of the Chisq distribution (FIT_P)              : 0.534149

Final set of parameters            Asymptotic Standard Error
=======================            ==========================
a               = 0.000116344      +/- 4.738e-05    (40.73%)
mr              = 0.917643         +/- 0.04927      (5.369%)
c               = -2.64778e-05     +/- 0.001317     (4973%)

correlation matrix of the fit parameters:
                a      mr     c      
a               1.000 
mr              0.998  1.000 
c              -0.656 -0.632  1.000 


*******************************************************************************
Fri Jan 30 13:01:24 2026


FIT:    data read from 'corrfunc.dat' u 1:column2[i]:column3[i] every ::1::(L-1)
        format = x:z:s
        #datapoints = 15
function used for fitting: f(x,a,mr,c)
	f(x,a,mr,c)=a*cosh((x-L/2)/mr)+c
fitted parameters initialized with current variable values

iter      chisq       delta/lim  lambda   a             mr            c            
   0 3.1792383380e+01   0.00e+00  4.68e+01    1.163436e-04   9.176432e-01  -2.647780e-05
  10 1.0659365378e+01  -2.09e-07  4.68e-02    2.116518e-04   9.814841e-01  -1.133395e-03

After 10 iterations the fit converged.
final sum of squares of residuals : 10.6594
rel. change during last iteration : -2.08509e-12

degrees of freedom    (FIT_NDF)                        : 12
rms of residuals      (FIT_STDFIT) = sqrt(WSSR/ndf)    : 0.942486
variance of residuals (reduced chisquare) = WSSR/ndf   : 0.88828
p-value of the Chisq distribution (FIT_P)              : 0.558314

Final set of parameters            Asymptotic Standard Error
=======================            ==========================
a               = 0.000211652      +/- 8.628e-05    (40.76%)
mr              = 0.981484         +/- 0.05628      (5.735%)
c               = -0.00113339      +/- 0.001423     (125.6%)

correlation matrix of the fit parameters:
                a      mr     c      
a               1.000 
mr              0.998  1.000 
c              -0.670 -0.649  1.000 


*******************************************************************************
Fri Jan 30 13:01:24 2026


FIT:    data read from 'corrfunc.dat' u 1:column2[i]:column3[i] every ::1::(L-1)
        format = x:z:s
        #datapoints = 15
function used for fitting: f(x,a,mr,c)
	f(x,a,mr,c)=a*cosh((x-L/2)/mr)+c
fitted parameters initialized with current variable values

iter      chisq       delta/lim  lambda   a             mr            c            
   0 4.2275814234e+01   0.00e+00  4.65e+01    2.116518e-04   9.814841e-01  -1.133395e-03
   6 4.9025496689e+00  -6.53e-07  4.65e-05    2.466708e-04   9.874442e-01   3.925527e-04

After 6 iterations the fit converged.
final sum of squares of residuals : 4.90255
rel. change during last iteration : -6.52761e-12

degrees of freedom    (FIT_NDF)                        : 12
rms of residuals      (FIT_STDFIT) = sqrt(WSSR/ndf)    : 0.639176
variance of residuals (reduced chisquare) = WSSR/ndf   : 0.408546
p-value of the Chisq distribution (FIT_P)              : 0.961155

Final set of parameters            Asymptotic Standard Error
=======================            ==========================
a               = 0.000246671      +/- 6.443e-05    (26.12%)
mr              = 0.987444         +/- 0.03644      (3.69%)
c               = 0.000392553      +/- 0.001088     (277.3%)

correlation matrix of the fit parameters:
                a      mr     c      
a               1.000 
mr              0.998  1.000 
c              -0.685 -0.664  1.000 


*******************************************************************************
Fri Jan 30 13:01:24 2026


FIT:    data read from 'corrfunc.dat' u 1:column2[i]:column3[i] every ::1::(L-1)
        format = x:z:s
        #datapoints = 15
function used for fitting: f(x,a,mr,c)
	f(x,a,mr,c)=a*cosh((x-L/2)/mr)+c
fitted parameters initialized with current variable values

iter      chisq       delta/lim  lambda   a             mr            c            
   0 3.6551124369e+01   0.00e+00  5.32e+01    2.466708e-04   9.874442e-01   3.925527e-04
   6 6.4780777535e+00  -5.86e-04  5.32e-05    3.043250e-04   1.003446e+00   6.447430e-04

After 6 iterations the fit converged.
final sum of squares of residuals : 6.47808
rel. change during last iteration : -5.85817e-09

degrees of freedom    (FIT_NDF)                        : 12
rms of residuals      (FIT_STDFIT) = sqrt(WSSR/ndf)    : 0.734738
variance of residuals (reduced chisquare) = WSSR/ndf   : 0.53984
p-value of the Chisq distribution (FIT_P)              : 0.890094

Final set of parameters            Asymptotic Standard Error
=======================            ==========================
a               = 0.000304325      +/- 8.742e-05    (28.73%)
mr              = 1.00345          +/- 0.04133      (4.119%)
c               = 0.000644743      +/- 0.001348     (209%)

correlation matrix of the fit parameters:
                a      mr     c      
a               1.000 
mr              0.999  1.000 
c              -0.662 -0.640  1.000 


*******************************************************************************
Fri Jan 30 13:01:24 2026


FIT:    data read from 'corrfunc.dat' u 1:column2[i]:column3[i] every ::1::(L-1)
        format = x:z:s
        #datapoints = 15
function used for fitting: f(x,a,mr,c)
	f(x,a,mr,c)=a*cosh((x-L/2)/mr)+c
fitted parameters initialized with current variable values

iter      chisq       delta/lim  lambda   a             mr            c            
   0 9.3024251269e+01   0.00e+00  6.27e+01    3.043250e-04   1.003446e+00   6.447430e-04
   8 1.1500536698e+01  -3.61e-02  6.27e-05    5.130061e-04   1.059410e+00  -3.045658e-03

After 8 iterations the fit converged.
final sum of squares of residuals : 11.5005
rel. change during last iteration : -3.60679e-07

degrees of freedom    (FIT_NDF)                        : 12
rms of residuals      (FIT_STDFIT) = sqrt(WSSR/ndf)    : 0.978968
variance of residuals (reduced chisquare) = WSSR/ndf   : 0.958378
p-value of the Chisq distribution (FIT_P)              : 0.486578

Final set of parameters            Asymptotic Standard Error
=======================            ==========================
a               = 0.000513006      +/- 0.0001694    (33.02%)
mr              = 1.05941          +/- 0.05281      (4.985%)
c               = -0.00304566      +/- 0.001835     (60.26%)

correlation matrix of the fit parameters:
                a      mr     c      
a               1.000 
mr              0.999  1.000 
c              -0.637 -0.615  1.000 


*******************************************************************************
Fri Jan 30 13:01:24 2026


FIT:    data read from 'corrfunc.dat' u 1:column2[i]:column3[i] every ::1::(L-1)
        format = x:z:s
        #datapoints = 15
function used for fitting: f(x,a,mr,c)
	f(x,a,mr,c)=a*cosh((x-L/2)/mr)+c
fitted parameters initialized with current variable values

iter      chisq       delta/lim  lambda   a             mr            c            
   0 1.2251143706e+02   0.00e+00  5.66e+01    5.130061e-04   1.059410e+00  -3.045658e-03
   6 4.7631506289e+00  -2.05e-04  5.66e-05    9.171723e-04   1.140878e+00   1.038956e-03

After 6 iterations the fit converged.
final sum of squares of residuals : 4.76315
rel. change during last iteration : -2.05142e-09

degrees of freedom    (FIT_NDF)                        : 12
rms of residuals      (FIT_STDFIT) = sqrt(WSSR/ndf)    : 0.630023
variance of residuals (reduced chisquare) = WSSR/ndf   : 0.396929
p-value of the Chisq distribution (FIT_P)              : 0.965426

Final set of parameters            Asymptotic Standard Error
=======================            ==========================
a               = 0.000917172      +/- 0.0001491    (16.26%)
mr              = 1.14088          +/- 0.03035      (2.66%)
c               = 0.00103896       +/- 0.001339     (128.9%)

correlation matrix of the fit parameters:
                a      mr     c      
a               1.000 
mr              0.997  1.000 
c              -0.691 -0.659  1.000 


*******************************************************************************
Fri Jan 30 13:01:24 2026


FIT:    data read from 'corrfunc.dat' u 1:column2[i]:column3[i] every ::1::(L-1)
        format = x:z:s
        #datapoints = 15
function used for fitting: f(x,a,mr,c)
	f(x,a,mr,c)=a*cosh((x-L/2)/mr)+c
fitted parameters initialized with current variable values

iter      chisq       delta/lim  lambda   a             mr            c            
   0 6.6110369495e+01   0.00e+00  6.19e+01    9.171723e-04   1.140878e+00   1.038956e-03
   9 5.3293851602e+00  -4.22e-06  6.19e-06    1.751921e-03   1.246001e+00  -6.544451e-03

After 9 iterations the fit converged.
final sum of squares of residuals : 5.32939
rel. change during last iteration : -4.22332e-11

degrees of freedom    (FIT_NDF)                        : 12
rms of residuals      (FIT_STDFIT) = sqrt(WSSR/ndf)    : 0.66642
variance of residuals (reduced chisquare) = WSSR/ndf   : 0.444115
p-value of the Chisq distribution (FIT_P)              : 0.946063

Final set of parameters            Asymptotic Standard Error
=======================            ==========================
a               = 0.00175192       +/- 0.000308     (17.58%)
mr              = 1.246            +/- 0.03852      (3.092%)
c               = -0.00654445      +/- 0.001673     (25.57%)

correlation matrix of the fit parameters:
                a      mr     c      
a               1.000 
mr              0.998  1.000 
c              -0.756 -0.733  1.000 


*******************************************************************************
Fri Jan 30 13:01:24 2026


FIT:    data read from 'corrfunc.dat' u 1:column2[i]:column3[i] every ::1::(L-1)
        format = x:z:s
        #datapoints = 15
function used for fitting: f(x,a,mr,c)
	f(x,a,mr,c)=a*cosh((x-L/2)/mr)+c
fitted parameters initialized with current variable values

iter      chisq       delta/lim  lambda   a             mr            c            
   0 1.1381772578e+02   0.00e+00  4.34e+01    1.751921e-03   1.246001e+00  -6.544451e-03
   5 3.6852218088e+00  -1.09e-04  4.34e-04    2.808950e-03   1.325856e+00  -3.512058e-03

After 5 iterations the fit converged.
final sum of squares of residuals : 3.68522
rel. change during last iteration : -1.09416e-09

degrees of freedom    (FIT_NDF)                        : 12
rms of residuals      (FIT_STDFIT) = sqrt(WSSR/ndf)    : 0.554168
variance of residuals (reduced chisquare) = WSSR/ndf   : 0.307102
p-value of the Chisq distribution (FIT_P)              : 0.98847

Final set of parameters            Asymptotic Standard Error
=======================            ==========================
a               = 0.00280895       +/- 0.0003807    (13.55%)
mr              = 1.32586          +/- 0.03424      (2.582%)
c               = -0.00351206      +/- 0.001626     (46.29%)

correlation matrix of the fit parameters:
                a      mr     c      
a               1.000 
mr              0.997  1.000 
c              -0.774 -0.744  1.000 


*******************************************************************************
Fri Jan 30 13:01:24 2026


FIT:    data read from 'corrfunc.dat' u 1:column2[i]:column3[i] every ::1::(L-1)
        format = x:z:s
        #datapoints = 15
function used for fitting: f(x,a,mr,c)
	f(x,a,mr,c)=a*cosh((x-L/2)/mr)+c
fitted parameters initialized with current variable values

iter      chisq       delta/lim  lambda   a             mr            c            
   0 1.0495798742e+02   0.00e+00  6.23e+01    2.808950e-03   1.325856e+00  -3.512058e-03
   6 1.3818214794e+01  -4.88e-03  6.23e-05    3.311784e-03   1.354201e+00   4.101541e-03

After 6 iterations the fit converged.
final sum of squares of residuals : 13.8182
rel. change during last iteration : -4.88219e-08

degrees of freedom    (FIT_NDF)                        : 12
rms of residuals      (FIT_STDFIT) = sqrt(WSSR/ndf)    : 1.07309
variance of residuals (reduced chisquare) = WSSR/ndf   : 1.15152
p-value of the Chisq distribution (FIT_P)              : 0.312467

Final set of parameters            Asymptotic Standard Error
=======================            ==========================
a               = 0.00331178       +/- 0.0007014    (21.18%)
mr              = 1.3542           +/- 0.05526      (4.081%)
c               = 0.00410154       +/- 0.002945     (71.8%)

correlation matrix of the fit parameters:
                a      mr     c      
a               1.000 
mr              0.997  1.000 
c              -0.762 -0.731  1.000 


*******************************************************************************
Fri Jan 30 13:01:24 2026


FIT:    data read from 'corrfunc.dat' u 1:column2[i]:column3[i] every ::1::(L-1)
        format = x:z:s
        #datapoints = 15
function used for fitting: f(x,a,mr,c)
	f(x,a,mr,c)=a*cosh((x-L/2)/mr)+c
fitted parameters initialized with current variable values

iter      chisq       delta/lim  lambda   a             mr            c            
   0 2.4445461747e+02   0.00e+00  5.02e+01    3.311784e-03   1.354201e+00   4.101541e-03
  15 9.8334880135e+00  -7.10e-04  5.02e-05    1.023646e-02   1.646217e+00  -1.142621e-02

After 15 iterations the fit converged.
final sum of squares of residuals : 9.83349
rel. change during last iteration : -7.10117e-09

degrees of freedom    (FIT_NDF)                        : 12
rms of residuals      (FIT_STDFIT) = sqrt(WSSR/ndf)    : 0.905239
variance of residuals (reduced chisquare) = WSSR/ndf   : 0.819457
p-value of the Chisq distribution (FIT_P)              : 0.630566

Final set of parameters            Asymptotic Standard Error
=======================            ==========================
a               = 0.0102365        +/- 0.001672     (16.33%)
mr              = 1.64622          +/- 0.06177      (3.752%)
c               = -0.0114262       +/- 0.003915     (34.26%)

correlation matrix of the fit parameters:
                a      mr     c      
a               1.000 
mr              0.996  1.000 
c              -0.885 -0.859  1.000 


*******************************************************************************
Fri Jan 30 13:01:24 2026


FIT:    data read from 'corrfunc.dat' u 1:column2[i]:column3[i] every ::1::(L-1)
        format = x:z:s
        #datapoints = 15
function used for fitting: f(x,a,mr,c)
	f(x,a,mr,c)=a*cosh((x-L/2)/mr)+c
fitted parameters initialized with current variable values

iter      chisq       delta/lim  lambda   a             mr            c            
   0 3.0969729386e+02   0.00e+00  5.39e+01    1.023646e-02   1.646217e+00  -1.142621e-02
   5 6.1851755251e+00  -9.02e-01  5.39e-04    1.814904e-02   1.831316e+00  -1.006771e-02

After 5 iterations the fit converged.
final sum of squares of residuals : 6.18518
rel. change during last iteration : -9.02426e-06

degrees of freedom    (FIT_NDF)                        : 12
rms of residuals      (FIT_STDFIT) = sqrt(WSSR/ndf)    : 0.717935
variance of residuals (reduced chisquare) = WSSR/ndf   : 0.515431
p-value of the Chisq distribution (FIT_P)              : 0.906461

Final set of parameters            Asymptotic Standard Error
=======================            ==========================
a               = 0.018149         +/- 0.002187     (12.05%)
mr              = 1.83132          +/- 0.05532      (3.021%)
c               = -0.0100677       +/- 0.004015     (39.88%)

correlation matrix of the fit parameters:
                a      mr     c      
a               1.000 
mr              0.997  1.000 
c              -0.906 -0.881  1.000 


*******************************************************************************
Fri Jan 30 13:01:24 2026


FIT:    data read from 'corrfunc.dat' u 1:column2[i]:column3[i] every ::1::(L-1)
        format = x:z:s
        #datapoints = 15
function used for fitting: f(x,a,mr,c)
	f(x,a,mr,c)=a*cosh((x-L/2)/mr)+c
fitted parameters initialized with current variable values

iter      chisq       delta/lim  lambda   a             mr            c            
   0 4.9409101803e+02   0.00e+00  6.03e+01    1.814904e-02   1.831316e+00  -1.006771e-02
   6 3.1511925351e+00  -1.07e-03  6.03e-05    1.922221e-02   1.781404e+00  -3.813093e-05

After 6 iterations the fit converged.
final sum of squares of residuals : 3.15119
rel. change during last iteration : -1.06891e-08

degrees of freedom    (FIT_NDF)                        : 12
rms of residuals      (FIT_STDFIT) = sqrt(WSSR/ndf)    : 0.512445
variance of residuals (reduced chisquare) = WSSR/ndf   : 0.262599
p-value of the Chisq distribution (FIT_P)              : 0.994379

Final set of parameters            Asymptotic Standard Error
=======================            ==========================
a               = 0.0192222        +/- 0.001696     (8.825%)
mr              = 1.7814           +/- 0.03768      (2.115%)
c               = -3.81309e-05     +/- 0.003683     (9660%)

correlation matrix of the fit parameters:
                a      mr     c      
a               1.000 
mr              0.998  1.000 
c              -0.918 -0.897  1.000 


*******************************************************************************
Fri Jan 30 13:01:24 2026


FIT:    data read from 'corrfunc.dat' u 1:column2[i]:column3[i] every ::1::(L-1)
        format = x:z:s
        #datapoints = 15
function used for fitting: f(x,a,mr,c)
	f(x,a,mr,c)=a*cosh((x-L/2)/mr)+c
fitted parameters initialized with current variable values

iter      chisq       delta/lim  lambda   a             mr            c            
   0 4.9279197262e+02   0.00e+00  5.89e+01    1.922221e-02   1.781404e+00  -3.813093e-05
   8 4.7171637622e+00  -1.20e-03  5.89e-07    3.531352e-02   2.024431e+00   5.677584e-03

After 8 iterations the fit converged.
final sum of squares of residuals : 4.71716
rel. change during last iteration : -1.19872e-08

degrees of freedom    (FIT_NDF)                        : 12
rms of residuals      (FIT_STDFIT) = sqrt(WSSR/ndf)    : 0.626974
variance of residuals (reduced chisquare) = WSSR/ndf   : 0.393097
p-value of the Chisq distribution (FIT_P)              : 0.966765

Final set of parameters            Asymptotic Standard Error
=======================            ==========================
a               = 0.0353135        +/- 0.003938     (11.15%)
mr              = 2.02443          +/- 0.06071      (2.999%)
c               = 0.00567758       +/- 0.006445     (113.5%)

correlation matrix of the fit parameters:
                a      mr     c      
a               1.000 
mr              0.997  1.000 
c              -0.948 -0.930  1.000 


*******************************************************************************
Fri Jan 30 13:01:24 2026


FIT:    data read from 'corrfunc.dat' u 1:column2[i]:column3[i] every ::1::(L-1)
        format = x:z:s
        #datapoints = 15
function used for fitting: f(x,a,mr,c)
	f(x,a,mr,c)=a*cosh((x-L/2)/mr)+c
fitted parameters initialized with current variable values

iter      chisq       delta/lim  lambda   a             mr            c            
   0 6.0637468233e+02   0.00e+00  5.04e+01    3.531352e-02   2.024431e+00   5.677584e-03
   6 7.8697030890e+00  -4.80e-02  5.04e-05    6.915079e-02   2.351327e+00  -7.644763e-03

After 6 iterations the fit converged.
final sum of squares of residuals : 7.8697
rel. change during last iteration : -4.80101e-07

degrees of freedom    (FIT_NDF)                        : 12
rms of residuals      (FIT_STDFIT) = sqrt(WSSR/ndf)    : 0.80982
variance of residuals (reduced chisquare) = WSSR/ndf   : 0.655809
p-value of the Chisq distribution (FIT_P)              : 0.795228

Final set of parameters            Asymptotic Standard Error
=======================            ==========================
a               = 0.0691508        +/- 0.009336     (13.5%)
mr              = 2.35133          +/- 0.0962       (4.091%)
c               = -0.00764476      +/- 0.01224      (160.1%)

correlation matrix of the fit parameters:
                a      mr     c      
a               1.000 
mr              0.997  1.000 
c              -0.976 -0.963  1.000 


*******************************************************************************
Fri Jan 30 13:01:24 2026


FIT:    data read from 'corrfunc.dat' u 1:column2[i]:column3[i] every ::1::(L-1)
        format = x:z:s
        #datapoints = 15
function used for fitting: f(x,a,mr,c)
	f(x,a,mr,c)=a*cosh((x-L/2)/mr)+c
fitted parameters initialized with current variable values

iter      chisq       delta/lim  lambda   a             mr            c            
   0 1.5815276269e+03   0.00e+00  6.46e+01    6.915079e-02   2.351327e+00  -7.644763e-03
   6 3.6322601110e+00  -2.34e-01  6.46e-05    1.530580e-01   2.963250e+00  -1.931144e-02

After 6 iterations the fit converged.
final sum of squares of residuals : 3.63226
rel. change during last iteration : -2.34163e-06

degrees of freedom    (FIT_NDF)                        : 12
rms of residuals      (FIT_STDFIT) = sqrt(WSSR/ndf)    : 0.550171
variance of residuals (reduced chisquare) = WSSR/ndf   : 0.302688
p-value of the Chisq distribution (FIT_P)              : 0.989196

Final set of parameters            Asymptotic Standard Error
=======================            ==========================
a               = 0.153058         +/- 0.01519      (9.923%)
mr              = 2.96325          +/- 0.1028       (3.468%)
c               = -0.0193114       +/- 0.01683      (87.14%)

correlation matrix of the fit parameters:
                a      mr     c      
a               1.000 
mr              0.998  1.000 
c              -0.992 -0.986  1.000 


*******************************************************************************
Fri Jan 30 13:01:24 2026


FIT:    data read from 'corrfunc.dat' u 1:column2[i]:column3[i] every ::1::(L-1)
        format = x:z:s
        #datapoints = 15
function used for fitting: f(x,a,mr,c)
	f(x,a,mr,c)=a*cosh((x-L/2)/mr)+c
fitted parameters initialized with current variable values

iter      chisq       delta/lim  lambda   a             mr            c            
   0 1.0976588304e+03   0.00e+00  4.80e+01    1.530580e-01   2.963250e+00  -1.931144e-02
   7 7.6467209431e+00  -3.11e-07  4.80e-06    1.823190e-01   3.066380e+00   3.667198e-02

After 7 iterations the fit converged.
final sum of squares of residuals : 7.64672
rel. change during last iteration : -3.11484e-12

degrees of freedom    (FIT_NDF)                        : 12
rms of residuals      (FIT_STDFIT) = sqrt(WSSR/ndf)    : 0.798265
variance of residuals (reduced chisquare) = WSSR/ndf   : 0.637227
p-value of the Chisq distribution (FIT_P)              : 0.812093

Final set of parameters            Asymptotic Standard Error
=======================            ==========================
a               = 0.182319         +/- 0.03037      (16.66%)
mr              = 3.06638          +/- 0.1823       (5.947%)
c               = 0.036672         +/- 0.0334       (91.07%)

correlation matrix of the fit parameters:
                a      mr     c      
a               1.000 
mr              0.998  1.000 
c              -0.994 -0.988  1.000 


*******************************************************************************
Fri Jan 30 13:01:24 2026


FIT:    data read from 'corrfunc.dat' u 1:column2[i]:column3[i] every ::1::(L-1)
        format = x:z:s
        #datapoints = 15
function used for fitting: f(x,a,mr,c)
	f(x,a,mr,c)=a*cosh((x-L/2)/mr)+c
fitted parameters initialized with current variable values

iter      chisq       delta/lim  lambda   a             mr            c            
   0 1.8084574410e+03   0.00e+00  4.81e+01    1.823190e-01   3.066380e+00   3.667198e-02
   6 3.3918315917e+00  -2.75e-01  4.81e-05    3.522181e-01   3.826750e+00  -1.676511e-02

After 6 iterations the fit converged.
final sum of squares of residuals : 3.39183
rel. change during last iteration : -2.74896e-06

degrees of freedom    (FIT_NDF)                        : 12
rms of residuals      (FIT_STDFIT) = sqrt(WSSR/ndf)    : 0.531651
variance of residuals (reduced chisquare) = WSSR/ndf   : 0.282653
p-value of the Chisq distribution (FIT_P)              : 0.992088

Final set of parameters            Asymptotic Standard Error
=======================            ==========================
a               = 0.352218         +/- 0.05096      (14.47%)
mr              = 3.82675          +/- 0.2179       (5.694%)
c               = -0.0167651       +/- 0.05378      (320.8%)

correlation matrix of the fit parameters:
                a      mr     c      
a               1.000 
mr              0.999  1.000 
c              -0.999 -0.996  1.000 


*******************************************************************************
Fri Jan 30 13:01:24 2026


FIT:    data read from 'corrfunc.dat' u 1:column2[i]:column3[i] every ::1::(L-1)
        format = x:z:s
        #datapoints = 15
function used for fitting: f(x,a,mr,c)
	f(x,a,mr,c)=a*cosh((x-L/2)/mr)+c
fitted parameters initialized with current variable values

iter      chisq       delta/lim  lambda   a             mr            c            
   0 1.9854563090e+03   0.00e+00  4.44e+01    3.522181e-01   3.826750e+00  -1.676511e-02
  18 2.4486258049e+00  -8.36e-04  4.44e-06    4.457833e-01   4.179959e+00   9.102759e-02

After 18 iterations the fit converged.
final sum of squares of residuals : 2.44863
rel. change during last iteration : -8.36258e-09

degrees of freedom    (FIT_NDF)                        : 12
rms of residuals      (FIT_STDFIT) = sqrt(WSSR/ndf)    : 0.451721
variance of residuals (reduced chisquare) = WSSR/ndf   : 0.204052
p-value of the Chisq distribution (FIT_P)              : 0.998342

Final set of parameters            Asymptotic Standard Error
=======================            ==========================
a               = 0.445783         +/- 0.08316      (18.65%)
mr              = 4.17996          +/- 0.3165       (7.573%)
c               = 0.0910276        +/- 0.08618      (94.68%)

correlation matrix of the fit parameters:
                a      mr     c      
a               1.000 
mr              0.999  1.000 
c              -0.999 -0.997  1.000 


*******************************************************************************
Fri Jan 30 13:01:24 2026


FIT:    data read from 'corrfunc.dat' u 1:column2[i]:column3[i] every ::1::(L-1)
        format = x:z:s
        #datapoints = 15
function used for fitting: f(x,a,mr,c)
	f(x,a,mr,c)=a*cosh((x-L/2)/mr)+c
fitted parameters initialized with current variable values

iter      chisq       delta/lim  lambda   a             mr            c            
   0 4.9321373034e+03   0.00e+00  5.42e+01    4.457833e-01   4.179959e+00   9.102759e-02
   6 3.3740841355e+00  -2.01e-05  5.42e-05    6.577548e-01   5.045823e+00   1.470695e-01

After 6 iterations the fit converged.
final sum of squares of residuals : 3.37408
rel. change during last iteration : -2.01309e-10

degrees of freedom    (FIT_NDF)                        : 12
rms of residuals      (FIT_STDFIT) = sqrt(WSSR/ndf)    : 0.530258
variance of residuals (reduced chisquare) = WSSR/ndf   : 0.281174
p-value of the Chisq distribution (FIT_P)              : 0.992277

Final set of parameters            Asymptotic Standard Error
=======================            ==========================
a               = 0.657755         +/- 0.1502       (22.83%)
mr              = 5.04582          +/- 0.4988       (9.885%)
c               = 0.14707          +/- 0.153        (104.1%)

correlation matrix of the fit parameters:
                a      mr     c      
a               1.000 
mr              0.999  1.000 
c              -1.000 -0.999  1.000 


*******************************************************************************
Fri Jan 30 13:01:24 2026


FIT:    data read from 'corrfunc.dat' u 1:column2[i]:column3[i] every ::1::(L-1)
        format = x:z:s
        #datapoints = 15
function used for fitting: f(x,a,mr,c)
	f(x,a,mr,c)=a*cosh((x-L/2)/mr)+c
fitted parameters initialized with current variable values

iter      chisq       delta/lim  lambda   a             mr            c            
   0 6.5765587141e+03   0.00e+00  5.57e+01    6.577548e-01   5.045823e+00   1.470695e-01
 189 1.3751348675e+01  -9.89e-01  5.57e-02    2.445473e+00   1.000641e+01  -1.286553e+00

After 189 iterations the fit converged.
final sum of squares of residuals : 13.7513
rel. change during last iteration : -9.88647e-06

degrees of freedom    (FIT_NDF)                        : 12
rms of residuals      (FIT_STDFIT) = sqrt(WSSR/ndf)    : 1.07049
variance of residuals (reduced chisquare) = WSSR/ndf   : 1.14595
p-value of the Chisq distribution (FIT_P)              : 0.316868

Final set of parameters            Asymptotic Standard Error
=======================            ==========================
a               = 2.44547          +/- 4.259        (174.2%)
mr              = 10.0064          +/- 8.383        (83.78%)
c               = -1.28655         +/- 4.265        (331.5%)

correlation matrix of the fit parameters:
                a      mr     c      
a               1.000 
mr              1.000  1.000 
c              -1.000 -1.000  1.000 


*******************************************************************************
Fri Jan 30 13:01:24 2026


FIT:    data read from 'corrfunc.dat' u 1:column2[i]:column3[i] every ::1::(L-1)
        format = x:z:s
        #datapoints = 15
function used for fitting: f(x,a,mr,c)
	f(x,a,mr,c)=a*cosh((x-L/2)/mr)+c
fitted parameters initialized with current variable values

iter      chisq       delta/lim  lambda   a             mr            c            
   0 2.7334732439e+03   0.00e+00  8.06e+01    2.445473e+00   1.000641e+01  -1.286553e+00
  19 1.4237040216e+00  -2.86e-01  8.06e-05    6.580390e-01   6.013623e+00   8.652837e-01

After 19 iterations the fit converged.
final sum of squares of residuals : 1.4237
rel. change during last iteration : -2.86021e-06

degrees of freedom    (FIT_NDF)                        : 12
rms of residuals      (FIT_STDFIT) = sqrt(WSSR/ndf)    : 0.344444
variance of residuals (reduced chisquare) = WSSR/ndf   : 0.118642
p-value of the Chisq distribution (FIT_P)              : 0.999901

Final set of parameters            Asymptotic Standard Error
=======================            ==========================
a               = 0.658039         +/- 0.3081       (46.83%)
mr              = 6.01362          +/- 1.267        (21.06%)
c               = 0.865284         +/- 0.3117       (36.03%)

correlation matrix of the fit parameters:
                a      mr     c      
a               1.000 
mr              1.000  1.000 
c              -1.000 -0.999  1.000 


*******************************************************************************
Fri Jan 30 13:01:24 2026


FIT:    data read from 'corrfunc.dat' u 1:column2[i]:column3[i] every ::1::(L-1)
        format = x:z:s
        #datapoints = 15
function used for fitting: f(x,a,mr,c)
	f(x,a,mr,c)=a*cosh((x-L/2)/mr)+c
fitted parameters initialized with current variable values

iter      chisq       delta/lim  lambda   a             mr            c            
   0 5.7819506184e+03   0.00e+00  5.43e+01    6.580390e-01   6.013623e+00   8.652837e-01
 369 2.4740852455e+00  -9.97e-01  5.43e-02    4.709049e+00   1.727562e+01  -2.829663e+00

After 369 iterations the fit converged.
final sum of squares of residuals : 2.47409
rel. change during last iteration : -9.97036e-06

degrees of freedom    (FIT_NDF)                        : 12
rms of residuals      (FIT_STDFIT) = sqrt(WSSR/ndf)    : 0.454064
variance of residuals (reduced chisquare) = WSSR/ndf   : 0.206174
p-value of the Chisq distribution (FIT_P)              : 0.998255

Final set of parameters            Asymptotic Standard Error
=======================            ==========================
a               = 4.70905          +/- 16.89        (358.6%)
mr              = 17.2756          +/- 30.56        (176.9%)
c               = -2.82966         +/- 16.89        (596.9%)

correlation matrix of the fit parameters:
                a      mr     c      
a               1.000 
mr              1.000  1.000 
c              -1.000 -1.000  1.000 


*******************************************************************************
Fri Jan 30 13:01:24 2026


FIT:    data read from 'corrfunc.dat' u 1:column2[i]:column3[i] every ::1::(L-1)
        format = x:z:s
        #datapoints = 15
function used for fitting: f(x,a,mr,c)
	f(x,a,mr,c)=a*cosh((x-L/2)/mr)+c
fitted parameters initialized with current variable values

iter      chisq       delta/lim  lambda   a             mr            c            
   0 6.9818813666e+03   0.00e+00  2.12e+02    4.709049e+00   1.727562e+01  -2.829663e+00
 192 2.6792310806e+00  -8.56e-02  2.12e-03    3.323575e-02   2.591070e+00   2.283934e+00

After 192 iterations the fit converged.
final sum of squares of residuals : 2.67923
rel. change during last iteration : -8.55846e-07

degrees of freedom    (FIT_NDF)                        : 12
rms of residuals      (FIT_STDFIT) = sqrt(WSSR/ndf)    : 0.472514
variance of residuals (reduced chisquare) = WSSR/ndf   : 0.223269
p-value of the Chisq distribution (FIT_P)              : 0.997416

Final set of parameters            Asymptotic Standard Error
=======================            ==========================
a               = 0.0332357        +/- 0.01181      (35.53%)
mr              = 2.59107          +/- 0.2925       (11.29%)
c               = 2.28393          +/- 0.01525      (0.6678%)

correlation matrix of the fit parameters:
                a      mr     c      
a               1.000 
mr              0.998  1.000 
c              -0.981 -0.968  1.000 


*******************************************************************************
Fri Jan 30 13:01:24 2026


FIT:    data read from 'corrfunc.dat' u 1:column2[i]:column3[i] every ::1::(L-1)
        format = x:z:s
        #datapoints = 15
function used for fitting: f(x,a,mr,c)
	f(x,a,mr,c)=a*cosh((x-L/2)/mr)+c
fitted parameters initialized with current variable values

iter      chisq       delta/lim  lambda   a             mr            c            
   0 3.7837220752e+03   0.00e+00  9.01e+01    3.323575e-02   2.591070e+00   2.283934e+00
   6 3.4686428227e+00  -1.65e-03  9.01e-05    2.594379e-02   2.728459e+00   2.560522e+00

After 6 iterations the fit converged.
final sum of squares of residuals : 3.46864
rel. change during last iteration : -1.65306e-08

degrees of freedom    (FIT_NDF)                        : 12
rms of residuals      (FIT_STDFIT) = sqrt(WSSR/ndf)    : 0.537637
variance of residuals (reduced chisquare) = WSSR/ndf   : 0.289054
p-value of the Chisq distribution (FIT_P)              : 0.991234

Final set of parameters            Asymptotic Standard Error
=======================            ==========================
a               = 0.0259438        +/- 0.01529      (58.93%)
mr              = 2.72846          +/- 0.5304       (19.44%)
c               = 2.56052          +/- 0.01877      (0.7332%)

correlation matrix of the fit parameters:
                a      mr     c      
a               1.000 
mr              0.998  1.000 
c              -0.984 -0.973  1.000 


*******************************************************************************
Fri Jan 30 13:01:24 2026


FIT:    data read from 'corrfunc.dat' u 1:column2[i]:column3[i] every ::1::(L-1)
        format = x:z:s
        #datapoints = 15
function used for fitting: f(x,a,mr,c)
	f(x,a,mr,c)=a*cosh((x-L/2)/mr)+c
fitted parameters initialized with current variable values

iter      chisq       delta/lim  lambda   a             mr            c            
   0 2.7971986354e+03   0.00e+00  8.10e+01    2.594379e-02   2.728459e+00   2.560522e+00
   8 2.1627422404e+00  -7.84e-04  8.10e-06    7.276312e-03   2.061153e+00   2.847565e+00

After 8 iterations the fit converged.
final sum of squares of residuals : 2.16274
rel. change during last iteration : -7.84206e-09

degrees of freedom    (FIT_NDF)                        : 12
rms of residuals      (FIT_STDFIT) = sqrt(WSSR/ndf)    : 0.424533
variance of residuals (reduced chisquare) = WSSR/ndf   : 0.180229
p-value of the Chisq distribution (FIT_P)              : 0.999113

Final set of parameters            Asymptotic Standard Error
=======================            ==========================
a               = 0.00727631       +/- 0.005553     (76.31%)
mr              = 2.06115          +/- 0.4283       (20.78%)
c               = 2.84756          +/- 0.00907      (0.3185%)

correlation matrix of the fit parameters:
                a      mr     c      
a               1.000 
mr              0.997  1.000 
c              -0.955 -0.937  1.000 


*******************************************************************************
Fri Jan 30 13:01:24 2026


FIT:    data read from 'corrfunc.dat' u 1:column2[i]:column3[i] every ::1::(L-1)
        format = x:z:s
        #datapoints = 15
function used for fitting: f(x,a,mr,c)
	f(x,a,mr,c)=a*cosh((x-L/2)/mr)+c
fitted parameters initialized with current variable values

iter      chisq       delta/lim  lambda   a             mr            c            
   0 2.4512100983e+03   0.00e+00  1.03e+02    7.276312e-03   2.061153e+00   2.847565e+00
  10 1.7084861075e+00  -6.40e-02  1.03e-04    1.785421e-03   1.605893e+00   3.077870e+00

After 10 iterations the fit converged.
final sum of squares of residuals : 1.70849
rel. change during last iteration : -6.40495e-07

degrees of freedom    (FIT_NDF)                        : 12
rms of residuals      (FIT_STDFIT) = sqrt(WSSR/ndf)    : 0.377325
variance of residuals (reduced chisquare) = WSSR/ndf   : 0.142374
p-value of the Chisq distribution (FIT_P)              : 0.999739

Final set of parameters            Asymptotic Standard Error
=======================            ==========================
a               = 0.00178542       +/- 0.001611     (90.23%)
mr              = 1.60589          +/- 0.314        (19.55%)
c               = 3.07787          +/- 0.005164     (0.1678%)

correlation matrix of the fit parameters:
                a      mr     c      
a               1.000 
mr              0.998  1.000 
c              -0.872 -0.846  1.000 


*******************************************************************************
Fri Jan 30 13:01:24 2026


FIT:    data read from 'corrfunc.dat' u 1:column2[i]:column3[i] every ::1::(L-1)
        format = x:z:s
        #datapoints = 15
function used for fitting: f(x,a,mr,c)
	f(x,a,mr,c)=a*cosh((x-L/2)/mr)+c
fitted parameters initialized with current variable values

iter      chisq       delta/lim  lambda   a             mr            c            
   0 2.9214939410e+03   0.00e+00  1.29e+02    1.785421e-03   1.605893e+00   3.077870e+00
  13 1.5859254959e+00  -1.28e-01  1.29e-04    3.461546e-04   1.238699e+00   3.282069e+00

After 13 iterations the fit converged.
final sum of squares of residuals : 1.58593
rel. change during last iteration : -1.27731e-06

degrees of freedom    (FIT_NDF)                        : 12
rms of residuals      (FIT_STDFIT) = sqrt(WSSR/ndf)    : 0.363539
variance of residuals (reduced chisquare) = WSSR/ndf   : 0.13216
p-value of the Chisq distribution (FIT_P)              : 0.999824

Final set of parameters            Asymptotic Standard Error
=======================            ==========================
a               = 0.000346155      +/- 0.0003844    (111%)
mr              = 1.2387           +/- 0.2368       (19.12%)
c               = 3.28207          +/- 0.003165     (0.09643%)

correlation matrix of the fit parameters:
                a      mr     c      
a               1.000 
mr              0.998  1.000 
c              -0.809 -0.780  1.000 


*******************************************************************************
Fri Jan 30 13:01:24 2026


FIT:    data read from 'corrfunc.dat' u 1:column2[i]:column3[i] every ::1::(L-1)
        format = x:z:s
        #datapoints = 15
function used for fitting: f(x,a,mr,c)
	f(x,a,mr,c)=a*cosh((x-L/2)/mr)+c
fitted parameters initialized with current variable values

iter      chisq       delta/lim  lambda   a             mr            c            
   0 6.0168423884e+03   0.00e+00  1.78e+02    3.461546e-04   1.238699e+00   3.282069e+00
  34 3.9375694020e+00  -9.28e-01  1.78e-02    2.936671e-06   7.209751e-01   3.503367e+00

After 34 iterations the fit converged.
final sum of squares of residuals : 3.93757
rel. change during last iteration : -9.27581e-06

degrees of freedom    (FIT_NDF)                        : 12
rms of residuals      (FIT_STDFIT) = sqrt(WSSR/ndf)    : 0.572827
variance of residuals (reduced chisquare) = WSSR/ndf   : 0.328131
p-value of the Chisq distribution (FIT_P)              : 0.984537

Final set of parameters            Asymptotic Standard Error
=======================            ==========================
a               = 2.93667e-06      +/- 1.704e-05    (580.4%)
mr              = 0.720975         +/- 0.4315       (59.85%)
c               = 3.50337          +/- 0.00224      (0.06395%)

correlation matrix of the fit parameters:
                a      mr     c      
a               1.000 
mr              0.999  1.000 
c              -0.604 -0.592  1.000 


*******************************************************************************
Fri Jan 30 13:01:24 2026


FIT:    data read from 'corrfunc.dat' u 1:column2[i]:column3[i] every ::1::(L-1)
        format = x:z:s
        #datapoints = 15
function used for fitting: f(x,a,mr,c)
	f(x,a,mr,c)=a*cosh((x-L/2)/mr)+c
fitted parameters initialized with current variable values

iter      chisq       delta/lim  lambda   a             mr            c            
   0 4.7527352526e+03   0.00e+00  2.12e+02    2.936671e-06   7.209751e-01   3.503367e+00
 189 4.9514787537e+00  -7.49e-04  2.12e-07    1.764121e-04   1.184803e+00   3.670134e+00

After 189 iterations the fit converged.
final sum of squares of residuals : 4.95148
rel. change during last iteration : -7.49119e-09

degrees of freedom    (FIT_NDF)                        : 12
rms of residuals      (FIT_STDFIT) = sqrt(WSSR/ndf)    : 0.642358
variance of residuals (reduced chisquare) = WSSR/ndf   : 0.412623
p-value of the Chisq distribution (FIT_P)              : 0.95958

Final set of parameters            Asymptotic Standard Error
=======================            ==========================
a               = 0.000176412      +/- 0.0004208    (238.5%)
mr              = 1.1848           +/- 0.4767       (40.23%)
c               = 3.67013          +/- 0.002623     (0.07146%)

correlation matrix of the fit parameters:
                a      mr     c      
a               1.000 
mr              0.998  1.000 
c              -0.716 -0.693  1.000 


*******************************************************************************
Fri Jan 30 13:01:24 2026


FIT:    data read from 'corrfunc.dat' u 1:column2[i]:column3[i] every ::1::(L-1)
        format = x:z:s
        #datapoints = 15
function used for fitting: f(x,a,mr,c)
	f(x,a,mr,c)=a*cosh((x-L/2)/mr)+c
fitted parameters initialized with current variable values

iter      chisq       delta/lim  lambda   a             mr            c            
   0 5.3544651194e+03   0.00e+00  2.03e+02    1.764121e-04   1.184803e+00   3.670134e+00
 390 3.6388728931e+00  -9.95e-01  2.03e+00    6.512323e-07   6.348144e-01   3.871198e+00

After 390 iterations the fit converged.
final sum of squares of residuals : 3.63887
rel. change during last iteration : -9.95037e-06

degrees of freedom    (FIT_NDF)                        : 12
rms of residuals      (FIT_STDFIT) = sqrt(WSSR/ndf)    : 0.550672
variance of residuals (reduced chisquare) = WSSR/ndf   : 0.303239
p-value of the Chisq distribution (FIT_P)              : 0.989107

Final set of parameters            Asymptotic Standard Error
=======================            ==========================
a               = 6.51232e-07      +/- 4.788e-06    (735.3%)
mr              = 0.634814         +/- 0.4258       (67.08%)
c               = 3.8712           +/- 0.001876     (0.04847%)

correlation matrix of the fit parameters:
                a      mr     c      
a               1.000 
mr              0.999  1.000 
c              -0.492 -0.480  1.000 


*******************************************************************************
Fri Jan 30 13:01:24 2026


FIT:    data read from 'corrfunc.dat' u 1:column2[i]:column3[i] every ::1::(L-1)
        format = x:z:s
        #datapoints = 15
function used for fitting: f(x,a,mr,c)
	f(x,a,mr,c)=a*cosh((x-L/2)/mr)+c
fitted parameters initialized with current variable values

iter      chisq       delta/lim  lambda   a             mr            c            
   0 4.3991642718e+03   0.00e+00  2.22e+02    6.512323e-07   6.348144e-01   3.871198e+00
  46 3.4717367918e+00  -9.78e-01  2.22e-02    1.626003e-06   7.162939e-01   4.043936e+00

After 46 iterations the fit converged.
final sum of squares of residuals : 3.47174
rel. change during last iteration : -9.78447e-06

degrees of freedom    (FIT_NDF)                        : 12
rms of residuals      (FIT_STDFIT) = sqrt(WSSR/ndf)    : 0.537877
variance of residuals (reduced chisquare) = WSSR/ndf   : 0.289311
p-value of the Chisq distribution (FIT_P)              : 0.991198

Final set of parameters            Asymptotic Standard Error
=======================            ==========================
a               = 1.626e-06        +/- 1.288e-05    (792%)
mr              = 0.716294         +/- 0.5841       (81.55%)
c               = 4.04394          +/- 0.001803     (0.04459%)

correlation matrix of the fit parameters:
                a      mr     c      
a               1.000 
mr              0.999  1.000 
c              -0.511 -0.496  1.000 


*******************************************************************************
Fri Jan 30 13:01:24 2026


FIT:    data read from 'corrfunc.dat' u 1:column2[i]:column3[i] every ::1::(L-1)
        format = x:z:s
        #datapoints = 15
function used for fitting: f(x,a,mr,c)
	f(x,a,mr,c)=a*cosh((x-L/2)/mr)+c
fitted parameters initialized with current variable values

iter      chisq       delta/lim  lambda   a             mr            c            
   0 3.8511562869e+03   0.00e+00  2.30e+02    1.626003e-06   7.162939e-01   4.043936e+00
  10 6.2430178527e+00  -2.10e-01  2.30e-03    6.322404e-07   6.231902e-01   4.204748e+00

After 10 iterations the fit converged.
final sum of squares of residuals : 6.24302
rel. change during last iteration : -2.09622e-06

degrees of freedom    (FIT_NDF)                        : 12
rms of residuals      (FIT_STDFIT) = sqrt(WSSR/ndf)    : 0.721285
variance of residuals (reduced chisquare) = WSSR/ndf   : 0.520251
p-value of the Chisq distribution (FIT_P)              : 0.903339

Final set of parameters            Asymptotic Standard Error
=======================            ==========================
a               = 6.3224e-07       +/- 5.24e-06     (828.8%)
mr              = 0.62319          +/- 0.462        (74.14%)
c               = 4.20475          +/- 0.002451     (0.05829%)

correlation matrix of the fit parameters:
                a      mr     c      
a               1.000 
mr              1.000  1.000 
c              -0.525 -0.514  1.000 


*******************************************************************************
Fri Jan 30 13:01:24 2026


FIT:    data read from 'corrfunc.dat' u 1:column2[i]:column3[i] every ::1::(L-1)
        format = x:z:s
        #datapoints = 15
function used for fitting: f(x,a,mr,c)
	f(x,a,mr,c)=a*cosh((x-L/2)/mr)+c
fitted parameters initialized with current variable values

iter      chisq       delta/lim  lambda   a             mr            c            
   0 4.3626070160e+03   0.00e+00  2.43e+02    6.322404e-07   6.231902e-01   4.204748e+00
1032 1.7898313769e+00  -1.00e+00  2.43e+00    2.355748e-10   3.698392e-01   4.376140e+00

After 1032 iterations the fit converged.
final sum of squares of residuals : 1.78983
rel. change during last iteration : -9.99526e-06

degrees of freedom    (FIT_NDF)                        : 12
rms of residuals      (FIT_STDFIT) = sqrt(WSSR/ndf)    : 0.386203
variance of residuals (reduced chisquare) = WSSR/ndf   : 0.149153
p-value of the Chisq distribution (FIT_P)              : 0.999667

Final set of parameters            Asymptotic Standard Error
=======================            ==========================
a               = 2.35575e-10      +/- 3.651e-09    (1550%)
mr              = 0.369839         +/- 0.3057       (82.66%)
c               = 4.37614          +/- 0.001177     (0.0269%)

correlation matrix of the fit parameters:
                a      mr     c      
a               1.000 
mr              1.000  1.000 
c              -0.442 -0.438  1.000 


*******************************************************************************
Fri Jan 30 13:01:24 2026


FIT:    data read from 'corrfunc.dat' u 1:column2[i]:column3[i] every ::1::(L-1)
        format = x:z:s
        #datapoints = 15
function used for fitting: f(x,a,mr,c)
	f(x,a,mr,c)=a*cosh((x-L/2)/mr)+c
fitted parameters initialized with current variable values

iter      chisq       delta/lim  lambda   a             mr            c            
   0 5.2611762722e+03   0.00e+00  2.76e+02    2.355748e-10   3.698392e-01   4.376140e+00
 243 3.0990898049e+00  -9.74e-01  2.76e-01    4.278397e-22   1.551884e-01   4.549123e+00

After 243 iterations the fit converged.
final sum of squares of residuals : 3.09909
rel. change during last iteration : -9.73545e-06

degrees of freedom    (FIT_NDF)                        : 12
rms of residuals      (FIT_STDFIT) = sqrt(WSSR/ndf)    : 0.50819
variance of residuals (reduced chisquare) = WSSR/ndf   : 0.258257
p-value of the Chisq distribution (FIT_P)              : 0.994803

Final set of parameters            Asymptotic Standard Error
=======================            ==========================
a               = 4.2784e-22       +/- 7.998e-19    (1.869e+05%)
mr              = 0.155188         +/- 6.584        (4243%)
c               = 4.54912          +/- 0.001396     (0.03068%)

correlation matrix of the fit parameters:
                a      mr     c      
a               1.000 
mr              1.000  1.000 
c              -0.404 -0.404  1.000 


*******************************************************************************
Fri Jan 30 13:01:24 2026


FIT:    data read from 'corrfunc.dat' u 1:column2[i]:column3[i] every ::1::(L-1)
        format = x:z:s
        #datapoints = 15
function used for fitting: f(x,a,mr,c)
	f(x,a,mr,c)=a*cosh((x-L/2)/mr)+c
fitted parameters initialized with current variable values

iter      chisq       delta/lim  lambda   a             mr            c            
   0 3.9685268543e+03   0.00e+00  2.52e+02    4.278397e-22   1.551884e-01   4.549123e+00
   4 4.9662111959e+00  -1.52e-02  2.52e-02    4.285501e-22   1.541893e-01   4.718139e+00

After 4 iterations the fit converged.
final sum of squares of residuals : 4.96621
rel. change during last iteration : -1.52246e-07

degrees of freedom    (FIT_NDF)                        : 12
rms of residuals      (FIT_STDFIT) = sqrt(WSSR/ndf)    : 0.643312
variance of residuals (reduced chisquare) = WSSR/ndf   : 0.413851
p-value of the Chisq distribution (FIT_P)              : 0.959098

Final set of parameters            Asymptotic Standard Error
=======================            ==========================
a               = 4.2855e-22       +/- 8.632e-19    (2.014e+05%)
mr              = 0.154189         +/- 7.004        (4543%)
c               = 4.71814          +/- 0.002096     (0.04443%)

correlation matrix of the fit parameters:
                a      mr     c      
a               1.000 
mr              1.000  1.000 
c              -0.437 -0.437  1.000 


*******************************************************************************
Fri Jan 30 13:02:20 2026


FIT:    data read from 'corrfunc.dat' u 1:column2[i]:column3[i] every ::0::(L-1)
        format = x:z:s
        #datapoints = 16
function used for fitting: f(x,a,mr,c)
	f(x,a,mr,c)=a*cosh((x-L/2)/mr)+c
fitted parameters initialized with current variable values

iter      chisq       delta/lim  lambda   a             mr            c            
   0 8.3439570755e+06   0.00e+00  7.21e+02    1.000000e-01   2.100000e+00   1.000000e+00
 279 9.0683179677e+00  -3.76e-04  7.21e-03    7.466158e-07   6.077124e-01  -2.753015e-04

After 279 iterations the fit converged.
final sum of squares of residuals : 9.06832
rel. change during last iteration : -3.75623e-09

degrees of freedom    (FIT_NDF)                        : 13
rms of residuals      (FIT_STDFIT) = sqrt(WSSR/ndf)    : 0.835202
variance of residuals (reduced chisquare) = WSSR/ndf   : 0.697563
p-value of the Chisq distribution (FIT_P)              : 0.767764

Final set of parameters            Asymptotic Standard Error
=======================            ==========================
a               = 7.46616e-07      +/- 2.526e-07    (33.83%)
mr              = 0.607712         +/- 0.01581      (2.602%)
c               = -0.000275301     +/- 0.0005262    (191.1%)

correlation matrix of the fit parameters:
                a      mr     c      
a               1.000 
mr              0.999  1.000 
c              -0.430 -0.421  1.000 


*******************************************************************************
Fri Jan 30 13:02:20 2026


FIT:    data read from 'corrfunc.dat' u 1:column2[i]:column3[i] every ::0::(L-1)
        format = x:z:s
        #datapoints = 16
function used for fitting: f(x,a,mr,c)
	f(x,a,mr,c)=a*cosh((x-L/2)/mr)+c
fitted parameters initialized with current variable values

iter      chisq       delta/lim  lambda   a             mr            c            
   0 2.5062499490e+01   0.00e+00  1.49e+02    7.466158e-07   6.077124e-01  -2.753015e-04
  27 1.7172020528e+01  -5.72e-01  1.49e-04    3.400244e-07   5.724080e-01   3.941791e-04

After 27 iterations the fit converged.
final sum of squares of residuals : 17.172
rel. change during last iteration : -5.72067e-06

degrees of freedom    (FIT_NDF)                        : 13
rms of residuals      (FIT_STDFIT) = sqrt(WSSR/ndf)    : 1.14931
variance of residuals (reduced chisquare) = WSSR/ndf   : 1.32092
p-value of the Chisq distribution (FIT_P)              : 0.191559

Final set of parameters            Asymptotic Standard Error
=======================            ==========================
a               = 3.40024e-07      +/- 1.466e-07    (43.11%)
mr              = 0.572408         +/- 0.01789      (3.126%)
c               = 0.000394179      +/- 0.0007095    (180%)

correlation matrix of the fit parameters:
                a      mr     c      
a               1.000 
mr              0.999  1.000 
c              -0.418 -0.408  1.000 


*******************************************************************************
Fri Jan 30 13:02:20 2026


FIT:    data read from 'corrfunc.dat' u 1:column2[i]:column3[i] every ::0::(L-1)
        format = x:z:s
        #datapoints = 16
function used for fitting: f(x,a,mr,c)
	f(x,a,mr,c)=a*cosh((x-L/2)/mr)+c
fitted parameters initialized with current variable values

iter      chisq       delta/lim  lambda   a             mr            c            
   0 1.1315591545e+01   0.00e+00  1.43e+02    3.400244e-07   5.724080e-01   3.941791e-04
  35 4.4554607738e+00  -3.64e-04  1.43e-05    7.271187e-07   6.047802e-01  -5.451136e-04

After 35 iterations the fit converged.
final sum of squares of residuals : 4.45546
rel. change during last iteration : -3.63635e-09

degrees of freedom    (FIT_NDF)                        : 13
rms of residuals      (FIT_STDFIT) = sqrt(WSSR/ndf)    : 0.58543
variance of residuals (reduced chisquare) = WSSR/ndf   : 0.342728
p-value of the Chisq distribution (FIT_P)              : 0.985312

Final set of parameters            Asymptotic Standard Error
=======================            ==========================
a               = 7.27119e-07      +/- 1.36e-07     (18.7%)
mr              = 0.60478          +/- 0.008706     (1.44%)
c               = -0.000545114     +/- 0.0003854    (70.71%)

correlation matrix of the fit parameters:
                a      mr     c      
a               1.000 
mr              0.999  1.000 
c              -0.476 -0.462  1.000 


*******************************************************************************
Fri Jan 30 13:02:20 2026


FIT:    data read from 'corrfunc.dat' u 1:column2[i]:column3[i] every ::0::(L-1)
        format = x:z:s
        #datapoints = 16
function used for fitting: f(x,a,mr,c)
	f(x,a,mr,c)=a*cosh((x-L/2)/mr)+c
fitted parameters initialized with current variable values

iter      chisq       delta/lim  lambda   a             mr            c            
   0 3.1334593823e+01   0.00e+00  1.29e+02    7.271187e-07   6.047802e-01  -5.451136e-04
  35 5.1195452137e+00  -2.34e-02  1.29e-04    1.355355e-06   6.319531e-01  -8.100690e-06

After 35 iterations the fit converged.
final sum of squares of residuals : 5.11955
rel. change during last iteration : -2.33627e-07

degrees of freedom    (FIT_NDF)                        : 13
rms of residuals      (FIT_STDFIT) = sqrt(WSSR/ndf)    : 0.627544
variance of residuals (reduced chisquare) = WSSR/ndf   : 0.393811
p-value of the Chisq distribution (FIT_P)              : 0.972466

Final set of parameters            Asymptotic Standard Error
=======================            ==========================
a               = 1.35535e-06      +/- 3.108e-07    (22.93%)
mr              = 0.631953         +/- 0.0116       (1.836%)
c               = -8.10069e-06     +/- 0.0004805    (5932%)

correlation matrix of the fit parameters:
                a      mr     c      
a               1.000 
mr              0.999  1.000 
c              -0.489 -0.478  1.000 


*******************************************************************************
Fri Jan 30 13:02:20 2026


FIT:    data read from 'corrfunc.dat' u 1:column2[i]:column3[i] every ::0::(L-1)
        format = x:z:s
        #datapoints = 16
function used for fitting: f(x,a,mr,c)
	f(x,a,mr,c)=a*cosh((x-L/2)/mr)+c
fitted parameters initialized with current variable values

iter      chisq       delta/lim  lambda   a             mr            c            
   0 1.7970252122e+01   0.00e+00  1.85e+02    1.355355e-06   6.319531e-01  -8.100690e-06
  17 7.1696434186e+00  -3.43e-02  1.85e-06    1.309068e-06   6.285486e-01  -6.771956e-04

After 17 iterations the fit converged.
final sum of squares of residuals : 7.16964
rel. change during last iteration : -3.4335e-07

degrees of freedom    (FIT_NDF)                        : 13
rms of residuals      (FIT_STDFIT) = sqrt(WSSR/ndf)    : 0.742638
variance of residuals (reduced chisquare) = WSSR/ndf   : 0.551511
p-value of the Chisq distribution (FIT_P)              : 0.893199

Final set of parameters            Asymptotic Standard Error
=======================            ==========================
a               = 1.30907e-06      +/- 3.126e-07    (23.88%)
mr              = 0.628549         +/- 0.01191      (1.894%)
c               = -0.000677196     +/- 0.0004952    (73.12%)

correlation matrix of the fit parameters:
                a      mr     c      
a               1.000 
mr              1.000  1.000 
c              -0.469 -0.460  1.000 


*******************************************************************************
Fri Jan 30 13:02:20 2026


FIT:    data read from 'corrfunc.dat' u 1:column2[i]:column3[i] every ::0::(L-1)
        format = x:z:s
        #datapoints = 16
function used for fitting: f(x,a,mr,c)
	f(x,a,mr,c)=a*cosh((x-L/2)/mr)+c
fitted parameters initialized with current variable values

iter      chisq       delta/lim  lambda   a             mr            c            
   0 3.8635098759e+01   0.00e+00  1.21e+02    1.309068e-06   6.285486e-01  -6.771956e-04
   7 1.1005977530e+01  -2.89e-02  1.21e-04    1.687283e-06   6.389623e-01   8.212088e-04

After 7 iterations the fit converged.
final sum of squares of residuals : 11.006
rel. change during last iteration : -2.8929e-07

degrees of freedom    (FIT_NDF)                        : 13
rms of residuals      (FIT_STDFIT) = sqrt(WSSR/ndf)    : 0.920116
variance of residuals (reduced chisquare) = WSSR/ndf   : 0.846614
p-value of the Chisq distribution (FIT_P)              : 0.610317

Final set of parameters            Asymptotic Standard Error
=======================            ==========================
a               = 1.68728e-06      +/- 4.628e-07    (27.43%)
mr              = 0.638962         +/- 0.01431      (2.24%)
c               = 0.000821209      +/- 0.0006402    (77.96%)

correlation matrix of the fit parameters:
                a      mr     c      
a               1.000 
mr              0.999  1.000 
c              -0.466 -0.451  1.000 


*******************************************************************************
Fri Jan 30 13:02:20 2026


FIT:    data read from 'corrfunc.dat' u 1:column2[i]:column3[i] every ::0::(L-1)
        format = x:z:s
        #datapoints = 16
function used for fitting: f(x,a,mr,c)
	f(x,a,mr,c)=a*cosh((x-L/2)/mr)+c
fitted parameters initialized with current variable values

iter      chisq       delta/lim  lambda   a             mr            c            
   0 1.6055022453e+01   0.00e+00  1.63e+02    1.687283e-06   6.389623e-01   8.212088e-04
  26 1.1125723736e+01  -1.93e-03  1.63e-04    2.768529e-06   6.647259e-01   2.656283e-04

After 26 iterations the fit converged.
final sum of squares of residuals : 11.1257
rel. change during last iteration : -1.93468e-08

degrees of freedom    (FIT_NDF)                        : 13
rms of residuals      (FIT_STDFIT) = sqrt(WSSR/ndf)    : 0.925108
variance of residuals (reduced chisquare) = WSSR/ndf   : 0.855825
p-value of the Chisq distribution (FIT_P)              : 0.600286

Final set of parameters            Asymptotic Standard Error
=======================            ==========================
a               = 2.76853e-06      +/- 6.769e-07    (24.45%)
mr              = 0.664726         +/- 0.01369      (2.059%)
c               = 0.000265628      +/- 0.0006872    (258.7%)

correlation matrix of the fit parameters:
                a      mr     c      
a               1.000 
mr              0.999  1.000 
c              -0.538 -0.524  1.000 


*******************************************************************************
Fri Jan 30 13:02:20 2026


FIT:    data read from 'corrfunc.dat' u 1:column2[i]:column3[i] every ::0::(L-1)
        format = x:z:s
        #datapoints = 16
function used for fitting: f(x,a,mr,c)
	f(x,a,mr,c)=a*cosh((x-L/2)/mr)+c
fitted parameters initialized with current variable values

iter      chisq       delta/lim  lambda   a             mr            c            
   0 2.8730597627e+01   0.00e+00  1.50e+02    2.768529e-06   6.647259e-01   2.656283e-04
  39 1.4484300625e+01  -4.07e-02  1.50e-04    4.993351e-06   6.974931e-01   5.540293e-04

After 39 iterations the fit converged.
final sum of squares of residuals : 14.4843
rel. change during last iteration : -4.06824e-07

degrees of freedom    (FIT_NDF)                        : 13
rms of residuals      (FIT_STDFIT) = sqrt(WSSR/ndf)    : 1.05555
variance of residuals (reduced chisquare) = WSSR/ndf   : 1.11418
p-value of the Chisq distribution (FIT_P)              : 0.340642

Final set of parameters            Asymptotic Standard Error
=======================            ==========================
a               = 4.99335e-06      +/- 1.523e-06    (30.49%)
mr              = 0.697493         +/- 0.01878      (2.693%)
c               = 0.000554029      +/- 0.000801     (144.6%)

correlation matrix of the fit parameters:
                a      mr     c      
a               1.000 
mr              0.999  1.000 
c              -0.468 -0.456  1.000 


*******************************************************************************
Fri Jan 30 13:02:20 2026


FIT:    data read from 'corrfunc.dat' u 1:column2[i]:column3[i] every ::0::(L-1)
        format = x:z:s
        #datapoints = 16
function used for fitting: f(x,a,mr,c)
	f(x,a,mr,c)=a*cosh((x-L/2)/mr)+c
fitted parameters initialized with current variable values

iter      chisq       delta/lim  lambda   a             mr            c            
   0 4.8109834281e+01   0.00e+00  1.31e+02    4.993351e-06   6.974931e-01   5.540293e-04
   5 1.3766693557e+01  -3.90e-01  1.31e-03    4.339622e-06   6.847700e-01   7.396418e-04

After 5 iterations the fit converged.
final sum of squares of residuals : 13.7667
rel. change during last iteration : -3.89939e-06

degrees of freedom    (FIT_NDF)                        : 13
rms of residuals      (FIT_STDFIT) = sqrt(WSSR/ndf)    : 1.02907
variance of residuals (reduced chisquare) = WSSR/ndf   : 1.05898
p-value of the Chisq distribution (FIT_P)              : 0.390477

Final set of parameters            Asymptotic Standard Error
=======================            ==========================
a               = 4.33962e-06      +/- 1.129e-06    (26.01%)
mr              = 0.68477          +/- 0.01553      (2.268%)
c               = 0.000739642      +/- 0.0008078    (109.2%)

correlation matrix of the fit parameters:
                a      mr     c      
a               1.000 
mr              0.999  1.000 
c              -0.495 -0.479  1.000 


*******************************************************************************
Fri Jan 30 13:02:20 2026


FIT:    data read from 'corrfunc.dat' u 1:column2[i]:column3[i] every ::0::(L-1)
        format = x:z:s
        #datapoints = 16
function used for fitting: f(x,a,mr,c)
	f(x,a,mr,c)=a*cosh((x-L/2)/mr)+c
fitted parameters initialized with current variable values

iter      chisq       delta/lim  lambda   a             mr            c            
   0 4.8806836881e+01   0.00e+00  1.36e+02    4.339622e-06   6.847700e-01   7.396418e-04
  16 1.1567457573e+01  -2.07e-04  1.36e-04    7.768190e-06   7.180363e-01   8.710051e-04

After 16 iterations the fit converged.
final sum of squares of residuals : 11.5675
rel. change during last iteration : -2.06923e-09

degrees of freedom    (FIT_NDF)                        : 13
rms of residuals      (FIT_STDFIT) = sqrt(WSSR/ndf)    : 0.943294
variance of residuals (reduced chisquare) = WSSR/ndf   : 0.889804
p-value of the Chisq distribution (FIT_P)              : 0.56339

Final set of parameters            Asymptotic Standard Error
=======================            ==========================
a               = 7.76819e-06      +/- 1.523e-06    (19.6%)
mr              = 0.718036         +/- 0.01301      (1.811%)
c               = 0.000871005      +/- 0.0007392    (84.87%)

correlation matrix of the fit parameters:
                a      mr     c      
a               1.000 
mr              0.998  1.000 
c              -0.525 -0.504  1.000 


*******************************************************************************
Fri Jan 30 13:02:20 2026


FIT:    data read from 'corrfunc.dat' u 1:column2[i]:column3[i] every ::0::(L-1)
        format = x:z:s
        #datapoints = 16
function used for fitting: f(x,a,mr,c)
	f(x,a,mr,c)=a*cosh((x-L/2)/mr)+c
fitted parameters initialized with current variable values

iter      chisq       delta/lim  lambda   a             mr            c            
   0 1.8966639248e+01   0.00e+00  1.00e+02    7.768190e-06   7.180363e-01   8.710051e-04
   8 1.5475105389e+01  -4.04e-05  1.00e-04    1.112348e-05   7.410623e-01   1.085778e-04

After 8 iterations the fit converged.
final sum of squares of residuals : 15.4751
rel. change during last iteration : -4.04131e-10

degrees of freedom    (FIT_NDF)                        : 13
rms of residuals      (FIT_STDFIT) = sqrt(WSSR/ndf)    : 1.09105
variance of residuals (reduced chisquare) = WSSR/ndf   : 1.19039
p-value of the Chisq distribution (FIT_P)              : 0.278638

Final set of parameters            Asymptotic Standard Error
=======================            ==========================
a               = 1.11235e-05      +/- 3.125e-06    (28.1%)
mr              = 0.741062         +/- 0.01985      (2.678%)
c               = 0.000108578      +/- 0.001055     (971.5%)

correlation matrix of the fit parameters:
                a      mr     c      
a               1.000 
mr              0.998  1.000 
c              -0.629 -0.608  1.000 


*******************************************************************************
Fri Jan 30 13:02:20 2026


FIT:    data read from 'corrfunc.dat' u 1:column2[i]:column3[i] every ::0::(L-1)
        format = x:z:s
        #datapoints = 16
function used for fitting: f(x,a,mr,c)
	f(x,a,mr,c)=a*cosh((x-L/2)/mr)+c
fitted parameters initialized with current variable values

iter      chisq       delta/lim  lambda   a             mr            c            
   0 5.2608253788e+01   0.00e+00  1.52e+02    1.112348e-05   7.410623e-01   1.085778e-04
  28 7.4373845048e+00  -5.69e-03  1.52e-05    2.337063e-05   7.912412e-01  -1.397590e-03

After 28 iterations the fit converged.
final sum of squares of residuals : 7.43738
rel. change during last iteration : -5.69355e-08

degrees of freedom    (FIT_NDF)                        : 13
rms of residuals      (FIT_STDFIT) = sqrt(WSSR/ndf)    : 0.756377
variance of residuals (reduced chisquare) = WSSR/ndf   : 0.572107
p-value of the Chisq distribution (FIT_P)              : 0.878228

Final set of parameters            Asymptotic Standard Error
=======================            ==========================
a               = 2.33706e-05      +/- 4.115e-06    (17.61%)
mr              = 0.791241         +/- 0.01394      (1.762%)
c               = -0.00139759      +/- 0.0006582    (47.1%)

correlation matrix of the fit parameters:
                a      mr     c      
a               1.000 
mr              0.999  1.000 
c              -0.515 -0.501  1.000 


*******************************************************************************
Fri Jan 30 13:02:20 2026


FIT:    data read from 'corrfunc.dat' u 1:column2[i]:column3[i] every ::0::(L-1)
        format = x:z:s
        #datapoints = 16
function used for fitting: f(x,a,mr,c)
	f(x,a,mr,c)=a*cosh((x-L/2)/mr)+c
fitted parameters initialized with current variable values

iter      chisq       delta/lim  lambda   a             mr            c            
   0 3.8313896189e+01   0.00e+00  1.06e+02    2.337063e-05   7.912412e-01  -1.397590e-03
   6 1.2446608132e+01  -6.49e-04  1.06e-04    2.076371e-05   7.770573e-01  -6.590669e-04

After 6 iterations the fit converged.
final sum of squares of residuals : 12.4466
rel. change during last iteration : -6.49119e-09

degrees of freedom    (FIT_NDF)                        : 13
rms of residuals      (FIT_STDFIT) = sqrt(WSSR/ndf)    : 0.978484
variance of residuals (reduced chisquare) = WSSR/ndf   : 0.957431
p-value of the Chisq distribution (FIT_P)              : 0.491405

Final set of parameters            Asymptotic Standard Error
=======================            ==========================
a               = 2.07637e-05      +/- 4.511e-06    (21.73%)
mr              = 0.777057         +/- 0.01689      (2.173%)
c               = -0.000659067     +/- 0.0009148    (138.8%)

correlation matrix of the fit parameters:
                a      mr     c      
a               1.000 
mr              0.998  1.000 
c              -0.485 -0.465  1.000 


*******************************************************************************
Fri Jan 30 13:02:20 2026


FIT:    data read from 'corrfunc.dat' u 1:column2[i]:column3[i] every ::0::(L-1)
        format = x:z:s
        #datapoints = 16
function used for fitting: f(x,a,mr,c)
	f(x,a,mr,c)=a*cosh((x-L/2)/mr)+c
fitted parameters initialized with current variable values

iter      chisq       delta/lim  lambda   a             mr            c            
   0 2.6660535087e+01   0.00e+00  1.23e+02    2.076371e-05   7.770573e-01  -6.590669e-04
  11 6.6873673804e+00  -1.45e-02  1.23e-04    2.965663e-05   8.025039e-01   5.553085e-04

After 11 iterations the fit converged.
final sum of squares of residuals : 6.68737
rel. change during last iteration : -1.44525e-07

degrees of freedom    (FIT_NDF)                        : 13
rms of residuals      (FIT_STDFIT) = sqrt(WSSR/ndf)    : 0.717226
variance of residuals (reduced chisquare) = WSSR/ndf   : 0.514413
p-value of the Chisq distribution (FIT_P)              : 0.917536

Final set of parameters            Asymptotic Standard Error
=======================            ==========================
a               = 2.96566e-05      +/- 5.151e-06    (17.37%)
mr              = 0.802504         +/- 0.01423      (1.773%)
c               = 0.000555308      +/- 0.0006937    (124.9%)

correlation matrix of the fit parameters:
                a      mr     c      
a               1.000 
mr              0.999  1.000 
c              -0.492 -0.477  1.000 


*******************************************************************************
Fri Jan 30 13:02:20 2026


FIT:    data read from 'corrfunc.dat' u 1:column2[i]:column3[i] every ::0::(L-1)
        format = x:z:s
        #datapoints = 16
function used for fitting: f(x,a,mr,c)
	f(x,a,mr,c)=a*cosh((x-L/2)/mr)+c
fitted parameters initialized with current variable values

iter      chisq       delta/lim  lambda   a             mr            c            
   0 1.7864285235e+01   0.00e+00  1.15e+02    2.965663e-05   8.025039e-01   5.553085e-04
  10 4.0059278272e+00  -2.50e-04  1.15e-05    5.366114e-05   8.508640e-01  -2.044265e-03

After 10 iterations the fit converged.
final sum of squares of residuals : 4.00593
rel. change during last iteration : -2.49661e-09

degrees of freedom    (FIT_NDF)                        : 13
rms of residuals      (FIT_STDFIT) = sqrt(WSSR/ndf)    : 0.555111
variance of residuals (reduced chisquare) = WSSR/ndf   : 0.308148
p-value of the Chisq distribution (FIT_P)              : 0.991128

Final set of parameters            Asymptotic Standard Error
=======================            ==========================
a               = 5.36611e-05      +/- 6.276e-06    (11.7%)
mr              = 0.850864         +/- 0.01082      (1.271%)
c               = -0.00204427      +/- 0.0006686    (32.7%)

correlation matrix of the fit parameters:
                a      mr     c      
a               1.000 
mr              0.998  1.000 
c              -0.568 -0.546  1.000 


*******************************************************************************
Fri Jan 30 13:02:20 2026


FIT:    data read from 'corrfunc.dat' u 1:column2[i]:column3[i] every ::0::(L-1)
        format = x:z:s
        #datapoints = 16
function used for fitting: f(x,a,mr,c)
	f(x,a,mr,c)=a*cosh((x-L/2)/mr)+c
fitted parameters initialized with current variable values

iter      chisq       delta/lim  lambda   a             mr            c            
   0 6.1013461132e+01   0.00e+00  1.04e+02    5.366114e-05   8.508640e-01  -2.044265e-03
   6 1.2037409162e+01  -9.16e-05  1.04e-04    5.939367e-05   8.554546e-01   1.685059e-03

After 6 iterations the fit converged.
final sum of squares of residuals : 12.0374
rel. change during last iteration : -9.15808e-10

degrees of freedom    (FIT_NDF)                        : 13
rms of residuals      (FIT_STDFIT) = sqrt(WSSR/ndf)    : 0.962265
variance of residuals (reduced chisquare) = WSSR/ndf   : 0.925955
p-value of the Chisq distribution (FIT_P)              : 0.524579

Final set of parameters            Asymptotic Standard Error
=======================            ==========================
a               = 5.93937e-05      +/- 1.229e-05    (20.68%)
mr              = 0.855455         +/- 0.01933      (2.26%)
c               = 0.00168506       +/- 0.001298     (77.01%)

correlation matrix of the fit parameters:
                a      mr     c      
a               1.000 
mr              0.998  1.000 
c              -0.596 -0.574  1.000 


*******************************************************************************
Fri Jan 30 13:02:20 2026


FIT:    data read from 'corrfunc.dat' u 1:column2[i]:column3[i] every ::0::(L-1)
        format = x:z:s
        #datapoints = 16
function used for fitting: f(x,a,mr,c)
	f(x,a,mr,c)=a*cosh((x-L/2)/mr)+c
fitted parameters initialized with current variable values

iter      chisq       delta/lim  lambda   a             mr            c            
   0 9.4282874267e+01   0.00e+00  1.15e+02    5.939367e-05   8.554546e-01   1.685059e-03
   8 1.1712965249e+01  -9.07e-04  1.15e-04    8.360824e-05   8.785977e-01   5.026965e-04

After 8 iterations the fit converged.
final sum of squares of residuals : 11.713
rel. change during last iteration : -9.06789e-09

degrees of freedom    (FIT_NDF)                        : 13
rms of residuals      (FIT_STDFIT) = sqrt(WSSR/ndf)    : 0.949209
variance of residuals (reduced chisquare) = WSSR/ndf   : 0.900997
p-value of the Chisq distribution (FIT_P)              : 0.55131

Final set of parameters            Asymptotic Standard Error
=======================            ==========================
a               = 8.36082e-05      +/- 1.5e-05      (17.94%)
mr              = 0.878598         +/- 0.01763      (2.007%)
c               = 0.000502696      +/- 0.001139     (226.6%)

correlation matrix of the fit parameters:
                a      mr     c      
a               1.000 
mr              0.998  1.000 
c              -0.599 -0.580  1.000 


*******************************************************************************
Fri Jan 30 13:02:20 2026


FIT:    data read from 'corrfunc.dat' u 1:column2[i]:column3[i] every ::0::(L-1)
        format = x:z:s
        #datapoints = 16
function used for fitting: f(x,a,mr,c)
	f(x,a,mr,c)=a*cosh((x-L/2)/mr)+c
fitted parameters initialized with current variable values

iter      chisq       delta/lim  lambda   a             mr            c            
   0 3.5081516210e+01   0.00e+00  9.79e+01    8.360824e-05   8.785977e-01   5.026965e-04
   9 1.1372292969e+01  -1.18e-01  9.79e-05    1.494384e-04   9.350004e-01  -4.861782e-04

After 9 iterations the fit converged.
final sum of squares of residuals : 11.3723
rel. change during last iteration : -1.1817e-06

degrees of freedom    (FIT_NDF)                        : 13
rms of residuals      (FIT_STDFIT) = sqrt(WSSR/ndf)    : 0.935303
variance of residuals (reduced chisquare) = WSSR/ndf   : 0.874792
p-value of the Chisq distribution (FIT_P)              : 0.57966

Final set of parameters            Asymptotic Standard Error
=======================            ==========================
a               = 0.000149438      +/- 2.685e-05    (17.97%)
mr              = 0.935            +/- 0.02026      (2.167%)
c               = -0.000486178     +/- 0.001201     (247%)

correlation matrix of the fit parameters:
                a      mr     c      
a               1.000 
mr              0.998  1.000 
c              -0.572 -0.549  1.000 


*******************************************************************************
Fri Jan 30 13:02:20 2026


FIT:    data read from 'corrfunc.dat' u 1:column2[i]:column3[i] every ::0::(L-1)
        format = x:z:s
        #datapoints = 16
function used for fitting: f(x,a,mr,c)
	f(x,a,mr,c)=a*cosh((x-L/2)/mr)+c
fitted parameters initialized with current variable values

iter      chisq       delta/lim  lambda   a             mr            c            
   0 6.2837372414e+01   0.00e+00  1.01e+02    1.494384e-04   9.350004e-01  -4.861782e-04
   8 4.9471378918e+00  -3.63e-02  1.01e-04    2.280847e-04   9.764395e-01   5.743261e-04

After 8 iterations the fit converged.
final sum of squares of residuals : 4.94714
rel. change during last iteration : -3.62966e-07

degrees of freedom    (FIT_NDF)                        : 13
rms of residuals      (FIT_STDFIT) = sqrt(WSSR/ndf)    : 0.616887
variance of residuals (reduced chisquare) = WSSR/ndf   : 0.380549
p-value of the Chisq distribution (FIT_P)              : 0.976338

Final set of parameters            Asymptotic Standard Error
=======================            ==========================
a               = 0.000228085      +/- 2.529e-05    (11.09%)
mr              = 0.97644          +/- 0.01355      (1.387%)
c               = 0.000574326      +/- 0.0009029    (157.2%)

correlation matrix of the fit parameters:
                a      mr     c      
a               1.000 
mr              0.998  1.000 
c              -0.610 -0.587  1.000 


*******************************************************************************
Fri Jan 30 13:02:20 2026


FIT:    data read from 'corrfunc.dat' u 1:column2[i]:column3[i] every ::0::(L-1)
        format = x:z:s
        #datapoints = 16
function used for fitting: f(x,a,mr,c)
	f(x,a,mr,c)=a*cosh((x-L/2)/mr)+c
fitted parameters initialized with current variable values

iter      chisq       delta/lim  lambda   a             mr            c            
   0 5.9211038530e+01   0.00e+00  1.12e+02    2.280847e-04   9.764395e-01   5.743261e-04
   7 6.5155126559e+00  -1.87e-04  1.12e-04    3.254372e-04   1.013356e+00   4.753256e-04

After 7 iterations the fit converged.
final sum of squares of residuals : 6.51551
rel. change during last iteration : -1.87148e-09

degrees of freedom    (FIT_NDF)                        : 13
rms of residuals      (FIT_STDFIT) = sqrt(WSSR/ndf)    : 0.70795
variance of residuals (reduced chisquare) = WSSR/ndf   : 0.501193
p-value of the Chisq distribution (FIT_P)              : 0.925366

Final set of parameters            Asymptotic Standard Error
=======================            ==========================
a               = 0.000325437      +/- 3.722e-05    (11.44%)
mr              = 1.01336          +/- 0.01501      (1.481%)
c               = 0.000475326      +/- 0.001139     (239.5%)

correlation matrix of the fit parameters:
                a      mr     c      
a               1.000 
mr              0.998  1.000 
c              -0.607 -0.582  1.000 


*******************************************************************************
Fri Jan 30 13:02:20 2026


FIT:    data read from 'corrfunc.dat' u 1:column2[i]:column3[i] every ::0::(L-1)
        format = x:z:s
        #datapoints = 16
function used for fitting: f(x,a,mr,c)
	f(x,a,mr,c)=a*cosh((x-L/2)/mr)+c
fitted parameters initialized with current variable values

iter      chisq       delta/lim  lambda   a             mr            c            
   0 1.1246047075e+02   0.00e+00  1.01e+02    3.254372e-04   1.013356e+00   4.753256e-04
   8 1.2314647658e+01  -1.55e-03  1.01e-05    6.661808e-04   1.103595e+00  -3.817477e-03

After 8 iterations the fit converged.
final sum of squares of residuals : 12.3146
rel. change during last iteration : -1.54628e-08

degrees of freedom    (FIT_NDF)                        : 13
rms of residuals      (FIT_STDFIT) = sqrt(WSSR/ndf)    : 0.973283
variance of residuals (reduced chisquare) = WSSR/ndf   : 0.947281
p-value of the Chisq distribution (FIT_P)              : 0.502027

Final set of parameters            Asymptotic Standard Error
=======================            ==========================
a               = 0.000666181      +/- 9.248e-05    (13.88%)
mr              = 1.10359          +/- 0.02202      (1.996%)
c               = -0.00381748      +/- 0.001645     (43.08%)

correlation matrix of the fit parameters:
                a      mr     c      
a               1.000 
mr              0.997  1.000 
c              -0.589 -0.556  1.000 


*******************************************************************************
Fri Jan 30 13:02:20 2026


FIT:    data read from 'corrfunc.dat' u 1:column2[i]:column3[i] every ::0::(L-1)
        format = x:z:s
        #datapoints = 16
function used for fitting: f(x,a,mr,c)
	f(x,a,mr,c)=a*cosh((x-L/2)/mr)+c
fitted parameters initialized with current variable values

iter      chisq       delta/lim  lambda   a             mr            c            
   0 1.4391664741e+02   0.00e+00  8.12e+01    6.661808e-04   1.103595e+00  -3.817477e-03
   5 4.7970918529e+00  -7.10e-01  8.12e-04    9.542845e-04   1.148559e+00   8.672789e-04

After 5 iterations the fit converged.
final sum of squares of residuals : 4.79709
rel. change during last iteration : -7.09626e-06

degrees of freedom    (FIT_NDF)                        : 13
rms of residuals      (FIT_STDFIT) = sqrt(WSSR/ndf)    : 0.60746
variance of residuals (reduced chisquare) = WSSR/ndf   : 0.369007
p-value of the Chisq distribution (FIT_P)              : 0.979392

Final set of parameters            Asymptotic Standard Error
=======================            ==========================
a               = 0.000954284      +/- 8.199e-05    (8.592%)
mr              = 1.14856          +/- 0.01487      (1.295%)
c               = 0.000867279      +/- 0.001166     (134.5%)

correlation matrix of the fit parameters:
                a      mr     c      
a               1.000 
mr              0.996  1.000 
c              -0.663 -0.627  1.000 


*******************************************************************************
Fri Jan 30 13:02:20 2026


FIT:    data read from 'corrfunc.dat' u 1:column2[i]:column3[i] every ::0::(L-1)
        format = x:z:s
        #datapoints = 16
function used for fitting: f(x,a,mr,c)
	f(x,a,mr,c)=a*cosh((x-L/2)/mr)+c
fitted parameters initialized with current variable values

iter      chisq       delta/lim  lambda   a             mr            c            
   0 1.1198062141e+02   0.00e+00  1.00e+02    9.542845e-04   1.148559e+00   8.672789e-04
   7 5.8810113320e+00  -9.98e-05  1.00e-05    1.469269e-03   1.207862e+00  -5.514603e-03

After 7 iterations the fit converged.
final sum of squares of residuals : 5.88101
rel. change during last iteration : -9.98177e-10

degrees of freedom    (FIT_NDF)                        : 13
rms of residuals      (FIT_STDFIT) = sqrt(WSSR/ndf)    : 0.672596
variance of residuals (reduced chisquare) = WSSR/ndf   : 0.452385
p-value of the Chisq distribution (FIT_P)              : 0.950376

Final set of parameters            Asymptotic Standard Error
=======================            ==========================
a               = 0.00146927       +/- 0.0001273    (8.661%)
mr              = 1.20786          +/- 0.01632      (1.352%)
c               = -0.0055146       +/- 0.001378     (24.99%)

correlation matrix of the fit parameters:
                a      mr     c      
a               1.000 
mr              0.997  1.000 
c              -0.658 -0.627  1.000 


*******************************************************************************
Fri Jan 30 13:02:20 2026


FIT:    data read from 'corrfunc.dat' u 1:column2[i]:column3[i] every ::0::(L-1)
        format = x:z:s
        #datapoints = 16
function used for fitting: f(x,a,mr,c)
	f(x,a,mr,c)=a*cosh((x-L/2)/mr)+c
fitted parameters initialized with current variable values

iter      chisq       delta/lim  lambda   a             mr            c            
   0 1.3911584366e+02   0.00e+00  9.73e+01    1.469269e-03   1.207862e+00  -5.514603e-03
   6 3.7517387273e+00  -1.57e-04  9.73e-05    2.962741e-03   1.339984e+00  -3.917185e-03

After 6 iterations the fit converged.
final sum of squares of residuals : 3.75174
rel. change during last iteration : -1.57449e-09

degrees of freedom    (FIT_NDF)                        : 13
rms of residuals      (FIT_STDFIT) = sqrt(WSSR/ndf)    : 0.537211
variance of residuals (reduced chisquare) = WSSR/ndf   : 0.288595
p-value of the Chisq distribution (FIT_P)              : 0.993557

Final set of parameters            Asymptotic Standard Error
=======================            ==========================
a               = 0.00296274       +/- 0.0002045    (6.902%)
mr              = 1.33998          +/- 0.0157       (1.172%)
c               = -0.00391719      +/- 0.001345     (34.35%)

correlation matrix of the fit parameters:
                a      mr     c      
a               1.000 
mr              0.997  1.000 
c              -0.726 -0.698  1.000 


*******************************************************************************
Fri Jan 30 13:02:20 2026


FIT:    data read from 'corrfunc.dat' u 1:column2[i]:column3[i] every ::0::(L-1)
        format = x:z:s
        #datapoints = 16
function used for fitting: f(x,a,mr,c)
	f(x,a,mr,c)=a*cosh((x-L/2)/mr)+c
fitted parameters initialized with current variable values

iter      chisq       delta/lim  lambda   a             mr            c            
   0 1.3157844161e+02   0.00e+00  8.89e+01    2.962741e-03   1.339984e+00  -3.917185e-03
   6 1.3821129866e+01  -8.74e-04  8.89e-05    3.283157e-03   1.351863e+00   4.174521e-03

After 6 iterations the fit converged.
final sum of squares of residuals : 13.8211
rel. change during last iteration : -8.73876e-09

degrees of freedom    (FIT_NDF)                        : 13
rms of residuals      (FIT_STDFIT) = sqrt(WSSR/ndf)    : 1.0311
variance of residuals (reduced chisquare) = WSSR/ndf   : 1.06316
p-value of the Chisq distribution (FIT_P)              : 0.386561

Final set of parameters            Asymptotic Standard Error
=======================            ==========================
a               = 0.00328316       +/- 0.0003773    (11.49%)
mr              = 1.35186          +/- 0.02737      (2.024%)
c               = 0.00417452       +/- 0.002446     (58.6%)

correlation matrix of the fit parameters:
                a      mr     c      
a               1.000 
mr              0.996  1.000 
c              -0.713 -0.675  1.000 


*******************************************************************************
Fri Jan 30 13:02:20 2026


FIT:    data read from 'corrfunc.dat' u 1:column2[i]:column3[i] every ::0::(L-1)
        format = x:z:s
        #datapoints = 16
function used for fitting: f(x,a,mr,c)
	f(x,a,mr,c)=a*cosh((x-L/2)/mr)+c
fitted parameters initialized with current variable values

iter      chisq       delta/lim  lambda   a             mr            c            
   0 3.3490608836e+02   0.00e+00  8.99e+01    3.283157e-03   1.351863e+00   4.174521e-03
   7 1.2013476966e+01  -3.86e-04  8.99e-05    8.217162e-03   1.563738e+00  -7.635034e-03

After 7 iterations the fit converged.
final sum of squares of residuals : 12.0135
rel. change during last iteration : -3.86323e-09

degrees of freedom    (FIT_NDF)                        : 13
rms of residuals      (FIT_STDFIT) = sqrt(WSSR/ndf)    : 0.961308
variance of residuals (reduced chisquare) = WSSR/ndf   : 0.924114
p-value of the Chisq distribution (FIT_P)              : 0.526539

Final set of parameters            Asymptotic Standard Error
=======================            ==========================
a               = 0.00821716       +/- 0.0008376    (10.19%)
mr              = 1.56374          +/- 0.03161      (2.021%)
c               = -0.00763503      +/- 0.003072     (40.24%)

correlation matrix of the fit parameters:
                a      mr     c      
a               1.000 
mr              0.996  1.000 
c              -0.813 -0.783  1.000 


*******************************************************************************
Fri Jan 30 13:02:20 2026


FIT:    data read from 'corrfunc.dat' u 1:column2[i]:column3[i] every ::0::(L-1)
        format = x:z:s
        #datapoints = 16
function used for fitting: f(x,a,mr,c)
	f(x,a,mr,c)=a*cosh((x-L/2)/mr)+c
fitted parameters initialized with current variable values

iter      chisq       delta/lim  lambda   a             mr            c            
   0 3.5048650046e+02   0.00e+00  7.93e+01    8.217162e-03   1.563738e+00  -7.635034e-03
   5 9.2200253499e+00  -1.33e-01  7.93e-04    1.442577e-02   1.727469e+00  -4.413920e-03

After 5 iterations the fit converged.
final sum of squares of residuals : 9.22003
rel. change during last iteration : -1.32667e-06

degrees of freedom    (FIT_NDF)                        : 13
rms of residuals      (FIT_STDFIT) = sqrt(WSSR/ndf)    : 0.84216
variance of residuals (reduced chisquare) = WSSR/ndf   : 0.709233
p-value of the Chisq distribution (FIT_P)              : 0.75613

Final set of parameters            Asymptotic Standard Error
=======================            ==========================
a               = 0.0144258        +/- 0.001278     (8.856%)
mr              = 1.72747          +/- 0.03387      (1.961%)
c               = -0.00441392      +/- 0.003401     (77.05%)

correlation matrix of the fit parameters:
                a      mr     c      
a               1.000 
mr              0.995  1.000 
c              -0.835 -0.801  1.000 


*******************************************************************************
Fri Jan 30 13:02:20 2026


FIT:    data read from 'corrfunc.dat' u 1:column2[i]:column3[i] every ::0::(L-1)
        format = x:z:s
        #datapoints = 16
function used for fitting: f(x,a,mr,c)
	f(x,a,mr,c)=a*cosh((x-L/2)/mr)+c
fitted parameters initialized with current variable values

iter      chisq       delta/lim  lambda   a             mr            c            
   0 7.0025942109e+02   0.00e+00  9.73e+01    1.442577e-02   1.727469e+00  -4.413920e-03
   5 4.0016408776e+00  -2.04e-01  9.73e-04    2.187670e-02   1.840195e+00  -4.575708e-03

After 5 iterations the fit converged.
final sum of squares of residuals : 4.00164
rel. change during last iteration : -2.04107e-06

degrees of freedom    (FIT_NDF)                        : 13
rms of residuals      (FIT_STDFIT) = sqrt(WSSR/ndf)    : 0.554814
variance of residuals (reduced chisquare) = WSSR/ndf   : 0.307819
p-value of the Chisq distribution (FIT_P)              : 0.991174

Final set of parameters            Asymptotic Standard Error
=======================            ==========================
a               = 0.0218767        +/- 0.001185     (5.418%)
mr              = 1.8402           +/- 0.02261      (1.229%)
c               = -0.00457571      +/- 0.003116     (68.1%)

correlation matrix of the fit parameters:
                a      mr     c      
a               1.000 
mr              0.997  1.000 
c              -0.883 -0.855  1.000 


*******************************************************************************
Fri Jan 30 13:02:20 2026


FIT:    data read from 'corrfunc.dat' u 1:column2[i]:column3[i] every ::0::(L-1)
        format = x:z:s
        #datapoints = 16
function used for fitting: f(x,a,mr,c)
	f(x,a,mr,c)=a*cosh((x-L/2)/mr)+c
fitted parameters initialized with current variable values

iter      chisq       delta/lim  lambda   a             mr            c            
   0 6.5607396272e+02   0.00e+00  1.04e+02    2.187670e-02   1.840195e+00  -4.575708e-03
   6 4.7896870779e+00  -4.96e-04  1.04e-04    3.674333e-02   2.047009e+00   3.674958e-03

After 6 iterations the fit converged.
final sum of squares of residuals : 4.78969
rel. change during last iteration : -4.96062e-09

degrees of freedom    (FIT_NDF)                        : 13
rms of residuals      (FIT_STDFIT) = sqrt(WSSR/ndf)    : 0.606991
variance of residuals (reduced chisquare) = WSSR/ndf   : 0.368437
p-value of the Chisq distribution (FIT_P)              : 0.979536

Final set of parameters            Asymptotic Standard Error
=======================            ==========================
a               = 0.0367433        +/- 0.002165     (5.892%)
mr              = 2.04701          +/- 0.02968      (1.45%)
c               = 0.00367496       +/- 0.004396     (119.6%)

correlation matrix of the fit parameters:
                a      mr     c      
a               1.000 
mr              0.997  1.000 
c              -0.912 -0.888  1.000 


*******************************************************************************
Fri Jan 30 13:02:20 2026


FIT:    data read from 'corrfunc.dat' u 1:column2[i]:column3[i] every ::0::(L-1)
        format = x:z:s
        #datapoints = 16
function used for fitting: f(x,a,mr,c)
	f(x,a,mr,c)=a*cosh((x-L/2)/mr)+c
fitted parameters initialized with current variable values

iter      chisq       delta/lim  lambda   a             mr            c            
   0 7.6522293512e+02   0.00e+00  7.57e+01    3.674333e-02   2.047009e+00   3.674958e-03
   6 7.8755387385e+00  -1.48e-01  7.57e-05    6.845836e-02   2.343898e+00  -6.811753e-03

After 6 iterations the fit converged.
final sum of squares of residuals : 7.87554
rel. change during last iteration : -1.48192e-06

degrees of freedom    (FIT_NDF)                        : 13
rms of residuals      (FIT_STDFIT) = sqrt(WSSR/ndf)    : 0.778338
variance of residuals (reduced chisquare) = WSSR/ndf   : 0.605811
p-value of the Chisq distribution (FIT_P)              : 0.851613

Final set of parameters            Asymptotic Standard Error
=======================            ==========================
a               = 0.0684584        +/- 0.005457     (7.971%)
mr              = 2.3439           +/- 0.05241      (2.236%)
c               = -0.00681175      +/- 0.008078     (118.6%)

correlation matrix of the fit parameters:
                a      mr     c      
a               1.000 
mr              0.996  1.000 
c              -0.954 -0.935  1.000 


*******************************************************************************
Fri Jan 30 13:02:20 2026


FIT:    data read from 'corrfunc.dat' u 1:column2[i]:column3[i] every ::0::(L-1)
        format = x:z:s
        #datapoints = 16
function used for fitting: f(x,a,mr,c)
	f(x,a,mr,c)=a*cosh((x-L/2)/mr)+c
fitted parameters initialized with current variable values

iter      chisq       delta/lim  lambda   a             mr            c            
   0 1.7417903671e+03   0.00e+00  8.06e+01    6.845836e-02   2.343898e+00  -6.811753e-03
   6 7.6622450550e+00  -1.88e-02  8.06e-05    1.167621e-01   2.696488e+00   1.994111e-02

After 6 iterations the fit converged.
final sum of squares of residuals : 7.66225
rel. change during last iteration : -1.87914e-07

degrees of freedom    (FIT_NDF)                        : 13
rms of residuals      (FIT_STDFIT) = sqrt(WSSR/ndf)    : 0.767726
variance of residuals (reduced chisquare) = WSSR/ndf   : 0.589403
p-value of the Chisq distribution (FIT_P)              : 0.864887

Final set of parameters            Asymptotic Standard Error
=======================            ==========================
a               = 0.116762         +/- 0.009517     (8.151%)
mr              = 2.69649          +/- 0.06941      (2.574%)
c               = 0.0199411        +/- 0.01182      (59.3%)

correlation matrix of the fit parameters:
                a      mr     c      
a               1.000 
mr              0.997  1.000 
c              -0.973 -0.957  1.000 


*******************************************************************************
Fri Jan 30 13:02:20 2026


FIT:    data read from 'corrfunc.dat' u 1:column2[i]:column3[i] every ::0::(L-1)
        format = x:z:s
        #datapoints = 16
function used for fitting: f(x,a,mr,c)
	f(x,a,mr,c)=a*cosh((x-L/2)/mr)+c
fitted parameters initialized with current variable values

iter      chisq       delta/lim  lambda   a             mr            c            
   0 1.3347802817e+03   0.00e+00  7.24e+01    1.167621e-01   2.696488e+00   1.994111e-02
   6 8.3277265371e+00  -2.02e-02  7.24e-05    1.591177e-01   2.918848e+00   6.151979e-02

After 6 iterations the fit converged.
final sum of squares of residuals : 8.32773
rel. change during last iteration : -2.02119e-07

degrees of freedom    (FIT_NDF)                        : 13
rms of residuals      (FIT_STDFIT) = sqrt(WSSR/ndf)    : 0.800371
variance of residuals (reduced chisquare) = WSSR/ndf   : 0.640594
p-value of the Chisq distribution (FIT_P)              : 0.821613

Final set of parameters            Asymptotic Standard Error
=======================            ==========================
a               = 0.159118         +/- 0.01505      (9.458%)
mr              = 2.91885          +/- 0.08994      (3.081%)
c               = 0.0615198        +/- 0.01802      (29.29%)

correlation matrix of the fit parameters:
                a      mr     c      
a               1.000 
mr              0.997  1.000 
c              -0.983 -0.971  1.000 


*******************************************************************************
Fri Jan 30 13:02:20 2026


FIT:    data read from 'corrfunc.dat' u 1:column2[i]:column3[i] every ::0::(L-1)
        format = x:z:s
        #datapoints = 16
function used for fitting: f(x,a,mr,c)
	f(x,a,mr,c)=a*cosh((x-L/2)/mr)+c
fitted parameters initialized with current variable values

iter      chisq       delta/lim  lambda   a             mr            c            
   0 1.9584246043e+03   0.00e+00  6.25e+01    1.591177e-01   2.918848e+00   6.151979e-02
   6 4.1081134644e+00  -8.00e-04  6.25e-05    2.971142e-01   3.576651e+00   4.079453e-02

After 6 iterations the fit converged.
final sum of squares of residuals : 4.10811
rel. change during last iteration : -8.0016e-09

degrees of freedom    (FIT_NDF)                        : 13
rms of residuals      (FIT_STDFIT) = sqrt(WSSR/ndf)    : 0.562147
variance of residuals (reduced chisquare) = WSSR/ndf   : 0.316009
p-value of the Chisq distribution (FIT_P)              : 0.989986

Final set of parameters            Asymptotic Standard Error
=======================            ==========================
a               = 0.297114         +/- 0.02694      (9.066%)
mr              = 3.57665          +/- 0.119        (3.327%)
c               = 0.0407945        +/- 0.02966      (72.72%)

correlation matrix of the fit parameters:
                a      mr     c      
a               1.000 
mr              0.998  1.000 
c              -0.996 -0.990  1.000 


*******************************************************************************
Fri Jan 30 13:02:20 2026


FIT:    data read from 'corrfunc.dat' u 1:column2[i]:column3[i] every ::0::(L-1)
        format = x:z:s
        #datapoints = 16
function used for fitting: f(x,a,mr,c)
	f(x,a,mr,c)=a*cosh((x-L/2)/mr)+c
fitted parameters initialized with current variable values

iter      chisq       delta/lim  lambda   a             mr            c            
   0 2.1708616482e+03   0.00e+00  5.57e+01    2.971142e-01   3.576651e+00   4.079453e-02
   7 2.5591133698e+00  -1.46e-01  5.57e-05    4.000155e-01   3.998915e+00   1.381073e-01

After 7 iterations the fit converged.
final sum of squares of residuals : 2.55911
rel. change during last iteration : -1.46386e-06

degrees of freedom    (FIT_NDF)                        : 13
rms of residuals      (FIT_STDFIT) = sqrt(WSSR/ndf)    : 0.443683
variance of residuals (reduced chisquare) = WSSR/ndf   : 0.196855
p-value of the Chisq distribution (FIT_P)              : 0.999114

Final set of parameters            Asymptotic Standard Error
=======================            ==========================
a               = 0.400015         +/- 0.04069      (10.17%)
mr              = 3.99891          +/- 0.1568       (3.922%)
c               = 0.138107         +/- 0.04336      (31.4%)

correlation matrix of the fit parameters:
                a      mr     c      
a               1.000 
mr              0.999  1.000 
c              -0.998 -0.993  1.000 


*******************************************************************************
Fri Jan 30 13:02:20 2026


FIT:    data read from 'corrfunc.dat' u 1:column2[i]:column3[i] every ::0::(L-1)
        format = x:z:s
        #datapoints = 16
function used for fitting: f(x,a,mr,c)
	f(x,a,mr,c)=a*cosh((x-L/2)/mr)+c
fitted parameters initialized with current variable values

iter      chisq       delta/lim  lambda   a             mr            c            
   0 5.1378700253e+03   0.00e+00  6.13e+01    4.000155e-01   3.998915e+00   1.381073e-01
   6 4.2210858355e+00  -5.59e-02  6.13e-05    4.984296e-01   4.475731e+00   3.090691e-01

After 6 iterations the fit converged.
final sum of squares of residuals : 4.22109
rel. change during last iteration : -5.58737e-07

degrees of freedom    (FIT_NDF)                        : 13
rms of residuals      (FIT_STDFIT) = sqrt(WSSR/ndf)    : 0.569824
variance of residuals (reduced chisquare) = WSSR/ndf   : 0.324699
p-value of the Chisq distribution (FIT_P)              : 0.988604

Final set of parameters            Asymptotic Standard Error
=======================            ==========================
a               = 0.49843          +/- 0.06574      (13.19%)
mr              = 4.47573          +/- 0.24         (5.363%)
c               = 0.309069         +/- 0.06861      (22.2%)

correlation matrix of the fit parameters:
                a      mr     c      
a               1.000 
mr              0.999  1.000 
c              -0.999 -0.996  1.000 


*******************************************************************************
Fri Jan 30 13:02:20 2026


FIT:    data read from 'corrfunc.dat' u 1:column2[i]:column3[i] every ::0::(L-1)
        format = x:z:s
        #datapoints = 16
function used for fitting: f(x,a,mr,c)
	f(x,a,mr,c)=a*cosh((x-L/2)/mr)+c
fitted parameters initialized with current variable values

iter      chisq       delta/lim  lambda   a             mr            c            
   0 6.8365266821e+03   0.00e+00  6.13e+01    4.984296e-01   4.475731e+00   3.090691e-01
  33 2.2734345649e+01  -4.99e-02  6.13e-04    4.568368e-01   4.619486e+00   7.098848e-01

After 33 iterations the fit converged.
final sum of squares of residuals : 22.7343
rel. change during last iteration : -4.99089e-07

degrees of freedom    (FIT_NDF)                        : 13
rms of residuals      (FIT_STDFIT) = sqrt(WSSR/ndf)    : 1.32242
variance of residuals (reduced chisquare) = WSSR/ndf   : 1.7488
p-value of the Chisq distribution (FIT_P)              : 0.0449769

Final set of parameters            Asymptotic Standard Error
=======================            ==========================
a               = 0.456837         +/- 0.1697       (37.14%)
mr              = 4.61949          +/- 0.7024       (15.21%)
c               = 0.709885         +/- 0.1765       (24.86%)

correlation matrix of the fit parameters:
                a      mr     c      
a               1.000 
mr              0.999  1.000 
c              -0.999 -0.996  1.000 


*******************************************************************************
Fri Jan 30 13:02:20 2026


FIT:    data read from 'corrfunc.dat' u 1:column2[i]:column3[i] every ::0::(L-1)
        format = x:z:s
        #datapoints = 16
function used for fitting: f(x,a,mr,c)
	f(x,a,mr,c)=a*cosh((x-L/2)/mr)+c
fitted parameters initialized with current variable values

iter      chisq       delta/lim  lambda   a             mr            c            
   0 2.8308647312e+03   0.00e+00  3.70e+01    4.568368e-01   4.619486e+00   7.098848e-01
  15 2.5121093363e+00  -2.16e-03  3.70e-04    2.906878e-01   4.208295e+00   1.238616e+00

After 15 iterations the fit converged.
final sum of squares of residuals : 2.51211
rel. change during last iteration : -2.15869e-08

degrees of freedom    (FIT_NDF)                        : 13
rms of residuals      (FIT_STDFIT) = sqrt(WSSR/ndf)    : 0.43959
variance of residuals (reduced chisquare) = WSSR/ndf   : 0.193239
p-value of the Chisq distribution (FIT_P)              : 0.999199

Final set of parameters            Asymptotic Standard Error
=======================            ==========================
a               = 0.290688         +/- 0.06542      (22.51%)
mr              = 4.2083           +/- 0.374        (8.886%)
c               = 1.23862          +/- 0.06977      (5.633%)

correlation matrix of the fit parameters:
                a      mr     c      
a               1.000 
mr              0.998  1.000 
c              -0.998 -0.994  1.000 


*******************************************************************************
Fri Jan 30 13:02:20 2026


FIT:    data read from 'corrfunc.dat' u 1:column2[i]:column3[i] every ::0::(L-1)
        format = x:z:s
        #datapoints = 16
function used for fitting: f(x,a,mr,c)
	f(x,a,mr,c)=a*cosh((x-L/2)/mr)+c
fitted parameters initialized with current variable values

iter      chisq       delta/lim  lambda   a             mr            c            
   0 5.8105298173e+03   0.00e+00  5.81e+01    2.906878e-01   4.208295e+00   1.238616e+00
   5 9.6645400673e+00  -6.28e-03  5.81e-04    3.008133e-01   4.733442e+00   1.586679e+00

After 5 iterations the fit converged.
final sum of squares of residuals : 9.66454
rel. change during last iteration : -6.28217e-08

degrees of freedom    (FIT_NDF)                        : 13
rms of residuals      (FIT_STDFIT) = sqrt(WSSR/ndf)    : 0.862222
variance of residuals (reduced chisquare) = WSSR/ndf   : 0.743426
p-value of the Chisq distribution (FIT_P)              : 0.721109

Final set of parameters            Asymptotic Standard Error
=======================            ==========================
a               = 0.300813         +/- 0.1688       (56.13%)
mr              = 4.73344          +/- 1.104        (23.32%)
c               = 1.58668          +/- 0.1752       (11.04%)

correlation matrix of the fit parameters:
                a      mr     c      
a               1.000 
mr              0.999  1.000 
c              -0.999 -0.997  1.000 


*******************************************************************************
Fri Jan 30 13:02:20 2026


FIT:    data read from 'corrfunc.dat' u 1:column2[i]:column3[i] every ::0::(L-1)
        format = x:z:s
        #datapoints = 16
function used for fitting: f(x,a,mr,c)
	f(x,a,mr,c)=a*cosh((x-L/2)/mr)+c
fitted parameters initialized with current variable values

iter      chisq       delta/lim  lambda   a             mr            c            
   0 7.3364683664e+03   0.00e+00  6.73e+01    3.008133e-01   4.733442e+00   1.586679e+00
 100 6.6467597907e+00  -1.40e-02  6.73e-04    1.010897e-02   1.839079e+00   2.315545e+00

After 100 iterations the fit converged.
final sum of squares of residuals : 6.64676
rel. change during last iteration : -1.40198e-07

degrees of freedom    (FIT_NDF)                        : 13
rms of residuals      (FIT_STDFIT) = sqrt(WSSR/ndf)    : 0.715045
variance of residuals (reduced chisquare) = WSSR/ndf   : 0.511289
p-value of the Chisq distribution (FIT_P)              : 0.919427

Final set of parameters            Asymptotic Standard Error
=======================            ==========================
a               = 0.010109         +/- 0.002899     (28.68%)
mr              = 1.83908          +/- 0.1204       (6.544%)
c               = 2.31554          +/- 0.008009     (0.3459%)

correlation matrix of the fit parameters:
                a      mr     c      
a               1.000 
mr              0.996  1.000 
c              -0.879 -0.846  1.000 


*******************************************************************************
Fri Jan 30 13:02:20 2026


FIT:    data read from 'corrfunc.dat' u 1:column2[i]:column3[i] every ::0::(L-1)
        format = x:z:s
        #datapoints = 16
function used for fitting: f(x,a,mr,c)
	f(x,a,mr,c)=a*cosh((x-L/2)/mr)+c
fitted parameters initialized with current variable values

iter      chisq       delta/lim  lambda   a             mr            c            
   0 3.9258273678e+03   0.00e+00  9.27e+01    1.010897e-02   1.839079e+00   2.315545e+00
  23 1.1194316476e+01  -6.15e-02  9.27e-05    2.199340e-03   1.428157e+00   2.595781e+00

After 23 iterations the fit converged.
final sum of squares of residuals : 11.1943
rel. change during last iteration : -6.14584e-07

degrees of freedom    (FIT_NDF)                        : 13
rms of residuals      (FIT_STDFIT) = sqrt(WSSR/ndf)    : 0.927955
variance of residuals (reduced chisquare) = WSSR/ndf   : 0.861101
p-value of the Chisq distribution (FIT_P)              : 0.594543

Final set of parameters            Asymptotic Standard Error
=======================            ==========================
a               = 0.00219934       +/- 0.001129     (51.34%)
mr              = 1.42816          +/- 0.1337       (9.363%)
c               = 2.59578          +/- 0.007331     (0.2824%)

correlation matrix of the fit parameters:
                a      mr     c      
a               1.000 
mr              0.996  1.000 
c              -0.784 -0.745  1.000 


*******************************************************************************
Fri Jan 30 13:02:20 2026


FIT:    data read from 'corrfunc.dat' u 1:column2[i]:column3[i] every ::0::(L-1)
        format = x:z:s
        #datapoints = 16
function used for fitting: f(x,a,mr,c)
	f(x,a,mr,c)=a*cosh((x-L/2)/mr)+c
fitted parameters initialized with current variable values

iter      chisq       delta/lim  lambda   a             mr            c            
   0 2.8878253688e+03   0.00e+00  8.24e+01    2.199340e-03   1.428157e+00   2.595781e+00
  55 3.9594178152e+00  -1.12e-01  8.24e-05    7.900644e-04   1.254042e+00   2.860852e+00

After 55 iterations the fit converged.
final sum of squares of residuals : 3.95942
rel. change during last iteration : -1.12337e-06

degrees of freedom    (FIT_NDF)                        : 13
rms of residuals      (FIT_STDFIT) = sqrt(WSSR/ndf)    : 0.551879
variance of residuals (reduced chisquare) = WSSR/ndf   : 0.304571
p-value of the Chisq distribution (FIT_P)              : 0.991615

Final set of parameters            Asymptotic Standard Error
=======================            ==========================
a               = 0.000790064      +/- 0.000462     (58.47%)
mr              = 1.25404          +/- 0.1182       (9.424%)
c               = 2.86085          +/- 0.004349     (0.152%)

correlation matrix of the fit parameters:
                a      mr     c      
a               1.000 
mr              0.997  1.000 
c              -0.733 -0.703  1.000 


*******************************************************************************
Fri Jan 30 13:02:20 2026


FIT:    data read from 'corrfunc.dat' u 1:column2[i]:column3[i] every ::0::(L-1)
        format = x:z:s
        #datapoints = 16
function used for fitting: f(x,a,mr,c)
	f(x,a,mr,c)=a*cosh((x-L/2)/mr)+c
fitted parameters initialized with current variable values

iter      chisq       delta/lim  lambda   a             mr            c            
   0 2.7495067077e+03   0.00e+00  1.10e+02    7.900644e-04   1.254042e+00   2.860852e+00
  40 3.1888024999e+00  -1.01e-01  1.10e-03    4.196358e-05   8.733143e-01   3.087354e+00

After 40 iterations the fit converged.
final sum of squares of residuals : 3.1888
rel. change during last iteration : -1.01101e-06

degrees of freedom    (FIT_NDF)                        : 13
rms of residuals      (FIT_STDFIT) = sqrt(WSSR/ndf)    : 0.49527
variance of residuals (reduced chisquare) = WSSR/ndf   : 0.245292
p-value of the Chisq distribution (FIT_P)              : 0.997163

Final set of parameters            Asymptotic Standard Error
=======================            ==========================
a               = 4.19636e-05      +/- 2.47e-05     (58.85%)
mr              = 0.873314         +/- 0.05608      (6.422%)
c               = 3.08735          +/- 0.003482     (0.1128%)

correlation matrix of the fit parameters:
                a      mr     c      
a               1.000 
mr              0.999  1.000 
c              -0.727 -0.705  1.000 


*******************************************************************************
Fri Jan 30 13:02:20 2026


FIT:    data read from 'corrfunc.dat' u 1:column2[i]:column3[i] every ::0::(L-1)
        format = x:z:s
        #datapoints = 16
function used for fitting: f(x,a,mr,c)
	f(x,a,mr,c)=a*cosh((x-L/2)/mr)+c
fitted parameters initialized with current variable values

iter      chisq       delta/lim  lambda   a             mr            c            
   0 3.0532500504e+03   0.00e+00  1.30e+02    4.196358e-05   8.733143e-01   3.087354e+00
  10 2.3635175355e+00  -5.89e-02  1.30e-04    1.935498e-05   8.224422e-01   3.286065e+00

After 10 iterations the fit converged.
final sum of squares of residuals : 2.36352
rel. change during last iteration : -5.8907e-07

degrees of freedom    (FIT_NDF)                        : 13
rms of residuals      (FIT_STDFIT) = sqrt(WSSR/ndf)    : 0.426391
variance of residuals (reduced chisquare) = WSSR/ndf   : 0.181809
p-value of the Chisq distribution (FIT_P)              : 0.999426

Final set of parameters            Asymptotic Standard Error
=======================            ==========================
a               = 1.9355e-05       +/- 1.287e-05    (66.49%)
mr              = 0.822442         +/- 0.05725      (6.961%)
c               = 3.28607          +/- 0.002408     (0.07329%)

correlation matrix of the fit parameters:
                a      mr     c      
a               1.000 
mr              0.998  1.000 
c              -0.698 -0.674  1.000 


*******************************************************************************
Fri Jan 30 13:02:20 2026


FIT:    data read from 'corrfunc.dat' u 1:column2[i]:column3[i] every ::0::(L-1)
        format = x:z:s
        #datapoints = 16
function used for fitting: f(x,a,mr,c)
	f(x,a,mr,c)=a*cosh((x-L/2)/mr)+c
fitted parameters initialized with current variable values

iter      chisq       delta/lim  lambda   a             mr            c            
   0 6.1850386832e+03   0.00e+00  1.77e+02    1.935498e-05   8.224422e-01   3.286065e+00
 162 3.9570924709e+00  -6.14e-03  1.77e-03    1.583211e-07   5.544580e-01   3.503841e+00

After 162 iterations the fit converged.
final sum of squares of residuals : 3.95709
rel. change during last iteration : -6.14161e-08

degrees of freedom    (FIT_NDF)                        : 13
rms of residuals      (FIT_STDFIT) = sqrt(WSSR/ndf)    : 0.551717
variance of residuals (reduced chisquare) = WSSR/ndf   : 0.304392
p-value of the Chisq distribution (FIT_P)              : 0.991639

Final set of parameters            Asymptotic Standard Error
=======================            ==========================
a               = 1.58321e-07      +/- 2.281e-07    (144.1%)
mr              = 0.554458         +/- 0.05611      (10.12%)
c               = 3.50384          +/- 0.001758     (0.05016%)

correlation matrix of the fit parameters:
                a      mr     c      
a               1.000 
mr              0.999  1.000 
c              -0.457 -0.447  1.000 


*******************************************************************************
Fri Jan 30 13:02:20 2026


FIT:    data read from 'corrfunc.dat' u 1:column2[i]:column3[i] every ::0::(L-1)
        format = x:z:s
        #datapoints = 16
function used for fitting: f(x,a,mr,c)
	f(x,a,mr,c)=a*cosh((x-L/2)/mr)+c
fitted parameters initialized with current variable values

iter      chisq       delta/lim  lambda   a             mr            c            
   0 4.9329649666e+03   0.00e+00  2.12e+02    1.583211e-07   5.544580e-01   3.503841e+00
 168 5.5419049560e+00  -8.84e-03  2.12e-06    3.409684e-06   7.093778e-01   3.671699e+00

After 168 iterations the fit converged.
final sum of squares of residuals : 5.5419
rel. change during last iteration : -8.84172e-08

degrees of freedom    (FIT_NDF)                        : 13
rms of residuals      (FIT_STDFIT) = sqrt(WSSR/ndf)    : 0.652917
variance of residuals (reduced chisquare) = WSSR/ndf   : 0.4263
p-value of the Chisq distribution (FIT_P)              : 0.961251

Final set of parameters            Asymptotic Standard Error
=======================            ==========================
a               = 3.40968e-06      +/- 3.991e-06    (117%)
mr              = 0.709378         +/- 0.07491      (10.56%)
c               = 3.6717           +/- 0.001884     (0.05132%)

correlation matrix of the fit parameters:
                a      mr     c      
a               1.000 
mr              0.999  1.000 
c              -0.458 -0.444  1.000 


*******************************************************************************
Fri Jan 30 13:02:20 2026


FIT:    data read from 'corrfunc.dat' u 1:column2[i]:column3[i] every ::0::(L-1)
        format = x:z:s
        #datapoints = 16
function used for fitting: f(x,a,mr,c)
	f(x,a,mr,c)=a*cosh((x-L/2)/mr)+c
fitted parameters initialized with current variable values

iter      chisq       delta/lim  lambda   a             mr            c            
   0 5.7436452829e+03   0.00e+00  2.04e+02    3.409684e-06   7.093778e-01   3.671699e+00
 165 3.6544013453e+00  -1.63e-02  2.04e-03    6.278806e-08   5.234124e-01   3.871409e+00

After 165 iterations the fit converged.
final sum of squares of residuals : 3.6544
rel. change during last iteration : -1.63144e-07

degrees of freedom    (FIT_NDF)                        : 13
rms of residuals      (FIT_STDFIT) = sqrt(WSSR/ndf)    : 0.530196
variance of residuals (reduced chisquare) = WSSR/ndf   : 0.281108
p-value of the Chisq distribution (FIT_P)              : 0.994343

Final set of parameters            Asymptotic Standard Error
=======================            ==========================
a               = 6.27881e-08      +/- 1.117e-07    (177.9%)
mr              = 0.523412         +/- 0.0615       (11.75%)
c               = 3.87141          +/- 0.001608     (0.04153%)

correlation matrix of the fit parameters:
                a      mr     c      
a               1.000 
mr              1.000  1.000 
c              -0.424 -0.417  1.000 


*******************************************************************************
Fri Jan 30 13:02:20 2026


FIT:    data read from 'corrfunc.dat' u 1:column2[i]:column3[i] every ::0::(L-1)
        format = x:z:s
        #datapoints = 16
function used for fitting: f(x,a,mr,c)
	f(x,a,mr,c)=a*cosh((x-L/2)/mr)+c
fitted parameters initialized with current variable values

iter      chisq       delta/lim  lambda   a             mr            c            
   0 4.4952055229e+03   0.00e+00  2.19e+02    6.278806e-08   5.234124e-01   3.871409e+00
  49 3.5323048221e+00  -3.08e-03  2.19e-04    1.113186e-08   4.741705e-01   4.044289e+00

After 49 iterations the fit converged.
final sum of squares of residuals : 3.5323
rel. change during last iteration : -3.07547e-08

degrees of freedom    (FIT_NDF)                        : 13
rms of residuals      (FIT_STDFIT) = sqrt(WSSR/ndf)    : 0.521264
variance of residuals (reduced chisquare) = WSSR/ndf   : 0.271716
p-value of the Chisq distribution (FIT_P)              : 0.995226

Final set of parameters            Asymptotic Standard Error
=======================            ==========================
a               = 1.11319e-08      +/- 2.688e-08    (241.4%)
mr              = 0.474171         +/- 0.06878      (14.5%)
c               = 4.04429          +/- 0.001506     (0.03723%)

correlation matrix of the fit parameters:
                a      mr     c      
a               1.000 
mr              1.000  1.000 
c              -0.408 -0.401  1.000 


*******************************************************************************
Fri Jan 30 13:02:20 2026


FIT:    data read from 'corrfunc.dat' u 1:column2[i]:column3[i] every ::0::(L-1)
        format = x:z:s
        #datapoints = 16
function used for fitting: f(x,a,mr,c)
	f(x,a,mr,c)=a*cosh((x-L/2)/mr)+c
fitted parameters initialized with current variable values

iter      chisq       delta/lim  lambda   a             mr            c            
   0 3.9982482477e+03   0.00e+00  2.29e+02    1.113186e-08   4.741705e-01   4.044289e+00
 273 6.2432771804e+00  -3.48e-02  2.29e-06    7.501009e-07   6.328350e-01   4.204726e+00

After 273 iterations the fit converged.
final sum of squares of residuals : 6.24328
rel. change during last iteration : -3.4809e-07

degrees of freedom    (FIT_NDF)                        : 13
rms of residuals      (FIT_STDFIT) = sqrt(WSSR/ndf)    : 0.693002
variance of residuals (reduced chisquare) = WSSR/ndf   : 0.480252
p-value of the Chisq distribution (FIT_P)              : 0.936849

Final set of parameters            Asymptotic Standard Error
=======================            ==========================
a               = 7.50101e-07      +/- 1.402e-06    (186.9%)
mr              = 0.632835         +/- 0.09501      (15.01%)
c               = 4.20473          +/- 0.002122     (0.05047%)

correlation matrix of the fit parameters:
                a      mr     c      
a               1.000 
mr              0.999  1.000 
c              -0.469 -0.457  1.000 


*******************************************************************************
Fri Jan 30 13:02:20 2026


FIT:    data read from 'corrfunc.dat' u 1:column2[i]:column3[i] every ::0::(L-1)
        format = x:z:s
        #datapoints = 16
function used for fitting: f(x,a,mr,c)
	f(x,a,mr,c)=a*cosh((x-L/2)/mr)+c
fitted parameters initialized with current variable values

iter      chisq       delta/lim  lambda   a             mr            c            
   0 4.5313751292e+03   0.00e+00  2.41e+02    7.501009e-07   6.328350e-01   4.204726e+00
  48 1.9311952451e+00  -2.30e-03  2.41e-04    1.860853e-07   5.734611e-01   4.375840e+00

After 48 iterations the fit converged.
final sum of squares of residuals : 1.9312
rel. change during last iteration : -2.3039e-08

degrees of freedom    (FIT_NDF)                        : 13
rms of residuals      (FIT_STDFIT) = sqrt(WSSR/ndf)    : 0.385426
variance of residuals (reduced chisquare) = WSSR/ndf   : 0.148553
p-value of the Chisq distribution (FIT_P)              : 0.999814

Final set of parameters            Asymptotic Standard Error
=======================            ==========================
a               = 1.86085e-07      +/- 2.731e-07    (146.8%)
mr              = 0.573461         +/- 0.06103      (10.64%)
c               = 4.37584          +/- 0.001129     (0.02579%)

correlation matrix of the fit parameters:
                a      mr     c      
a               1.000 
mr              1.000  1.000 
c              -0.439 -0.431  1.000 


*******************************************************************************
Fri Jan 30 13:02:20 2026


FIT:    data read from 'corrfunc.dat' u 1:column2[i]:column3[i] every ::0::(L-1)
        format = x:z:s
        #datapoints = 16
function used for fitting: f(x,a,mr,c)
	f(x,a,mr,c)=a*cosh((x-L/2)/mr)+c
fitted parameters initialized with current variable values

iter      chisq       delta/lim  lambda   a             mr            c            
   0 5.3939078680e+03   0.00e+00  2.71e+02    1.860853e-07   5.734611e-01   4.375840e+00
 262 3.1826325689e+00  -9.91e-01  2.71e+00    4.615375e-10   4.030755e-01   4.549055e+00

After 262 iterations the fit converged.
final sum of squares of residuals : 3.18263
rel. change during last iteration : -9.91085e-06

degrees of freedom    (FIT_NDF)                        : 13
rms of residuals      (FIT_STDFIT) = sqrt(WSSR/ndf)    : 0.494791
variance of residuals (reduced chisquare) = WSSR/ndf   : 0.244818
p-value of the Chisq distribution (FIT_P)              : 0.997192

Final set of parameters            Asymptotic Standard Error
=======================            ==========================
a               = 4.61538e-10      +/- 1.735e-09    (375.9%)
mr              = 0.403076         +/- 0.0773       (19.18%)
c               = 4.54906          +/- 0.001282     (0.02819%)

correlation matrix of the fit parameters:
                a      mr     c      
a               1.000 
mr              1.000  1.000 
c              -0.386 -0.382  1.000 


*******************************************************************************
Fri Jan 30 13:02:20 2026


FIT:    data read from 'corrfunc.dat' u 1:column2[i]:column3[i] every ::0::(L-1)
        format = x:z:s
        #datapoints = 16
function used for fitting: f(x,a,mr,c)
	f(x,a,mr,c)=a*cosh((x-L/2)/mr)+c
fitted parameters initialized with current variable values

iter      chisq       delta/lim  lambda   a             mr            c            
   0 4.0695463163e+03   0.00e+00  2.47e+02    4.615375e-10   4.030755e-01   4.549055e+00
 267 4.8830687923e+00  -3.89e-01  2.47e-03    5.775649e-09   4.614648e-01   4.717894e+00

After 267 iterations the fit converged.
final sum of squares of residuals : 4.88307
rel. change during last iteration : -3.89308e-06

degrees of freedom    (FIT_NDF)                        : 13
rms of residuals      (FIT_STDFIT) = sqrt(WSSR/ndf)    : 0.612879
variance of residuals (reduced chisquare) = WSSR/ndf   : 0.375621
p-value of the Chisq distribution (FIT_P)              : 0.977678

Final set of parameters            Asymptotic Standard Error
=======================            ==========================
a               = 5.77565e-09      +/- 1.948e-08    (337.3%)
mr              = 0.461465         +/- 0.09111      (19.74%)
c               = 4.71789          +/- 0.001884     (0.03993%)

correlation matrix of the fit parameters:
                a      mr     c      
a               1.000 
mr              0.999  1.000 
c              -0.446 -0.439  1.000 


*******************************************************************************
Fri Jan 30 14:18:29 2026


FIT:    data read from 'corrfunc.dat' u 1:column2[i]:column3[i] every ::0::(L-1)
        format = x:z:s
        #datapoints = 16
function used for fitting: f(x,a,mr,c)
	f(x,a,mr,c)=a*cosh((x-L/2)/mr)+c
fitted parameters initialized with current variable values

iter      chisq       delta/lim  lambda   a             mr            c            
   0 8.3439570755e+06   0.00e+00  7.21e+02    1.000000e-01   2.100000e+00   1.000000e+00
 279 9.0683179677e+00  -3.76e-04  7.21e-03    7.466158e-07   6.077124e-01  -2.753015e-04

After 279 iterations the fit converged.
final sum of squares of residuals : 9.06832
rel. change during last iteration : -3.75623e-09

degrees of freedom    (FIT_NDF)                        : 13
rms of residuals      (FIT_STDFIT) = sqrt(WSSR/ndf)    : 0.835202
variance of residuals (reduced chisquare) = WSSR/ndf   : 0.697563
p-value of the Chisq distribution (FIT_P)              : 0.767764

Final set of parameters            Asymptotic Standard Error
=======================            ==========================
a               = 7.46616e-07      +/- 2.526e-07    (33.83%)
mr              = 0.607712         +/- 0.01581      (2.602%)
c               = -0.000275301     +/- 0.0005262    (191.1%)

correlation matrix of the fit parameters:
                a      mr     c      
a               1.000 
mr              0.999  1.000 
c              -0.430 -0.421  1.000 


*******************************************************************************
Fri Jan 30 14:18:29 2026


FIT:    data read from 'corrfunc.dat' u 1:column2[i]:column3[i] every ::0::(L-1)
        format = x:z:s
        #datapoints = 16
function used for fitting: f(x,a,mr,c)
	f(x,a,mr,c)=a*cosh((x-L/2)/mr)+c
fitted parameters initialized with current variable values

iter      chisq       delta/lim  lambda   a             mr            c            
   0 2.5062499490e+01   0.00e+00  1.49e+02    7.466158e-07   6.077124e-01  -2.753015e-04
  27 1.7172020528e+01  -5.72e-01  1.49e-04    3.400244e-07   5.724080e-01   3.941791e-04

After 27 iterations the fit converged.
final sum of squares of residuals : 17.172
rel. change during last iteration : -5.72067e-06

degrees of freedom    (FIT_NDF)                        : 13
rms of residuals      (FIT_STDFIT) = sqrt(WSSR/ndf)    : 1.14931
variance of residuals (reduced chisquare) = WSSR/ndf   : 1.32092
p-value of the Chisq distribution (FIT_P)              : 0.191559

Final set of parameters            Asymptotic Standard Error
=======================            ==========================
a               = 3.40024e-07      +/- 1.466e-07    (43.11%)
mr              = 0.572408         +/- 0.01789      (3.126%)
c               = 0.000394179      +/- 0.0007095    (180%)

correlation matrix of the fit parameters:
                a      mr     c      
a               1.000 
mr              0.999  1.000 
c              -0.418 -0.408  1.000 


*******************************************************************************
Fri Jan 30 14:18:29 2026


FIT:    data read from 'corrfunc.dat' u 1:column2[i]:column3[i] every ::0::(L-1)
        format = x:z:s
        #datapoints = 16
function used for fitting: f(x,a,mr,c)
	f(x,a,mr,c)=a*cosh((x-L/2)/mr)+c
fitted parameters initialized with current variable values

iter      chisq       delta/lim  lambda   a             mr            c            
   0 1.1315591545e+01   0.00e+00  1.43e+02    3.400244e-07   5.724080e-01   3.941791e-04
  35 4.4554607738e+00  -3.64e-04  1.43e-05    7.271187e-07   6.047802e-01  -5.451136e-04

After 35 iterations the fit converged.
final sum of squares of residuals : 4.45546
rel. change during last iteration : -3.63635e-09

degrees of freedom    (FIT_NDF)                        : 13
rms of residuals      (FIT_STDFIT) = sqrt(WSSR/ndf)    : 0.58543
variance of residuals (reduced chisquare) = WSSR/ndf   : 0.342728
p-value of the Chisq distribution (FIT_P)              : 0.985312

Final set of parameters            Asymptotic Standard Error
=======================            ==========================
a               = 7.27119e-07      +/- 1.36e-07     (18.7%)
mr              = 0.60478          +/- 0.008706     (1.44%)
c               = -0.000545114     +/- 0.0003854    (70.71%)

correlation matrix of the fit parameters:
                a      mr     c      
a               1.000 
mr              0.999  1.000 
c              -0.476 -0.462  1.000 


*******************************************************************************
Fri Jan 30 14:18:29 2026


FIT:    data read from 'corrfunc.dat' u 1:column2[i]:column3[i] every ::0::(L-1)
        format = x:z:s
        #datapoints = 16
function used for fitting: f(x,a,mr,c)
	f(x,a,mr,c)=a*cosh((x-L/2)/mr)+c
fitted parameters initialized with current variable values

iter      chisq       delta/lim  lambda   a             mr            c            
   0 3.1334593823e+01   0.00e+00  1.29e+02    7.271187e-07   6.047802e-01  -5.451136e-04
  35 5.1195452137e+00  -2.34e-02  1.29e-04    1.355355e-06   6.319531e-01  -8.100690e-06

After 35 iterations the fit converged.
final sum of squares of residuals : 5.11955
rel. change during last iteration : -2.33627e-07

degrees of freedom    (FIT_NDF)                        : 13
rms of residuals      (FIT_STDFIT) = sqrt(WSSR/ndf)    : 0.627544
variance of residuals (reduced chisquare) = WSSR/ndf   : 0.393811
p-value of the Chisq distribution (FIT_P)              : 0.972466

Final set of parameters            Asymptotic Standard Error
=======================            ==========================
a               = 1.35535e-06      +/- 3.108e-07    (22.93%)
mr              = 0.631953         +/- 0.0116       (1.836%)
c               = -8.10069e-06     +/- 0.0004805    (5932%)

correlation matrix of the fit parameters:
                a      mr     c      
a               1.000 
mr              0.999  1.000 
c              -0.489 -0.478  1.000 


*******************************************************************************
Fri Jan 30 14:18:29 2026


FIT:    data read from 'corrfunc.dat' u 1:column2[i]:column3[i] every ::0::(L-1)
        format = x:z:s
        #datapoints = 16
function used for fitting: f(x,a,mr,c)
	f(x,a,mr,c)=a*cosh((x-L/2)/mr)+c
fitted parameters initialized with current variable values

iter      chisq       delta/lim  lambda   a             mr            c            
   0 1.7970252122e+01   0.00e+00  1.85e+02    1.355355e-06   6.319531e-01  -8.100690e-06
  17 7.1696434186e+00  -3.43e-02  1.85e-06    1.309068e-06   6.285486e-01  -6.771956e-04

After 17 iterations the fit converged.
final sum of squares of residuals : 7.16964
rel. change during last iteration : -3.4335e-07

degrees of freedom    (FIT_NDF)                        : 13
rms of residuals      (FIT_STDFIT) = sqrt(WSSR/ndf)    : 0.742638
variance of residuals (reduced chisquare) = WSSR/ndf   : 0.551511
p-value of the Chisq distribution (FIT_P)              : 0.893199

Final set of parameters            Asymptotic Standard Error
=======================            ==========================
a               = 1.30907e-06      +/- 3.126e-07    (23.88%)
mr              = 0.628549         +/- 0.01191      (1.894%)
c               = -0.000677196     +/- 0.0004952    (73.12%)

correlation matrix of the fit parameters:
                a      mr     c      
a               1.000 
mr              1.000  1.000 
c              -0.469 -0.460  1.000 


*******************************************************************************
Fri Jan 30 14:18:29 2026


FIT:    data read from 'corrfunc.dat' u 1:column2[i]:column3[i] every ::0::(L-1)
        format = x:z:s
        #datapoints = 16
function used for fitting: f(x,a,mr,c)
	f(x,a,mr,c)=a*cosh((x-L/2)/mr)+c
fitted parameters initialized with current variable values

iter      chisq       delta/lim  lambda   a             mr            c            
   0 3.8635098759e+01   0.00e+00  1.21e+02    1.309068e-06   6.285486e-01  -6.771956e-04
   7 1.1005977530e+01  -2.89e-02  1.21e-04    1.687283e-06   6.389623e-01   8.212088e-04

After 7 iterations the fit converged.
final sum of squares of residuals : 11.006
rel. change during last iteration : -2.8929e-07

degrees of freedom    (FIT_NDF)                        : 13
rms of residuals      (FIT_STDFIT) = sqrt(WSSR/ndf)    : 0.920116
variance of residuals (reduced chisquare) = WSSR/ndf   : 0.846614
p-value of the Chisq distribution (FIT_P)              : 0.610317

Final set of parameters            Asymptotic Standard Error
=======================            ==========================
a               = 1.68728e-06      +/- 4.628e-07    (27.43%)
mr              = 0.638962         +/- 0.01431      (2.24%)
c               = 0.000821209      +/- 0.0006402    (77.96%)

correlation matrix of the fit parameters:
                a      mr     c      
a               1.000 
mr              0.999  1.000 
c              -0.466 -0.451  1.000 


*******************************************************************************
Fri Jan 30 14:18:29 2026


FIT:    data read from 'corrfunc.dat' u 1:column2[i]:column3[i] every ::0::(L-1)
        format = x:z:s
        #datapoints = 16
function used for fitting: f(x,a,mr,c)
	f(x,a,mr,c)=a*cosh((x-L/2)/mr)+c
fitted parameters initialized with current variable values

iter      chisq       delta/lim  lambda   a             mr            c            
   0 1.6055022453e+01   0.00e+00  1.63e+02    1.687283e-06   6.389623e-01   8.212088e-04
  26 1.1125723736e+01  -1.93e-03  1.63e-04    2.768529e-06   6.647259e-01   2.656283e-04

After 26 iterations the fit converged.
final sum of squares of residuals : 11.1257
rel. change during last iteration : -1.93468e-08

degrees of freedom    (FIT_NDF)                        : 13
rms of residuals      (FIT_STDFIT) = sqrt(WSSR/ndf)    : 0.925108
variance of residuals (reduced chisquare) = WSSR/ndf   : 0.855825
p-value of the Chisq distribution (FIT_P)              : 0.600286

Final set of parameters            Asymptotic Standard Error
=======================            ==========================
a               = 2.76853e-06      +/- 6.769e-07    (24.45%)
mr              = 0.664726         +/- 0.01369      (2.059%)
c               = 0.000265628      +/- 0.0006872    (258.7%)

correlation matrix of the fit parameters:
                a      mr     c      
a               1.000 
mr              0.999  1.000 
c              -0.538 -0.524  1.000 


*******************************************************************************
Fri Jan 30 14:18:29 2026


FIT:    data read from 'corrfunc.dat' u 1:column2[i]:column3[i] every ::0::(L-1)
        format = x:z:s
        #datapoints = 16
function used for fitting: f(x,a,mr,c)
	f(x,a,mr,c)=a*cosh((x-L/2)/mr)+c
fitted parameters initialized with current variable values

iter      chisq       delta/lim  lambda   a             mr            c            
   0 2.8730597627e+01   0.00e+00  1.50e+02    2.768529e-06   6.647259e-01   2.656283e-04
  39 1.4484300625e+01  -4.07e-02  1.50e-04    4.993351e-06   6.974931e-01   5.540293e-04

After 39 iterations the fit converged.
final sum of squares of residuals : 14.4843
rel. change during last iteration : -4.06824e-07

degrees of freedom    (FIT_NDF)                        : 13
rms of residuals      (FIT_STDFIT) = sqrt(WSSR/ndf)    : 1.05555
variance of residuals (reduced chisquare) = WSSR/ndf   : 1.11418
p-value of the Chisq distribution (FIT_P)              : 0.340642

Final set of parameters            Asymptotic Standard Error
=======================            ==========================
a               = 4.99335e-06      +/- 1.523e-06    (30.49%)
mr              = 0.697493         +/- 0.01878      (2.693%)
c               = 0.000554029      +/- 0.000801     (144.6%)

correlation matrix of the fit parameters:
                a      mr     c      
a               1.000 
mr              0.999  1.000 
c              -0.468 -0.456  1.000 


*******************************************************************************
Fri Jan 30 14:18:29 2026


FIT:    data read from 'corrfunc.dat' u 1:column2[i]:column3[i] every ::0::(L-1)
        format = x:z:s
        #datapoints = 16
function used for fitting: f(x,a,mr,c)
	f(x,a,mr,c)=a*cosh((x-L/2)/mr)+c
fitted parameters initialized with current variable values

iter      chisq       delta/lim  lambda   a             mr            c            
   0 4.8109834281e+01   0.00e+00  1.31e+02    4.993351e-06   6.974931e-01   5.540293e-04
   5 1.3766693557e+01  -3.90e-01  1.31e-03    4.339622e-06   6.847700e-01   7.396418e-04

After 5 iterations the fit converged.
final sum of squares of residuals : 13.7667
rel. change during last iteration : -3.89939e-06

degrees of freedom    (FIT_NDF)                        : 13
rms of residuals      (FIT_STDFIT) = sqrt(WSSR/ndf)    : 1.02907
variance of residuals (reduced chisquare) = WSSR/ndf   : 1.05898
p-value of the Chisq distribution (FIT_P)              : 0.390477

Final set of parameters            Asymptotic Standard Error
=======================            ==========================
a               = 4.33962e-06      +/- 1.129e-06    (26.01%)
mr              = 0.68477          +/- 0.01553      (2.268%)
c               = 0.000739642      +/- 0.0008078    (109.2%)

correlation matrix of the fit parameters:
                a      mr     c      
a               1.000 
mr              0.999  1.000 
c              -0.495 -0.479  1.000 


*******************************************************************************
Fri Jan 30 14:18:29 2026


FIT:    data read from 'corrfunc.dat' u 1:column2[i]:column3[i] every ::0::(L-1)
        format = x:z:s
        #datapoints = 16
function used for fitting: f(x,a,mr,c)
	f(x,a,mr,c)=a*cosh((x-L/2)/mr)+c
fitted parameters initialized with current variable values

iter      chisq       delta/lim  lambda   a             mr            c            
   0 4.8806836881e+01   0.00e+00  1.36e+02    4.339622e-06   6.847700e-01   7.396418e-04
  16 1.1567457573e+01  -2.07e-04  1.36e-04    7.768190e-06   7.180363e-01   8.710051e-04

After 16 iterations the fit converged.
final sum of squares of residuals : 11.5675
rel. change during last iteration : -2.06923e-09

degrees of freedom    (FIT_NDF)                        : 13
rms of residuals      (FIT_STDFIT) = sqrt(WSSR/ndf)    : 0.943294
variance of residuals (reduced chisquare) = WSSR/ndf   : 0.889804
p-value of the Chisq distribution (FIT_P)              : 0.56339

Final set of parameters            Asymptotic Standard Error
=======================            ==========================
a               = 7.76819e-06      +/- 1.523e-06    (19.6%)
mr              = 0.718036         +/- 0.01301      (1.811%)
c               = 0.000871005      +/- 0.0007392    (84.87%)

correlation matrix of the fit parameters:
                a      mr     c      
a               1.000 
mr              0.998  1.000 
c              -0.525 -0.504  1.000 


*******************************************************************************
Fri Jan 30 14:18:29 2026


FIT:    data read from 'corrfunc.dat' u 1:column2[i]:column3[i] every ::0::(L-1)
        format = x:z:s
        #datapoints = 16
function used for fitting: f(x,a,mr,c)
	f(x,a,mr,c)=a*cosh((x-L/2)/mr)+c
fitted parameters initialized with current variable values

iter      chisq       delta/lim  lambda   a             mr            c            
   0 1.8966639248e+01   0.00e+00  1.00e+02    7.768190e-06   7.180363e-01   8.710051e-04
   8 1.5475105389e+01  -4.04e-05  1.00e-04    1.112348e-05   7.410623e-01   1.085778e-04

After 8 iterations the fit converged.
final sum of squares of residuals : 15.4751
rel. change during last iteration : -4.04131e-10

degrees of freedom    (FIT_NDF)                        : 13
rms of residuals      (FIT_STDFIT) = sqrt(WSSR/ndf)    : 1.09105
variance of residuals (reduced chisquare) = WSSR/ndf   : 1.19039
p-value of the Chisq distribution (FIT_P)              : 0.278638

Final set of parameters            Asymptotic Standard Error
=======================            ==========================
a               = 1.11235e-05      +/- 3.125e-06    (28.1%)
mr              = 0.741062         +/- 0.01985      (2.678%)
c               = 0.000108578      +/- 0.001055     (971.5%)

correlation matrix of the fit parameters:
                a      mr     c      
a               1.000 
mr              0.998  1.000 
c              -0.629 -0.608  1.000 


*******************************************************************************
Fri Jan 30 14:18:29 2026


FIT:    data read from 'corrfunc.dat' u 1:column2[i]:column3[i] every ::0::(L-1)
        format = x:z:s
        #datapoints = 16
function used for fitting: f(x,a,mr,c)
	f(x,a,mr,c)=a*cosh((x-L/2)/mr)+c
fitted parameters initialized with current variable values

iter      chisq       delta/lim  lambda   a             mr            c            
   0 5.2608253788e+01   0.00e+00  1.52e+02    1.112348e-05   7.410623e-01   1.085778e-04
  28 7.4373845048e+00  -5.69e-03  1.52e-05    2.337063e-05   7.912412e-01  -1.397590e-03

After 28 iterations the fit converged.
final sum of squares of residuals : 7.43738
rel. change during last iteration : -5.69355e-08

degrees of freedom    (FIT_NDF)                        : 13
rms of residuals      (FIT_STDFIT) = sqrt(WSSR/ndf)    : 0.756377
variance of residuals (reduced chisquare) = WSSR/ndf   : 0.572107
p-value of the Chisq distribution (FIT_P)              : 0.878228

Final set of parameters            Asymptotic Standard Error
=======================            ==========================
a               = 2.33706e-05      +/- 4.115e-06    (17.61%)
mr              = 0.791241         +/- 0.01394      (1.762%)
c               = -0.00139759      +/- 0.0006582    (47.1%)

correlation matrix of the fit parameters:
                a      mr     c      
a               1.000 
mr              0.999  1.000 
c              -0.515 -0.501  1.000 


*******************************************************************************
Fri Jan 30 14:18:29 2026


FIT:    data read from 'corrfunc.dat' u 1:column2[i]:column3[i] every ::0::(L-1)
        format = x:z:s
        #datapoints = 16
function used for fitting: f(x,a,mr,c)
	f(x,a,mr,c)=a*cosh((x-L/2)/mr)+c
fitted parameters initialized with current variable values

iter      chisq       delta/lim  lambda   a             mr            c            
   0 3.8313896189e+01   0.00e+00  1.06e+02    2.337063e-05   7.912412e-01  -1.397590e-03
   6 1.2446608132e+01  -6.49e-04  1.06e-04    2.076371e-05   7.770573e-01  -6.590669e-04

After 6 iterations the fit converged.
final sum of squares of residuals : 12.4466
rel. change during last iteration : -6.49119e-09

degrees of freedom    (FIT_NDF)                        : 13
rms of residuals      (FIT_STDFIT) = sqrt(WSSR/ndf)    : 0.978484
variance of residuals (reduced chisquare) = WSSR/ndf   : 0.957431
p-value of the Chisq distribution (FIT_P)              : 0.491405

Final set of parameters            Asymptotic Standard Error
=======================            ==========================
a               = 2.07637e-05      +/- 4.511e-06    (21.73%)
mr              = 0.777057         +/- 0.01689      (2.173%)
c               = -0.000659067     +/- 0.0009148    (138.8%)

correlation matrix of the fit parameters:
                a      mr     c      
a               1.000 
mr              0.998  1.000 
c              -0.485 -0.465  1.000 


*******************************************************************************
Fri Jan 30 14:18:29 2026


FIT:    data read from 'corrfunc.dat' u 1:column2[i]:column3[i] every ::0::(L-1)
        format = x:z:s
        #datapoints = 16
function used for fitting: f(x,a,mr,c)
	f(x,a,mr,c)=a*cosh((x-L/2)/mr)+c
fitted parameters initialized with current variable values

iter      chisq       delta/lim  lambda   a             mr            c            
   0 2.6660535087e+01   0.00e+00  1.23e+02    2.076371e-05   7.770573e-01  -6.590669e-04
  11 6.6873673804e+00  -1.45e-02  1.23e-04    2.965663e-05   8.025039e-01   5.553085e-04

After 11 iterations the fit converged.
final sum of squares of residuals : 6.68737
rel. change during last iteration : -1.44525e-07

degrees of freedom    (FIT_NDF)                        : 13
rms of residuals      (FIT_STDFIT) = sqrt(WSSR/ndf)    : 0.717226
variance of residuals (reduced chisquare) = WSSR/ndf   : 0.514413
p-value of the Chisq distribution (FIT_P)              : 0.917536

Final set of parameters            Asymptotic Standard Error
=======================            ==========================
a               = 2.96566e-05      +/- 5.151e-06    (17.37%)
mr              = 0.802504         +/- 0.01423      (1.773%)
c               = 0.000555308      +/- 0.0006937    (124.9%)

correlation matrix of the fit parameters:
                a      mr     c      
a               1.000 
mr              0.999  1.000 
c              -0.492 -0.477  1.000 


*******************************************************************************
Fri Jan 30 14:18:29 2026


FIT:    data read from 'corrfunc.dat' u 1:column2[i]:column3[i] every ::0::(L-1)
        format = x:z:s
        #datapoints = 16
function used for fitting: f(x,a,mr,c)
	f(x,a,mr,c)=a*cosh((x-L/2)/mr)+c
fitted parameters initialized with current variable values

iter      chisq       delta/lim  lambda   a             mr            c            
   0 1.7864285235e+01   0.00e+00  1.15e+02    2.965663e-05   8.025039e-01   5.553085e-04
  10 4.0059278272e+00  -2.50e-04  1.15e-05    5.366114e-05   8.508640e-01  -2.044265e-03

After 10 iterations the fit converged.
final sum of squares of residuals : 4.00593
rel. change during last iteration : -2.49661e-09

degrees of freedom    (FIT_NDF)                        : 13
rms of residuals      (FIT_STDFIT) = sqrt(WSSR/ndf)    : 0.555111
variance of residuals (reduced chisquare) = WSSR/ndf   : 0.308148
p-value of the Chisq distribution (FIT_P)              : 0.991128

Final set of parameters            Asymptotic Standard Error
=======================            ==========================
a               = 5.36611e-05      +/- 6.276e-06    (11.7%)
mr              = 0.850864         +/- 0.01082      (1.271%)
c               = -0.00204427      +/- 0.0006686    (32.7%)

correlation matrix of the fit parameters:
                a      mr     c      
a               1.000 
mr              0.998  1.000 
c              -0.568 -0.546  1.000 


*******************************************************************************
Fri Jan 30 14:18:29 2026


FIT:    data read from 'corrfunc.dat' u 1:column2[i]:column3[i] every ::0::(L-1)
        format = x:z:s
        #datapoints = 16
function used for fitting: f(x,a,mr,c)
	f(x,a,mr,c)=a*cosh((x-L/2)/mr)+c
fitted parameters initialized with current variable values

iter      chisq       delta/lim  lambda   a             mr            c            
   0 6.1013461132e+01   0.00e+00  1.04e+02    5.366114e-05   8.508640e-01  -2.044265e-03
   6 1.2037409162e+01  -9.16e-05  1.04e-04    5.939367e-05   8.554546e-01   1.685059e-03

After 6 iterations the fit converged.
final sum of squares of residuals : 12.0374
rel. change during last iteration : -9.15808e-10

degrees of freedom    (FIT_NDF)                        : 13
rms of residuals      (FIT_STDFIT) = sqrt(WSSR/ndf)    : 0.962265
variance of residuals (reduced chisquare) = WSSR/ndf   : 0.925955
p-value of the Chisq distribution (FIT_P)              : 0.524579

Final set of parameters            Asymptotic Standard Error
=======================            ==========================
a               = 5.93937e-05      +/- 1.229e-05    (20.68%)
mr              = 0.855455         +/- 0.01933      (2.26%)
c               = 0.00168506       +/- 0.001298     (77.01%)

correlation matrix of the fit parameters:
                a      mr     c      
a               1.000 
mr              0.998  1.000 
c              -0.596 -0.574  1.000 


*******************************************************************************
Fri Jan 30 14:18:29 2026


FIT:    data read from 'corrfunc.dat' u 1:column2[i]:column3[i] every ::0::(L-1)
        format = x:z:s
        #datapoints = 16
function used for fitting: f(x,a,mr,c)
	f(x,a,mr,c)=a*cosh((x-L/2)/mr)+c
fitted parameters initialized with current variable values

iter      chisq       delta/lim  lambda   a             mr            c            
   0 9.4282874267e+01   0.00e+00  1.15e+02    5.939367e-05   8.554546e-01   1.685059e-03
   8 1.1712965249e+01  -9.07e-04  1.15e-04    8.360824e-05   8.785977e-01   5.026965e-04

After 8 iterations the fit converged.
final sum of squares of residuals : 11.713
rel. change during last iteration : -9.06789e-09

degrees of freedom    (FIT_NDF)                        : 13
rms of residuals      (FIT_STDFIT) = sqrt(WSSR/ndf)    : 0.949209
variance of residuals (reduced chisquare) = WSSR/ndf   : 0.900997
p-value of the Chisq distribution (FIT_P)              : 0.55131

Final set of parameters            Asymptotic Standard Error
=======================            ==========================
a               = 8.36082e-05      +/- 1.5e-05      (17.94%)
mr              = 0.878598         +/- 0.01763      (2.007%)
c               = 0.000502696      +/- 0.001139     (226.6%)

correlation matrix of the fit parameters:
                a      mr     c      
a               1.000 
mr              0.998  1.000 
c              -0.599 -0.580  1.000 


*******************************************************************************
Fri Jan 30 14:18:29 2026


FIT:    data read from 'corrfunc.dat' u 1:column2[i]:column3[i] every ::0::(L-1)
        format = x:z:s
        #datapoints = 16
function used for fitting: f(x,a,mr,c)
	f(x,a,mr,c)=a*cosh((x-L/2)/mr)+c
fitted parameters initialized with current variable values

iter      chisq       delta/lim  lambda   a             mr            c            
   0 3.5081516210e+01   0.00e+00  9.79e+01    8.360824e-05   8.785977e-01   5.026965e-04
   9 1.1372292969e+01  -1.18e-01  9.79e-05    1.494384e-04   9.350004e-01  -4.861782e-04

After 9 iterations the fit converged.
final sum of squares of residuals : 11.3723
rel. change during last iteration : -1.1817e-06

degrees of freedom    (FIT_NDF)                        : 13
rms of residuals      (FIT_STDFIT) = sqrt(WSSR/ndf)    : 0.935303
variance of residuals (reduced chisquare) = WSSR/ndf   : 0.874792
p-value of the Chisq distribution (FIT_P)              : 0.57966

Final set of parameters            Asymptotic Standard Error
=======================            ==========================
a               = 0.000149438      +/- 2.685e-05    (17.97%)
mr              = 0.935            +/- 0.02026      (2.167%)
c               = -0.000486178     +/- 0.001201     (247%)

correlation matrix of the fit parameters:
                a      mr     c      
a               1.000 
mr              0.998  1.000 
c              -0.572 -0.549  1.000 


*******************************************************************************
Fri Jan 30 14:18:29 2026


FIT:    data read from 'corrfunc.dat' u 1:column2[i]:column3[i] every ::0::(L-1)
        format = x:z:s
        #datapoints = 16
function used for fitting: f(x,a,mr,c)
	f(x,a,mr,c)=a*cosh((x-L/2)/mr)+c
fitted parameters initialized with current variable values

iter      chisq       delta/lim  lambda   a             mr            c            
   0 6.2837372414e+01   0.00e+00  1.01e+02    1.494384e-04   9.350004e-01  -4.861782e-04
   8 4.9471378918e+00  -3.63e-02  1.01e-04    2.280847e-04   9.764395e-01   5.743261e-04

After 8 iterations the fit converged.
final sum of squares of residuals : 4.94714
rel. change during last iteration : -3.62966e-07

degrees of freedom    (FIT_NDF)                        : 13
rms of residuals      (FIT_STDFIT) = sqrt(WSSR/ndf)    : 0.616887
variance of residuals (reduced chisquare) = WSSR/ndf   : 0.380549
p-value of the Chisq distribution (FIT_P)              : 0.976338

Final set of parameters            Asymptotic Standard Error
=======================            ==========================
a               = 0.000228085      +/- 2.529e-05    (11.09%)
mr              = 0.97644          +/- 0.01355      (1.387%)
c               = 0.000574326      +/- 0.0009029    (157.2%)

correlation matrix of the fit parameters:
                a      mr     c      
a               1.000 
mr              0.998  1.000 
c              -0.610 -0.587  1.000 


*******************************************************************************
Fri Jan 30 14:18:29 2026


FIT:    data read from 'corrfunc.dat' u 1:column2[i]:column3[i] every ::0::(L-1)
        format = x:z:s
        #datapoints = 16
function used for fitting: f(x,a,mr,c)
	f(x,a,mr,c)=a*cosh((x-L/2)/mr)+c
fitted parameters initialized with current variable values

iter      chisq       delta/lim  lambda   a             mr            c            
   0 5.9211038530e+01   0.00e+00  1.12e+02    2.280847e-04   9.764395e-01   5.743261e-04
   7 6.5155126559e+00  -1.87e-04  1.12e-04    3.254372e-04   1.013356e+00   4.753256e-04

After 7 iterations the fit converged.
final sum of squares of residuals : 6.51551
rel. change during last iteration : -1.87148e-09

degrees of freedom    (FIT_NDF)                        : 13
rms of residuals      (FIT_STDFIT) = sqrt(WSSR/ndf)    : 0.70795
variance of residuals (reduced chisquare) = WSSR/ndf   : 0.501193
p-value of the Chisq distribution (FIT_P)              : 0.925366

Final set of parameters            Asymptotic Standard Error
=======================            ==========================
a               = 0.000325437      +/- 3.722e-05    (11.44%)
mr              = 1.01336          +/- 0.01501      (1.481%)
c               = 0.000475326      +/- 0.001139     (239.5%)

correlation matrix of the fit parameters:
                a      mr     c      
a               1.000 
mr              0.998  1.000 
c              -0.607 -0.582  1.000 


*******************************************************************************
Fri Jan 30 14:18:29 2026


FIT:    data read from 'corrfunc.dat' u 1:column2[i]:column3[i] every ::0::(L-1)
        format = x:z:s
        #datapoints = 16
function used for fitting: f(x,a,mr,c)
	f(x,a,mr,c)=a*cosh((x-L/2)/mr)+c
fitted parameters initialized with current variable values

iter      chisq       delta/lim  lambda   a             mr            c            
   0 1.1246047075e+02   0.00e+00  1.01e+02    3.254372e-04   1.013356e+00   4.753256e-04
   8 1.2314647658e+01  -1.55e-03  1.01e-05    6.661808e-04   1.103595e+00  -3.817477e-03

After 8 iterations the fit converged.
final sum of squares of residuals : 12.3146
rel. change during last iteration : -1.54628e-08

degrees of freedom    (FIT_NDF)                        : 13
rms of residuals      (FIT_STDFIT) = sqrt(WSSR/ndf)    : 0.973283
variance of residuals (reduced chisquare) = WSSR/ndf   : 0.947281
p-value of the Chisq distribution (FIT_P)              : 0.502027

Final set of parameters            Asymptotic Standard Error
=======================            ==========================
a               = 0.000666181      +/- 9.248e-05    (13.88%)
mr              = 1.10359          +/- 0.02202      (1.996%)
c               = -0.00381748      +/- 0.001645     (43.08%)

correlation matrix of the fit parameters:
                a      mr     c      
a               1.000 
mr              0.997  1.000 
c              -0.589 -0.556  1.000 


*******************************************************************************
Fri Jan 30 14:18:29 2026


FIT:    data read from 'corrfunc.dat' u 1:column2[i]:column3[i] every ::0::(L-1)
        format = x:z:s
        #datapoints = 16
function used for fitting: f(x,a,mr,c)
	f(x,a,mr,c)=a*cosh((x-L/2)/mr)+c
fitted parameters initialized with current variable values

iter      chisq       delta/lim  lambda   a             mr            c            
   0 1.4391664741e+02   0.00e+00  8.12e+01    6.661808e-04   1.103595e+00  -3.817477e-03
   5 4.7970918529e+00  -7.10e-01  8.12e-04    9.542845e-04   1.148559e+00   8.672789e-04

After 5 iterations the fit converged.
final sum of squares of residuals : 4.79709
rel. change during last iteration : -7.09626e-06

degrees of freedom    (FIT_NDF)                        : 13
rms of residuals      (FIT_STDFIT) = sqrt(WSSR/ndf)    : 0.60746
variance of residuals (reduced chisquare) = WSSR/ndf   : 0.369007
p-value of the Chisq distribution (FIT_P)              : 0.979392

Final set of parameters            Asymptotic Standard Error
=======================            ==========================
a               = 0.000954284      +/- 8.199e-05    (8.592%)
mr              = 1.14856          +/- 0.01487      (1.295%)
c               = 0.000867279      +/- 0.001166     (134.5%)

correlation matrix of the fit parameters:
                a      mr     c      
a               1.000 
mr              0.996  1.000 
c              -0.663 -0.627  1.000 


*******************************************************************************
Fri Jan 30 14:18:29 2026


FIT:    data read from 'corrfunc.dat' u 1:column2[i]:column3[i] every ::0::(L-1)
        format = x:z:s
        #datapoints = 16
function used for fitting: f(x,a,mr,c)
	f(x,a,mr,c)=a*cosh((x-L/2)/mr)+c
fitted parameters initialized with current variable values

iter      chisq       delta/lim  lambda   a             mr            c            
   0 1.1198062141e+02   0.00e+00  1.00e+02    9.542845e-04   1.148559e+00   8.672789e-04
   7 5.8810113320e+00  -9.98e-05  1.00e-05    1.469269e-03   1.207862e+00  -5.514603e-03

After 7 iterations the fit converged.
final sum of squares of residuals : 5.88101
rel. change during last iteration : -9.98177e-10

degrees of freedom    (FIT_NDF)                        : 13
rms of residuals      (FIT_STDFIT) = sqrt(WSSR/ndf)    : 0.672596
variance of residuals (reduced chisquare) = WSSR/ndf   : 0.452385
p-value of the Chisq distribution (FIT_P)              : 0.950376

Final set of parameters            Asymptotic Standard Error
=======================            ==========================
a               = 0.00146927       +/- 0.0001273    (8.661%)
mr              = 1.20786          +/- 0.01632      (1.352%)
c               = -0.0055146       +/- 0.001378     (24.99%)

correlation matrix of the fit parameters:
                a      mr     c      
a               1.000 
mr              0.997  1.000 
c              -0.658 -0.627  1.000 


*******************************************************************************
Fri Jan 30 14:18:29 2026


FIT:    data read from 'corrfunc.dat' u 1:column2[i]:column3[i] every ::0::(L-1)
        format = x:z:s
        #datapoints = 16
function used for fitting: f(x,a,mr,c)
	f(x,a,mr,c)=a*cosh((x-L/2)/mr)+c
fitted parameters initialized with current variable values

iter      chisq       delta/lim  lambda   a             mr            c            
   0 1.3911584366e+02   0.00e+00  9.73e+01    1.469269e-03   1.207862e+00  -5.514603e-03
   6 3.7517387273e+00  -1.57e-04  9.73e-05    2.962741e-03   1.339984e+00  -3.917185e-03

After 6 iterations the fit converged.
final sum of squares of residuals : 3.75174
rel. change during last iteration : -1.57449e-09

degrees of freedom    (FIT_NDF)                        : 13
rms of residuals      (FIT_STDFIT) = sqrt(WSSR/ndf)    : 0.537211
variance of residuals (reduced chisquare) = WSSR/ndf   : 0.288595
p-value of the Chisq distribution (FIT_P)              : 0.993557

Final set of parameters            Asymptotic Standard Error
=======================            ==========================
a               = 0.00296274       +/- 0.0002045    (6.902%)
mr              = 1.33998          +/- 0.0157       (1.172%)
c               = -0.00391719      +/- 0.001345     (34.35%)

correlation matrix of the fit parameters:
                a      mr     c      
a               1.000 
mr              0.997  1.000 
c              -0.726 -0.698  1.000 


*******************************************************************************
Fri Jan 30 14:18:29 2026


FIT:    data read from 'corrfunc.dat' u 1:column2[i]:column3[i] every ::0::(L-1)
        format = x:z:s
        #datapoints = 16
function used for fitting: f(x,a,mr,c)
	f(x,a,mr,c)=a*cosh((x-L/2)/mr)+c
fitted parameters initialized with current variable values

iter      chisq       delta/lim  lambda   a             mr            c            
   0 1.3157844161e+02   0.00e+00  8.89e+01    2.962741e-03   1.339984e+00  -3.917185e-03
   6 1.3821129866e+01  -8.74e-04  8.89e-05    3.283157e-03   1.351863e+00   4.174521e-03

After 6 iterations the fit converged.
final sum of squares of residuals : 13.8211
rel. change during last iteration : -8.73876e-09

degrees of freedom    (FIT_NDF)                        : 13
rms of residuals      (FIT_STDFIT) = sqrt(WSSR/ndf)    : 1.0311
variance of residuals (reduced chisquare) = WSSR/ndf   : 1.06316
p-value of the Chisq distribution (FIT_P)              : 0.386561

Final set of parameters            Asymptotic Standard Error
=======================            ==========================
a               = 0.00328316       +/- 0.0003773    (11.49%)
mr              = 1.35186          +/- 0.02737      (2.024%)
c               = 0.00417452       +/- 0.002446     (58.6%)

correlation matrix of the fit parameters:
                a      mr     c      
a               1.000 
mr              0.996  1.000 
c              -0.713 -0.675  1.000 


*******************************************************************************
Fri Jan 30 14:18:29 2026


FIT:    data read from 'corrfunc.dat' u 1:column2[i]:column3[i] every ::0::(L-1)
        format = x:z:s
        #datapoints = 16
function used for fitting: f(x,a,mr,c)
	f(x,a,mr,c)=a*cosh((x-L/2)/mr)+c
fitted parameters initialized with current variable values

iter      chisq       delta/lim  lambda   a             mr            c            
   0 3.3490608836e+02   0.00e+00  8.99e+01    3.283157e-03   1.351863e+00   4.174521e-03
   7 1.2013476966e+01  -3.86e-04  8.99e-05    8.217162e-03   1.563738e+00  -7.635034e-03

After 7 iterations the fit converged.
final sum of squares of residuals : 12.0135
rel. change during last iteration : -3.86323e-09

degrees of freedom    (FIT_NDF)                        : 13
rms of residuals      (FIT_STDFIT) = sqrt(WSSR/ndf)    : 0.961308
variance of residuals (reduced chisquare) = WSSR/ndf   : 0.924114
p-value of the Chisq distribution (FIT_P)              : 0.526539

Final set of parameters            Asymptotic Standard Error
=======================            ==========================
a               = 0.00821716       +/- 0.0008376    (10.19%)
mr              = 1.56374          +/- 0.03161      (2.021%)
c               = -0.00763503      +/- 0.003072     (40.24%)

correlation matrix of the fit parameters:
                a      mr     c      
a               1.000 
mr              0.996  1.000 
c              -0.813 -0.783  1.000 


*******************************************************************************
Fri Jan 30 14:18:29 2026


FIT:    data read from 'corrfunc.dat' u 1:column2[i]:column3[i] every ::0::(L-1)
        format = x:z:s
        #datapoints = 16
function used for fitting: f(x,a,mr,c)
	f(x,a,mr,c)=a*cosh((x-L/2)/mr)+c
fitted parameters initialized with current variable values

iter      chisq       delta/lim  lambda   a             mr            c            
   0 3.5048650046e+02   0.00e+00  7.93e+01    8.217162e-03   1.563738e+00  -7.635034e-03
   5 9.2200253499e+00  -1.33e-01  7.93e-04    1.442577e-02   1.727469e+00  -4.413920e-03

After 5 iterations the fit converged.
final sum of squares of residuals : 9.22003
rel. change during last iteration : -1.32667e-06

degrees of freedom    (FIT_NDF)                        : 13
rms of residuals      (FIT_STDFIT) = sqrt(WSSR/ndf)    : 0.84216
variance of residuals (reduced chisquare) = WSSR/ndf   : 0.709233
p-value of the Chisq distribution (FIT_P)              : 0.75613

Final set of parameters            Asymptotic Standard Error
=======================            ==========================
a               = 0.0144258        +/- 0.001278     (8.856%)
mr              = 1.72747          +/- 0.03387      (1.961%)
c               = -0.00441392      +/- 0.003401     (77.05%)

correlation matrix of the fit parameters:
                a      mr     c      
a               1.000 
mr              0.995  1.000 
c              -0.835 -0.801  1.000 


*******************************************************************************
Fri Jan 30 14:18:29 2026


FIT:    data read from 'corrfunc.dat' u 1:column2[i]:column3[i] every ::0::(L-1)
        format = x:z:s
        #datapoints = 16
function used for fitting: f(x,a,mr,c)
	f(x,a,mr,c)=a*cosh((x-L/2)/mr)+c
fitted parameters initialized with current variable values

iter      chisq       delta/lim  lambda   a             mr            c            
   0 7.0025942109e+02   0.00e+00  9.73e+01    1.442577e-02   1.727469e+00  -4.413920e-03
   5 4.0016408776e+00  -2.04e-01  9.73e-04    2.187670e-02   1.840195e+00  -4.575708e-03

After 5 iterations the fit converged.
final sum of squares of residuals : 4.00164
rel. change during last iteration : -2.04107e-06

degrees of freedom    (FIT_NDF)                        : 13
rms of residuals      (FIT_STDFIT) = sqrt(WSSR/ndf)    : 0.554814
variance of residuals (reduced chisquare) = WSSR/ndf   : 0.307819
p-value of the Chisq distribution (FIT_P)              : 0.991174

Final set of parameters            Asymptotic Standard Error
=======================            ==========================
a               = 0.0218767        +/- 0.001185     (5.418%)
mr              = 1.8402           +/- 0.02261      (1.229%)
c               = -0.00457571      +/- 0.003116     (68.1%)

correlation matrix of the fit parameters:
                a      mr     c      
a               1.000 
mr              0.997  1.000 
c              -0.883 -0.855  1.000 


*******************************************************************************
Fri Jan 30 14:18:29 2026


FIT:    data read from 'corrfunc.dat' u 1:column2[i]:column3[i] every ::0::(L-1)
        format = x:z:s
        #datapoints = 16
function used for fitting: f(x,a,mr,c)
	f(x,a,mr,c)=a*cosh((x-L/2)/mr)+c
fitted parameters initialized with current variable values

iter      chisq       delta/lim  lambda   a             mr            c            
   0 6.5607396272e+02   0.00e+00  1.04e+02    2.187670e-02   1.840195e+00  -4.575708e-03
   6 4.7896870779e+00  -4.96e-04  1.04e-04    3.674333e-02   2.047009e+00   3.674958e-03

After 6 iterations the fit converged.
final sum of squares of residuals : 4.78969
rel. change during last iteration : -4.96062e-09

degrees of freedom    (FIT_NDF)                        : 13
rms of residuals      (FIT_STDFIT) = sqrt(WSSR/ndf)    : 0.606991
variance of residuals (reduced chisquare) = WSSR/ndf   : 0.368437
p-value of the Chisq distribution (FIT_P)              : 0.979536

Final set of parameters            Asymptotic Standard Error
=======================            ==========================
a               = 0.0367433        +/- 0.002165     (5.892%)
mr              = 2.04701          +/- 0.02968      (1.45%)
c               = 0.00367496       +/- 0.004396     (119.6%)

correlation matrix of the fit parameters:
                a      mr     c      
a               1.000 
mr              0.997  1.000 
c              -0.912 -0.888  1.000 


*******************************************************************************
Fri Jan 30 14:18:29 2026


FIT:    data read from 'corrfunc.dat' u 1:column2[i]:column3[i] every ::0::(L-1)
        format = x:z:s
        #datapoints = 16
function used for fitting: f(x,a,mr,c)
	f(x,a,mr,c)=a*cosh((x-L/2)/mr)+c
fitted parameters initialized with current variable values

iter      chisq       delta/lim  lambda   a             mr            c            
   0 7.6522293512e+02   0.00e+00  7.57e+01    3.674333e-02   2.047009e+00   3.674958e-03
   6 7.8755387385e+00  -1.48e-01  7.57e-05    6.845836e-02   2.343898e+00  -6.811753e-03

After 6 iterations the fit converged.
final sum of squares of residuals : 7.87554
rel. change during last iteration : -1.48192e-06

degrees of freedom    (FIT_NDF)                        : 13
rms of residuals      (FIT_STDFIT) = sqrt(WSSR/ndf)    : 0.778338
variance of residuals (reduced chisquare) = WSSR/ndf   : 0.605811
p-value of the Chisq distribution (FIT_P)              : 0.851613

Final set of parameters            Asymptotic Standard Error
=======================            ==========================
a               = 0.0684584        +/- 0.005457     (7.971%)
mr              = 2.3439           +/- 0.05241      (2.236%)
c               = -0.00681175      +/- 0.008078     (118.6%)

correlation matrix of the fit parameters:
                a      mr     c      
a               1.000 
mr              0.996  1.000 
c              -0.954 -0.935  1.000 


*******************************************************************************
Fri Jan 30 14:18:29 2026


FIT:    data read from 'corrfunc.dat' u 1:column2[i]:column3[i] every ::0::(L-1)
        format = x:z:s
        #datapoints = 16
function used for fitting: f(x,a,mr,c)
	f(x,a,mr,c)=a*cosh((x-L/2)/mr)+c
fitted parameters initialized with current variable values

iter      chisq       delta/lim  lambda   a             mr            c            
   0 1.7417903671e+03   0.00e+00  8.06e+01    6.845836e-02   2.343898e+00  -6.811753e-03
   6 7.6622450550e+00  -1.88e-02  8.06e-05    1.167621e-01   2.696488e+00   1.994111e-02

After 6 iterations the fit converged.
final sum of squares of residuals : 7.66225
rel. change during last iteration : -1.87914e-07

degrees of freedom    (FIT_NDF)                        : 13
rms of residuals      (FIT_STDFIT) = sqrt(WSSR/ndf)    : 0.767726
variance of residuals (reduced chisquare) = WSSR/ndf   : 0.589403
p-value of the Chisq distribution (FIT_P)              : 0.864887

Final set of parameters            Asymptotic Standard Error
=======================            ==========================
a               = 0.116762         +/- 0.009517     (8.151%)
mr              = 2.69649          +/- 0.06941      (2.574%)
c               = 0.0199411        +/- 0.01182      (59.3%)

correlation matrix of the fit parameters:
                a      mr     c      
a               1.000 
mr              0.997  1.000 
c              -0.973 -0.957  1.000 


*******************************************************************************
Fri Jan 30 14:18:29 2026


FIT:    data read from 'corrfunc.dat' u 1:column2[i]:column3[i] every ::0::(L-1)
        format = x:z:s
        #datapoints = 16
function used for fitting: f(x,a,mr,c)
	f(x,a,mr,c)=a*cosh((x-L/2)/mr)+c
fitted parameters initialized with current variable values

iter      chisq       delta/lim  lambda   a             mr            c            
   0 1.3347802817e+03   0.00e+00  7.24e+01    1.167621e-01   2.696488e+00   1.994111e-02
   6 8.3277265371e+00  -2.02e-02  7.24e-05    1.591177e-01   2.918848e+00   6.151979e-02

After 6 iterations the fit converged.
final sum of squares of residuals : 8.32773
rel. change during last iteration : -2.02119e-07

degrees of freedom    (FIT_NDF)                        : 13
rms of residuals      (FIT_STDFIT) = sqrt(WSSR/ndf)    : 0.800371
variance of residuals (reduced chisquare) = WSSR/ndf   : 0.640594
p-value of the Chisq distribution (FIT_P)              : 0.821613

Final set of parameters            Asymptotic Standard Error
=======================            ==========================
a               = 0.159118         +/- 0.01505      (9.458%)
mr              = 2.91885          +/- 0.08994      (3.081%)
c               = 0.0615198        +/- 0.01802      (29.29%)

correlation matrix of the fit parameters:
                a      mr     c      
a               1.000 
mr              0.997  1.000 
c              -0.983 -0.971  1.000 


*******************************************************************************
Fri Jan 30 14:18:29 2026


FIT:    data read from 'corrfunc.dat' u 1:column2[i]:column3[i] every ::0::(L-1)
        format = x:z:s
        #datapoints = 16
function used for fitting: f(x,a,mr,c)
	f(x,a,mr,c)=a*cosh((x-L/2)/mr)+c
fitted parameters initialized with current variable values

iter      chisq       delta/lim  lambda   a             mr            c            
   0 1.9584246043e+03   0.00e+00  6.25e+01    1.591177e-01   2.918848e+00   6.151979e-02
   6 4.1081134644e+00  -8.00e-04  6.25e-05    2.971142e-01   3.576651e+00   4.079453e-02

After 6 iterations the fit converged.
final sum of squares of residuals : 4.10811
rel. change during last iteration : -8.0016e-09

degrees of freedom    (FIT_NDF)                        : 13
rms of residuals      (FIT_STDFIT) = sqrt(WSSR/ndf)    : 0.562147
variance of residuals (reduced chisquare) = WSSR/ndf   : 0.316009
p-value of the Chisq distribution (FIT_P)              : 0.989986

Final set of parameters            Asymptotic Standard Error
=======================            ==========================
a               = 0.297114         +/- 0.02694      (9.066%)
mr              = 3.57665          +/- 0.119        (3.327%)
c               = 0.0407945        +/- 0.02966      (72.72%)

correlation matrix of the fit parameters:
                a      mr     c      
a               1.000 
mr              0.998  1.000 
c              -0.996 -0.990  1.000 


*******************************************************************************
Fri Jan 30 14:18:29 2026


FIT:    data read from 'corrfunc.dat' u 1:column2[i]:column3[i] every ::0::(L-1)
        format = x:z:s
        #datapoints = 16
function used for fitting: f(x,a,mr,c)
	f(x,a,mr,c)=a*cosh((x-L/2)/mr)+c
fitted parameters initialized with current variable values

iter      chisq       delta/lim  lambda   a             mr            c            
   0 2.1708616482e+03   0.00e+00  5.57e+01    2.971142e-01   3.576651e+00   4.079453e-02
   7 2.5591133698e+00  -1.46e-01  5.57e-05    4.000155e-01   3.998915e+00   1.381073e-01

After 7 iterations the fit converged.
final sum of squares of residuals : 2.55911
rel. change during last iteration : -1.46386e-06

degrees of freedom    (FIT_NDF)                        : 13
rms of residuals      (FIT_STDFIT) = sqrt(WSSR/ndf)    : 0.443683
variance of residuals (reduced chisquare) = WSSR/ndf   : 0.196855
p-value of the Chisq distribution (FIT_P)              : 0.999114

Final set of parameters            Asymptotic Standard Error
=======================            ==========================
a               = 0.400015         +/- 0.04069      (10.17%)
mr              = 3.99891          +/- 0.1568       (3.922%)
c               = 0.138107         +/- 0.04336      (31.4%)

correlation matrix of the fit parameters:
                a      mr     c      
a               1.000 
mr              0.999  1.000 
c              -0.998 -0.993  1.000 


*******************************************************************************
Fri Jan 30 14:18:29 2026


FIT:    data read from 'corrfunc.dat' u 1:column2[i]:column3[i] every ::0::(L-1)
        format = x:z:s
        #datapoints = 16
function used for fitting: f(x,a,mr,c)
	f(x,a,mr,c)=a*cosh((x-L/2)/mr)+c
fitted parameters initialized with current variable values

iter      chisq       delta/lim  lambda   a             mr            c            
   0 5.1378700253e+03   0.00e+00  6.13e+01    4.000155e-01   3.998915e+00   1.381073e-01
   6 4.2210858355e+00  -5.59e-02  6.13e-05    4.984296e-01   4.475731e+00   3.090691e-01

After 6 iterations the fit converged.
final sum of squares of residuals : 4.22109
rel. change during last iteration : -5.58737e-07

degrees of freedom    (FIT_NDF)                        : 13
rms of residuals      (FIT_STDFIT) = sqrt(WSSR/ndf)    : 0.569824
variance of residuals (reduced chisquare) = WSSR/ndf   : 0.324699
p-value of the Chisq distribution (FIT_P)              : 0.988604

Final set of parameters            Asymptotic Standard Error
=======================            ==========================
a               = 0.49843          +/- 0.06574      (13.19%)
mr              = 4.47573          +/- 0.24         (5.363%)
c               = 0.309069         +/- 0.06861      (22.2%)

correlation matrix of the fit parameters:
                a      mr     c      
a               1.000 
mr              0.999  1.000 
c              -0.999 -0.996  1.000 


*******************************************************************************
Fri Jan 30 14:18:29 2026


FIT:    data read from 'corrfunc.dat' u 1:column2[i]:column3[i] every ::0::(L-1)
        format = x:z:s
        #datapoints = 16
function used for fitting: f(x,a,mr,c)
	f(x,a,mr,c)=a*cosh((x-L/2)/mr)+c
fitted parameters initialized with current variable values

iter      chisq       delta/lim  lambda   a             mr            c            
   0 6.8365266821e+03   0.00e+00  6.13e+01    4.984296e-01   4.475731e+00   3.090691e-01
  33 2.2734345649e+01  -4.99e-02  6.13e-04    4.568368e-01   4.619486e+00   7.098848e-01

After 33 iterations the fit converged.
final sum of squares of residuals : 22.7343
rel. change during last iteration : -4.99089e-07

degrees of freedom    (FIT_NDF)                        : 13
rms of residuals      (FIT_STDFIT) = sqrt(WSSR/ndf)    : 1.32242
variance of residuals (reduced chisquare) = WSSR/ndf   : 1.7488
p-value of the Chisq distribution (FIT_P)              : 0.0449769

Final set of parameters            Asymptotic Standard Error
=======================            ==========================
a               = 0.456837         +/- 0.1697       (37.14%)
mr              = 4.61949          +/- 0.7024       (15.21%)
c               = 0.709885         +/- 0.1765       (24.86%)

correlation matrix of the fit parameters:
                a      mr     c      
a               1.000 
mr              0.999  1.000 
c              -0.999 -0.996  1.000 


*******************************************************************************
Fri Jan 30 14:18:29 2026


FIT:    data read from 'corrfunc.dat' u 1:column2[i]:column3[i] every ::0::(L-1)
        format = x:z:s
        #datapoints = 16
function used for fitting: f(x,a,mr,c)
	f(x,a,mr,c)=a*cosh((x-L/2)/mr)+c
fitted parameters initialized with current variable values

iter      chisq       delta/lim  lambda   a             mr            c            
   0 2.8308647312e+03   0.00e+00  3.70e+01    4.568368e-01   4.619486e+00   7.098848e-01
  15 2.5121093363e+00  -2.16e-03  3.70e-04    2.906878e-01   4.208295e+00   1.238616e+00

After 15 iterations the fit converged.
final sum of squares of residuals : 2.51211
rel. change during last iteration : -2.15869e-08

degrees of freedom    (FIT_NDF)                        : 13
rms of residuals      (FIT_STDFIT) = sqrt(WSSR/ndf)    : 0.43959
variance of residuals (reduced chisquare) = WSSR/ndf   : 0.193239
p-value of the Chisq distribution (FIT_P)              : 0.999199

Final set of parameters            Asymptotic Standard Error
=======================            ==========================
a               = 0.290688         +/- 0.06542      (22.51%)
mr              = 4.2083           +/- 0.374        (8.886%)
c               = 1.23862          +/- 0.06977      (5.633%)

correlation matrix of the fit parameters:
                a      mr     c      
a               1.000 
mr              0.998  1.000 
c              -0.998 -0.994  1.000 


*******************************************************************************
Fri Jan 30 14:18:29 2026


FIT:    data read from 'corrfunc.dat' u 1:column2[i]:column3[i] every ::0::(L-1)
        format = x:z:s
        #datapoints = 16
function used for fitting: f(x,a,mr,c)
	f(x,a,mr,c)=a*cosh((x-L/2)/mr)+c
fitted parameters initialized with current variable values

iter      chisq       delta/lim  lambda   a             mr            c            
   0 5.8105298173e+03   0.00e+00  5.81e+01    2.906878e-01   4.208295e+00   1.238616e+00
   5 9.6645400673e+00  -6.28e-03  5.81e-04    3.008133e-01   4.733442e+00   1.586679e+00

After 5 iterations the fit converged.
final sum of squares of residuals : 9.66454
rel. change during last iteration : -6.28217e-08

degrees of freedom    (FIT_NDF)                        : 13
rms of residuals      (FIT_STDFIT) = sqrt(WSSR/ndf)    : 0.862222
variance of residuals (reduced chisquare) = WSSR/ndf   : 0.743426
p-value of the Chisq distribution (FIT_P)              : 0.721109

Final set of parameters            Asymptotic Standard Error
=======================            ==========================
a               = 0.300813         +/- 0.1688       (56.13%)
mr              = 4.73344          +/- 1.104        (23.32%)
c               = 1.58668          +/- 0.1752       (11.04%)

correlation matrix of the fit parameters:
                a      mr     c      
a               1.000 
mr              0.999  1.000 
c              -0.999 -0.997  1.000 


*******************************************************************************
Fri Jan 30 14:18:29 2026


FIT:    data read from 'corrfunc.dat' u 1:column2[i]:column3[i] every ::0::(L-1)
        format = x:z:s
        #datapoints = 16
function used for fitting: f(x,a,mr,c)
	f(x,a,mr,c)=a*cosh((x-L/2)/mr)+c
fitted parameters initialized with current variable values

iter      chisq       delta/lim  lambda   a             mr            c            
   0 7.3364683664e+03   0.00e+00  6.73e+01    3.008133e-01   4.733442e+00   1.586679e+00
 100 6.6467597907e+00  -1.40e-02  6.73e-04    1.010897e-02   1.839079e+00   2.315545e+00

After 100 iterations the fit converged.
final sum of squares of residuals : 6.64676
rel. change during last iteration : -1.40198e-07

degrees of freedom    (FIT_NDF)                        : 13
rms of residuals      (FIT_STDFIT) = sqrt(WSSR/ndf)    : 0.715045
variance of residuals (reduced chisquare) = WSSR/ndf   : 0.511289
p-value of the Chisq distribution (FIT_P)              : 0.919427

Final set of parameters            Asymptotic Standard Error
=======================            ==========================
a               = 0.010109         +/- 0.002899     (28.68%)
mr              = 1.83908          +/- 0.1204       (6.544%)
c               = 2.31554          +/- 0.008009     (0.3459%)

correlation matrix of the fit parameters:
                a      mr     c      
a               1.000 
mr              0.996  1.000 
c              -0.879 -0.846  1.000 


*******************************************************************************
Fri Jan 30 14:18:29 2026


FIT:    data read from 'corrfunc.dat' u 1:column2[i]:column3[i] every ::0::(L-1)
        format = x:z:s
        #datapoints = 16
function used for fitting: f(x,a,mr,c)
	f(x,a,mr,c)=a*cosh((x-L/2)/mr)+c
fitted parameters initialized with current variable values

iter      chisq       delta/lim  lambda   a             mr            c            
   0 3.9258273678e+03   0.00e+00  9.27e+01    1.010897e-02   1.839079e+00   2.315545e+00
  23 1.1194316476e+01  -6.15e-02  9.27e-05    2.199340e-03   1.428157e+00   2.595781e+00

After 23 iterations the fit converged.
final sum of squares of residuals : 11.1943
rel. change during last iteration : -6.14584e-07

degrees of freedom    (FIT_NDF)                        : 13
rms of residuals      (FIT_STDFIT) = sqrt(WSSR/ndf)    : 0.927955
variance of residuals (reduced chisquare) = WSSR/ndf   : 0.861101
p-value of the Chisq distribution (FIT_P)              : 0.594543

Final set of parameters            Asymptotic Standard Error
=======================            ==========================
a               = 0.00219934       +/- 0.001129     (51.34%)
mr              = 1.42816          +/- 0.1337       (9.363%)
c               = 2.59578          +/- 0.007331     (0.2824%)

correlation matrix of the fit parameters:
                a      mr     c      
a               1.000 
mr              0.996  1.000 
c              -0.784 -0.745  1.000 


*******************************************************************************
Fri Jan 30 14:18:29 2026


FIT:    data read from 'corrfunc.dat' u 1:column2[i]:column3[i] every ::0::(L-1)
        format = x:z:s
        #datapoints = 16
function used for fitting: f(x,a,mr,c)
	f(x,a,mr,c)=a*cosh((x-L/2)/mr)+c
fitted parameters initialized with current variable values

iter      chisq       delta/lim  lambda   a             mr            c            
   0 2.8878253688e+03   0.00e+00  8.24e+01    2.199340e-03   1.428157e+00   2.595781e+00
  55 3.9594178152e+00  -1.12e-01  8.24e-05    7.900644e-04   1.254042e+00   2.860852e+00

After 55 iterations the fit converged.
final sum of squares of residuals : 3.95942
rel. change during last iteration : -1.12337e-06

degrees of freedom    (FIT_NDF)                        : 13
rms of residuals      (FIT_STDFIT) = sqrt(WSSR/ndf)    : 0.551879
variance of residuals (reduced chisquare) = WSSR/ndf   : 0.304571
p-value of the Chisq distribution (FIT_P)              : 0.991615

Final set of parameters            Asymptotic Standard Error
=======================            ==========================
a               = 0.000790064      +/- 0.000462     (58.47%)
mr              = 1.25404          +/- 0.1182       (9.424%)
c               = 2.86085          +/- 0.004349     (0.152%)

correlation matrix of the fit parameters:
                a      mr     c      
a               1.000 
mr              0.997  1.000 
c              -0.733 -0.703  1.000 


*******************************************************************************
Fri Jan 30 14:18:29 2026


FIT:    data read from 'corrfunc.dat' u 1:column2[i]:column3[i] every ::0::(L-1)
        format = x:z:s
        #datapoints = 16
function used for fitting: f(x,a,mr,c)
	f(x,a,mr,c)=a*cosh((x-L/2)/mr)+c
fitted parameters initialized with current variable values

iter      chisq       delta/lim  lambda   a             mr            c            
   0 2.7495067077e+03   0.00e+00  1.10e+02    7.900644e-04   1.254042e+00   2.860852e+00
  40 3.1888024999e+00  -1.01e-01  1.10e-03    4.196358e-05   8.733143e-01   3.087354e+00

After 40 iterations the fit converged.
final sum of squares of residuals : 3.1888
rel. change during last iteration : -1.01101e-06

degrees of freedom    (FIT_NDF)                        : 13
rms of residuals      (FIT_STDFIT) = sqrt(WSSR/ndf)    : 0.49527
variance of residuals (reduced chisquare) = WSSR/ndf   : 0.245292
p-value of the Chisq distribution (FIT_P)              : 0.997163

Final set of parameters            Asymptotic Standard Error
=======================            ==========================
a               = 4.19636e-05      +/- 2.47e-05     (58.85%)
mr              = 0.873314         +/- 0.05608      (6.422%)
c               = 3.08735          +/- 0.003482     (0.1128%)

correlation matrix of the fit parameters:
                a      mr     c      
a               1.000 
mr              0.999  1.000 
c              -0.727 -0.705  1.000 


*******************************************************************************
Fri Jan 30 14:18:29 2026


FIT:    data read from 'corrfunc.dat' u 1:column2[i]:column3[i] every ::0::(L-1)
        format = x:z:s
        #datapoints = 16
function used for fitting: f(x,a,mr,c)
	f(x,a,mr,c)=a*cosh((x-L/2)/mr)+c
fitted parameters initialized with current variable values

iter      chisq       delta/lim  lambda   a             mr            c            
   0 3.0532500504e+03   0.00e+00  1.30e+02    4.196358e-05   8.733143e-01   3.087354e+00
  10 2.3635175355e+00  -5.89e-02  1.30e-04    1.935498e-05   8.224422e-01   3.286065e+00

After 10 iterations the fit converged.
final sum of squares of residuals : 2.36352
rel. change during last iteration : -5.8907e-07

degrees of freedom    (FIT_NDF)                        : 13
rms of residuals      (FIT_STDFIT) = sqrt(WSSR/ndf)    : 0.426391
variance of residuals (reduced chisquare) = WSSR/ndf   : 0.181809
p-value of the Chisq distribution (FIT_P)              : 0.999426

Final set of parameters            Asymptotic Standard Error
=======================            ==========================
a               = 1.9355e-05       +/- 1.287e-05    (66.49%)
mr              = 0.822442         +/- 0.05725      (6.961%)
c               = 3.28607          +/- 0.002408     (0.07329%)

correlation matrix of the fit parameters:
                a      mr     c      
a               1.000 
mr              0.998  1.000 
c              -0.698 -0.674  1.000 


*******************************************************************************
Fri Jan 30 14:18:29 2026


FIT:    data read from 'corrfunc.dat' u 1:column2[i]:column3[i] every ::0::(L-1)
        format = x:z:s
        #datapoints = 16
function used for fitting: f(x,a,mr,c)
	f(x,a,mr,c)=a*cosh((x-L/2)/mr)+c
fitted parameters initialized with current variable values

iter      chisq       delta/lim  lambda   a             mr            c            
   0 6.1850386832e+03   0.00e+00  1.77e+02    1.935498e-05   8.224422e-01   3.286065e+00
 162 3.9570924709e+00  -6.14e-03  1.77e-03    1.583211e-07   5.544580e-01   3.503841e+00

After 162 iterations the fit converged.
final sum of squares of residuals : 3.95709
rel. change during last iteration : -6.14161e-08

degrees of freedom    (FIT_NDF)                        : 13
rms of residuals      (FIT_STDFIT) = sqrt(WSSR/ndf)    : 0.551717
variance of residuals (reduced chisquare) = WSSR/ndf   : 0.304392
p-value of the Chisq distribution (FIT_P)              : 0.991639

Final set of parameters            Asymptotic Standard Error
=======================            ==========================
a               = 1.58321e-07      +/- 2.281e-07    (144.1%)
mr              = 0.554458         +/- 0.05611      (10.12%)
c               = 3.50384          +/- 0.001758     (0.05016%)

correlation matrix of the fit parameters:
                a      mr     c      
a               1.000 
mr              0.999  1.000 
c              -0.457 -0.447  1.000 


*******************************************************************************
Fri Jan 30 14:18:29 2026


FIT:    data read from 'corrfunc.dat' u 1:column2[i]:column3[i] every ::0::(L-1)
        format = x:z:s
        #datapoints = 16
function used for fitting: f(x,a,mr,c)
	f(x,a,mr,c)=a*cosh((x-L/2)/mr)+c
fitted parameters initialized with current variable values

iter      chisq       delta/lim  lambda   a             mr            c            
   0 4.9329649666e+03   0.00e+00  2.12e+02    1.583211e-07   5.544580e-01   3.503841e+00
 168 5.5419049560e+00  -8.84e-03  2.12e-06    3.409684e-06   7.093778e-01   3.671699e+00

After 168 iterations the fit converged.
final sum of squares of residuals : 5.5419
rel. change during last iteration : -8.84172e-08

degrees of freedom    (FIT_NDF)                        : 13
rms of residuals      (FIT_STDFIT) = sqrt(WSSR/ndf)    : 0.652917
variance of residuals (reduced chisquare) = WSSR/ndf   : 0.4263
p-value of the Chisq distribution (FIT_P)              : 0.961251

Final set of parameters            Asymptotic Standard Error
=======================            ==========================
a               = 3.40968e-06      +/- 3.991e-06    (117%)
mr              = 0.709378         +/- 0.07491      (10.56%)
c               = 3.6717           +/- 0.001884     (0.05132%)

correlation matrix of the fit parameters:
                a      mr     c      
a               1.000 
mr              0.999  1.000 
c              -0.458 -0.444  1.000 


*******************************************************************************
Fri Jan 30 14:18:29 2026


FIT:    data read from 'corrfunc.dat' u 1:column2[i]:column3[i] every ::0::(L-1)
        format = x:z:s
        #datapoints = 16
function used for fitting: f(x,a,mr,c)
	f(x,a,mr,c)=a*cosh((x-L/2)/mr)+c
fitted parameters initialized with current variable values

iter      chisq       delta/lim  lambda   a             mr            c            
   0 5.7436452829e+03   0.00e+00  2.04e+02    3.409684e-06   7.093778e-01   3.671699e+00
 165 3.6544013453e+00  -1.63e-02  2.04e-03    6.278806e-08   5.234124e-01   3.871409e+00

After 165 iterations the fit converged.
final sum of squares of residuals : 3.6544
rel. change during last iteration : -1.63144e-07

degrees of freedom    (FIT_NDF)                        : 13
rms of residuals      (FIT_STDFIT) = sqrt(WSSR/ndf)    : 0.530196
variance of residuals (reduced chisquare) = WSSR/ndf   : 0.281108
p-value of the Chisq distribution (FIT_P)              : 0.994343

Final set of parameters            Asymptotic Standard Error
=======================            ==========================
a               = 6.27881e-08      +/- 1.117e-07    (177.9%)
mr              = 0.523412         +/- 0.0615       (11.75%)
c               = 3.87141          +/- 0.001608     (0.04153%)

correlation matrix of the fit parameters:
                a      mr     c      
a               1.000 
mr              1.000  1.000 
c              -0.424 -0.417  1.000 


*******************************************************************************
Fri Jan 30 14:18:29 2026


FIT:    data read from 'corrfunc.dat' u 1:column2[i]:column3[i] every ::0::(L-1)
        format = x:z:s
        #datapoints = 16
function used for fitting: f(x,a,mr,c)
	f(x,a,mr,c)=a*cosh((x-L/2)/mr)+c
fitted parameters initialized with current variable values

iter      chisq       delta/lim  lambda   a             mr            c            
   0 4.4952055229e+03   0.00e+00  2.19e+02    6.278806e-08   5.234124e-01   3.871409e+00
  49 3.5323048221e+00  -3.08e-03  2.19e-04    1.113186e-08   4.741705e-01   4.044289e+00

After 49 iterations the fit converged.
final sum of squares of residuals : 3.5323
rel. change during last iteration : -3.07547e-08

degrees of freedom    (FIT_NDF)                        : 13
rms of residuals      (FIT_STDFIT) = sqrt(WSSR/ndf)    : 0.521264
variance of residuals (reduced chisquare) = WSSR/ndf   : 0.271716
p-value of the Chisq distribution (FIT_P)              : 0.995226

Final set of parameters            Asymptotic Standard Error
=======================            ==========================
a               = 1.11319e-08      +/- 2.688e-08    (241.4%)
mr              = 0.474171         +/- 0.06878      (14.5%)
c               = 4.04429          +/- 0.001506     (0.03723%)

correlation matrix of the fit parameters:
                a      mr     c      
a               1.000 
mr              1.000  1.000 
c              -0.408 -0.401  1.000 


*******************************************************************************
Fri Jan 30 14:18:29 2026


FIT:    data read from 'corrfunc.dat' u 1:column2[i]:column3[i] every ::0::(L-1)
        format = x:z:s
        #datapoints = 16
function used for fitting: f(x,a,mr,c)
	f(x,a,mr,c)=a*cosh((x-L/2)/mr)+c
fitted parameters initialized with current variable values

iter      chisq       delta/lim  lambda   a             mr            c            
   0 3.9982482477e+03   0.00e+00  2.29e+02    1.113186e-08   4.741705e-01   4.044289e+00
 273 6.2432771804e+00  -3.48e-02  2.29e-06    7.501009e-07   6.328350e-01   4.204726e+00

After 273 iterations the fit converged.
final sum of squares of residuals : 6.24328
rel. change during last iteration : -3.4809e-07

degrees of freedom    (FIT_NDF)                        : 13
rms of residuals      (FIT_STDFIT) = sqrt(WSSR/ndf)    : 0.693002
variance of residuals (reduced chisquare) = WSSR/ndf   : 0.480252
p-value of the Chisq distribution (FIT_P)              : 0.936849

Final set of parameters            Asymptotic Standard Error
=======================            ==========================
a               = 7.50101e-07      +/- 1.402e-06    (186.9%)
mr              = 0.632835         +/- 0.09501      (15.01%)
c               = 4.20473          +/- 0.002122     (0.05047%)

correlation matrix of the fit parameters:
                a      mr     c      
a               1.000 
mr              0.999  1.000 
c              -0.469 -0.457  1.000 


*******************************************************************************
Fri Jan 30 14:18:29 2026


FIT:    data read from 'corrfunc.dat' u 1:column2[i]:column3[i] every ::0::(L-1)
        format = x:z:s
        #datapoints = 16
function used for fitting: f(x,a,mr,c)
	f(x,a,mr,c)=a*cosh((x-L/2)/mr)+c
fitted parameters initialized with current variable values

iter      chisq       delta/lim  lambda   a             mr            c            
   0 4.5313751292e+03   0.00e+00  2.41e+02    7.501009e-07   6.328350e-01   4.204726e+00
  48 1.9311952451e+00  -2.30e-03  2.41e-04    1.860853e-07   5.734611e-01   4.375840e+00

After 48 iterations the fit converged.
final sum of squares of residuals : 1.9312
rel. change during last iteration : -2.3039e-08

degrees of freedom    (FIT_NDF)                        : 13
rms of residuals      (FIT_STDFIT) = sqrt(WSSR/ndf)    : 0.385426
variance of residuals (reduced chisquare) = WSSR/ndf   : 0.148553
p-value of the Chisq distribution (FIT_P)              : 0.999814

Final set of parameters            Asymptotic Standard Error
=======================            ==========================
a               = 1.86085e-07      +/- 2.731e-07    (146.8%)
mr              = 0.573461         +/- 0.06103      (10.64%)
c               = 4.37584          +/- 0.001129     (0.02579%)

correlation matrix of the fit parameters:
                a      mr     c      
a               1.000 
mr              1.000  1.000 
c              -0.439 -0.431  1.000 


*******************************************************************************
Fri Jan 30 14:18:29 2026


FIT:    data read from 'corrfunc.dat' u 1:column2[i]:column3[i] every ::0::(L-1)
        format = x:z:s
        #datapoints = 16
function used for fitting: f(x,a,mr,c)
	f(x,a,mr,c)=a*cosh((x-L/2)/mr)+c
fitted parameters initialized with current variable values

iter      chisq       delta/lim  lambda   a             mr            c            
   0 5.3939078680e+03   0.00e+00  2.71e+02    1.860853e-07   5.734611e-01   4.375840e+00
 262 3.1826325689e+00  -9.91e-01  2.71e+00    4.615375e-10   4.030755e-01   4.549055e+00

After 262 iterations the fit converged.
final sum of squares of residuals : 3.18263
rel. change during last iteration : -9.91085e-06

degrees of freedom    (FIT_NDF)                        : 13
rms of residuals      (FIT_STDFIT) = sqrt(WSSR/ndf)    : 0.494791
variance of residuals (reduced chisquare) = WSSR/ndf   : 0.244818
p-value of the Chisq distribution (FIT_P)              : 0.997192

Final set of parameters            Asymptotic Standard Error
=======================            ==========================
a               = 4.61538e-10      +/- 1.735e-09    (375.9%)
mr              = 0.403076         +/- 0.0773       (19.18%)
c               = 4.54906          +/- 0.001282     (0.02819%)

correlation matrix of the fit parameters:
                a      mr     c      
a               1.000 
mr              1.000  1.000 
c              -0.386 -0.382  1.000 


*******************************************************************************
Fri Jan 30 14:18:29 2026


FIT:    data read from 'corrfunc.dat' u 1:column2[i]:column3[i] every ::0::(L-1)
        format = x:z:s
        #datapoints = 16
function used for fitting: f(x,a,mr,c)
	f(x,a,mr,c)=a*cosh((x-L/2)/mr)+c
fitted parameters initialized with current variable values

iter      chisq       delta/lim  lambda   a             mr            c            
   0 4.0695463163e+03   0.00e+00  2.47e+02    4.615375e-10   4.030755e-01   4.549055e+00
 267 4.8830687923e+00  -3.89e-01  2.47e-03    5.775649e-09   4.614648e-01   4.717894e+00

After 267 iterations the fit converged.
final sum of squares of residuals : 4.88307
rel. change during last iteration : -3.89308e-06

degrees of freedom    (FIT_NDF)                        : 13
rms of residuals      (FIT_STDFIT) = sqrt(WSSR/ndf)    : 0.612879
variance of residuals (reduced chisquare) = WSSR/ndf   : 0.375621
p-value of the Chisq distribution (FIT_P)              : 0.977678

Final set of parameters            Asymptotic Standard Error
=======================            ==========================
a               = 5.77565e-09      +/- 1.948e-08    (337.3%)
mr              = 0.461465         +/- 0.09111      (19.74%)
c               = 4.71789          +/- 0.001884     (0.03993%)

correlation matrix of the fit parameters:
                a      mr     c      
a               1.000 
mr              0.999  1.000 
c              -0.446 -0.439  1.000 
