

*******************************************************************************
Fri Jan 30 13:03:24 2026


FIT:    data read from 'corrfunc.dat' u 1:column2[i]:column3[i] every ::0::(L-1)
        format = x:z:s
        #datapoints = 32
function used for fitting: f(x,a,mr,c)
	f(x,a,mr,c)=a*cosh((x-L/2)/mr)/mr+c
fitted parameters initialized with current variable values

iter      chisq       delta/lim  lambda   a             mr            c            
   0 1.2351036897e+09   0.00e+00  2.80e+04    1.000000e-01   2.100000e+00   1.000000e+00
  88 1.9908548232e+01  -3.37e-05  2.80e-02    2.628999e-13   5.823470e-01  -4.262244e-04

After 88 iterations the fit converged.
final sum of squares of residuals : 19.9085
rel. change during last iteration : -3.36877e-10

degrees of freedom    (FIT_NDF)                        : 29
rms of residuals      (FIT_STDFIT) = sqrt(WSSR/ndf)    : 0.828554
variance of residuals (reduced chisquare) = WSSR/ndf   : 0.686502
p-value of the Chisq distribution (FIT_P)              : 0.895747

Final set of parameters            Asymptotic Standard Error
=======================            ==========================
a               = 2.629e-13        +/- 1.453e-13    (55.26%)
mr              = 0.582347         +/- 0.01154      (1.981%)
c               = -0.000426224     +/- 0.0003193    (74.91%)

correlation matrix of the fit parameters:
                a      mr     c      
a               1.000 
mr              1.000  1.000 
c              -0.302 -0.298  1.000 


*******************************************************************************
Fri Jan 30 13:03:24 2026


FIT:    data read from 'corrfunc.dat' u 1:column2[i]:column3[i] every ::0::(L-1)
        format = x:z:s
        #datapoints = 32
function used for fitting: f(x,a,mr,c)
	f(x,a,mr,c)=a*cosh((x-L/2)/mr)/mr+c
fitted parameters initialized with current variable values

iter      chisq       delta/lim  lambda   a             mr            c            
   0 3.6718338793e+01   0.00e+00  2.89e+02    2.628999e-13   5.823470e-01  -4.262244e-04
   7 1.8253961232e+01  -1.06e-01  2.89e-05    3.523367e-13   5.880108e-01   8.198583e-04

After 7 iterations the fit converged.
final sum of squares of residuals : 18.254
rel. change during last iteration : -1.06159e-06

degrees of freedom    (FIT_NDF)                        : 29
rms of residuals      (FIT_STDFIT) = sqrt(WSSR/ndf)    : 0.793377
variance of residuals (reduced chisquare) = WSSR/ndf   : 0.629447
p-value of the Chisq distribution (FIT_P)              : 0.938932

Final set of parameters            Asymptotic Standard Error
=======================            ==========================
a               = 3.52337e-13      +/- 2.246e-13    (63.74%)
mr              = 0.588011         +/- 0.01351      (2.298%)
c               = 0.000819858      +/- 0.0003243    (39.56%)

correlation matrix of the fit parameters:
                a      mr     c      
a               1.000 
mr              1.000  1.000 
c              -0.284 -0.281  1.000 


*******************************************************************************
Fri Jan 30 13:03:24 2026


FIT:    data read from 'corrfunc.dat' u 1:column2[i]:column3[i] every ::0::(L-1)
        format = x:z:s
        #datapoints = 32
function used for fitting: f(x,a,mr,c)
	f(x,a,mr,c)=a*cosh((x-L/2)/mr)/mr+c
fitted parameters initialized with current variable values

iter      chisq       delta/lim  lambda   a             mr            c            
   0 2.4944527171e+01   0.00e+00  1.44e+02    3.523367e-13   5.880108e-01   8.198583e-04
 143 2.0384610076e+01  -3.48e-01  1.44e-02    6.463973e-13   6.002326e-01   4.536192e-04

After 143 iterations the fit converged.
final sum of squares of residuals : 20.3846
rel. change during last iteration : -3.48273e-06

degrees of freedom    (FIT_NDF)                        : 29
rms of residuals      (FIT_STDFIT) = sqrt(WSSR/ndf)    : 0.838402
variance of residuals (reduced chisquare) = WSSR/ndf   : 0.702918
p-value of the Chisq distribution (FIT_P)              : 0.88057

Final set of parameters            Asymptotic Standard Error
=======================            ==========================
a               = 6.46397e-13      +/- 4.236e-13    (65.54%)
mr              = 0.600233         +/- 0.01458      (2.428%)
c               = 0.000453619      +/- 0.0003225    (71.09%)

correlation matrix of the fit parameters:
                a      mr     c      
a               1.000 
mr              1.000  1.000 
c              -0.280 -0.275  1.000 


*******************************************************************************
Fri Jan 30 13:03:24 2026


FIT:    data read from 'corrfunc.dat' u 1:column2[i]:column3[i] every ::0::(L-1)
        format = x:z:s
        #datapoints = 32
function used for fitting: f(x,a,mr,c)
	f(x,a,mr,c)=a*cosh((x-L/2)/mr)/mr+c
fitted parameters initialized with current variable values

iter      chisq       delta/lim  lambda   a             mr            c            
   0 4.6410397319e+01   0.00e+00  2.08e+02    6.463973e-13   6.002326e-01   4.536192e-04
 272 1.6840573877e+01  -3.32e-01  2.08e-02    5.014552e-12   6.473993e-01  -1.114015e-04

After 272 iterations the fit converged.
final sum of squares of residuals : 16.8406
rel. change during last iteration : -3.31533e-06

degrees of freedom    (FIT_NDF)                        : 29
rms of residuals      (FIT_STDFIT) = sqrt(WSSR/ndf)    : 0.762043
variance of residuals (reduced chisquare) = WSSR/ndf   : 0.580709
p-value of the Chisq distribution (FIT_P)              : 0.964599

Final set of parameters            Asymptotic Standard Error
=======================            ==========================
a               = 5.01455e-12      +/- 1.981e-12    (39.51%)
mr              = 0.647399         +/- 0.01019      (1.574%)
c               = -0.000111402     +/- 0.0003224    (289.4%)

correlation matrix of the fit parameters:
                a      mr     c      
a               1.000 
mr              1.000  1.000 
c              -0.338 -0.332  1.000 


*******************************************************************************
Fri Jan 30 13:03:24 2026


FIT:    data read from 'corrfunc.dat' u 1:column2[i]:column3[i] every ::0::(L-1)
        format = x:z:s
        #datapoints = 32
function used for fitting: f(x,a,mr,c)
	f(x,a,mr,c)=a*cosh((x-L/2)/mr)/mr+c
fitted parameters initialized with current variable values

iter      chisq       delta/lim  lambda   a             mr            c            
   0 3.6151548232e+01   0.00e+00  1.64e+02    5.014552e-12   6.473993e-01  -1.114015e-04
  61 2.6987773901e+01  -8.86e-04  1.64e-05    9.139184e-12   6.618316e-01  -6.614712e-04

After 61 iterations the fit converged.
final sum of squares of residuals : 26.9878
rel. change during last iteration : -8.85937e-09

degrees of freedom    (FIT_NDF)                        : 29
rms of residuals      (FIT_STDFIT) = sqrt(WSSR/ndf)    : 0.964683
variance of residuals (reduced chisquare) = WSSR/ndf   : 0.930613
p-value of the Chisq distribution (FIT_P)              : 0.572365

Final set of parameters            Asymptotic Standard Error
=======================            ==========================
a               = 9.13918e-12      +/- 5.227e-12    (57.19%)
mr              = 0.661832         +/- 0.0154       (2.327%)
c               = -0.000661471     +/- 0.0004274    (64.61%)

correlation matrix of the fit parameters:
                a      mr     c      
a               1.000 
mr              1.000  1.000 
c              -0.317 -0.311  1.000 


*******************************************************************************
Fri Jan 30 13:03:25 2026


FIT:    data read from 'corrfunc.dat' u 1:column2[i]:column3[i] every ::0::(L-1)
        format = x:z:s
        #datapoints = 32
function used for fitting: f(x,a,mr,c)
	f(x,a,mr,c)=a*cosh((x-L/2)/mr)/mr+c
fitted parameters initialized with current variable values

iter      chisq       delta/lim  lambda   a             mr            c            
   0 4.3732175169e+01   0.00e+00  2.21e+02    9.139184e-12   6.618316e-01  -6.614712e-04
  26 1.9602677953e+01  -2.31e-01  2.21e-04    1.350603e-11   6.713095e-01   2.799257e-04

After 26 iterations the fit converged.
final sum of squares of residuals : 19.6027
rel. change during last iteration : -2.30983e-06

degrees of freedom    (FIT_NDF)                        : 29
rms of residuals      (FIT_STDFIT) = sqrt(WSSR/ndf)    : 0.822164
variance of residuals (reduced chisquare) = WSSR/ndf   : 0.675954
p-value of the Chisq distribution (FIT_P)              : 0.904848

Final set of parameters            Asymptotic Standard Error
=======================            ==========================
a               = 1.3506e-11       +/- 5.182e-12    (38.37%)
mr              = 0.67131          +/- 0.01061      (1.581%)
c               = 0.000279926      +/- 0.0003652    (130.5%)

correlation matrix of the fit parameters:
                a      mr     c      
a               1.000 
mr              1.000  1.000 
c              -0.310 -0.303  1.000 


*******************************************************************************
Fri Jan 30 13:03:25 2026


FIT:    data read from 'corrfunc.dat' u 1:column2[i]:column3[i] every ::0::(L-1)
        format = x:z:s
        #datapoints = 32
function used for fitting: f(x,a,mr,c)
	f(x,a,mr,c)=a*cosh((x-L/2)/mr)/mr+c
fitted parameters initialized with current variable values

iter      chisq       delta/lim  lambda   a             mr            c            
   0 5.8292051517e+01   0.00e+00  2.53e+02    1.350603e-11   6.713095e-01   2.799257e-04
 111 2.8016726137e+01  -1.61e-02  2.53e-04    7.811467e-12   6.553808e-01   3.215911e-04

After 111 iterations the fit converged.
final sum of squares of residuals : 28.0167
rel. change during last iteration : -1.60566e-07

degrees of freedom    (FIT_NDF)                        : 29
rms of residuals      (FIT_STDFIT) = sqrt(WSSR/ndf)    : 0.982901
variance of residuals (reduced chisquare) = WSSR/ndf   : 0.966094
p-value of the Chisq distribution (FIT_P)              : 0.517019

Final set of parameters            Asymptotic Standard Error
=======================            ==========================
a               = 7.81147e-12      +/- 3.642e-12    (46.63%)
mr              = 0.655381         +/- 0.01226      (1.87%)
c               = 0.000321591      +/- 0.0004312    (134.1%)

correlation matrix of the fit parameters:
                a      mr     c      
a               1.000 
mr              1.000  1.000 
c              -0.328 -0.323  1.000 


*******************************************************************************
Fri Jan 30 13:03:25 2026


FIT:    data read from 'corrfunc.dat' u 1:column2[i]:column3[i] every ::0::(L-1)
        format = x:z:s
        #datapoints = 32
function used for fitting: f(x,a,mr,c)
	f(x,a,mr,c)=a*cosh((x-L/2)/mr)/mr+c
fitted parameters initialized with current variable values

iter      chisq       delta/lim  lambda   a             mr            c            
   0 3.2780398258e+01   0.00e+00  1.86e+02    7.811467e-12   6.553808e-01   3.215911e-04
  10 3.0062850439e+01  -5.27e-03  1.86e-04    1.009471e-11   6.615423e-01  -5.218275e-05

After 10 iterations the fit converged.
final sum of squares of residuals : 30.0629
rel. change during last iteration : -5.26716e-08

degrees of freedom    (FIT_NDF)                        : 29
rms of residuals      (FIT_STDFIT) = sqrt(WSSR/ndf)    : 1.01816
variance of residuals (reduced chisquare) = WSSR/ndf   : 1.03665
p-value of the Chisq distribution (FIT_P)              : 0.410871

Final set of parameters            Asymptotic Standard Error
=======================            ==========================
a               = 1.00947e-11      +/- 5.981e-12    (59.25%)
mr              = 0.661542         +/- 0.0159       (2.404%)
c               = -5.21828e-05     +/- 0.0004815    (922.6%)

correlation matrix of the fit parameters:
                a      mr     c      
a               1.000 
mr              1.000  1.000 
c              -0.334 -0.329  1.000 


*******************************************************************************
Fri Jan 30 13:03:25 2026


FIT:    data read from 'corrfunc.dat' u 1:column2[i]:column3[i] every ::0::(L-1)
        format = x:z:s
        #datapoints = 32
function used for fitting: f(x,a,mr,c)
	f(x,a,mr,c)=a*cosh((x-L/2)/mr)/mr+c
fitted parameters initialized with current variable values

iter      chisq       delta/lim  lambda   a             mr            c            
   0 6.2137282910e+01   0.00e+00  2.36e+02    1.009471e-11   6.615423e-01  -5.218275e-05
 173 9.9612791263e+00  -1.50e-01  2.36e-05    1.972951e-11   6.779053e-01   6.313052e-04

After 173 iterations the fit converged.
final sum of squares of residuals : 9.96128
rel. change during last iteration : -1.49751e-06

degrees of freedom    (FIT_NDF)                        : 29
rms of residuals      (FIT_STDFIT) = sqrt(WSSR/ndf)    : 0.586082
variance of residuals (reduced chisquare) = WSSR/ndf   : 0.343492
p-value of the Chisq distribution (FIT_P)              : 0.999615

Final set of parameters            Asymptotic Standard Error
=======================            ==========================
a               = 1.97295e-11      +/- 5.698e-12    (28.88%)
mr              = 0.677905         +/- 0.008109     (1.196%)
c               = 0.000631305      +/- 0.0002696    (42.7%)

correlation matrix of the fit parameters:
                a      mr     c      
a               1.000 
mr              1.000  1.000 
c              -0.347 -0.342  1.000 


*******************************************************************************
Fri Jan 30 13:03:25 2026


FIT:    data read from 'corrfunc.dat' u 1:column2[i]:column3[i] every ::0::(L-1)
        format = x:z:s
        #datapoints = 32
function used for fitting: f(x,a,mr,c)
	f(x,a,mr,c)=a*cosh((x-L/2)/mr)/mr+c
fitted parameters initialized with current variable values

iter      chisq       delta/lim  lambda   a             mr            c            
   0 5.6604434719e+01   0.00e+00  2.00e+02    1.972951e-11   6.779053e-01   6.313052e-04
 226 2.0774578934e+01  -4.16e-01  2.00e-02    1.042450e-10   7.255545e-01   2.251518e-04

After 226 iterations the fit converged.
final sum of squares of residuals : 20.7746
rel. change during last iteration : -4.16276e-06

degrees of freedom    (FIT_NDF)                        : 29
rms of residuals      (FIT_STDFIT) = sqrt(WSSR/ndf)    : 0.846383
variance of residuals (reduced chisquare) = WSSR/ndf   : 0.716365
p-value of the Chisq distribution (FIT_P)              : 0.867229

Final set of parameters            Asymptotic Standard Error
=======================            ==========================
a               = 1.04245e-10      +/- 4.319e-11    (41.43%)
mr              = 0.725555         +/- 0.01331      (1.834%)
c               = 0.000225152      +/- 0.0004451    (197.7%)

correlation matrix of the fit parameters:
                a      mr     c      
a               1.000 
mr              1.000  1.000 
c              -0.364 -0.358  1.000 


*******************************************************************************
Fri Jan 30 13:03:25 2026


FIT:    data read from 'corrfunc.dat' u 1:column2[i]:column3[i] every ::0::(L-1)
        format = x:z:s
        #datapoints = 32
function used for fitting: f(x,a,mr,c)
	f(x,a,mr,c)=a*cosh((x-L/2)/mr)/mr+c
fitted parameters initialized with current variable values

iter      chisq       delta/lim  lambda   a             mr            c            
   0 2.9560533650e+01   0.00e+00  2.11e+02    1.042450e-10   7.255545e-01   2.251518e-04
   8 1.7939090601e+01  -2.09e-03  2.11e-05    1.249195e-10   7.301337e-01  -5.026772e-05

After 8 iterations the fit converged.
final sum of squares of residuals : 17.9391
rel. change during last iteration : -2.09098e-08

degrees of freedom    (FIT_NDF)                        : 29
rms of residuals      (FIT_STDFIT) = sqrt(WSSR/ndf)    : 0.786505
variance of residuals (reduced chisquare) = WSSR/ndf   : 0.618589
p-value of the Chisq distribution (FIT_P)              : 0.945504

Final set of parameters            Asymptotic Standard Error
=======================            ==========================
a               = 1.2492e-10       +/- 4.581e-11    (36.67%)
mr              = 0.730134         +/- 0.01192      (1.632%)
c               = -5.02677e-05     +/- 0.0004201    (835.7%)

correlation matrix of the fit parameters:
                a      mr     c      
a               1.000 
mr              1.000  1.000 
c              -0.327 -0.321  1.000 


*******************************************************************************
Fri Jan 30 13:03:25 2026


FIT:    data read from 'corrfunc.dat' u 1:column2[i]:column3[i] every ::0::(L-1)
        format = x:z:s
        #datapoints = 32
function used for fitting: f(x,a,mr,c)
	f(x,a,mr,c)=a*cosh((x-L/2)/mr)/mr+c
fitted parameters initialized with current variable values

iter      chisq       delta/lim  lambda   a             mr            c            
   0 3.8750830583e+01   0.00e+00  1.97e+02    1.249195e-10   7.301337e-01  -5.026772e-05
 116 3.4382039691e+01  -2.88e-01  1.97e-04    2.297109e-10   7.497846e-01   7.286362e-05

After 116 iterations the fit converged.
final sum of squares of residuals : 34.382
rel. change during last iteration : -2.87529e-06

degrees of freedom    (FIT_NDF)                        : 29
rms of residuals      (FIT_STDFIT) = sqrt(WSSR/ndf)    : 1.08885
variance of residuals (reduced chisquare) = WSSR/ndf   : 1.18559
p-value of the Chisq distribution (FIT_P)              : 0.22555

Final set of parameters            Asymptotic Standard Error
=======================            ==========================
a               = 2.29711e-10      +/- 1.107e-10    (48.2%)
mr              = 0.749785         +/- 0.01656      (2.209%)
c               = 7.28636e-05      +/- 0.0005695    (781.5%)

correlation matrix of the fit parameters:
                a      mr     c      
a               1.000 
mr              1.000  1.000 
c              -0.302 -0.296  1.000 


*******************************************************************************
Fri Jan 30 13:03:25 2026


FIT:    data read from 'corrfunc.dat' u 1:column2[i]:column3[i] every ::0::(L-1)
        format = x:z:s
        #datapoints = 32
function used for fitting: f(x,a,mr,c)
	f(x,a,mr,c)=a*cosh((x-L/2)/mr)/mr+c
fitted parameters initialized with current variable values

iter      chisq       delta/lim  lambda   a             mr            c            
   0 5.5181184996e+01   0.00e+00  1.59e+02    2.297109e-10   7.497846e-01   7.286362e-05
 115 2.5301233523e+01  -3.55e-04  1.59e-05    5.190068e-10   7.762851e-01   4.806052e-04

After 115 iterations the fit converged.
final sum of squares of residuals : 25.3012
rel. change during last iteration : -3.5543e-09

degrees of freedom    (FIT_NDF)                        : 29
rms of residuals      (FIT_STDFIT) = sqrt(WSSR/ndf)    : 0.934054
variance of residuals (reduced chisquare) = WSSR/ndf   : 0.872456
p-value of the Chisq distribution (FIT_P)              : 0.662526

Final set of parameters            Asymptotic Standard Error
=======================            ==========================
a               = 5.19007e-10      +/- 2.167e-10    (41.76%)
mr              = 0.776285         +/- 0.0154       (1.984%)
c               = 0.000480605      +/- 0.0005663    (117.8%)

correlation matrix of the fit parameters:
                a      mr     c      
a               1.000 
mr              1.000  1.000 
c              -0.360 -0.352  1.000 


*******************************************************************************
Fri Jan 30 13:03:25 2026


FIT:    data read from 'corrfunc.dat' u 1:column2[i]:column3[i] every ::0::(L-1)
        format = x:z:s
        #datapoints = 32
function used for fitting: f(x,a,mr,c)
	f(x,a,mr,c)=a*cosh((x-L/2)/mr)/mr+c
fitted parameters initialized with current variable values

iter      chisq       delta/lim  lambda   a             mr            c            
   0 5.4225595635e+01   0.00e+00  1.69e+02    5.190068e-10   7.762851e-01   4.806052e-04
 146 2.1177816293e+01  -4.75e-03  1.69e-04    1.769387e-09   8.211992e-01   4.467309e-04

After 146 iterations the fit converged.
final sum of squares of residuals : 21.1778
rel. change during last iteration : -4.74553e-08

degrees of freedom    (FIT_NDF)                        : 29
rms of residuals      (FIT_STDFIT) = sqrt(WSSR/ndf)    : 0.854558
variance of residuals (reduced chisquare) = WSSR/ndf   : 0.73027
p-value of the Chisq distribution (FIT_P)              : 0.85259

Final set of parameters            Asymptotic Standard Error
=======================            ==========================
a               = 1.76939e-09      +/- 6.361e-10    (35.95%)
mr              = 0.821199         +/- 0.01479      (1.801%)
c               = 0.000446731      +/- 0.000512     (114.6%)

correlation matrix of the fit parameters:
                a      mr     c      
a               1.000 
mr              1.000  1.000 
c              -0.301 -0.293  1.000 


*******************************************************************************
Fri Jan 30 13:03:25 2026


FIT:    data read from 'corrfunc.dat' u 1:column2[i]:column3[i] every ::0::(L-1)
        format = x:z:s
        #datapoints = 32
function used for fitting: f(x,a,mr,c)
	f(x,a,mr,c)=a*cosh((x-L/2)/mr)/mr+c
fitted parameters initialized with current variable values

iter      chisq       delta/lim  lambda   a             mr            c            
   0 2.7661590533e+01   0.00e+00  1.44e+02    1.769387e-09   8.211992e-01   4.467309e-04
   6 1.0339630153e+01  -6.71e-02  1.44e-04    1.952952e-09   8.228338e-01   1.541111e-04

After 6 iterations the fit converged.
final sum of squares of residuals : 10.3396
rel. change during last iteration : -6.70582e-07

degrees of freedom    (FIT_NDF)                        : 29
rms of residuals      (FIT_STDFIT) = sqrt(WSSR/ndf)    : 0.597109
variance of residuals (reduced chisquare) = WSSR/ndf   : 0.356539
p-value of the Chisq distribution (FIT_P)              : 0.999443

Final set of parameters            Asymptotic Standard Error
=======================            ==========================
a               = 1.95295e-09      +/- 5.366e-10    (27.47%)
mr              = 0.822834         +/- 0.01134      (1.378%)
c               = 0.000154111      +/- 0.0003945    (256%)

correlation matrix of the fit parameters:
                a      mr     c      
a               1.000 
mr              1.000  1.000 
c              -0.330 -0.322  1.000 


*******************************************************************************
Fri Jan 30 13:03:25 2026


FIT:    data read from 'corrfunc.dat' u 1:column2[i]:column3[i] every ::0::(L-1)
        format = x:z:s
        #datapoints = 32
function used for fitting: f(x,a,mr,c)
	f(x,a,mr,c)=a*cosh((x-L/2)/mr)/mr+c
fitted parameters initialized with current variable values

iter      chisq       delta/lim  lambda   a             mr            c            
   0 3.2476344622e+01   0.00e+00  1.42e+02    1.952952e-09   8.228338e-01   1.541111e-04
 112 1.5399793612e+01  -6.94e-03  1.42e-05    6.096649e-09   8.699013e-01  -4.538425e-04

After 112 iterations the fit converged.
final sum of squares of residuals : 15.3998
rel. change during last iteration : -6.93715e-08

degrees of freedom    (FIT_NDF)                        : 29
rms of residuals      (FIT_STDFIT) = sqrt(WSSR/ndf)    : 0.728716
variance of residuals (reduced chisquare) = WSSR/ndf   : 0.531027
p-value of the Chisq distribution (FIT_P)              : 0.981643

Final set of parameters            Asymptotic Standard Error
=======================            ==========================
a               = 6.09665e-09      +/- 1.911e-09    (31.35%)
mr              = 0.869901         +/- 0.01443      (1.658%)
c               = -0.000453843     +/- 0.000502     (110.6%)

correlation matrix of the fit parameters:
                a      mr     c      
a               1.000 
mr              0.999  1.000 
c              -0.350 -0.342  1.000 


*******************************************************************************
Fri Jan 30 13:03:25 2026


FIT:    data read from 'corrfunc.dat' u 1:column2[i]:column3[i] every ::0::(L-1)
        format = x:z:s
        #datapoints = 32
function used for fitting: f(x,a,mr,c)
	f(x,a,mr,c)=a*cosh((x-L/2)/mr)/mr+c
fitted parameters initialized with current variable values

iter      chisq       delta/lim  lambda   a             mr            c            
   0 1.3270635894e+02   0.00e+00  1.84e+02    6.096649e-09   8.699013e-01  -4.538425e-04
 103 2.1085103779e+01  -5.54e-04  1.84e-05    1.803944e-08   9.173661e-01   8.847360e-04

After 103 iterations the fit converged.
final sum of squares of residuals : 21.0851
rel. change during last iteration : -5.54181e-09

degrees of freedom    (FIT_NDF)                        : 29
rms of residuals      (FIT_STDFIT) = sqrt(WSSR/ndf)    : 0.852685
variance of residuals (reduced chisquare) = WSSR/ndf   : 0.727073
p-value of the Chisq distribution (FIT_P)              : 0.85603

Final set of parameters            Asymptotic Standard Error
=======================            ==========================
a               = 1.80394e-08      +/- 5.496e-09    (30.46%)
mr              = 0.917366         +/- 0.01546      (1.685%)
c               = 0.000884736      +/- 0.0006203    (70.11%)

correlation matrix of the fit parameters:
                a      mr     c      
a               1.000 
mr              1.000  1.000 
c              -0.361 -0.354  1.000 


*******************************************************************************
Fri Jan 30 13:03:25 2026


FIT:    data read from 'corrfunc.dat' u 1:column2[i]:column3[i] every ::0::(L-1)
        format = x:z:s
        #datapoints = 32
function used for fitting: f(x,a,mr,c)
	f(x,a,mr,c)=a*cosh((x-L/2)/mr)/mr+c
fitted parameters initialized with current variable values

iter      chisq       delta/lim  lambda   a             mr            c            
   0 4.9274729660e+01   0.00e+00  1.71e+02    1.803944e-08   9.173661e-01   8.847360e-04
  24 2.5934405424e+01  -3.80e-01  1.71e-04    2.898251e-08   9.392384e-01  -4.300095e-04

After 24 iterations the fit converged.
final sum of squares of residuals : 25.9344
rel. change during last iteration : -3.79562e-06

degrees of freedom    (FIT_NDF)                        : 29
rms of residuals      (FIT_STDFIT) = sqrt(WSSR/ndf)    : 0.945669
variance of residuals (reduced chisquare) = WSSR/ndf   : 0.89429
p-value of the Chisq distribution (FIT_P)              : 0.628995

Final set of parameters            Asymptotic Standard Error
=======================            ==========================
a               = 2.89825e-08      +/- 9.276e-09    (32.01%)
mr              = 0.939238         +/- 0.01711      (1.822%)
c               = -0.000430009     +/- 0.000728     (169.3%)

correlation matrix of the fit parameters:
                a      mr     c      
a               1.000 
mr              0.999  1.000 
c              -0.354 -0.345  1.000 


*******************************************************************************
Fri Jan 30 13:03:25 2026


FIT:    data read from 'corrfunc.dat' u 1:column2[i]:column3[i] every ::0::(L-1)
        format = x:z:s
        #datapoints = 32
function used for fitting: f(x,a,mr,c)
	f(x,a,mr,c)=a*cosh((x-L/2)/mr)/mr+c
fitted parameters initialized with current variable values

iter      chisq       delta/lim  lambda   a             mr            c            
   0 1.4216888503e+02   0.00e+00  1.84e+02    2.898251e-08   9.392384e-01  -4.300095e-04
 110 3.0110479567e+01  -5.82e-02  1.84e-04    9.161881e-08   9.989085e-01   4.154098e-05

After 110 iterations the fit converged.
final sum of squares of residuals : 30.1105
rel. change during last iteration : -5.82155e-07

degrees of freedom    (FIT_NDF)                        : 29
rms of residuals      (FIT_STDFIT) = sqrt(WSSR/ndf)    : 1.01897
variance of residuals (reduced chisquare) = WSSR/ndf   : 1.03829
p-value of the Chisq distribution (FIT_P)              : 0.408503

Final set of parameters            Asymptotic Standard Error
=======================            ==========================
a               = 9.16188e-08      +/- 2.769e-08    (30.22%)
mr              = 0.998908         +/- 0.01815      (1.817%)
c               = 4.1541e-05       +/- 0.0008431    (2029%)

correlation matrix of the fit parameters:
                a      mr     c      
a               1.000 
mr              0.999  1.000 
c              -0.371 -0.361  1.000 


*******************************************************************************
Fri Jan 30 13:03:25 2026


FIT:    data read from 'corrfunc.dat' u 1:column2[i]:column3[i] every ::0::(L-1)
        format = x:z:s
        #datapoints = 32
function used for fitting: f(x,a,mr,c)
	f(x,a,mr,c)=a*cosh((x-L/2)/mr)/mr+c
fitted parameters initialized with current variable values

iter      chisq       delta/lim  lambda   a             mr            c            
   0 4.4685066360e+01   0.00e+00  1.94e+02    9.161881e-08   9.989085e-01   4.154098e-05
  32 1.2160824580e+01  -1.08e-04  1.94e-06    1.245461e-07   1.014455e+00  -7.393872e-04

After 32 iterations the fit converged.
final sum of squares of residuals : 12.1608
rel. change during last iteration : -1.07909e-09

degrees of freedom    (FIT_NDF)                        : 29
rms of residuals      (FIT_STDFIT) = sqrt(WSSR/ndf)    : 0.647564
variance of residuals (reduced chisquare) = WSSR/ndf   : 0.419339
p-value of the Chisq distribution (FIT_P)              : 0.997438

Final set of parameters            Asymptotic Standard Error
=======================            ==========================
a               = 1.24546e-07      +/- 2.327e-08    (18.68%)
mr              = 1.01445          +/- 0.01155      (1.139%)
c               = -0.000739387     +/- 0.000624     (84.39%)

correlation matrix of the fit parameters:
                a      mr     c      
a               1.000 
mr              1.000  1.000 
c              -0.390 -0.379  1.000 


*******************************************************************************
Fri Jan 30 13:03:25 2026


FIT:    data read from 'corrfunc.dat' u 1:column2[i]:column3[i] every ::0::(L-1)
        format = x:z:s
        #datapoints = 32
function used for fitting: f(x,a,mr,c)
	f(x,a,mr,c)=a*cosh((x-L/2)/mr)/mr+c
fitted parameters initialized with current variable values

iter      chisq       delta/lim  lambda   a             mr            c            
   0 8.7809194545e+01   0.00e+00  1.17e+02    1.245461e-07   1.014455e+00  -7.393872e-04
  46 1.7338454092e+01  -2.07e-02  1.17e-04    3.418335e-07   1.074346e+00   9.351976e-04

After 46 iterations the fit converged.
final sum of squares of residuals : 17.3385
rel. change during last iteration : -2.07471e-07

degrees of freedom    (FIT_NDF)                        : 29
rms of residuals      (FIT_STDFIT) = sqrt(WSSR/ndf)    : 0.773226
variance of residuals (reduced chisquare) = WSSR/ndf   : 0.597878
p-value of the Chisq distribution (FIT_P)              : 0.95666

Final set of parameters            Asymptotic Standard Error
=======================            ==========================
a               = 3.41833e-07      +/- 9.645e-08    (28.22%)
mr              = 1.07435          +/- 0.01966      (1.83%)
c               = 0.000935198      +/- 0.0007223    (77.23%)

correlation matrix of the fit parameters:
                a      mr     c      
a               1.000 
mr              0.999  1.000 
c              -0.343 -0.333  1.000 


*******************************************************************************
Fri Jan 30 13:03:25 2026


FIT:    data read from 'corrfunc.dat' u 1:column2[i]:column3[i] every ::0::(L-1)
        format = x:z:s
        #datapoints = 32
function used for fitting: f(x,a,mr,c)
	f(x,a,mr,c)=a*cosh((x-L/2)/mr)/mr+c
fitted parameters initialized with current variable values

iter      chisq       delta/lim  lambda   a             mr            c            
   0 1.3647479340e+02   0.00e+00  1.29e+02    3.418335e-07   1.074346e+00   9.351976e-04
  58 1.6818710388e+01  -2.13e-02  1.29e-04    9.592587e-07   1.142358e+00   1.232593e-03

After 58 iterations the fit converged.
final sum of squares of residuals : 16.8187
rel. change during last iteration : -2.12515e-07

degrees of freedom    (FIT_NDF)                        : 29
rms of residuals      (FIT_STDFIT) = sqrt(WSSR/ndf)    : 0.761548
variance of residuals (reduced chisquare) = WSSR/ndf   : 0.579956
p-value of the Chisq distribution (FIT_P)              : 0.964922

Final set of parameters            Asymptotic Standard Error
=======================            ==========================
a               = 9.59259e-07      +/- 2.051e-07    (21.39%)
mr              = 1.14236          +/- 0.0169       (1.48%)
c               = 0.00123259       +/- 0.0008406    (68.19%)

correlation matrix of the fit parameters:
                a      mr     c      
a               1.000 
mr              0.999  1.000 
c              -0.409 -0.395  1.000 


*******************************************************************************
Fri Jan 30 13:03:25 2026


FIT:    data read from 'corrfunc.dat' u 1:column2[i]:column3[i] every ::0::(L-1)
        format = x:z:s
        #datapoints = 32
function used for fitting: f(x,a,mr,c)
	f(x,a,mr,c)=a*cosh((x-L/2)/mr)/mr+c
fitted parameters initialized with current variable values

iter      chisq       delta/lim  lambda   a             mr            c            
   0 1.0442293909e+02   0.00e+00  1.42e+02    9.592587e-07   1.142358e+00   1.232593e-03
  59 1.9904454730e+01  -1.13e-05  1.42e-04    2.887316e-06   1.227697e+00   3.912814e-04

After 59 iterations the fit converged.
final sum of squares of residuals : 19.9045
rel. change during last iteration : -1.13376e-10

degrees of freedom    (FIT_NDF)                        : 29
rms of residuals      (FIT_STDFIT) = sqrt(WSSR/ndf)    : 0.828469
variance of residuals (reduced chisquare) = WSSR/ndf   : 0.686361
p-value of the Chisq distribution (FIT_P)              : 0.895872

Final set of parameters            Asymptotic Standard Error
=======================            ==========================
a               = 2.88732e-06      +/- 5.829e-07    (20.19%)
mr              = 1.2277           +/- 0.01821      (1.483%)
c               = 0.000391281      +/- 0.0009315    (238.1%)

correlation matrix of the fit parameters:
                a      mr     c      
a               1.000 
mr              0.999  1.000 
c              -0.427 -0.414  1.000 


*******************************************************************************
Fri Jan 30 13:03:25 2026


FIT:    data read from 'corrfunc.dat' u 1:column2[i]:column3[i] every ::0::(L-1)
        format = x:z:s
        #datapoints = 32
function used for fitting: f(x,a,mr,c)
	f(x,a,mr,c)=a*cosh((x-L/2)/mr)/mr+c
fitted parameters initialized with current variable values

iter      chisq       delta/lim  lambda   a             mr            c            
   0 1.5972728817e+02   0.00e+00  1.45e+02    2.887316e-06   1.227697e+00   3.912814e-04
  53 7.5861550948e+00  -1.50e-03  1.45e-05    1.004661e-05   1.339848e+00  -1.622158e-03

After 53 iterations the fit converged.
final sum of squares of residuals : 7.58616
rel. change during last iteration : -1.5046e-08

degrees of freedom    (FIT_NDF)                        : 29
rms of residuals      (FIT_STDFIT) = sqrt(WSSR/ndf)    : 0.51146
variance of residuals (reduced chisquare) = WSSR/ndf   : 0.261592
p-value of the Chisq distribution (FIT_P)              : 0.999978

Final set of parameters            Asymptotic Standard Error
=======================            ==========================
a               = 1.00466e-05      +/- 1.095e-06    (10.9%)
mr              = 1.33985          +/- 0.01167      (0.871%)
c               = -0.00162216      +/- 0.0006414    (39.54%)

correlation matrix of the fit parameters:
                a      mr     c      
a               1.000 
mr              0.999  1.000 
c              -0.469 -0.453  1.000 


*******************************************************************************
Fri Jan 30 13:03:25 2026


FIT:    data read from 'corrfunc.dat' u 1:column2[i]:column3[i] every ::0::(L-1)
        format = x:z:s
        #datapoints = 32
function used for fitting: f(x,a,mr,c)
	f(x,a,mr,c)=a*cosh((x-L/2)/mr)/mr+c
fitted parameters initialized with current variable values

iter      chisq       delta/lim  lambda   a             mr            c            
   0 1.6619226995e+02   0.00e+00  1.25e+02    1.004661e-05   1.339848e+00  -1.622158e-03
  13 6.0066367338e+00  -1.49e-02  1.25e-04    1.814692e-05   1.394021e+00   1.425926e-03

After 13 iterations the fit converged.
final sum of squares of residuals : 6.00664
rel. change during last iteration : -1.49453e-07

degrees of freedom    (FIT_NDF)                        : 29
rms of residuals      (FIT_STDFIT) = sqrt(WSSR/ndf)    : 0.45511
variance of residuals (reduced chisquare) = WSSR/ndf   : 0.207125
p-value of the Chisq distribution (FIT_P)              : 0.999998

Final set of parameters            Asymptotic Standard Error
=======================            ==========================
a               = 1.81469e-05      +/- 1.85e-06     (10.2%)
mr              = 1.39402          +/- 0.01179      (0.8454%)
c               = 0.00142593       +/- 0.0006489    (45.51%)

correlation matrix of the fit parameters:
                a      mr     c      
a               1.000 
mr              0.999  1.000 
c              -0.476 -0.461  1.000 


*******************************************************************************
Fri Jan 30 13:03:25 2026


FIT:    data read from 'corrfunc.dat' u 1:column2[i]:column3[i] every ::0::(L-1)
        format = x:z:s
        #datapoints = 32
function used for fitting: f(x,a,mr,c)
	f(x,a,mr,c)=a*cosh((x-L/2)/mr)/mr+c
fitted parameters initialized with current variable values

iter      chisq       delta/lim  lambda   a             mr            c            
   0 3.4094524201e+02   0.00e+00  1.82e+02    1.814692e-05   1.394021e+00   1.425926e-03
  39 2.0353709541e+01  -1.96e-02  1.82e-04    5.091624e-05   1.506964e+00  -1.898529e-03

After 39 iterations the fit converged.
final sum of squares of residuals : 20.3537
rel. change during last iteration : -1.96334e-07

degrees of freedom    (FIT_NDF)                        : 29
rms of residuals      (FIT_STDFIT) = sqrt(WSSR/ndf)    : 0.837766
variance of residuals (reduced chisquare) = WSSR/ndf   : 0.701852
p-value of the Chisq distribution (FIT_P)              : 0.881592

Final set of parameters            Asymptotic Standard Error
=======================            ==========================
a               = 5.09162e-05      +/- 7.19e-06     (14.12%)
mr              = 1.50696          +/- 0.01877      (1.246%)
c               = -0.00189853      +/- 0.001209     (63.68%)

correlation matrix of the fit parameters:
                a      mr     c      
a               1.000 
mr              0.999  1.000 
c              -0.477 -0.462  1.000 


*******************************************************************************
Fri Jan 30 13:03:25 2026


FIT:    data read from 'corrfunc.dat' u 1:column2[i]:column3[i] every ::0::(L-1)
        format = x:z:s
        #datapoints = 32
function used for fitting: f(x,a,mr,c)
	f(x,a,mr,c)=a*cosh((x-L/2)/mr)/mr+c
fitted parameters initialized with current variable values

iter      chisq       delta/lim  lambda   a             mr            c            
   0 4.6216384653e+02   0.00e+00  1.36e+02    5.091624e-05   1.506964e+00  -1.898529e-03
  24 4.0815766040e+01  -3.17e-03  1.36e-04    1.457301e-04   1.639155e+00  -2.028617e-04

After 24 iterations the fit converged.
final sum of squares of residuals : 40.8158
rel. change during last iteration : -3.16626e-08

degrees of freedom    (FIT_NDF)                        : 29
rms of residuals      (FIT_STDFIT) = sqrt(WSSR/ndf)    : 1.18636
variance of residuals (reduced chisquare) = WSSR/ndf   : 1.40744
p-value of the Chisq distribution (FIT_P)              : 0.0714565

Final set of parameters            Asymptotic Standard Error
=======================            ==========================
a               = 0.00014573       +/- 2.875e-05    (19.73%)
mr              = 1.63915          +/- 0.0311       (1.898%)
c               = -0.000202862     +/- 0.00185      (911.9%)

correlation matrix of the fit parameters:
                a      mr     c      
a               1.000 
mr              0.999  1.000 
c              -0.517 -0.500  1.000 


*******************************************************************************
Fri Jan 30 13:03:25 2026


FIT:    data read from 'corrfunc.dat' u 1:column2[i]:column3[i] every ::0::(L-1)
        format = x:z:s
        #datapoints = 32
function used for fitting: f(x,a,mr,c)
	f(x,a,mr,c)=a*cosh((x-L/2)/mr)/mr+c
fitted parameters initialized with current variable values

iter      chisq       delta/lim  lambda   a             mr            c            
   0 4.1932998733e+02   0.00e+00  8.92e+01    1.457301e-04   1.639155e+00  -2.028617e-04
  38 2.7584486517e+01  -6.12e-04  8.92e-06    7.213111e-04   1.907564e+00  -2.279080e-03

After 38 iterations the fit converged.
final sum of squares of residuals : 27.5845
rel. change during last iteration : -6.11837e-09

degrees of freedom    (FIT_NDF)                        : 29
rms of residuals      (FIT_STDFIT) = sqrt(WSSR/ndf)    : 0.975289
variance of residuals (reduced chisquare) = WSSR/ndf   : 0.951189
p-value of the Chisq distribution (FIT_P)              : 0.540202

Final set of parameters            Asymptotic Standard Error
=======================            ==========================
a               = 0.000721311      +/- 0.0001196    (16.58%)
mr              = 1.90756          +/- 0.036        (1.887%)
c               = -0.00227908      +/- 0.002204     (96.73%)

correlation matrix of the fit parameters:
                a      mr     c      
a               1.000 
mr              0.998  1.000 
c              -0.563 -0.533  1.000 


*******************************************************************************
Fri Jan 30 13:03:25 2026


FIT:    data read from 'corrfunc.dat' u 1:column2[i]:column3[i] every ::0::(L-1)
        format = x:z:s
        #datapoints = 32
function used for fitting: f(x,a,mr,c)
	f(x,a,mr,c)=a*cosh((x-L/2)/mr)/mr+c
fitted parameters initialized with current variable values

iter      chisq       delta/lim  lambda   a             mr            c            
   0 3.8562367715e+02   0.00e+00  1.09e+02    7.213111e-04   1.907564e+00  -2.279080e-03
  17 1.8224151052e+01  -2.79e-04  1.09e-04    1.960602e-03   2.107863e+00  -4.363047e-03

After 17 iterations the fit converged.
final sum of squares of residuals : 18.2242
rel. change during last iteration : -2.78515e-09

degrees of freedom    (FIT_NDF)                        : 29
rms of residuals      (FIT_STDFIT) = sqrt(WSSR/ndf)    : 0.792729
variance of residuals (reduced chisquare) = WSSR/ndf   : 0.628419
p-value of the Chisq distribution (FIT_P)              : 0.939576

Final set of parameters            Asymptotic Standard Error
=======================            ==========================
a               = 0.0019606        +/- 0.000233     (11.89%)
mr              = 2.10786          +/- 0.03028      (1.437%)
c               = -0.00436305      +/- 0.001912     (43.81%)

correlation matrix of the fit parameters:
                a      mr     c      
a               1.000 
mr              0.998  1.000 
c              -0.587 -0.566  1.000 


*******************************************************************************
Fri Jan 30 13:03:25 2026


FIT:    data read from 'corrfunc.dat' u 1:column2[i]:column3[i] every ::0::(L-1)
        format = x:z:s
        #datapoints = 32
function used for fitting: f(x,a,mr,c)
	f(x,a,mr,c)=a*cosh((x-L/2)/mr)/mr+c
fitted parameters initialized with current variable values

iter      chisq       delta/lim  lambda   a             mr            c            
   0 7.7786815127e+02   0.00e+00  1.24e+02    1.960602e-03   2.107863e+00  -4.363047e-03
  13 1.3383233994e+01  -3.97e-02  1.24e-04    4.446230e-03   2.297313e+00   5.356185e-03

After 13 iterations the fit converged.
final sum of squares of residuals : 13.3832
rel. change during last iteration : -3.96619e-07

degrees of freedom    (FIT_NDF)                        : 29
rms of residuals      (FIT_STDFIT) = sqrt(WSSR/ndf)    : 0.679331
variance of residuals (reduced chisquare) = WSSR/ndf   : 0.461491
p-value of the Chisq distribution (FIT_P)              : 0.994081

Final set of parameters            Asymptotic Standard Error
=======================            ==========================
a               = 0.00444623       +/- 0.0003507    (7.888%)
mr              = 2.29731          +/- 0.02344      (1.02%)
c               = 0.00535618       +/- 0.001975     (36.87%)

correlation matrix of the fit parameters:
                a      mr     c      
a               1.000 
mr              0.998  1.000 
c              -0.646 -0.619  1.000 


*******************************************************************************
Fri Jan 30 13:03:25 2026


FIT:    data read from 'corrfunc.dat' u 1:column2[i]:column3[i] every ::0::(L-1)
        format = x:z:s
        #datapoints = 32
function used for fitting: f(x,a,mr,c)
	f(x,a,mr,c)=a*cosh((x-L/2)/mr)/mr+c
fitted parameters initialized with current variable values

iter      chisq       delta/lim  lambda   a             mr            c            
   0 1.1150673962e+03   0.00e+00  1.36e+02    4.446230e-03   2.297313e+00   5.356185e-03
  27 1.4946920044e+01  -2.08e-03  1.36e-04    1.370818e-02   2.626691e+00   3.268602e-03

After 27 iterations the fit converged.
final sum of squares of residuals : 14.9469
rel. change during last iteration : -2.07955e-08

degrees of freedom    (FIT_NDF)                        : 29
rms of residuals      (FIT_STDFIT) = sqrt(WSSR/ndf)    : 0.717921
variance of residuals (reduced chisquare) = WSSR/ndf   : 0.515411
p-value of the Chisq distribution (FIT_P)              : 0.985424

Final set of parameters            Asymptotic Standard Error
=======================            ==========================
a               = 0.0137082        +/- 0.001012     (7.382%)
mr              = 2.62669          +/- 0.02794      (1.064%)
c               = 0.0032686        +/- 0.00265      (81.07%)

correlation matrix of the fit parameters:
                a      mr     c      
a               1.000 
mr              0.998  1.000 
c              -0.690 -0.662  1.000 


*******************************************************************************
Fri Jan 30 13:03:25 2026


FIT:    data read from 'corrfunc.dat' u 1:column2[i]:column3[i] every ::0::(L-1)
        format = x:z:s
        #datapoints = 32
function used for fitting: f(x,a,mr,c)
	f(x,a,mr,c)=a*cosh((x-L/2)/mr)/mr+c
fitted parameters initialized with current variable values

iter      chisq       delta/lim  lambda   a             mr            c            
   0 1.2253512957e+03   0.00e+00  9.79e+01    1.370818e-02   2.626691e+00   3.268602e-03
  25 1.0126700380e+01  -9.26e-04  9.79e-05    4.435072e-02   3.089432e+00   1.100390e-02

After 25 iterations the fit converged.
final sum of squares of residuals : 10.1267
rel. change during last iteration : -9.2593e-09

degrees of freedom    (FIT_NDF)                        : 29
rms of residuals      (FIT_STDFIT) = sqrt(WSSR/ndf)    : 0.590929
variance of residuals (reduced chisquare) = WSSR/ndf   : 0.349197
p-value of the Chisq distribution (FIT_P)              : 0.999546

Final set of parameters            Asymptotic Standard Error
=======================            ==========================
a               = 0.0443507        +/- 0.002819     (6.356%)
mr              = 3.08943          +/- 0.03292      (1.065%)
c               = 0.0110039        +/- 0.002765     (25.13%)

correlation matrix of the fit parameters:
                a      mr     c      
a               1.000 
mr              0.998  1.000 
c              -0.799 -0.773  1.000 


*******************************************************************************
Fri Jan 30 13:03:25 2026


FIT:    data read from 'corrfunc.dat' u 1:column2[i]:column3[i] every ::0::(L-1)
        format = x:z:s
        #datapoints = 32
function used for fitting: f(x,a,mr,c)
	f(x,a,mr,c)=a*cosh((x-L/2)/mr)/mr+c
fitted parameters initialized with current variable values

iter      chisq       delta/lim  lambda   a             mr            c            
   0 1.3129919645e+03   0.00e+00  1.07e+02    4.435072e-02   3.089432e+00   1.100390e-02
  18 8.9424352519e+00  -2.76e-02  1.07e-04    1.278707e-01   3.636498e+00   6.897267e-03

After 18 iterations the fit converged.
final sum of squares of residuals : 8.94244
rel. change during last iteration : -2.76339e-07

degrees of freedom    (FIT_NDF)                        : 29
rms of residuals      (FIT_STDFIT) = sqrt(WSSR/ndf)    : 0.555302
variance of residuals (reduced chisquare) = WSSR/ndf   : 0.30836
p-value of the Chisq distribution (FIT_P)              : 0.999872

Final set of parameters            Asymptotic Standard Error
=======================            ==========================
a               = 0.127871         +/- 0.00806      (6.303%)
mr              = 3.6365           +/- 0.04244      (1.167%)
c               = 0.00689727       +/- 0.004414     (63.99%)

correlation matrix of the fit parameters:
                a      mr     c      
a               1.000 
mr              0.998  1.000 
c              -0.888 -0.869  1.000 


*******************************************************************************
Fri Jan 30 13:03:25 2026


FIT:    data read from 'corrfunc.dat' u 1:column2[i]:column3[i] every ::0::(L-1)
        format = x:z:s
        #datapoints = 32
function used for fitting: f(x,a,mr,c)
	f(x,a,mr,c)=a*cosh((x-L/2)/mr)/mr+c
fitted parameters initialized with current variable values

iter      chisq       delta/lim  lambda   a             mr            c            
   0 1.8019322583e+03   0.00e+00  9.67e+01    1.278707e-01   3.636498e+00   6.897267e-03
  12 1.9026964005e+01  -4.44e-01  9.67e-04    3.865240e-01   4.433633e+00   6.441614e-03

After 12 iterations the fit converged.
final sum of squares of residuals : 19.027
rel. change during last iteration : -4.44058e-06

degrees of freedom    (FIT_NDF)                        : 29
rms of residuals      (FIT_STDFIT) = sqrt(WSSR/ndf)    : 0.810001
variance of residuals (reduced chisquare) = WSSR/ndf   : 0.656102
p-value of the Chisq distribution (FIT_P)              : 0.920595

Final set of parameters            Asymptotic Standard Error
=======================            ==========================
a               = 0.386524         +/- 0.03359      (8.69%)
mr              = 4.43363          +/- 0.08141      (1.836%)
c               = 0.00644161       +/- 0.009219     (143.1%)

correlation matrix of the fit parameters:
                a      mr     c      
a               1.000 
mr              0.998  1.000 
c              -0.943 -0.930  1.000 


*******************************************************************************
Fri Jan 30 13:03:25 2026


FIT:    data read from 'corrfunc.dat' u 1:column2[i]:column3[i] every ::0::(L-1)
        format = x:z:s
        #datapoints = 32
function used for fitting: f(x,a,mr,c)
	f(x,a,mr,c)=a*cosh((x-L/2)/mr)/mr+c
fitted parameters initialized with current variable values

iter      chisq       delta/lim  lambda   a             mr            c            
   0 3.0945409790e+03   0.00e+00  1.10e+02    3.865240e-01   4.433633e+00   6.441614e-03
  25 1.0157656182e+01  -3.69e-01  1.10e-04    7.832770e-01   5.122007e+00   6.904548e-02

After 25 iterations the fit converged.
final sum of squares of residuals : 10.1577
rel. change during last iteration : -3.69109e-06

degrees of freedom    (FIT_NDF)                        : 29
rms of residuals      (FIT_STDFIT) = sqrt(WSSR/ndf)    : 0.591831
variance of residuals (reduced chisquare) = WSSR/ndf   : 0.350264
p-value of the Chisq distribution (FIT_P)              : 0.999532

Final set of parameters            Asymptotic Standard Error
=======================            ==========================
a               = 0.783277         +/- 0.05537      (7.069%)
mr              = 5.12201          +/- 0.08256      (1.612%)
c               = 0.0690455        +/- 0.01223      (17.72%)

correlation matrix of the fit parameters:
                a      mr     c      
a               1.000 
mr              0.998  1.000 
c              -0.963 -0.949  1.000 


*******************************************************************************
Fri Jan 30 13:03:25 2026


FIT:    data read from 'corrfunc.dat' u 1:column2[i]:column3[i] every ::0::(L-1)
        format = x:z:s
        #datapoints = 32
function used for fitting: f(x,a,mr,c)
	f(x,a,mr,c)=a*cosh((x-L/2)/mr)/mr+c
fitted parameters initialized with current variable values

iter      chisq       delta/lim  lambda   a             mr            c            
   0 4.5307847053e+03   0.00e+00  1.09e+02    7.832770e-01   5.122007e+00   6.904548e-02
   6 1.6025044049e+01  -4.36e-06  1.09e-04    2.050334e+00   6.471906e+00   1.154560e-01

After 6 iterations the fit converged.
final sum of squares of residuals : 16.025
rel. change during last iteration : -4.36421e-11

degrees of freedom    (FIT_NDF)                        : 29
rms of residuals      (FIT_STDFIT) = sqrt(WSSR/ndf)    : 0.743362
variance of residuals (reduced chisquare) = WSSR/ndf   : 0.552588
p-value of the Chisq distribution (FIT_P)              : 0.975252

Final set of parameters            Asymptotic Standard Error
=======================            ==========================
a               = 2.05033          +/- 0.2486       (12.13%)
mr              = 6.47191          +/- 0.2004       (3.096%)
c               = 0.115456         +/- 0.03433      (29.74%)

correlation matrix of the fit parameters:
                a      mr     c      
a               1.000 
mr              0.999  1.000 
c              -0.988 -0.980  1.000 


*******************************************************************************
Fri Jan 30 13:03:25 2026


FIT:    data read from 'corrfunc.dat' u 1:column2[i]:column3[i] every ::0::(L-1)
        format = x:z:s
        #datapoints = 32
function used for fitting: f(x,a,mr,c)
	f(x,a,mr,c)=a*cosh((x-L/2)/mr)/mr+c
fitted parameters initialized with current variable values

iter      chisq       delta/lim  lambda   a             mr            c            
   0 4.2439733006e+03   0.00e+00  8.87e+01    2.050334e+00   6.471906e+00   1.154560e-01
   7 1.7457532012e+01  -5.21e-06  8.87e-05    2.559863e+00   7.010418e+00   4.069980e-01

After 7 iterations the fit converged.
final sum of squares of residuals : 17.4575
rel. change during last iteration : -5.21161e-11

degrees of freedom    (FIT_NDF)                        : 29
rms of residuals      (FIT_STDFIT) = sqrt(WSSR/ndf)    : 0.775876
variance of residuals (reduced chisquare) = WSSR/ndf   : 0.601984
p-value of the Chisq distribution (FIT_P)              : 0.954588

Final set of parameters            Asymptotic Standard Error
=======================            ==========================
a               = 2.55986          +/- 0.4465       (17.44%)
mr              = 7.01042          +/- 0.3213       (4.583%)
c               = 0.406998         +/- 0.05384      (13.23%)

correlation matrix of the fit parameters:
                a      mr     c      
a               1.000 
mr              0.999  1.000 
c              -0.993 -0.987  1.000 


*******************************************************************************
Fri Jan 30 13:03:25 2026


FIT:    data read from 'corrfunc.dat' u 1:column2[i]:column3[i] every ::0::(L-1)
        format = x:z:s
        #datapoints = 32
function used for fitting: f(x,a,mr,c)
	f(x,a,mr,c)=a*cosh((x-L/2)/mr)/mr+c
fitted parameters initialized with current variable values

iter      chisq       delta/lim  lambda   a             mr            c            
   0 3.3594816586e+03   0.00e+00  7.02e+01    2.559863e+00   7.010418e+00   4.069980e-01
   6 1.3043058530e+01  -6.30e-02  7.02e-05    4.751811e+00   8.562513e+00   5.957362e-01

After 6 iterations the fit converged.
final sum of squares of residuals : 13.0431
rel. change during last iteration : -6.29827e-07

degrees of freedom    (FIT_NDF)                        : 29
rms of residuals      (FIT_STDFIT) = sqrt(WSSR/ndf)    : 0.670642
variance of residuals (reduced chisquare) = WSSR/ndf   : 0.449761
p-value of the Chisq distribution (FIT_P)              : 0.99525

Final set of parameters            Asymptotic Standard Error
=======================            ==========================
a               = 4.75181          +/- 1.244        (26.18%)
mr              = 8.56251          +/- 0.6321       (7.382%)
c               = 0.595736         +/- 0.111        (18.63%)

correlation matrix of the fit parameters:
                a      mr     c      
a               1.000 
mr              0.999  1.000 
c              -0.997 -0.995  1.000 


*******************************************************************************
Fri Jan 30 13:03:25 2026


FIT:    data read from 'corrfunc.dat' u 1:column2[i]:column3[i] every ::0::(L-1)
        format = x:z:s
        #datapoints = 32
function used for fitting: f(x,a,mr,c)
	f(x,a,mr,c)=a*cosh((x-L/2)/mr)/mr+c
fitted parameters initialized with current variable values

iter      chisq       delta/lim  lambda   a             mr            c            
   0 3.2734606515e+03   0.00e+00  7.89e+01    4.751811e+00   8.562513e+00   5.957362e-01
  53 2.2217983934e+01  -5.69e-03  7.89e-04    2.742150e+00   7.906714e+00   1.273980e+00

After 53 iterations the fit converged.
final sum of squares of residuals : 22.218
rel. change during last iteration : -5.69414e-08

degrees of freedom    (FIT_NDF)                        : 29
rms of residuals      (FIT_STDFIT) = sqrt(WSSR/ndf)    : 0.875293
variance of residuals (reduced chisquare) = WSSR/ndf   : 0.766137
p-value of the Chisq distribution (FIT_P)              : 0.811053

Final set of parameters            Asymptotic Standard Error
=======================            ==========================
a               = 2.74215          +/- 1.065        (38.84%)
mr              = 7.90671          +/- 0.8358       (10.57%)
c               = 1.27398          +/- 0.1092       (8.575%)

correlation matrix of the fit parameters:
                a      mr     c      
a               1.000 
mr              0.999  1.000 
c              -0.995 -0.991  1.000 


*******************************************************************************
Fri Jan 30 13:03:25 2026


FIT:    data read from 'corrfunc.dat' u 1:column2[i]:column3[i] every ::0::(L-1)
        format = x:z:s
        #datapoints = 32
function used for fitting: f(x,a,mr,c)
	f(x,a,mr,c)=a*cosh((x-L/2)/mr)/mr+c
fitted parameters initialized with current variable values

iter      chisq       delta/lim  lambda   a             mr            c            
   0 4.1734051473e+03   0.00e+00  5.20e+01    2.742150e+00   7.906714e+00   1.273980e+00
  18 1.1573030818e+01  -5.05e-03  5.20e-04    7.724333e-01   6.240219e+00   2.033673e+00

After 18 iterations the fit converged.
final sum of squares of residuals : 11.573
rel. change during last iteration : -5.05193e-08

degrees of freedom    (FIT_NDF)                        : 29
rms of residuals      (FIT_STDFIT) = sqrt(WSSR/ndf)    : 0.63172
variance of residuals (reduced chisquare) = WSSR/ndf   : 0.39907
p-value of the Chisq distribution (FIT_P)              : 0.99837

Final set of parameters            Asymptotic Standard Error
=======================            ==========================
a               = 0.772433         +/- 0.2813       (36.41%)
mr              = 6.24022          +/- 0.5684       (9.109%)
c               = 2.03367          +/- 0.04232      (2.081%)

correlation matrix of the fit parameters:
                a      mr     c      
a               1.000 
mr              0.999  1.000 
c              -0.985 -0.977  1.000 


*******************************************************************************
Fri Jan 30 13:03:25 2026


FIT:    data read from 'corrfunc.dat' u 1:column2[i]:column3[i] every ::0::(L-1)
        format = x:z:s
        #datapoints = 32
function used for fitting: f(x,a,mr,c)
	f(x,a,mr,c)=a*cosh((x-L/2)/mr)/mr+c
fitted parameters initialized with current variable values

iter      chisq       delta/lim  lambda   a             mr            c            
   0 5.0749969769e+03   0.00e+00  6.29e+01    7.724333e-01   6.240219e+00   2.033673e+00
   6 2.7412718597e+01  -1.66e-02  6.29e-05    5.809046e-01   6.562867e+00   2.489580e+00

After 6 iterations the fit converged.
final sum of squares of residuals : 27.4127
rel. change during last iteration : -1.65583e-07

degrees of freedom    (FIT_NDF)                        : 29
rms of residuals      (FIT_STDFIT) = sqrt(WSSR/ndf)    : 0.972248
variance of residuals (reduced chisquare) = WSSR/ndf   : 0.945266
p-value of the Chisq distribution (FIT_P)              : 0.549448

Final set of parameters            Asymptotic Standard Error
=======================            ==========================
a               = 0.580905         +/- 0.4311       (74.21%)
mr              = 6.56287          +/- 1.258        (19.16%)
c               = 2.48958          +/- 0.05754      (2.311%)

correlation matrix of the fit parameters:
                a      mr     c      
a               1.000 
mr              0.999  1.000 
c              -0.989 -0.982  1.000 


*******************************************************************************
Fri Jan 30 13:03:25 2026


FIT:    data read from 'corrfunc.dat' u 1:column2[i]:column3[i] every ::0::(L-1)
        format = x:z:s
        #datapoints = 32
function used for fitting: f(x,a,mr,c)
	f(x,a,mr,c)=a*cosh((x-L/2)/mr)/mr+c
fitted parameters initialized with current variable values

iter      chisq       delta/lim  lambda   a             mr            c            
   0 3.6580658339e+03   0.00e+00  6.35e+01    5.809046e-01   6.562867e+00   2.489580e+00
 252 3.4970768530e+01  -4.31e-01  6.35e-05    2.465836e-03   2.532217e+00   2.979049e+00

After 252 iterations the fit converged.
final sum of squares of residuals : 34.9708
rel. change during last iteration : -4.31249e-06

degrees of freedom    (FIT_NDF)                        : 29
rms of residuals      (FIT_STDFIT) = sqrt(WSSR/ndf)    : 1.09813
variance of residuals (reduced chisquare) = WSSR/ndf   : 1.20589
p-value of the Chisq distribution (FIT_P)              : 0.205501

Final set of parameters            Asymptotic Standard Error
=======================            ==========================
a               = 0.00246584       +/- 0.00273      (110.7%)
mr              = 2.53222          +/- 0.3795       (14.99%)
c               = 2.97905          +/- 0.01403      (0.471%)

correlation matrix of the fit parameters:
                a      mr     c      
a               1.000 
mr              0.999  1.000 
c              -0.821 -0.796  1.000 


*******************************************************************************
Fri Jan 30 13:03:25 2026


FIT:    data read from 'corrfunc.dat' u 1:column2[i]:column3[i] every ::0::(L-1)
        format = x:z:s
        #datapoints = 32
function used for fitting: f(x,a,mr,c)
	f(x,a,mr,c)=a*cosh((x-L/2)/mr)/mr+c
fitted parameters initialized with current variable values

iter      chisq       delta/lim  lambda   a             mr            c            
   0 4.0911437859e+03   0.00e+00  9.00e+01    2.465836e-03   2.532217e+00   2.979049e+00
 386 1.6488024064e+01  -2.53e-01  9.00e-01    2.049383e-06   1.289590e+00   3.257805e+00

After 386 iterations the fit converged.
final sum of squares of residuals : 16.488
rel. change during last iteration : -2.52611e-06

degrees of freedom    (FIT_NDF)                        : 29
rms of residuals      (FIT_STDFIT) = sqrt(WSSR/ndf)    : 0.754024
variance of residuals (reduced chisquare) = WSSR/ndf   : 0.568553
p-value of the Chisq distribution (FIT_P)              : 0.969548

Final set of parameters            Asymptotic Standard Error
=======================            ==========================
a               = 2.04938e-06      +/- 2.634e-06    (128.5%)
mr              = 1.28959          +/- 0.1257       (9.745%)
c               = 3.25781          +/- 0.004456     (0.1368%)

correlation matrix of the fit parameters:
                a      mr     c      
a               1.000 
mr              0.999  1.000 
c              -0.657 -0.638  1.000 


*******************************************************************************
Fri Jan 30 13:03:26 2026


FIT:    data read from 'corrfunc.dat' u 1:column2[i]:column3[i] every ::0::(L-1)
        format = x:z:s
        #datapoints = 32
function used for fitting: f(x,a,mr,c)
	f(x,a,mr,c)=a*cosh((x-L/2)/mr)/mr+c
fitted parameters initialized with current variable values

iter      chisq       delta/lim  lambda   a             mr            c            
   0 1.1111902911e+03   0.00e+00  7.22e+01    2.049383e-06   1.289590e+00   3.257805e+00
 139 2.0710082142e+01  -5.26e-01  7.22e-03    1.547162e-05   1.539504e+00   3.414830e+00

After 139 iterations the fit converged.
final sum of squares of residuals : 20.7101
rel. change during last iteration : -5.26146e-06

degrees of freedom    (FIT_NDF)                        : 29
rms of residuals      (FIT_STDFIT) = sqrt(WSSR/ndf)    : 0.845068
variance of residuals (reduced chisquare) = WSSR/ndf   : 0.714141
p-value of the Chisq distribution (FIT_P)              : 0.869491

Final set of parameters            Asymptotic Standard Error
=======================            ==========================
a               = 1.54716e-05      +/- 3.252e-05    (210.2%)
mr              = 1.5395           +/- 0.2907       (18.89%)
c               = 3.41483          +/- 0.006465     (0.1893%)

correlation matrix of the fit parameters:
                a      mr     c      
a               1.000 
mr              0.999  1.000 
c              -0.632 -0.611  1.000 


*******************************************************************************
Fri Jan 30 13:03:26 2026


FIT:    data read from 'corrfunc.dat' u 1:column2[i]:column3[i] every ::0::(L-1)
        format = x:z:s
        #datapoints = 32
function used for fitting: f(x,a,mr,c)
	f(x,a,mr,c)=a*cosh((x-L/2)/mr)/mr+c
fitted parameters initialized with current variable values

iter      chisq       delta/lim  lambda   a             mr            c            
   0 1.2416545763e+03   0.00e+00  6.63e+01    1.547162e-05   1.539504e+00   3.414830e+00
 526 7.6087069471e+00  -5.88e-01  6.63e-01    8.929734e-08   1.047307e+00   3.611888e+00

After 526 iterations the fit converged.
final sum of squares of residuals : 7.60871
rel. change during last iteration : -5.88083e-06

degrees of freedom    (FIT_NDF)                        : 29
rms of residuals      (FIT_STDFIT) = sqrt(WSSR/ndf)    : 0.51222
variance of residuals (reduced chisquare) = WSSR/ndf   : 0.262369
p-value of the Chisq distribution (FIT_P)              : 0.999977

Final set of parameters            Asymptotic Standard Error
=======================            ==========================
a               = 8.92973e-08      +/- 1.439e-07    (161.1%)
mr              = 1.04731          +/- 0.1047       (9.999%)
c               = 3.61189          +/- 0.004915     (0.1361%)

correlation matrix of the fit parameters:
                a      mr     c      
a               1.000 
mr              1.000  1.000 
c              -0.686 -0.671  1.000 


*******************************************************************************
Fri Jan 30 13:03:26 2026


FIT:    data read from 'corrfunc.dat' u 1:column2[i]:column3[i] every ::0::(L-1)
        format = x:z:s
        #datapoints = 32
function used for fitting: f(x,a,mr,c)
	f(x,a,mr,c)=a*cosh((x-L/2)/mr)/mr+c
fitted parameters initialized with current variable values

iter      chisq       delta/lim  lambda   a             mr            c            
   0 2.2707537891e+03   0.00e+00  8.57e+01    8.929734e-08   1.047307e+00   3.611888e+00
  10 8.0862407883e+00  -6.11e-01  8.57e-05    7.222342e-08   1.044085e+00   3.829446e+00

After 10 iterations the fit converged.
final sum of squares of residuals : 8.08624
rel. change during last iteration : -6.10849e-06

degrees of freedom    (FIT_NDF)                        : 29
rms of residuals      (FIT_STDFIT) = sqrt(WSSR/ndf)    : 0.528049
variance of residuals (reduced chisquare) = WSSR/ndf   : 0.278836
p-value of the Chisq distribution (FIT_P)              : 0.999956

Final set of parameters            Asymptotic Standard Error
=======================            ==========================
a               = 7.22234e-08      +/- 1.245e-07    (172.3%)
mr              = 1.04408          +/- 0.112        (10.72%)
c               = 3.82945          +/- 0.003926     (0.1025%)

correlation matrix of the fit parameters:
                a      mr     c      
a               1.000 
mr              0.999  1.000 
c              -0.666 -0.651  1.000 


*******************************************************************************
Fri Jan 30 13:03:26 2026


FIT:    data read from 'corrfunc.dat' u 1:column2[i]:column3[i] every ::0::(L-1)
        format = x:z:s
        #datapoints = 32
function used for fitting: f(x,a,mr,c)
	f(x,a,mr,c)=a*cosh((x-L/2)/mr)/mr+c
fitted parameters initialized with current variable values

iter      chisq       delta/lim  lambda   a             mr            c            
   0 1.3921695154e+04   0.00e+00  2.24e+02    7.222342e-08   1.044085e+00   3.829446e+00
 122 9.3643754243e+00  -9.50e-01  2.24e+00    3.216288e-13   5.955449e-01   4.041333e+00

After 122 iterations the fit converged.
final sum of squares of residuals : 9.36438
rel. change during last iteration : -9.50225e-06

degrees of freedom    (FIT_NDF)                        : 29
rms of residuals      (FIT_STDFIT) = sqrt(WSSR/ndf)    : 0.568251
variance of residuals (reduced chisquare) = WSSR/ndf   : 0.322909
p-value of the Chisq distribution (FIT_P)              : 0.999793

Final set of parameters            Asymptotic Standard Error
=======================            ==========================
a               = 3.21629e-13      +/- 9.396e-13    (292.1%)
mr              = 0.595545         +/- 0.06397      (10.74%)
c               = 4.04133          +/- 0.001076     (0.02661%)

correlation matrix of the fit parameters:
                a      mr     c      
a               1.000 
mr              1.000  1.000 
c              -0.306 -0.301  1.000 


*******************************************************************************
Fri Jan 30 13:03:26 2026


FIT:    data read from 'corrfunc.dat' u 1:column2[i]:column3[i] every ::0::(L-1)
        format = x:z:s
        #datapoints = 32
function used for fitting: f(x,a,mr,c)
	f(x,a,mr,c)=a*cosh((x-L/2)/mr)/mr+c
fitted parameters initialized with current variable values

iter      chisq       delta/lim  lambda   a             mr            c            
   0 8.3451138922e+03   0.00e+00  2.26e+02    3.216288e-13   5.955449e-01   4.041333e+00
 121 1.0402320019e+01  -9.75e-01  2.26e-01    8.989417e-14   5.710510e-01   4.209810e+00

After 121 iterations the fit converged.
final sum of squares of residuals : 10.4023
rel. change during last iteration : -9.74534e-06

degrees of freedom    (FIT_NDF)                        : 29
rms of residuals      (FIT_STDFIT) = sqrt(WSSR/ndf)    : 0.598916
variance of residuals (reduced chisquare) = WSSR/ndf   : 0.358701
p-value of the Chisq distribution (FIT_P)              : 0.999409

Final set of parameters            Asymptotic Standard Error
=======================            ==========================
a               = 8.98942e-14      +/- 3.557e-13    (395.7%)
mr              = 0.571051         +/- 0.07942      (13.91%)
c               = 4.20981          +/- 0.001192     (0.02831%)

correlation matrix of the fit parameters:
                a      mr     c      
a               1.000 
mr              1.000  1.000 
c              -0.324 -0.321  1.000 


*******************************************************************************
Fri Jan 30 13:03:26 2026


FIT:    data read from 'corrfunc.dat' u 1:column2[i]:column3[i] every ::0::(L-1)
        format = x:z:s
        #datapoints = 32
function used for fitting: f(x,a,mr,c)
	f(x,a,mr,c)=a*cosh((x-L/2)/mr)/mr+c
fitted parameters initialized with current variable values

iter      chisq       delta/lim  lambda   a             mr            c            
   0 1.0594764979e+04   0.00e+00  2.81e+02    8.989417e-14   5.710510e-01   4.209810e+00
 409 6.7578572401e+00  -9.68e-01  2.81e+00    1.119993e-15   4.977303e-01   4.369491e+00

After 409 iterations the fit converged.
final sum of squares of residuals : 6.75786
rel. change during last iteration : -9.68497e-06

degrees of freedom    (FIT_NDF)                        : 29
rms of residuals      (FIT_STDFIT) = sqrt(WSSR/ndf)    : 0.482731
variance of residuals (reduced chisquare) = WSSR/ndf   : 0.23303
p-value of the Chisq distribution (FIT_P)              : 0.999994

Final set of parameters            Asymptotic Standard Error
=======================            ==========================
a               = 1.11999e-15      +/- 4.389e-15    (391.9%)
mr              = 0.49773          +/- 0.05997      (12.05%)
c               = 4.36949          +/- 0.0007972    (0.01825%)

correlation matrix of the fit parameters:
                a      mr     c      
a               1.000 
mr              1.000  1.000 
c              -0.293 -0.291  1.000 


*******************************************************************************
Fri Jan 30 13:03:26 2026


FIT:    data read from 'corrfunc.dat' u 1:column2[i]:column3[i] every ::0::(L-1)
        format = x:z:s
        #datapoints = 32
function used for fitting: f(x,a,mr,c)
	f(x,a,mr,c)=a*cosh((x-L/2)/mr)/mr+c
fitted parameters initialized with current variable values

iter      chisq       delta/lim  lambda   a             mr            c            
   0 7.8611651389e+03   0.00e+00  2.20e+02    1.119993e-15   4.977303e-01   4.369491e+00
 405 7.1048229550e+00  -9.92e-01  2.20e+00    9.127752e-23   3.330599e-01   4.550817e+00

After 405 iterations the fit converged.
final sum of squares of residuals : 7.10482
rel. change during last iteration : -9.91828e-06

degrees of freedom    (FIT_NDF)                        : 29
rms of residuals      (FIT_STDFIT) = sqrt(WSSR/ndf)    : 0.494969
variance of residuals (reduced chisquare) = WSSR/ndf   : 0.244994
p-value of the Chisq distribution (FIT_P)              : 0.999989

Final set of parameters            Asymptotic Standard Error
=======================            ==========================
a               = 9.12775e-23      +/- 1.325e-21    (1452%)
mr              = 0.33306          +/- 0.1012       (30.38%)
c               = 4.55082          +/- 0.001056     (0.02321%)

correlation matrix of the fit parameters:
                a      mr     c      
a               1.000 
mr              1.000  1.000 
c              -0.262 -0.261  1.000 


*******************************************************************************
Fri Jan 30 13:03:26 2026


FIT:    data read from 'corrfunc.dat' u 1:column2[i]:column3[i] every ::0::(L-1)
        format = x:z:s
        #datapoints = 32
function used for fitting: f(x,a,mr,c)
	f(x,a,mr,c)=a*cosh((x-L/2)/mr)/mr+c
fitted parameters initialized with current variable values

iter      chisq       delta/lim  lambda   a             mr            c            
   0 1.1021194273e+03   0.00e+00  1.14e+02    9.127752e-23   3.330599e-01   4.550817e+00
2838 3.4466318031e+00  -2.06e-01  1.14e-14    3.200178e-10   7.942561e-01   4.683358e+00

After 2838 iterations the fit converged.
final sum of squares of residuals : 3.44663
rel. change during last iteration : -2.0615e-06

degrees of freedom    (FIT_NDF)                        : 29
rms of residuals      (FIT_STDFIT) = sqrt(WSSR/ndf)    : 0.344745
variance of residuals (reduced chisquare) = WSSR/ndf   : 0.118849
p-value of the Chisq distribution (FIT_P)              : 1

Final set of parameters            Asymptotic Standard Error
=======================            ==========================
a               = 3.20018e-10      +/- 6.111e-10    (191%)
mr              = 0.794256         +/- 0.07265      (9.146%)
c               = 4.68336          +/- 0.002186     (0.04667%)

correlation matrix of the fit parameters:
                a      mr     c      
a               1.000 
mr              1.000  1.000 
c              -0.598 -0.588  1.000 


*******************************************************************************
Fri Jan 30 14:20:55 2026


FIT:    data read from 'corrfunc.dat' u 1:column2[i]:column3[i] every ::0::(L-1)
        format = x:z:s
        #datapoints = 32
function used for fitting: f(x,a,mr,c)
	f(x,a,mr,c)=a*cosh((x-L/2)/mr)/mr+c
fitted parameters initialized with current variable values

iter      chisq       delta/lim  lambda   a             mr            c            
   0 1.2351036897e+09   0.00e+00  2.80e+04    1.000000e-01   2.100000e+00   1.000000e+00
  88 1.9908548232e+01  -3.37e-05  2.80e-02    2.628999e-13   5.823470e-01  -4.262244e-04

After 88 iterations the fit converged.
final sum of squares of residuals : 19.9085
rel. change during last iteration : -3.36877e-10

degrees of freedom    (FIT_NDF)                        : 29
rms of residuals      (FIT_STDFIT) = sqrt(WSSR/ndf)    : 0.828554
variance of residuals (reduced chisquare) = WSSR/ndf   : 0.686502
p-value of the Chisq distribution (FIT_P)              : 0.895747

Final set of parameters            Asymptotic Standard Error
=======================            ==========================
a               = 2.629e-13        +/- 1.453e-13    (55.26%)
mr              = 0.582347         +/- 0.01154      (1.981%)
c               = -0.000426224     +/- 0.0003193    (74.91%)

correlation matrix of the fit parameters:
                a      mr     c      
a               1.000 
mr              1.000  1.000 
c              -0.302 -0.298  1.000 


*******************************************************************************
Fri Jan 30 14:20:56 2026


FIT:    data read from 'corrfunc.dat' u 1:column2[i]:column3[i] every ::0::(L-1)
        format = x:z:s
        #datapoints = 32
function used for fitting: f(x,a,mr,c)
	f(x,a,mr,c)=a*cosh((x-L/2)/mr)/mr+c
fitted parameters initialized with current variable values

iter      chisq       delta/lim  lambda   a             mr            c            
   0 3.6718338793e+01   0.00e+00  2.89e+02    2.628999e-13   5.823470e-01  -4.262244e-04
   7 1.8253961232e+01  -1.06e-01  2.89e-05    3.523367e-13   5.880108e-01   8.198583e-04

After 7 iterations the fit converged.
final sum of squares of residuals : 18.254
rel. change during last iteration : -1.06159e-06

degrees of freedom    (FIT_NDF)                        : 29
rms of residuals      (FIT_STDFIT) = sqrt(WSSR/ndf)    : 0.793377
variance of residuals (reduced chisquare) = WSSR/ndf   : 0.629447
p-value of the Chisq distribution (FIT_P)              : 0.938932

Final set of parameters            Asymptotic Standard Error
=======================            ==========================
a               = 3.52337e-13      +/- 2.246e-13    (63.74%)
mr              = 0.588011         +/- 0.01351      (2.298%)
c               = 0.000819858      +/- 0.0003243    (39.56%)

correlation matrix of the fit parameters:
                a      mr     c      
a               1.000 
mr              1.000  1.000 
c              -0.284 -0.281  1.000 


*******************************************************************************
Fri Jan 30 14:20:56 2026


FIT:    data read from 'corrfunc.dat' u 1:column2[i]:column3[i] every ::0::(L-1)
        format = x:z:s
        #datapoints = 32
function used for fitting: f(x,a,mr,c)
	f(x,a,mr,c)=a*cosh((x-L/2)/mr)/mr+c
fitted parameters initialized with current variable values

iter      chisq       delta/lim  lambda   a             mr            c            
   0 2.4944527171e+01   0.00e+00  1.44e+02    3.523367e-13   5.880108e-01   8.198583e-04
 143 2.0384610076e+01  -3.48e-01  1.44e-02    6.463973e-13   6.002326e-01   4.536192e-04

After 143 iterations the fit converged.
final sum of squares of residuals : 20.3846
rel. change during last iteration : -3.48273e-06

degrees of freedom    (FIT_NDF)                        : 29
rms of residuals      (FIT_STDFIT) = sqrt(WSSR/ndf)    : 0.838402
variance of residuals (reduced chisquare) = WSSR/ndf   : 0.702918
p-value of the Chisq distribution (FIT_P)              : 0.88057

Final set of parameters            Asymptotic Standard Error
=======================            ==========================
a               = 6.46397e-13      +/- 4.236e-13    (65.54%)
mr              = 0.600233         +/- 0.01458      (2.428%)
c               = 0.000453619      +/- 0.0003225    (71.09%)

correlation matrix of the fit parameters:
                a      mr     c      
a               1.000 
mr              1.000  1.000 
c              -0.280 -0.275  1.000 


*******************************************************************************
Fri Jan 30 14:20:56 2026


FIT:    data read from 'corrfunc.dat' u 1:column2[i]:column3[i] every ::0::(L-1)
        format = x:z:s
        #datapoints = 32
function used for fitting: f(x,a,mr,c)
	f(x,a,mr,c)=a*cosh((x-L/2)/mr)/mr+c
fitted parameters initialized with current variable values

iter      chisq       delta/lim  lambda   a             mr            c            
   0 4.6410397319e+01   0.00e+00  2.08e+02    6.463973e-13   6.002326e-01   4.536192e-04
 272 1.6840573877e+01  -3.32e-01  2.08e-02    5.014552e-12   6.473993e-01  -1.114015e-04

After 272 iterations the fit converged.
final sum of squares of residuals : 16.8406
rel. change during last iteration : -3.31533e-06

degrees of freedom    (FIT_NDF)                        : 29
rms of residuals      (FIT_STDFIT) = sqrt(WSSR/ndf)    : 0.762043
variance of residuals (reduced chisquare) = WSSR/ndf   : 0.580709
p-value of the Chisq distribution (FIT_P)              : 0.964599

Final set of parameters            Asymptotic Standard Error
=======================            ==========================
a               = 5.01455e-12      +/- 1.981e-12    (39.51%)
mr              = 0.647399         +/- 0.01019      (1.574%)
c               = -0.000111402     +/- 0.0003224    (289.4%)

correlation matrix of the fit parameters:
                a      mr     c      
a               1.000 
mr              1.000  1.000 
c              -0.338 -0.332  1.000 


*******************************************************************************
Fri Jan 30 14:20:56 2026


FIT:    data read from 'corrfunc.dat' u 1:column2[i]:column3[i] every ::0::(L-1)
        format = x:z:s
        #datapoints = 32
function used for fitting: f(x,a,mr,c)
	f(x,a,mr,c)=a*cosh((x-L/2)/mr)/mr+c
fitted parameters initialized with current variable values

iter      chisq       delta/lim  lambda   a             mr            c            
   0 3.6151548232e+01   0.00e+00  1.64e+02    5.014552e-12   6.473993e-01  -1.114015e-04
  61 2.6987773901e+01  -8.86e-04  1.64e-05    9.139184e-12   6.618316e-01  -6.614712e-04

After 61 iterations the fit converged.
final sum of squares of residuals : 26.9878
rel. change during last iteration : -8.85937e-09

degrees of freedom    (FIT_NDF)                        : 29
rms of residuals      (FIT_STDFIT) = sqrt(WSSR/ndf)    : 0.964683
variance of residuals (reduced chisquare) = WSSR/ndf   : 0.930613
p-value of the Chisq distribution (FIT_P)              : 0.572365

Final set of parameters            Asymptotic Standard Error
=======================            ==========================
a               = 9.13918e-12      +/- 5.227e-12    (57.19%)
mr              = 0.661832         +/- 0.0154       (2.327%)
c               = -0.000661471     +/- 0.0004274    (64.61%)

correlation matrix of the fit parameters:
                a      mr     c      
a               1.000 
mr              1.000  1.000 
c              -0.317 -0.311  1.000 


*******************************************************************************
Fri Jan 30 14:20:56 2026


FIT:    data read from 'corrfunc.dat' u 1:column2[i]:column3[i] every ::0::(L-1)
        format = x:z:s
        #datapoints = 32
function used for fitting: f(x,a,mr,c)
	f(x,a,mr,c)=a*cosh((x-L/2)/mr)/mr+c
fitted parameters initialized with current variable values

iter      chisq       delta/lim  lambda   a             mr            c            
   0 4.3732175169e+01   0.00e+00  2.21e+02    9.139184e-12   6.618316e-01  -6.614712e-04
  26 1.9602677953e+01  -2.31e-01  2.21e-04    1.350603e-11   6.713095e-01   2.799257e-04

After 26 iterations the fit converged.
final sum of squares of residuals : 19.6027
rel. change during last iteration : -2.30983e-06

degrees of freedom    (FIT_NDF)                        : 29
rms of residuals      (FIT_STDFIT) = sqrt(WSSR/ndf)    : 0.822164
variance of residuals (reduced chisquare) = WSSR/ndf   : 0.675954
p-value of the Chisq distribution (FIT_P)              : 0.904848

Final set of parameters            Asymptotic Standard Error
=======================            ==========================
a               = 1.3506e-11       +/- 5.182e-12    (38.37%)
mr              = 0.67131          +/- 0.01061      (1.581%)
c               = 0.000279926      +/- 0.0003652    (130.5%)

correlation matrix of the fit parameters:
                a      mr     c      
a               1.000 
mr              1.000  1.000 
c              -0.310 -0.303  1.000 


*******************************************************************************
Fri Jan 30 14:20:56 2026


FIT:    data read from 'corrfunc.dat' u 1:column2[i]:column3[i] every ::0::(L-1)
        format = x:z:s
        #datapoints = 32
function used for fitting: f(x,a,mr,c)
	f(x,a,mr,c)=a*cosh((x-L/2)/mr)/mr+c
fitted parameters initialized with current variable values

iter      chisq       delta/lim  lambda   a             mr            c            
   0 5.8292051517e+01   0.00e+00  2.53e+02    1.350603e-11   6.713095e-01   2.799257e-04
 111 2.8016726137e+01  -1.61e-02  2.53e-04    7.811467e-12   6.553808e-01   3.215911e-04

After 111 iterations the fit converged.
final sum of squares of residuals : 28.0167
rel. change during last iteration : -1.60566e-07

degrees of freedom    (FIT_NDF)                        : 29
rms of residuals      (FIT_STDFIT) = sqrt(WSSR/ndf)    : 0.982901
variance of residuals (reduced chisquare) = WSSR/ndf   : 0.966094
p-value of the Chisq distribution (FIT_P)              : 0.517019

Final set of parameters            Asymptotic Standard Error
=======================            ==========================
a               = 7.81147e-12      +/- 3.642e-12    (46.63%)
mr              = 0.655381         +/- 0.01226      (1.87%)
c               = 0.000321591      +/- 0.0004312    (134.1%)

correlation matrix of the fit parameters:
                a      mr     c      
a               1.000 
mr              1.000  1.000 
c              -0.328 -0.323  1.000 


*******************************************************************************
Fri Jan 30 14:20:56 2026


FIT:    data read from 'corrfunc.dat' u 1:column2[i]:column3[i] every ::0::(L-1)
        format = x:z:s
        #datapoints = 32
function used for fitting: f(x,a,mr,c)
	f(x,a,mr,c)=a*cosh((x-L/2)/mr)/mr+c
fitted parameters initialized with current variable values

iter      chisq       delta/lim  lambda   a             mr            c            
   0 3.2780398258e+01   0.00e+00  1.86e+02    7.811467e-12   6.553808e-01   3.215911e-04
  10 3.0062850439e+01  -5.27e-03  1.86e-04    1.009471e-11   6.615423e-01  -5.218275e-05

After 10 iterations the fit converged.
final sum of squares of residuals : 30.0629
rel. change during last iteration : -5.26716e-08

degrees of freedom    (FIT_NDF)                        : 29
rms of residuals      (FIT_STDFIT) = sqrt(WSSR/ndf)    : 1.01816
variance of residuals (reduced chisquare) = WSSR/ndf   : 1.03665
p-value of the Chisq distribution (FIT_P)              : 0.410871

Final set of parameters            Asymptotic Standard Error
=======================            ==========================
a               = 1.00947e-11      +/- 5.981e-12    (59.25%)
mr              = 0.661542         +/- 0.0159       (2.404%)
c               = -5.21828e-05     +/- 0.0004815    (922.6%)

correlation matrix of the fit parameters:
                a      mr     c      
a               1.000 
mr              1.000  1.000 
c              -0.334 -0.329  1.000 


*******************************************************************************
Fri Jan 30 14:20:56 2026


FIT:    data read from 'corrfunc.dat' u 1:column2[i]:column3[i] every ::0::(L-1)
        format = x:z:s
        #datapoints = 32
function used for fitting: f(x,a,mr,c)
	f(x,a,mr,c)=a*cosh((x-L/2)/mr)/mr+c
fitted parameters initialized with current variable values

iter      chisq       delta/lim  lambda   a             mr            c            
   0 6.2137282910e+01   0.00e+00  2.36e+02    1.009471e-11   6.615423e-01  -5.218275e-05
 173 9.9612791263e+00  -1.50e-01  2.36e-05    1.972951e-11   6.779053e-01   6.313052e-04

After 173 iterations the fit converged.
final sum of squares of residuals : 9.96128
rel. change during last iteration : -1.49751e-06

degrees of freedom    (FIT_NDF)                        : 29
rms of residuals      (FIT_STDFIT) = sqrt(WSSR/ndf)    : 0.586082
variance of residuals (reduced chisquare) = WSSR/ndf   : 0.343492
p-value of the Chisq distribution (FIT_P)              : 0.999615

Final set of parameters            Asymptotic Standard Error
=======================            ==========================
a               = 1.97295e-11      +/- 5.698e-12    (28.88%)
mr              = 0.677905         +/- 0.008109     (1.196%)
c               = 0.000631305      +/- 0.0002696    (42.7%)

correlation matrix of the fit parameters:
                a      mr     c      
a               1.000 
mr              1.000  1.000 
c              -0.347 -0.342  1.000 


*******************************************************************************
Fri Jan 30 14:20:56 2026


FIT:    data read from 'corrfunc.dat' u 1:column2[i]:column3[i] every ::0::(L-1)
        format = x:z:s
        #datapoints = 32
function used for fitting: f(x,a,mr,c)
	f(x,a,mr,c)=a*cosh((x-L/2)/mr)/mr+c
fitted parameters initialized with current variable values

iter      chisq       delta/lim  lambda   a             mr            c            
   0 5.6604434719e+01   0.00e+00  2.00e+02    1.972951e-11   6.779053e-01   6.313052e-04
 226 2.0774578934e+01  -4.16e-01  2.00e-02    1.042450e-10   7.255545e-01   2.251518e-04

After 226 iterations the fit converged.
final sum of squares of residuals : 20.7746
rel. change during last iteration : -4.16276e-06

degrees of freedom    (FIT_NDF)                        : 29
rms of residuals      (FIT_STDFIT) = sqrt(WSSR/ndf)    : 0.846383
variance of residuals (reduced chisquare) = WSSR/ndf   : 0.716365
p-value of the Chisq distribution (FIT_P)              : 0.867229

Final set of parameters            Asymptotic Standard Error
=======================            ==========================
a               = 1.04245e-10      +/- 4.319e-11    (41.43%)
mr              = 0.725555         +/- 0.01331      (1.834%)
c               = 0.000225152      +/- 0.0004451    (197.7%)

correlation matrix of the fit parameters:
                a      mr     c      
a               1.000 
mr              1.000  1.000 
c              -0.364 -0.358  1.000 


*******************************************************************************
Fri Jan 30 14:20:56 2026


FIT:    data read from 'corrfunc.dat' u 1:column2[i]:column3[i] every ::0::(L-1)
        format = x:z:s
        #datapoints = 32
function used for fitting: f(x,a,mr,c)
	f(x,a,mr,c)=a*cosh((x-L/2)/mr)/mr+c
fitted parameters initialized with current variable values

iter      chisq       delta/lim  lambda   a             mr            c            
   0 2.9560533650e+01   0.00e+00  2.11e+02    1.042450e-10   7.255545e-01   2.251518e-04
   8 1.7939090601e+01  -2.09e-03  2.11e-05    1.249195e-10   7.301337e-01  -5.026772e-05

After 8 iterations the fit converged.
final sum of squares of residuals : 17.9391
rel. change during last iteration : -2.09098e-08

degrees of freedom    (FIT_NDF)                        : 29
rms of residuals      (FIT_STDFIT) = sqrt(WSSR/ndf)    : 0.786505
variance of residuals (reduced chisquare) = WSSR/ndf   : 0.618589
p-value of the Chisq distribution (FIT_P)              : 0.945504

Final set of parameters            Asymptotic Standard Error
=======================            ==========================
a               = 1.2492e-10       +/- 4.581e-11    (36.67%)
mr              = 0.730134         +/- 0.01192      (1.632%)
c               = -5.02677e-05     +/- 0.0004201    (835.7%)

correlation matrix of the fit parameters:
                a      mr     c      
a               1.000 
mr              1.000  1.000 
c              -0.327 -0.321  1.000 


*******************************************************************************
Fri Jan 30 14:20:56 2026


FIT:    data read from 'corrfunc.dat' u 1:column2[i]:column3[i] every ::0::(L-1)
        format = x:z:s
        #datapoints = 32
function used for fitting: f(x,a,mr,c)
	f(x,a,mr,c)=a*cosh((x-L/2)/mr)/mr+c
fitted parameters initialized with current variable values

iter      chisq       delta/lim  lambda   a             mr            c            
   0 3.8750830583e+01   0.00e+00  1.97e+02    1.249195e-10   7.301337e-01  -5.026772e-05
 116 3.4382039691e+01  -2.88e-01  1.97e-04    2.297109e-10   7.497846e-01   7.286362e-05

After 116 iterations the fit converged.
final sum of squares of residuals : 34.382
rel. change during last iteration : -2.87529e-06

degrees of freedom    (FIT_NDF)                        : 29
rms of residuals      (FIT_STDFIT) = sqrt(WSSR/ndf)    : 1.08885
variance of residuals (reduced chisquare) = WSSR/ndf   : 1.18559
p-value of the Chisq distribution (FIT_P)              : 0.22555

Final set of parameters            Asymptotic Standard Error
=======================            ==========================
a               = 2.29711e-10      +/- 1.107e-10    (48.2%)
mr              = 0.749785         +/- 0.01656      (2.209%)
c               = 7.28636e-05      +/- 0.0005695    (781.5%)

correlation matrix of the fit parameters:
                a      mr     c      
a               1.000 
mr              1.000  1.000 
c              -0.302 -0.296  1.000 


*******************************************************************************
Fri Jan 30 14:20:56 2026


FIT:    data read from 'corrfunc.dat' u 1:column2[i]:column3[i] every ::0::(L-1)
        format = x:z:s
        #datapoints = 32
function used for fitting: f(x,a,mr,c)
	f(x,a,mr,c)=a*cosh((x-L/2)/mr)/mr+c
fitted parameters initialized with current variable values

iter      chisq       delta/lim  lambda   a             mr            c            
   0 5.5181184996e+01   0.00e+00  1.59e+02    2.297109e-10   7.497846e-01   7.286362e-05
 115 2.5301233523e+01  -3.55e-04  1.59e-05    5.190068e-10   7.762851e-01   4.806052e-04

After 115 iterations the fit converged.
final sum of squares of residuals : 25.3012
rel. change during last iteration : -3.5543e-09

degrees of freedom    (FIT_NDF)                        : 29
rms of residuals      (FIT_STDFIT) = sqrt(WSSR/ndf)    : 0.934054
variance of residuals (reduced chisquare) = WSSR/ndf   : 0.872456
p-value of the Chisq distribution (FIT_P)              : 0.662526

Final set of parameters            Asymptotic Standard Error
=======================            ==========================
a               = 5.19007e-10      +/- 2.167e-10    (41.76%)
mr              = 0.776285         +/- 0.0154       (1.984%)
c               = 0.000480605      +/- 0.0005663    (117.8%)

correlation matrix of the fit parameters:
                a      mr     c      
a               1.000 
mr              1.000  1.000 
c              -0.360 -0.352  1.000 


*******************************************************************************
Fri Jan 30 14:20:56 2026


FIT:    data read from 'corrfunc.dat' u 1:column2[i]:column3[i] every ::0::(L-1)
        format = x:z:s
        #datapoints = 32
function used for fitting: f(x,a,mr,c)
	f(x,a,mr,c)=a*cosh((x-L/2)/mr)/mr+c
fitted parameters initialized with current variable values

iter      chisq       delta/lim  lambda   a             mr            c            
   0 5.4225595635e+01   0.00e+00  1.69e+02    5.190068e-10   7.762851e-01   4.806052e-04
 146 2.1177816293e+01  -4.75e-03  1.69e-04    1.769387e-09   8.211992e-01   4.467309e-04

After 146 iterations the fit converged.
final sum of squares of residuals : 21.1778
rel. change during last iteration : -4.74553e-08

degrees of freedom    (FIT_NDF)                        : 29
rms of residuals      (FIT_STDFIT) = sqrt(WSSR/ndf)    : 0.854558
variance of residuals (reduced chisquare) = WSSR/ndf   : 0.73027
p-value of the Chisq distribution (FIT_P)              : 0.85259

Final set of parameters            Asymptotic Standard Error
=======================            ==========================
a               = 1.76939e-09      +/- 6.361e-10    (35.95%)
mr              = 0.821199         +/- 0.01479      (1.801%)
c               = 0.000446731      +/- 0.000512     (114.6%)

correlation matrix of the fit parameters:
                a      mr     c      
a               1.000 
mr              1.000  1.000 
c              -0.301 -0.293  1.000 


*******************************************************************************
Fri Jan 30 14:20:56 2026


FIT:    data read from 'corrfunc.dat' u 1:column2[i]:column3[i] every ::0::(L-1)
        format = x:z:s
        #datapoints = 32
function used for fitting: f(x,a,mr,c)
	f(x,a,mr,c)=a*cosh((x-L/2)/mr)/mr+c
fitted parameters initialized with current variable values

iter      chisq       delta/lim  lambda   a             mr            c            
   0 2.7661590533e+01   0.00e+00  1.44e+02    1.769387e-09   8.211992e-01   4.467309e-04
   6 1.0339630153e+01  -6.71e-02  1.44e-04    1.952952e-09   8.228338e-01   1.541111e-04

After 6 iterations the fit converged.
final sum of squares of residuals : 10.3396
rel. change during last iteration : -6.70582e-07

degrees of freedom    (FIT_NDF)                        : 29
rms of residuals      (FIT_STDFIT) = sqrt(WSSR/ndf)    : 0.597109
variance of residuals (reduced chisquare) = WSSR/ndf   : 0.356539
p-value of the Chisq distribution (FIT_P)              : 0.999443

Final set of parameters            Asymptotic Standard Error
=======================            ==========================
a               = 1.95295e-09      +/- 5.366e-10    (27.47%)
mr              = 0.822834         +/- 0.01134      (1.378%)
c               = 0.000154111      +/- 0.0003945    (256%)

correlation matrix of the fit parameters:
                a      mr     c      
a               1.000 
mr              1.000  1.000 
c              -0.330 -0.322  1.000 


*******************************************************************************
Fri Jan 30 14:20:56 2026


FIT:    data read from 'corrfunc.dat' u 1:column2[i]:column3[i] every ::0::(L-1)
        format = x:z:s
        #datapoints = 32
function used for fitting: f(x,a,mr,c)
	f(x,a,mr,c)=a*cosh((x-L/2)/mr)/mr+c
fitted parameters initialized with current variable values

iter      chisq       delta/lim  lambda   a             mr            c            
   0 3.2476344622e+01   0.00e+00  1.42e+02    1.952952e-09   8.228338e-01   1.541111e-04
 112 1.5399793612e+01  -6.94e-03  1.42e-05    6.096649e-09   8.699013e-01  -4.538425e-04

After 112 iterations the fit converged.
final sum of squares of residuals : 15.3998
rel. change during last iteration : -6.93715e-08

degrees of freedom    (FIT_NDF)                        : 29
rms of residuals      (FIT_STDFIT) = sqrt(WSSR/ndf)    : 0.728716
variance of residuals (reduced chisquare) = WSSR/ndf   : 0.531027
p-value of the Chisq distribution (FIT_P)              : 0.981643

Final set of parameters            Asymptotic Standard Error
=======================            ==========================
a               = 6.09665e-09      +/- 1.911e-09    (31.35%)
mr              = 0.869901         +/- 0.01443      (1.658%)
c               = -0.000453843     +/- 0.000502     (110.6%)

correlation matrix of the fit parameters:
                a      mr     c      
a               1.000 
mr              0.999  1.000 
c              -0.350 -0.342  1.000 


*******************************************************************************
Fri Jan 30 14:20:56 2026


FIT:    data read from 'corrfunc.dat' u 1:column2[i]:column3[i] every ::0::(L-1)
        format = x:z:s
        #datapoints = 32
function used for fitting: f(x,a,mr,c)
	f(x,a,mr,c)=a*cosh((x-L/2)/mr)/mr+c
fitted parameters initialized with current variable values

iter      chisq       delta/lim  lambda   a             mr            c            
   0 1.3270635894e+02   0.00e+00  1.84e+02    6.096649e-09   8.699013e-01  -4.538425e-04
 103 2.1085103779e+01  -5.54e-04  1.84e-05    1.803944e-08   9.173661e-01   8.847360e-04

After 103 iterations the fit converged.
final sum of squares of residuals : 21.0851
rel. change during last iteration : -5.54181e-09

degrees of freedom    (FIT_NDF)                        : 29
rms of residuals      (FIT_STDFIT) = sqrt(WSSR/ndf)    : 0.852685
variance of residuals (reduced chisquare) = WSSR/ndf   : 0.727073
p-value of the Chisq distribution (FIT_P)              : 0.85603

Final set of parameters            Asymptotic Standard Error
=======================            ==========================
a               = 1.80394e-08      +/- 5.496e-09    (30.46%)
mr              = 0.917366         +/- 0.01546      (1.685%)
c               = 0.000884736      +/- 0.0006203    (70.11%)

correlation matrix of the fit parameters:
                a      mr     c      
a               1.000 
mr              1.000  1.000 
c              -0.361 -0.354  1.000 


*******************************************************************************
Fri Jan 30 14:20:56 2026


FIT:    data read from 'corrfunc.dat' u 1:column2[i]:column3[i] every ::0::(L-1)
        format = x:z:s
        #datapoints = 32
function used for fitting: f(x,a,mr,c)
	f(x,a,mr,c)=a*cosh((x-L/2)/mr)/mr+c
fitted parameters initialized with current variable values

iter      chisq       delta/lim  lambda   a             mr            c            
   0 4.9274729660e+01   0.00e+00  1.71e+02    1.803944e-08   9.173661e-01   8.847360e-04
  24 2.5934405424e+01  -3.80e-01  1.71e-04    2.898251e-08   9.392384e-01  -4.300095e-04

After 24 iterations the fit converged.
final sum of squares of residuals : 25.9344
rel. change during last iteration : -3.79562e-06

degrees of freedom    (FIT_NDF)                        : 29
rms of residuals      (FIT_STDFIT) = sqrt(WSSR/ndf)    : 0.945669
variance of residuals (reduced chisquare) = WSSR/ndf   : 0.89429
p-value of the Chisq distribution (FIT_P)              : 0.628995

Final set of parameters            Asymptotic Standard Error
=======================            ==========================
a               = 2.89825e-08      +/- 9.276e-09    (32.01%)
mr              = 0.939238         +/- 0.01711      (1.822%)
c               = -0.000430009     +/- 0.000728     (169.3%)

correlation matrix of the fit parameters:
                a      mr     c      
a               1.000 
mr              0.999  1.000 
c              -0.354 -0.345  1.000 


*******************************************************************************
Fri Jan 30 14:20:56 2026


FIT:    data read from 'corrfunc.dat' u 1:column2[i]:column3[i] every ::0::(L-1)
        format = x:z:s
        #datapoints = 32
function used for fitting: f(x,a,mr,c)
	f(x,a,mr,c)=a*cosh((x-L/2)/mr)/mr+c
fitted parameters initialized with current variable values

iter      chisq       delta/lim  lambda   a             mr            c            
   0 1.4216888503e+02   0.00e+00  1.84e+02    2.898251e-08   9.392384e-01  -4.300095e-04
 110 3.0110479567e+01  -5.82e-02  1.84e-04    9.161881e-08   9.989085e-01   4.154098e-05

After 110 iterations the fit converged.
final sum of squares of residuals : 30.1105
rel. change during last iteration : -5.82155e-07

degrees of freedom    (FIT_NDF)                        : 29
rms of residuals      (FIT_STDFIT) = sqrt(WSSR/ndf)    : 1.01897
variance of residuals (reduced chisquare) = WSSR/ndf   : 1.03829
p-value of the Chisq distribution (FIT_P)              : 0.408503

Final set of parameters            Asymptotic Standard Error
=======================            ==========================
a               = 9.16188e-08      +/- 2.769e-08    (30.22%)
mr              = 0.998908         +/- 0.01815      (1.817%)
c               = 4.1541e-05       +/- 0.0008431    (2029%)

correlation matrix of the fit parameters:
                a      mr     c      
a               1.000 
mr              0.999  1.000 
c              -0.371 -0.361  1.000 


*******************************************************************************
Fri Jan 30 14:20:56 2026


FIT:    data read from 'corrfunc.dat' u 1:column2[i]:column3[i] every ::0::(L-1)
        format = x:z:s
        #datapoints = 32
function used for fitting: f(x,a,mr,c)
	f(x,a,mr,c)=a*cosh((x-L/2)/mr)/mr+c
fitted parameters initialized with current variable values

iter      chisq       delta/lim  lambda   a             mr            c            
   0 4.4685066360e+01   0.00e+00  1.94e+02    9.161881e-08   9.989085e-01   4.154098e-05
  32 1.2160824580e+01  -1.08e-04  1.94e-06    1.245461e-07   1.014455e+00  -7.393872e-04

After 32 iterations the fit converged.
final sum of squares of residuals : 12.1608
rel. change during last iteration : -1.07909e-09

degrees of freedom    (FIT_NDF)                        : 29
rms of residuals      (FIT_STDFIT) = sqrt(WSSR/ndf)    : 0.647564
variance of residuals (reduced chisquare) = WSSR/ndf   : 0.419339
p-value of the Chisq distribution (FIT_P)              : 0.997438

Final set of parameters            Asymptotic Standard Error
=======================            ==========================
a               = 1.24546e-07      +/- 2.327e-08    (18.68%)
mr              = 1.01445          +/- 0.01155      (1.139%)
c               = -0.000739387     +/- 0.000624     (84.39%)

correlation matrix of the fit parameters:
                a      mr     c      
a               1.000 
mr              1.000  1.000 
c              -0.390 -0.379  1.000 


*******************************************************************************
Fri Jan 30 14:20:56 2026


FIT:    data read from 'corrfunc.dat' u 1:column2[i]:column3[i] every ::0::(L-1)
        format = x:z:s
        #datapoints = 32
function used for fitting: f(x,a,mr,c)
	f(x,a,mr,c)=a*cosh((x-L/2)/mr)/mr+c
fitted parameters initialized with current variable values

iter      chisq       delta/lim  lambda   a             mr            c            
   0 8.7809194545e+01   0.00e+00  1.17e+02    1.245461e-07   1.014455e+00  -7.393872e-04
  46 1.7338454092e+01  -2.07e-02  1.17e-04    3.418335e-07   1.074346e+00   9.351976e-04

After 46 iterations the fit converged.
final sum of squares of residuals : 17.3385
rel. change during last iteration : -2.07471e-07

degrees of freedom    (FIT_NDF)                        : 29
rms of residuals      (FIT_STDFIT) = sqrt(WSSR/ndf)    : 0.773226
variance of residuals (reduced chisquare) = WSSR/ndf   : 0.597878
p-value of the Chisq distribution (FIT_P)              : 0.95666

Final set of parameters            Asymptotic Standard Error
=======================            ==========================
a               = 3.41833e-07      +/- 9.645e-08    (28.22%)
mr              = 1.07435          +/- 0.01966      (1.83%)
c               = 0.000935198      +/- 0.0007223    (77.23%)

correlation matrix of the fit parameters:
                a      mr     c      
a               1.000 
mr              0.999  1.000 
c              -0.343 -0.333  1.000 


*******************************************************************************
Fri Jan 30 14:20:56 2026


FIT:    data read from 'corrfunc.dat' u 1:column2[i]:column3[i] every ::0::(L-1)
        format = x:z:s
        #datapoints = 32
function used for fitting: f(x,a,mr,c)
	f(x,a,mr,c)=a*cosh((x-L/2)/mr)/mr+c
fitted parameters initialized with current variable values

iter      chisq       delta/lim  lambda   a             mr            c            
   0 1.3647479340e+02   0.00e+00  1.29e+02    3.418335e-07   1.074346e+00   9.351976e-04
  58 1.6818710388e+01  -2.13e-02  1.29e-04    9.592587e-07   1.142358e+00   1.232593e-03

After 58 iterations the fit converged.
final sum of squares of residuals : 16.8187
rel. change during last iteration : -2.12515e-07

degrees of freedom    (FIT_NDF)                        : 29
rms of residuals      (FIT_STDFIT) = sqrt(WSSR/ndf)    : 0.761548
variance of residuals (reduced chisquare) = WSSR/ndf   : 0.579956
p-value of the Chisq distribution (FIT_P)              : 0.964922

Final set of parameters            Asymptotic Standard Error
=======================            ==========================
a               = 9.59259e-07      +/- 2.051e-07    (21.39%)
mr              = 1.14236          +/- 0.0169       (1.48%)
c               = 0.00123259       +/- 0.0008406    (68.19%)

correlation matrix of the fit parameters:
                a      mr     c      
a               1.000 
mr              0.999  1.000 
c              -0.409 -0.395  1.000 


*******************************************************************************
Fri Jan 30 14:20:56 2026


FIT:    data read from 'corrfunc.dat' u 1:column2[i]:column3[i] every ::0::(L-1)
        format = x:z:s
        #datapoints = 32
function used for fitting: f(x,a,mr,c)
	f(x,a,mr,c)=a*cosh((x-L/2)/mr)/mr+c
fitted parameters initialized with current variable values

iter      chisq       delta/lim  lambda   a             mr            c            
   0 1.0442293909e+02   0.00e+00  1.42e+02    9.592587e-07   1.142358e+00   1.232593e-03
  59 1.9904454730e+01  -1.13e-05  1.42e-04    2.887316e-06   1.227697e+00   3.912814e-04

After 59 iterations the fit converged.
final sum of squares of residuals : 19.9045
rel. change during last iteration : -1.13376e-10

degrees of freedom    (FIT_NDF)                        : 29
rms of residuals      (FIT_STDFIT) = sqrt(WSSR/ndf)    : 0.828469
variance of residuals (reduced chisquare) = WSSR/ndf   : 0.686361
p-value of the Chisq distribution (FIT_P)              : 0.895872

Final set of parameters            Asymptotic Standard Error
=======================            ==========================
a               = 2.88732e-06      +/- 5.829e-07    (20.19%)
mr              = 1.2277           +/- 0.01821      (1.483%)
c               = 0.000391281      +/- 0.0009315    (238.1%)

correlation matrix of the fit parameters:
                a      mr     c      
a               1.000 
mr              0.999  1.000 
c              -0.427 -0.414  1.000 


*******************************************************************************
Fri Jan 30 14:20:56 2026


FIT:    data read from 'corrfunc.dat' u 1:column2[i]:column3[i] every ::0::(L-1)
        format = x:z:s
        #datapoints = 32
function used for fitting: f(x,a,mr,c)
	f(x,a,mr,c)=a*cosh((x-L/2)/mr)/mr+c
fitted parameters initialized with current variable values

iter      chisq       delta/lim  lambda   a             mr            c            
   0 1.5972728817e+02   0.00e+00  1.45e+02    2.887316e-06   1.227697e+00   3.912814e-04
  53 7.5861550948e+00  -1.50e-03  1.45e-05    1.004661e-05   1.339848e+00  -1.622158e-03

After 53 iterations the fit converged.
final sum of squares of residuals : 7.58616
rel. change during last iteration : -1.5046e-08

degrees of freedom    (FIT_NDF)                        : 29
rms of residuals      (FIT_STDFIT) = sqrt(WSSR/ndf)    : 0.51146
variance of residuals (reduced chisquare) = WSSR/ndf   : 0.261592
p-value of the Chisq distribution (FIT_P)              : 0.999978

Final set of parameters            Asymptotic Standard Error
=======================            ==========================
a               = 1.00466e-05      +/- 1.095e-06    (10.9%)
mr              = 1.33985          +/- 0.01167      (0.871%)
c               = -0.00162216      +/- 0.0006414    (39.54%)

correlation matrix of the fit parameters:
                a      mr     c      
a               1.000 
mr              0.999  1.000 
c              -0.469 -0.453  1.000 


*******************************************************************************
Fri Jan 30 14:20:56 2026


FIT:    data read from 'corrfunc.dat' u 1:column2[i]:column3[i] every ::0::(L-1)
        format = x:z:s
        #datapoints = 32
function used for fitting: f(x,a,mr,c)
	f(x,a,mr,c)=a*cosh((x-L/2)/mr)/mr+c
fitted parameters initialized with current variable values

iter      chisq       delta/lim  lambda   a             mr            c            
   0 1.6619226995e+02   0.00e+00  1.25e+02    1.004661e-05   1.339848e+00  -1.622158e-03
  13 6.0066367338e+00  -1.49e-02  1.25e-04    1.814692e-05   1.394021e+00   1.425926e-03

After 13 iterations the fit converged.
final sum of squares of residuals : 6.00664
rel. change during last iteration : -1.49453e-07

degrees of freedom    (FIT_NDF)                        : 29
rms of residuals      (FIT_STDFIT) = sqrt(WSSR/ndf)    : 0.45511
variance of residuals (reduced chisquare) = WSSR/ndf   : 0.207125
p-value of the Chisq distribution (FIT_P)              : 0.999998

Final set of parameters            Asymptotic Standard Error
=======================            ==========================
a               = 1.81469e-05      +/- 1.85e-06     (10.2%)
mr              = 1.39402          +/- 0.01179      (0.8454%)
c               = 0.00142593       +/- 0.0006489    (45.51%)

correlation matrix of the fit parameters:
                a      mr     c      
a               1.000 
mr              0.999  1.000 
c              -0.476 -0.461  1.000 


*******************************************************************************
Fri Jan 30 14:20:56 2026


FIT:    data read from 'corrfunc.dat' u 1:column2[i]:column3[i] every ::0::(L-1)
        format = x:z:s
        #datapoints = 32
function used for fitting: f(x,a,mr,c)
	f(x,a,mr,c)=a*cosh((x-L/2)/mr)/mr+c
fitted parameters initialized with current variable values

iter      chisq       delta/lim  lambda   a             mr            c            
   0 3.4094524201e+02   0.00e+00  1.82e+02    1.814692e-05   1.394021e+00   1.425926e-03
  39 2.0353709541e+01  -1.96e-02  1.82e-04    5.091624e-05   1.506964e+00  -1.898529e-03

After 39 iterations the fit converged.
final sum of squares of residuals : 20.3537
rel. change during last iteration : -1.96334e-07

degrees of freedom    (FIT_NDF)                        : 29
rms of residuals      (FIT_STDFIT) = sqrt(WSSR/ndf)    : 0.837766
variance of residuals (reduced chisquare) = WSSR/ndf   : 0.701852
p-value of the Chisq distribution (FIT_P)              : 0.881592

Final set of parameters            Asymptotic Standard Error
=======================            ==========================
a               = 5.09162e-05      +/- 7.19e-06     (14.12%)
mr              = 1.50696          +/- 0.01877      (1.246%)
c               = -0.00189853      +/- 0.001209     (63.68%)

correlation matrix of the fit parameters:
                a      mr     c      
a               1.000 
mr              0.999  1.000 
c              -0.477 -0.462  1.000 


*******************************************************************************
Fri Jan 30 14:20:56 2026


FIT:    data read from 'corrfunc.dat' u 1:column2[i]:column3[i] every ::0::(L-1)
        format = x:z:s
        #datapoints = 32
function used for fitting: f(x,a,mr,c)
	f(x,a,mr,c)=a*cosh((x-L/2)/mr)/mr+c
fitted parameters initialized with current variable values

iter      chisq       delta/lim  lambda   a             mr            c            
   0 4.6216384653e+02   0.00e+00  1.36e+02    5.091624e-05   1.506964e+00  -1.898529e-03
  24 4.0815766040e+01  -3.17e-03  1.36e-04    1.457301e-04   1.639155e+00  -2.028617e-04

After 24 iterations the fit converged.
final sum of squares of residuals : 40.8158
rel. change during last iteration : -3.16626e-08

degrees of freedom    (FIT_NDF)                        : 29
rms of residuals      (FIT_STDFIT) = sqrt(WSSR/ndf)    : 1.18636
variance of residuals (reduced chisquare) = WSSR/ndf   : 1.40744
p-value of the Chisq distribution (FIT_P)              : 0.0714565

Final set of parameters            Asymptotic Standard Error
=======================            ==========================
a               = 0.00014573       +/- 2.875e-05    (19.73%)
mr              = 1.63915          +/- 0.0311       (1.898%)
c               = -0.000202862     +/- 0.00185      (911.9%)

correlation matrix of the fit parameters:
                a      mr     c      
a               1.000 
mr              0.999  1.000 
c              -0.517 -0.500  1.000 


*******************************************************************************
Fri Jan 30 14:20:56 2026


FIT:    data read from 'corrfunc.dat' u 1:column2[i]:column3[i] every ::0::(L-1)
        format = x:z:s
        #datapoints = 32
function used for fitting: f(x,a,mr,c)
	f(x,a,mr,c)=a*cosh((x-L/2)/mr)/mr+c
fitted parameters initialized with current variable values

iter      chisq       delta/lim  lambda   a             mr            c            
   0 4.1932998733e+02   0.00e+00  8.92e+01    1.457301e-04   1.639155e+00  -2.028617e-04
  38 2.7584486517e+01  -6.12e-04  8.92e-06    7.213111e-04   1.907564e+00  -2.279080e-03

After 38 iterations the fit converged.
final sum of squares of residuals : 27.5845
rel. change during last iteration : -6.11837e-09

degrees of freedom    (FIT_NDF)                        : 29
rms of residuals      (FIT_STDFIT) = sqrt(WSSR/ndf)    : 0.975289
variance of residuals (reduced chisquare) = WSSR/ndf   : 0.951189
p-value of the Chisq distribution (FIT_P)              : 0.540202

Final set of parameters            Asymptotic Standard Error
=======================            ==========================
a               = 0.000721311      +/- 0.0001196    (16.58%)
mr              = 1.90756          +/- 0.036        (1.887%)
c               = -0.00227908      +/- 0.002204     (96.73%)

correlation matrix of the fit parameters:
                a      mr     c      
a               1.000 
mr              0.998  1.000 
c              -0.563 -0.533  1.000 


*******************************************************************************
Fri Jan 30 14:20:56 2026


FIT:    data read from 'corrfunc.dat' u 1:column2[i]:column3[i] every ::0::(L-1)
        format = x:z:s
        #datapoints = 32
function used for fitting: f(x,a,mr,c)
	f(x,a,mr,c)=a*cosh((x-L/2)/mr)/mr+c
fitted parameters initialized with current variable values

iter      chisq       delta/lim  lambda   a             mr            c            
   0 3.8562367715e+02   0.00e+00  1.09e+02    7.213111e-04   1.907564e+00  -2.279080e-03
  17 1.8224151052e+01  -2.79e-04  1.09e-04    1.960602e-03   2.107863e+00  -4.363047e-03

After 17 iterations the fit converged.
final sum of squares of residuals : 18.2242
rel. change during last iteration : -2.78515e-09

degrees of freedom    (FIT_NDF)                        : 29
rms of residuals      (FIT_STDFIT) = sqrt(WSSR/ndf)    : 0.792729
variance of residuals (reduced chisquare) = WSSR/ndf   : 0.628419
p-value of the Chisq distribution (FIT_P)              : 0.939576

Final set of parameters            Asymptotic Standard Error
=======================            ==========================
a               = 0.0019606        +/- 0.000233     (11.89%)
mr              = 2.10786          +/- 0.03028      (1.437%)
c               = -0.00436305      +/- 0.001912     (43.81%)

correlation matrix of the fit parameters:
                a      mr     c      
a               1.000 
mr              0.998  1.000 
c              -0.587 -0.566  1.000 


*******************************************************************************
Fri Jan 30 14:20:56 2026


FIT:    data read from 'corrfunc.dat' u 1:column2[i]:column3[i] every ::0::(L-1)
        format = x:z:s
        #datapoints = 32
function used for fitting: f(x,a,mr,c)
	f(x,a,mr,c)=a*cosh((x-L/2)/mr)/mr+c
fitted parameters initialized with current variable values

iter      chisq       delta/lim  lambda   a             mr            c            
   0 7.7786815127e+02   0.00e+00  1.24e+02    1.960602e-03   2.107863e+00  -4.363047e-03
  13 1.3383233994e+01  -3.97e-02  1.24e-04    4.446230e-03   2.297313e+00   5.356185e-03

After 13 iterations the fit converged.
final sum of squares of residuals : 13.3832
rel. change during last iteration : -3.96619e-07

degrees of freedom    (FIT_NDF)                        : 29
rms of residuals      (FIT_STDFIT) = sqrt(WSSR/ndf)    : 0.679331
variance of residuals (reduced chisquare) = WSSR/ndf   : 0.461491
p-value of the Chisq distribution (FIT_P)              : 0.994081

Final set of parameters            Asymptotic Standard Error
=======================            ==========================
a               = 0.00444623       +/- 0.0003507    (7.888%)
mr              = 2.29731          +/- 0.02344      (1.02%)
c               = 0.00535618       +/- 0.001975     (36.87%)

correlation matrix of the fit parameters:
                a      mr     c      
a               1.000 
mr              0.998  1.000 
c              -0.646 -0.619  1.000 


*******************************************************************************
Fri Jan 30 14:20:56 2026


FIT:    data read from 'corrfunc.dat' u 1:column2[i]:column3[i] every ::0::(L-1)
        format = x:z:s
        #datapoints = 32
function used for fitting: f(x,a,mr,c)
	f(x,a,mr,c)=a*cosh((x-L/2)/mr)/mr+c
fitted parameters initialized with current variable values

iter      chisq       delta/lim  lambda   a             mr            c            
   0 1.1150673962e+03   0.00e+00  1.36e+02    4.446230e-03   2.297313e+00   5.356185e-03
  27 1.4946920044e+01  -2.08e-03  1.36e-04    1.370818e-02   2.626691e+00   3.268602e-03

After 27 iterations the fit converged.
final sum of squares of residuals : 14.9469
rel. change during last iteration : -2.07955e-08

degrees of freedom    (FIT_NDF)                        : 29
rms of residuals      (FIT_STDFIT) = sqrt(WSSR/ndf)    : 0.717921
variance of residuals (reduced chisquare) = WSSR/ndf   : 0.515411
p-value of the Chisq distribution (FIT_P)              : 0.985424

Final set of parameters            Asymptotic Standard Error
=======================            ==========================
a               = 0.0137082        +/- 0.001012     (7.382%)
mr              = 2.62669          +/- 0.02794      (1.064%)
c               = 0.0032686        +/- 0.00265      (81.07%)

correlation matrix of the fit parameters:
                a      mr     c      
a               1.000 
mr              0.998  1.000 
c              -0.690 -0.662  1.000 


*******************************************************************************
Fri Jan 30 14:20:56 2026


FIT:    data read from 'corrfunc.dat' u 1:column2[i]:column3[i] every ::0::(L-1)
        format = x:z:s
        #datapoints = 32
function used for fitting: f(x,a,mr,c)
	f(x,a,mr,c)=a*cosh((x-L/2)/mr)/mr+c
fitted parameters initialized with current variable values

iter      chisq       delta/lim  lambda   a             mr            c            
   0 1.2253512957e+03   0.00e+00  9.79e+01    1.370818e-02   2.626691e+00   3.268602e-03
  25 1.0126700380e+01  -9.26e-04  9.79e-05    4.435072e-02   3.089432e+00   1.100390e-02

After 25 iterations the fit converged.
final sum of squares of residuals : 10.1267
rel. change during last iteration : -9.2593e-09

degrees of freedom    (FIT_NDF)                        : 29
rms of residuals      (FIT_STDFIT) = sqrt(WSSR/ndf)    : 0.590929
variance of residuals (reduced chisquare) = WSSR/ndf   : 0.349197
p-value of the Chisq distribution (FIT_P)              : 0.999546

Final set of parameters            Asymptotic Standard Error
=======================            ==========================
a               = 0.0443507        +/- 0.002819     (6.356%)
mr              = 3.08943          +/- 0.03292      (1.065%)
c               = 0.0110039        +/- 0.002765     (25.13%)

correlation matrix of the fit parameters:
                a      mr     c      
a               1.000 
mr              0.998  1.000 
c              -0.799 -0.773  1.000 


*******************************************************************************
Fri Jan 30 14:20:56 2026


FIT:    data read from 'corrfunc.dat' u 1:column2[i]:column3[i] every ::0::(L-1)
        format = x:z:s
        #datapoints = 32
function used for fitting: f(x,a,mr,c)
	f(x,a,mr,c)=a*cosh((x-L/2)/mr)/mr+c
fitted parameters initialized with current variable values

iter      chisq       delta/lim  lambda   a             mr            c            
   0 1.3129919645e+03   0.00e+00  1.07e+02    4.435072e-02   3.089432e+00   1.100390e-02
  18 8.9424352519e+00  -2.76e-02  1.07e-04    1.278707e-01   3.636498e+00   6.897267e-03

After 18 iterations the fit converged.
final sum of squares of residuals : 8.94244
rel. change during last iteration : -2.76339e-07

degrees of freedom    (FIT_NDF)                        : 29
rms of residuals      (FIT_STDFIT) = sqrt(WSSR/ndf)    : 0.555302
variance of residuals (reduced chisquare) = WSSR/ndf   : 0.30836
p-value of the Chisq distribution (FIT_P)              : 0.999872

Final set of parameters            Asymptotic Standard Error
=======================            ==========================
a               = 0.127871         +/- 0.00806      (6.303%)
mr              = 3.6365           +/- 0.04244      (1.167%)
c               = 0.00689727       +/- 0.004414     (63.99%)

correlation matrix of the fit parameters:
                a      mr     c      
a               1.000 
mr              0.998  1.000 
c              -0.888 -0.869  1.000 


*******************************************************************************
Fri Jan 30 14:20:56 2026


FIT:    data read from 'corrfunc.dat' u 1:column2[i]:column3[i] every ::0::(L-1)
        format = x:z:s
        #datapoints = 32
function used for fitting: f(x,a,mr,c)
	f(x,a,mr,c)=a*cosh((x-L/2)/mr)/mr+c
fitted parameters initialized with current variable values

iter      chisq       delta/lim  lambda   a             mr            c            
   0 1.8019322583e+03   0.00e+00  9.67e+01    1.278707e-01   3.636498e+00   6.897267e-03
  12 1.9026964005e+01  -4.44e-01  9.67e-04    3.865240e-01   4.433633e+00   6.441614e-03

After 12 iterations the fit converged.
final sum of squares of residuals : 19.027
rel. change during last iteration : -4.44058e-06

degrees of freedom    (FIT_NDF)                        : 29
rms of residuals      (FIT_STDFIT) = sqrt(WSSR/ndf)    : 0.810001
variance of residuals (reduced chisquare) = WSSR/ndf   : 0.656102
p-value of the Chisq distribution (FIT_P)              : 0.920595

Final set of parameters            Asymptotic Standard Error
=======================            ==========================
a               = 0.386524         +/- 0.03359      (8.69%)
mr              = 4.43363          +/- 0.08141      (1.836%)
c               = 0.00644161       +/- 0.009219     (143.1%)

correlation matrix of the fit parameters:
                a      mr     c      
a               1.000 
mr              0.998  1.000 
c              -0.943 -0.930  1.000 


*******************************************************************************
Fri Jan 30 14:20:56 2026


FIT:    data read from 'corrfunc.dat' u 1:column2[i]:column3[i] every ::0::(L-1)
        format = x:z:s
        #datapoints = 32
function used for fitting: f(x,a,mr,c)
	f(x,a,mr,c)=a*cosh((x-L/2)/mr)/mr+c
fitted parameters initialized with current variable values

iter      chisq       delta/lim  lambda   a             mr            c            
   0 3.0945409790e+03   0.00e+00  1.10e+02    3.865240e-01   4.433633e+00   6.441614e-03
  25 1.0157656182e+01  -3.69e-01  1.10e-04    7.832770e-01   5.122007e+00   6.904548e-02

After 25 iterations the fit converged.
final sum of squares of residuals : 10.1577
rel. change during last iteration : -3.69109e-06

degrees of freedom    (FIT_NDF)                        : 29
rms of residuals      (FIT_STDFIT) = sqrt(WSSR/ndf)    : 0.591831
variance of residuals (reduced chisquare) = WSSR/ndf   : 0.350264
p-value of the Chisq distribution (FIT_P)              : 0.999532

Final set of parameters            Asymptotic Standard Error
=======================            ==========================
a               = 0.783277         +/- 0.05537      (7.069%)
mr              = 5.12201          +/- 0.08256      (1.612%)
c               = 0.0690455        +/- 0.01223      (17.72%)

correlation matrix of the fit parameters:
                a      mr     c      
a               1.000 
mr              0.998  1.000 
c              -0.963 -0.949  1.000 


*******************************************************************************
Fri Jan 30 14:20:56 2026


FIT:    data read from 'corrfunc.dat' u 1:column2[i]:column3[i] every ::0::(L-1)
        format = x:z:s
        #datapoints = 32
function used for fitting: f(x,a,mr,c)
	f(x,a,mr,c)=a*cosh((x-L/2)/mr)/mr+c
fitted parameters initialized with current variable values

iter      chisq       delta/lim  lambda   a             mr            c            
   0 4.5307847053e+03   0.00e+00  1.09e+02    7.832770e-01   5.122007e+00   6.904548e-02
   6 1.6025044049e+01  -4.36e-06  1.09e-04    2.050334e+00   6.471906e+00   1.154560e-01

After 6 iterations the fit converged.
final sum of squares of residuals : 16.025
rel. change during last iteration : -4.36421e-11

degrees of freedom    (FIT_NDF)                        : 29
rms of residuals      (FIT_STDFIT) = sqrt(WSSR/ndf)    : 0.743362
variance of residuals (reduced chisquare) = WSSR/ndf   : 0.552588
p-value of the Chisq distribution (FIT_P)              : 0.975252

Final set of parameters            Asymptotic Standard Error
=======================            ==========================
a               = 2.05033          +/- 0.2486       (12.13%)
mr              = 6.47191          +/- 0.2004       (3.096%)
c               = 0.115456         +/- 0.03433      (29.74%)

correlation matrix of the fit parameters:
                a      mr     c      
a               1.000 
mr              0.999  1.000 
c              -0.988 -0.980  1.000 


*******************************************************************************
Fri Jan 30 14:20:56 2026


FIT:    data read from 'corrfunc.dat' u 1:column2[i]:column3[i] every ::0::(L-1)
        format = x:z:s
        #datapoints = 32
function used for fitting: f(x,a,mr,c)
	f(x,a,mr,c)=a*cosh((x-L/2)/mr)/mr+c
fitted parameters initialized with current variable values

iter      chisq       delta/lim  lambda   a             mr            c            
   0 4.2439733006e+03   0.00e+00  8.87e+01    2.050334e+00   6.471906e+00   1.154560e-01
   7 1.7457532012e+01  -5.21e-06  8.87e-05    2.559863e+00   7.010418e+00   4.069980e-01

After 7 iterations the fit converged.
final sum of squares of residuals : 17.4575
rel. change during last iteration : -5.21161e-11

degrees of freedom    (FIT_NDF)                        : 29
rms of residuals      (FIT_STDFIT) = sqrt(WSSR/ndf)    : 0.775876
variance of residuals (reduced chisquare) = WSSR/ndf   : 0.601984
p-value of the Chisq distribution (FIT_P)              : 0.954588

Final set of parameters            Asymptotic Standard Error
=======================            ==========================
a               = 2.55986          +/- 0.4465       (17.44%)
mr              = 7.01042          +/- 0.3213       (4.583%)
c               = 0.406998         +/- 0.05384      (13.23%)

correlation matrix of the fit parameters:
                a      mr     c      
a               1.000 
mr              0.999  1.000 
c              -0.993 -0.987  1.000 


*******************************************************************************
Fri Jan 30 14:20:56 2026


FIT:    data read from 'corrfunc.dat' u 1:column2[i]:column3[i] every ::0::(L-1)
        format = x:z:s
        #datapoints = 32
function used for fitting: f(x,a,mr,c)
	f(x,a,mr,c)=a*cosh((x-L/2)/mr)/mr+c
fitted parameters initialized with current variable values

iter      chisq       delta/lim  lambda   a             mr            c            
   0 3.3594816586e+03   0.00e+00  7.02e+01    2.559863e+00   7.010418e+00   4.069980e-01
   6 1.3043058530e+01  -6.30e-02  7.02e-05    4.751811e+00   8.562513e+00   5.957362e-01

After 6 iterations the fit converged.
final sum of squares of residuals : 13.0431
rel. change during last iteration : -6.29827e-07

degrees of freedom    (FIT_NDF)                        : 29
rms of residuals      (FIT_STDFIT) = sqrt(WSSR/ndf)    : 0.670642
variance of residuals (reduced chisquare) = WSSR/ndf   : 0.449761
p-value of the Chisq distribution (FIT_P)              : 0.99525

Final set of parameters            Asymptotic Standard Error
=======================            ==========================
a               = 4.75181          +/- 1.244        (26.18%)
mr              = 8.56251          +/- 0.6321       (7.382%)
c               = 0.595736         +/- 0.111        (18.63%)

correlation matrix of the fit parameters:
                a      mr     c      
a               1.000 
mr              0.999  1.000 
c              -0.997 -0.995  1.000 


*******************************************************************************
Fri Jan 30 14:20:56 2026


FIT:    data read from 'corrfunc.dat' u 1:column2[i]:column3[i] every ::0::(L-1)
        format = x:z:s
        #datapoints = 32
function used for fitting: f(x,a,mr,c)
	f(x,a,mr,c)=a*cosh((x-L/2)/mr)/mr+c
fitted parameters initialized with current variable values

iter      chisq       delta/lim  lambda   a             mr            c            
   0 3.2734606515e+03   0.00e+00  7.89e+01    4.751811e+00   8.562513e+00   5.957362e-01
  53 2.2217983934e+01  -5.69e-03  7.89e-04    2.742150e+00   7.906714e+00   1.273980e+00

After 53 iterations the fit converged.
final sum of squares of residuals : 22.218
rel. change during last iteration : -5.69414e-08

degrees of freedom    (FIT_NDF)                        : 29
rms of residuals      (FIT_STDFIT) = sqrt(WSSR/ndf)    : 0.875293
variance of residuals (reduced chisquare) = WSSR/ndf   : 0.766137
p-value of the Chisq distribution (FIT_P)              : 0.811053

Final set of parameters            Asymptotic Standard Error
=======================            ==========================
a               = 2.74215          +/- 1.065        (38.84%)
mr              = 7.90671          +/- 0.8358       (10.57%)
c               = 1.27398          +/- 0.1092       (8.575%)

correlation matrix of the fit parameters:
                a      mr     c      
a               1.000 
mr              0.999  1.000 
c              -0.995 -0.991  1.000 


*******************************************************************************
Fri Jan 30 14:20:56 2026


FIT:    data read from 'corrfunc.dat' u 1:column2[i]:column3[i] every ::0::(L-1)
        format = x:z:s
        #datapoints = 32
function used for fitting: f(x,a,mr,c)
	f(x,a,mr,c)=a*cosh((x-L/2)/mr)/mr+c
fitted parameters initialized with current variable values

iter      chisq       delta/lim  lambda   a             mr            c            
   0 4.1734051473e+03   0.00e+00  5.20e+01    2.742150e+00   7.906714e+00   1.273980e+00
  18 1.1573030818e+01  -5.05e-03  5.20e-04    7.724333e-01   6.240219e+00   2.033673e+00

After 18 iterations the fit converged.
final sum of squares of residuals : 11.573
rel. change during last iteration : -5.05193e-08

degrees of freedom    (FIT_NDF)                        : 29
rms of residuals      (FIT_STDFIT) = sqrt(WSSR/ndf)    : 0.63172
variance of residuals (reduced chisquare) = WSSR/ndf   : 0.39907
p-value of the Chisq distribution (FIT_P)              : 0.99837

Final set of parameters            Asymptotic Standard Error
=======================            ==========================
a               = 0.772433         +/- 0.2813       (36.41%)
mr              = 6.24022          +/- 0.5684       (9.109%)
c               = 2.03367          +/- 0.04232      (2.081%)

correlation matrix of the fit parameters:
                a      mr     c      
a               1.000 
mr              0.999  1.000 
c              -0.985 -0.977  1.000 


*******************************************************************************
Fri Jan 30 14:20:56 2026


FIT:    data read from 'corrfunc.dat' u 1:column2[i]:column3[i] every ::0::(L-1)
        format = x:z:s
        #datapoints = 32
function used for fitting: f(x,a,mr,c)
	f(x,a,mr,c)=a*cosh((x-L/2)/mr)/mr+c
fitted parameters initialized with current variable values

iter      chisq       delta/lim  lambda   a             mr            c            
   0 5.0749969769e+03   0.00e+00  6.29e+01    7.724333e-01   6.240219e+00   2.033673e+00
   6 2.7412718597e+01  -1.66e-02  6.29e-05    5.809046e-01   6.562867e+00   2.489580e+00

After 6 iterations the fit converged.
final sum of squares of residuals : 27.4127
rel. change during last iteration : -1.65583e-07

degrees of freedom    (FIT_NDF)                        : 29
rms of residuals      (FIT_STDFIT) = sqrt(WSSR/ndf)    : 0.972248
variance of residuals (reduced chisquare) = WSSR/ndf   : 0.945266
p-value of the Chisq distribution (FIT_P)              : 0.549448

Final set of parameters            Asymptotic Standard Error
=======================            ==========================
a               = 0.580905         +/- 0.4311       (74.21%)
mr              = 6.56287          +/- 1.258        (19.16%)
c               = 2.48958          +/- 0.05754      (2.311%)

correlation matrix of the fit parameters:
                a      mr     c      
a               1.000 
mr              0.999  1.000 
c              -0.989 -0.982  1.000 


*******************************************************************************
Fri Jan 30 14:20:56 2026


FIT:    data read from 'corrfunc.dat' u 1:column2[i]:column3[i] every ::0::(L-1)
        format = x:z:s
        #datapoints = 32
function used for fitting: f(x,a,mr,c)
	f(x,a,mr,c)=a*cosh((x-L/2)/mr)/mr+c
fitted parameters initialized with current variable values

iter      chisq       delta/lim  lambda   a             mr            c            
   0 3.6580658339e+03   0.00e+00  6.35e+01    5.809046e-01   6.562867e+00   2.489580e+00
 252 3.4970768530e+01  -4.31e-01  6.35e-05    2.465836e-03   2.532217e+00   2.979049e+00

After 252 iterations the fit converged.
final sum of squares of residuals : 34.9708
rel. change during last iteration : -4.31249e-06

degrees of freedom    (FIT_NDF)                        : 29
rms of residuals      (FIT_STDFIT) = sqrt(WSSR/ndf)    : 1.09813
variance of residuals (reduced chisquare) = WSSR/ndf   : 1.20589
p-value of the Chisq distribution (FIT_P)              : 0.205501

Final set of parameters            Asymptotic Standard Error
=======================            ==========================
a               = 0.00246584       +/- 0.00273      (110.7%)
mr              = 2.53222          +/- 0.3795       (14.99%)
c               = 2.97905          +/- 0.01403      (0.471%)

correlation matrix of the fit parameters:
                a      mr     c      
a               1.000 
mr              0.999  1.000 
c              -0.821 -0.796  1.000 


*******************************************************************************
Fri Jan 30 14:20:57 2026


FIT:    data read from 'corrfunc.dat' u 1:column2[i]:column3[i] every ::0::(L-1)
        format = x:z:s
        #datapoints = 32
function used for fitting: f(x,a,mr,c)
	f(x,a,mr,c)=a*cosh((x-L/2)/mr)/mr+c
fitted parameters initialized with current variable values

iter      chisq       delta/lim  lambda   a             mr            c            
   0 4.0911437859e+03   0.00e+00  9.00e+01    2.465836e-03   2.532217e+00   2.979049e+00
 386 1.6488024064e+01  -2.53e-01  9.00e-01    2.049383e-06   1.289590e+00   3.257805e+00

After 386 iterations the fit converged.
final sum of squares of residuals : 16.488
rel. change during last iteration : -2.52611e-06

degrees of freedom    (FIT_NDF)                        : 29
rms of residuals      (FIT_STDFIT) = sqrt(WSSR/ndf)    : 0.754024
variance of residuals (reduced chisquare) = WSSR/ndf   : 0.568553
p-value of the Chisq distribution (FIT_P)              : 0.969548

Final set of parameters            Asymptotic Standard Error
=======================            ==========================
a               = 2.04938e-06      +/- 2.634e-06    (128.5%)
mr              = 1.28959          +/- 0.1257       (9.745%)
c               = 3.25781          +/- 0.004456     (0.1368%)

correlation matrix of the fit parameters:
                a      mr     c      
a               1.000 
mr              0.999  1.000 
c              -0.657 -0.638  1.000 


*******************************************************************************
Fri Jan 30 14:20:57 2026


FIT:    data read from 'corrfunc.dat' u 1:column2[i]:column3[i] every ::0::(L-1)
        format = x:z:s
        #datapoints = 32
function used for fitting: f(x,a,mr,c)
	f(x,a,mr,c)=a*cosh((x-L/2)/mr)/mr+c
fitted parameters initialized with current variable values

iter      chisq       delta/lim  lambda   a             mr            c            
   0 1.1111902911e+03   0.00e+00  7.22e+01    2.049383e-06   1.289590e+00   3.257805e+00
 139 2.0710082142e+01  -5.26e-01  7.22e-03    1.547162e-05   1.539504e+00   3.414830e+00

After 139 iterations the fit converged.
final sum of squares of residuals : 20.7101
rel. change during last iteration : -5.26146e-06

degrees of freedom    (FIT_NDF)                        : 29
rms of residuals      (FIT_STDFIT) = sqrt(WSSR/ndf)    : 0.845068
variance of residuals (reduced chisquare) = WSSR/ndf   : 0.714141
p-value of the Chisq distribution (FIT_P)              : 0.869491

Final set of parameters            Asymptotic Standard Error
=======================            ==========================
a               = 1.54716e-05      +/- 3.252e-05    (210.2%)
mr              = 1.5395           +/- 0.2907       (18.89%)
c               = 3.41483          +/- 0.006465     (0.1893%)

correlation matrix of the fit parameters:
                a      mr     c      
a               1.000 
mr              0.999  1.000 
c              -0.632 -0.611  1.000 


*******************************************************************************
Fri Jan 30 14:20:57 2026


FIT:    data read from 'corrfunc.dat' u 1:column2[i]:column3[i] every ::0::(L-1)
        format = x:z:s
        #datapoints = 32
function used for fitting: f(x,a,mr,c)
	f(x,a,mr,c)=a*cosh((x-L/2)/mr)/mr+c
fitted parameters initialized with current variable values

iter      chisq       delta/lim  lambda   a             mr            c            
   0 1.2416545763e+03   0.00e+00  6.63e+01    1.547162e-05   1.539504e+00   3.414830e+00
 526 7.6087069471e+00  -5.88e-01  6.63e-01    8.929734e-08   1.047307e+00   3.611888e+00

After 526 iterations the fit converged.
final sum of squares of residuals : 7.60871
rel. change during last iteration : -5.88083e-06

degrees of freedom    (FIT_NDF)                        : 29
rms of residuals      (FIT_STDFIT) = sqrt(WSSR/ndf)    : 0.51222
variance of residuals (reduced chisquare) = WSSR/ndf   : 0.262369
p-value of the Chisq distribution (FIT_P)              : 0.999977

Final set of parameters            Asymptotic Standard Error
=======================            ==========================
a               = 8.92973e-08      +/- 1.439e-07    (161.1%)
mr              = 1.04731          +/- 0.1047       (9.999%)
c               = 3.61189          +/- 0.004915     (0.1361%)

correlation matrix of the fit parameters:
                a      mr     c      
a               1.000 
mr              1.000  1.000 
c              -0.686 -0.671  1.000 


*******************************************************************************
Fri Jan 30 14:20:57 2026


FIT:    data read from 'corrfunc.dat' u 1:column2[i]:column3[i] every ::0::(L-1)
        format = x:z:s
        #datapoints = 32
function used for fitting: f(x,a,mr,c)
	f(x,a,mr,c)=a*cosh((x-L/2)/mr)/mr+c
fitted parameters initialized with current variable values

iter      chisq       delta/lim  lambda   a             mr            c            
   0 2.2707537891e+03   0.00e+00  8.57e+01    8.929734e-08   1.047307e+00   3.611888e+00
  10 8.0862407883e+00  -6.11e-01  8.57e-05    7.222342e-08   1.044085e+00   3.829446e+00

After 10 iterations the fit converged.
final sum of squares of residuals : 8.08624
rel. change during last iteration : -6.10849e-06

degrees of freedom    (FIT_NDF)                        : 29
rms of residuals      (FIT_STDFIT) = sqrt(WSSR/ndf)    : 0.528049
variance of residuals (reduced chisquare) = WSSR/ndf   : 0.278836
p-value of the Chisq distribution (FIT_P)              : 0.999956

Final set of parameters            Asymptotic Standard Error
=======================            ==========================
a               = 7.22234e-08      +/- 1.245e-07    (172.3%)
mr              = 1.04408          +/- 0.112        (10.72%)
c               = 3.82945          +/- 0.003926     (0.1025%)

correlation matrix of the fit parameters:
                a      mr     c      
a               1.000 
mr              0.999  1.000 
c              -0.666 -0.651  1.000 


*******************************************************************************
Fri Jan 30 14:20:57 2026


FIT:    data read from 'corrfunc.dat' u 1:column2[i]:column3[i] every ::0::(L-1)
        format = x:z:s
        #datapoints = 32
function used for fitting: f(x,a,mr,c)
	f(x,a,mr,c)=a*cosh((x-L/2)/mr)/mr+c
fitted parameters initialized with current variable values

iter      chisq       delta/lim  lambda   a             mr            c            
   0 1.3921695154e+04   0.00e+00  2.24e+02    7.222342e-08   1.044085e+00   3.829446e+00
 122 9.3643754243e+00  -9.50e-01  2.24e+00    3.216288e-13   5.955449e-01   4.041333e+00

After 122 iterations the fit converged.
final sum of squares of residuals : 9.36438
rel. change during last iteration : -9.50225e-06

degrees of freedom    (FIT_NDF)                        : 29
rms of residuals      (FIT_STDFIT) = sqrt(WSSR/ndf)    : 0.568251
variance of residuals (reduced chisquare) = WSSR/ndf   : 0.322909
p-value of the Chisq distribution (FIT_P)              : 0.999793

Final set of parameters            Asymptotic Standard Error
=======================            ==========================
a               = 3.21629e-13      +/- 9.396e-13    (292.1%)
mr              = 0.595545         +/- 0.06397      (10.74%)
c               = 4.04133          +/- 0.001076     (0.02661%)

correlation matrix of the fit parameters:
                a      mr     c      
a               1.000 
mr              1.000  1.000 
c              -0.306 -0.301  1.000 


*******************************************************************************
Fri Jan 30 14:20:57 2026


FIT:    data read from 'corrfunc.dat' u 1:column2[i]:column3[i] every ::0::(L-1)
        format = x:z:s
        #datapoints = 32
function used for fitting: f(x,a,mr,c)
	f(x,a,mr,c)=a*cosh((x-L/2)/mr)/mr+c
fitted parameters initialized with current variable values

iter      chisq       delta/lim  lambda   a             mr            c            
   0 8.3451138922e+03   0.00e+00  2.26e+02    3.216288e-13   5.955449e-01   4.041333e+00
 121 1.0402320019e+01  -9.75e-01  2.26e-01    8.989417e-14   5.710510e-01   4.209810e+00

After 121 iterations the fit converged.
final sum of squares of residuals : 10.4023
rel. change during last iteration : -9.74534e-06

degrees of freedom    (FIT_NDF)                        : 29
rms of residuals      (FIT_STDFIT) = sqrt(WSSR/ndf)    : 0.598916
variance of residuals (reduced chisquare) = WSSR/ndf   : 0.358701
p-value of the Chisq distribution (FIT_P)              : 0.999409

Final set of parameters            Asymptotic Standard Error
=======================            ==========================
a               = 8.98942e-14      +/- 3.557e-13    (395.7%)
mr              = 0.571051         +/- 0.07942      (13.91%)
c               = 4.20981          +/- 0.001192     (0.02831%)

correlation matrix of the fit parameters:
                a      mr     c      
a               1.000 
mr              1.000  1.000 
c              -0.324 -0.321  1.000 


*******************************************************************************
Fri Jan 30 14:20:57 2026


FIT:    data read from 'corrfunc.dat' u 1:column2[i]:column3[i] every ::0::(L-1)
        format = x:z:s
        #datapoints = 32
function used for fitting: f(x,a,mr,c)
	f(x,a,mr,c)=a*cosh((x-L/2)/mr)/mr+c
fitted parameters initialized with current variable values

iter      chisq       delta/lim  lambda   a             mr            c            
   0 1.0594764979e+04   0.00e+00  2.81e+02    8.989417e-14   5.710510e-01   4.209810e+00
 409 6.7578572401e+00  -9.68e-01  2.81e+00    1.119993e-15   4.977303e-01   4.369491e+00

After 409 iterations the fit converged.
final sum of squares of residuals : 6.75786
rel. change during last iteration : -9.68497e-06

degrees of freedom    (FIT_NDF)                        : 29
rms of residuals      (FIT_STDFIT) = sqrt(WSSR/ndf)    : 0.482731
variance of residuals (reduced chisquare) = WSSR/ndf   : 0.23303
p-value of the Chisq distribution (FIT_P)              : 0.999994

Final set of parameters            Asymptotic Standard Error
=======================            ==========================
a               = 1.11999e-15      +/- 4.389e-15    (391.9%)
mr              = 0.49773          +/- 0.05997      (12.05%)
c               = 4.36949          +/- 0.0007972    (0.01825%)

correlation matrix of the fit parameters:
                a      mr     c      
a               1.000 
mr              1.000  1.000 
c              -0.293 -0.291  1.000 


*******************************************************************************
Fri Jan 30 14:20:57 2026


FIT:    data read from 'corrfunc.dat' u 1:column2[i]:column3[i] every ::0::(L-1)
        format = x:z:s
        #datapoints = 32
function used for fitting: f(x,a,mr,c)
	f(x,a,mr,c)=a*cosh((x-L/2)/mr)/mr+c
fitted parameters initialized with current variable values

iter      chisq       delta/lim  lambda   a             mr            c            
   0 7.8611651389e+03   0.00e+00  2.20e+02    1.119993e-15   4.977303e-01   4.369491e+00
 405 7.1048229550e+00  -9.92e-01  2.20e+00    9.127752e-23   3.330599e-01   4.550817e+00

After 405 iterations the fit converged.
final sum of squares of residuals : 7.10482
rel. change during last iteration : -9.91828e-06

degrees of freedom    (FIT_NDF)                        : 29
rms of residuals      (FIT_STDFIT) = sqrt(WSSR/ndf)    : 0.494969
variance of residuals (reduced chisquare) = WSSR/ndf   : 0.244994
p-value of the Chisq distribution (FIT_P)              : 0.999989

Final set of parameters            Asymptotic Standard Error
=======================            ==========================
a               = 9.12775e-23      +/- 1.325e-21    (1452%)
mr              = 0.33306          +/- 0.1012       (30.38%)
c               = 4.55082          +/- 0.001056     (0.02321%)

correlation matrix of the fit parameters:
                a      mr     c      
a               1.000 
mr              1.000  1.000 
c              -0.262 -0.261  1.000 


*******************************************************************************
Fri Jan 30 14:20:57 2026


FIT:    data read from 'corrfunc.dat' u 1:column2[i]:column3[i] every ::0::(L-1)
        format = x:z:s
        #datapoints = 32
function used for fitting: f(x,a,mr,c)
	f(x,a,mr,c)=a*cosh((x-L/2)/mr)/mr+c
fitted parameters initialized with current variable values

iter      chisq       delta/lim  lambda   a             mr            c            
   0 1.1021194273e+03   0.00e+00  1.14e+02    9.127752e-23   3.330599e-01   4.550817e+00
2838 3.4466318031e+00  -2.06e-01  1.14e-14    3.200178e-10   7.942561e-01   4.683358e+00

After 2838 iterations the fit converged.
final sum of squares of residuals : 3.44663
rel. change during last iteration : -2.0615e-06

degrees of freedom    (FIT_NDF)                        : 29
rms of residuals      (FIT_STDFIT) = sqrt(WSSR/ndf)    : 0.344745
variance of residuals (reduced chisquare) = WSSR/ndf   : 0.118849
p-value of the Chisq distribution (FIT_P)              : 1

Final set of parameters            Asymptotic Standard Error
=======================            ==========================
a               = 3.20018e-10      +/- 6.111e-10    (191%)
mr              = 0.794256         +/- 0.07265      (9.146%)
c               = 4.68336          +/- 0.002186     (0.04667%)

correlation matrix of the fit parameters:
                a      mr     c      
a               1.000 
mr              1.000  1.000 
c              -0.598 -0.588  1.000 


*******************************************************************************
Fri Jan 30 14:23:16 2026


FIT:    data read from 'corrfunc.dat' u 1:column2[i]:column3[i] every ::0::(L-1)
        format = x:z:s
        #datapoints = 32
function used for fitting: f(x,a,mr,c)
	f(x,a,mr,c)=a*cosh((x-L/2)/mr)/mr+c
fitted parameters initialized with current variable values

iter      chisq       delta/lim  lambda   a             mr            c            
   0 1.2351036897e+09   0.00e+00  2.80e+04    1.000000e-01   2.100000e+00   1.000000e+00
  88 1.9908548232e+01  -3.37e-05  2.80e-02    2.628999e-13   5.823470e-01  -4.262244e-04

After 88 iterations the fit converged.
final sum of squares of residuals : 19.9085
rel. change during last iteration : -3.36877e-10

degrees of freedom    (FIT_NDF)                        : 29
rms of residuals      (FIT_STDFIT) = sqrt(WSSR/ndf)    : 0.828554
variance of residuals (reduced chisquare) = WSSR/ndf   : 0.686502
p-value of the Chisq distribution (FIT_P)              : 0.895747

Final set of parameters            Asymptotic Standard Error
=======================            ==========================
a               = 2.629e-13        +/- 1.453e-13    (55.26%)
mr              = 0.582347         +/- 0.01154      (1.981%)
c               = -0.000426224     +/- 0.0003193    (74.91%)

correlation matrix of the fit parameters:
                a      mr     c      
a               1.000 
mr              1.000  1.000 
c              -0.302 -0.298  1.000 


*******************************************************************************
Fri Jan 30 14:23:16 2026


FIT:    data read from 'corrfunc.dat' u 1:column2[i]:column3[i] every ::0::(L-1)
        format = x:z:s
        #datapoints = 32
function used for fitting: f(x,a,mr,c)
	f(x,a,mr,c)=a*cosh((x-L/2)/mr)/mr+c
fitted parameters initialized with current variable values

iter      chisq       delta/lim  lambda   a             mr            c            
   0 3.6718338793e+01   0.00e+00  2.89e+02    2.628999e-13   5.823470e-01  -4.262244e-04
   7 1.8253961232e+01  -1.06e-01  2.89e-05    3.523367e-13   5.880108e-01   8.198583e-04

After 7 iterations the fit converged.
final sum of squares of residuals : 18.254
rel. change during last iteration : -1.06159e-06

degrees of freedom    (FIT_NDF)                        : 29
rms of residuals      (FIT_STDFIT) = sqrt(WSSR/ndf)    : 0.793377
variance of residuals (reduced chisquare) = WSSR/ndf   : 0.629447
p-value of the Chisq distribution (FIT_P)              : 0.938932

Final set of parameters            Asymptotic Standard Error
=======================            ==========================
a               = 3.52337e-13      +/- 2.246e-13    (63.74%)
mr              = 0.588011         +/- 0.01351      (2.298%)
c               = 0.000819858      +/- 0.0003243    (39.56%)

correlation matrix of the fit parameters:
                a      mr     c      
a               1.000 
mr              1.000  1.000 
c              -0.284 -0.281  1.000 


*******************************************************************************
Fri Jan 30 14:23:16 2026


FIT:    data read from 'corrfunc.dat' u 1:column2[i]:column3[i] every ::0::(L-1)
        format = x:z:s
        #datapoints = 32
function used for fitting: f(x,a,mr,c)
	f(x,a,mr,c)=a*cosh((x-L/2)/mr)/mr+c
fitted parameters initialized with current variable values

iter      chisq       delta/lim  lambda   a             mr            c            
   0 2.4944527171e+01   0.00e+00  1.44e+02    3.523367e-13   5.880108e-01   8.198583e-04
 143 2.0384610076e+01  -3.48e-01  1.44e-02    6.463973e-13   6.002326e-01   4.536192e-04

After 143 iterations the fit converged.
final sum of squares of residuals : 20.3846
rel. change during last iteration : -3.48273e-06

degrees of freedom    (FIT_NDF)                        : 29
rms of residuals      (FIT_STDFIT) = sqrt(WSSR/ndf)    : 0.838402
variance of residuals (reduced chisquare) = WSSR/ndf   : 0.702918
p-value of the Chisq distribution (FIT_P)              : 0.88057

Final set of parameters            Asymptotic Standard Error
=======================            ==========================
a               = 6.46397e-13      +/- 4.236e-13    (65.54%)
mr              = 0.600233         +/- 0.01458      (2.428%)
c               = 0.000453619      +/- 0.0003225    (71.09%)

correlation matrix of the fit parameters:
                a      mr     c      
a               1.000 
mr              1.000  1.000 
c              -0.280 -0.275  1.000 


*******************************************************************************
Fri Jan 30 14:23:16 2026


FIT:    data read from 'corrfunc.dat' u 1:column2[i]:column3[i] every ::0::(L-1)
        format = x:z:s
        #datapoints = 32
function used for fitting: f(x,a,mr,c)
	f(x,a,mr,c)=a*cosh((x-L/2)/mr)/mr+c
fitted parameters initialized with current variable values

iter      chisq       delta/lim  lambda   a             mr            c            
   0 4.6410397319e+01   0.00e+00  2.08e+02    6.463973e-13   6.002326e-01   4.536192e-04
 272 1.6840573877e+01  -3.32e-01  2.08e-02    5.014552e-12   6.473993e-01  -1.114015e-04

After 272 iterations the fit converged.
final sum of squares of residuals : 16.8406
rel. change during last iteration : -3.31533e-06

degrees of freedom    (FIT_NDF)                        : 29
rms of residuals      (FIT_STDFIT) = sqrt(WSSR/ndf)    : 0.762043
variance of residuals (reduced chisquare) = WSSR/ndf   : 0.580709
p-value of the Chisq distribution (FIT_P)              : 0.964599

Final set of parameters            Asymptotic Standard Error
=======================            ==========================
a               = 5.01455e-12      +/- 1.981e-12    (39.51%)
mr              = 0.647399         +/- 0.01019      (1.574%)
c               = -0.000111402     +/- 0.0003224    (289.4%)

correlation matrix of the fit parameters:
                a      mr     c      
a               1.000 
mr              1.000  1.000 
c              -0.338 -0.332  1.000 


*******************************************************************************
Fri Jan 30 14:23:16 2026


FIT:    data read from 'corrfunc.dat' u 1:column2[i]:column3[i] every ::0::(L-1)
        format = x:z:s
        #datapoints = 32
function used for fitting: f(x,a,mr,c)
	f(x,a,mr,c)=a*cosh((x-L/2)/mr)/mr+c
fitted parameters initialized with current variable values

iter      chisq       delta/lim  lambda   a             mr            c            
   0 3.6151548232e+01   0.00e+00  1.64e+02    5.014552e-12   6.473993e-01  -1.114015e-04
  61 2.6987773901e+01  -8.86e-04  1.64e-05    9.139184e-12   6.618316e-01  -6.614712e-04

After 61 iterations the fit converged.
final sum of squares of residuals : 26.9878
rel. change during last iteration : -8.85937e-09

degrees of freedom    (FIT_NDF)                        : 29
rms of residuals      (FIT_STDFIT) = sqrt(WSSR/ndf)    : 0.964683
variance of residuals (reduced chisquare) = WSSR/ndf   : 0.930613
p-value of the Chisq distribution (FIT_P)              : 0.572365

Final set of parameters            Asymptotic Standard Error
=======================            ==========================
a               = 9.13918e-12      +/- 5.227e-12    (57.19%)
mr              = 0.661832         +/- 0.0154       (2.327%)
c               = -0.000661471     +/- 0.0004274    (64.61%)

correlation matrix of the fit parameters:
                a      mr     c      
a               1.000 
mr              1.000  1.000 
c              -0.317 -0.311  1.000 


*******************************************************************************
Fri Jan 30 14:23:16 2026


FIT:    data read from 'corrfunc.dat' u 1:column2[i]:column3[i] every ::0::(L-1)
        format = x:z:s
        #datapoints = 32
function used for fitting: f(x,a,mr,c)
	f(x,a,mr,c)=a*cosh((x-L/2)/mr)/mr+c
fitted parameters initialized with current variable values

iter      chisq       delta/lim  lambda   a             mr            c            
   0 4.3732175169e+01   0.00e+00  2.21e+02    9.139184e-12   6.618316e-01  -6.614712e-04
  26 1.9602677953e+01  -2.31e-01  2.21e-04    1.350603e-11   6.713095e-01   2.799257e-04

After 26 iterations the fit converged.
final sum of squares of residuals : 19.6027
rel. change during last iteration : -2.30983e-06

degrees of freedom    (FIT_NDF)                        : 29
rms of residuals      (FIT_STDFIT) = sqrt(WSSR/ndf)    : 0.822164
variance of residuals (reduced chisquare) = WSSR/ndf   : 0.675954
p-value of the Chisq distribution (FIT_P)              : 0.904848

Final set of parameters            Asymptotic Standard Error
=======================            ==========================
a               = 1.3506e-11       +/- 5.182e-12    (38.37%)
mr              = 0.67131          +/- 0.01061      (1.581%)
c               = 0.000279926      +/- 0.0003652    (130.5%)

correlation matrix of the fit parameters:
                a      mr     c      
a               1.000 
mr              1.000  1.000 
c              -0.310 -0.303  1.000 


*******************************************************************************
Fri Jan 30 14:23:16 2026


FIT:    data read from 'corrfunc.dat' u 1:column2[i]:column3[i] every ::0::(L-1)
        format = x:z:s
        #datapoints = 32
function used for fitting: f(x,a,mr,c)
	f(x,a,mr,c)=a*cosh((x-L/2)/mr)/mr+c
fitted parameters initialized with current variable values

iter      chisq       delta/lim  lambda   a             mr            c            
   0 5.8292051517e+01   0.00e+00  2.53e+02    1.350603e-11   6.713095e-01   2.799257e-04
 111 2.8016726137e+01  -1.61e-02  2.53e-04    7.811467e-12   6.553808e-01   3.215911e-04

After 111 iterations the fit converged.
final sum of squares of residuals : 28.0167
rel. change during last iteration : -1.60566e-07

degrees of freedom    (FIT_NDF)                        : 29
rms of residuals      (FIT_STDFIT) = sqrt(WSSR/ndf)    : 0.982901
variance of residuals (reduced chisquare) = WSSR/ndf   : 0.966094
p-value of the Chisq distribution (FIT_P)              : 0.517019

Final set of parameters            Asymptotic Standard Error
=======================            ==========================
a               = 7.81147e-12      +/- 3.642e-12    (46.63%)
mr              = 0.655381         +/- 0.01226      (1.87%)
c               = 0.000321591      +/- 0.0004312    (134.1%)

correlation matrix of the fit parameters:
                a      mr     c      
a               1.000 
mr              1.000  1.000 
c              -0.328 -0.323  1.000 


*******************************************************************************
Fri Jan 30 14:23:16 2026


FIT:    data read from 'corrfunc.dat' u 1:column2[i]:column3[i] every ::0::(L-1)
        format = x:z:s
        #datapoints = 32
function used for fitting: f(x,a,mr,c)
	f(x,a,mr,c)=a*cosh((x-L/2)/mr)/mr+c
fitted parameters initialized with current variable values

iter      chisq       delta/lim  lambda   a             mr            c            
   0 3.2780398258e+01   0.00e+00  1.86e+02    7.811467e-12   6.553808e-01   3.215911e-04
  10 3.0062850439e+01  -5.27e-03  1.86e-04    1.009471e-11   6.615423e-01  -5.218275e-05

After 10 iterations the fit converged.
final sum of squares of residuals : 30.0629
rel. change during last iteration : -5.26716e-08

degrees of freedom    (FIT_NDF)                        : 29
rms of residuals      (FIT_STDFIT) = sqrt(WSSR/ndf)    : 1.01816
variance of residuals (reduced chisquare) = WSSR/ndf   : 1.03665
p-value of the Chisq distribution (FIT_P)              : 0.410871

Final set of parameters            Asymptotic Standard Error
=======================            ==========================
a               = 1.00947e-11      +/- 5.981e-12    (59.25%)
mr              = 0.661542         +/- 0.0159       (2.404%)
c               = -5.21828e-05     +/- 0.0004815    (922.6%)

correlation matrix of the fit parameters:
                a      mr     c      
a               1.000 
mr              1.000  1.000 
c              -0.334 -0.329  1.000 


*******************************************************************************
Fri Jan 30 14:23:16 2026


FIT:    data read from 'corrfunc.dat' u 1:column2[i]:column3[i] every ::0::(L-1)
        format = x:z:s
        #datapoints = 32
function used for fitting: f(x,a,mr,c)
	f(x,a,mr,c)=a*cosh((x-L/2)/mr)/mr+c
fitted parameters initialized with current variable values

iter      chisq       delta/lim  lambda   a             mr            c            
   0 6.2137282910e+01   0.00e+00  2.36e+02    1.009471e-11   6.615423e-01  -5.218275e-05
 173 9.9612791263e+00  -1.50e-01  2.36e-05    1.972951e-11   6.779053e-01   6.313052e-04

After 173 iterations the fit converged.
final sum of squares of residuals : 9.96128
rel. change during last iteration : -1.49751e-06

degrees of freedom    (FIT_NDF)                        : 29
rms of residuals      (FIT_STDFIT) = sqrt(WSSR/ndf)    : 0.586082
variance of residuals (reduced chisquare) = WSSR/ndf   : 0.343492
p-value of the Chisq distribution (FIT_P)              : 0.999615

Final set of parameters            Asymptotic Standard Error
=======================            ==========================
a               = 1.97295e-11      +/- 5.698e-12    (28.88%)
mr              = 0.677905         +/- 0.008109     (1.196%)
c               = 0.000631305      +/- 0.0002696    (42.7%)

correlation matrix of the fit parameters:
                a      mr     c      
a               1.000 
mr              1.000  1.000 
c              -0.347 -0.342  1.000 


*******************************************************************************
Fri Jan 30 14:23:16 2026


FIT:    data read from 'corrfunc.dat' u 1:column2[i]:column3[i] every ::0::(L-1)
        format = x:z:s
        #datapoints = 32
function used for fitting: f(x,a,mr,c)
	f(x,a,mr,c)=a*cosh((x-L/2)/mr)/mr+c
fitted parameters initialized with current variable values

iter      chisq       delta/lim  lambda   a             mr            c            
   0 5.6604434719e+01   0.00e+00  2.00e+02    1.972951e-11   6.779053e-01   6.313052e-04
 226 2.0774578934e+01  -4.16e-01  2.00e-02    1.042450e-10   7.255545e-01   2.251518e-04

After 226 iterations the fit converged.
final sum of squares of residuals : 20.7746
rel. change during last iteration : -4.16276e-06

degrees of freedom    (FIT_NDF)                        : 29
rms of residuals      (FIT_STDFIT) = sqrt(WSSR/ndf)    : 0.846383
variance of residuals (reduced chisquare) = WSSR/ndf   : 0.716365
p-value of the Chisq distribution (FIT_P)              : 0.867229

Final set of parameters            Asymptotic Standard Error
=======================            ==========================
a               = 1.04245e-10      +/- 4.319e-11    (41.43%)
mr              = 0.725555         +/- 0.01331      (1.834%)
c               = 0.000225152      +/- 0.0004451    (197.7%)

correlation matrix of the fit parameters:
                a      mr     c      
a               1.000 
mr              1.000  1.000 
c              -0.364 -0.358  1.000 


*******************************************************************************
Fri Jan 30 14:23:17 2026


FIT:    data read from 'corrfunc.dat' u 1:column2[i]:column3[i] every ::0::(L-1)
        format = x:z:s
        #datapoints = 32
function used for fitting: f(x,a,mr,c)
	f(x,a,mr,c)=a*cosh((x-L/2)/mr)/mr+c
fitted parameters initialized with current variable values

iter      chisq       delta/lim  lambda   a             mr            c            
   0 2.9560533650e+01   0.00e+00  2.11e+02    1.042450e-10   7.255545e-01   2.251518e-04
   8 1.7939090601e+01  -2.09e-03  2.11e-05    1.249195e-10   7.301337e-01  -5.026772e-05

After 8 iterations the fit converged.
final sum of squares of residuals : 17.9391
rel. change during last iteration : -2.09098e-08

degrees of freedom    (FIT_NDF)                        : 29
rms of residuals      (FIT_STDFIT) = sqrt(WSSR/ndf)    : 0.786505
variance of residuals (reduced chisquare) = WSSR/ndf   : 0.618589
p-value of the Chisq distribution (FIT_P)              : 0.945504

Final set of parameters            Asymptotic Standard Error
=======================            ==========================
a               = 1.2492e-10       +/- 4.581e-11    (36.67%)
mr              = 0.730134         +/- 0.01192      (1.632%)
c               = -5.02677e-05     +/- 0.0004201    (835.7%)

correlation matrix of the fit parameters:
                a      mr     c      
a               1.000 
mr              1.000  1.000 
c              -0.327 -0.321  1.000 


*******************************************************************************
Fri Jan 30 14:23:17 2026


FIT:    data read from 'corrfunc.dat' u 1:column2[i]:column3[i] every ::0::(L-1)
        format = x:z:s
        #datapoints = 32
function used for fitting: f(x,a,mr,c)
	f(x,a,mr,c)=a*cosh((x-L/2)/mr)/mr+c
fitted parameters initialized with current variable values

iter      chisq       delta/lim  lambda   a             mr            c            
   0 3.8750830583e+01   0.00e+00  1.97e+02    1.249195e-10   7.301337e-01  -5.026772e-05
 116 3.4382039691e+01  -2.88e-01  1.97e-04    2.297109e-10   7.497846e-01   7.286362e-05

After 116 iterations the fit converged.
final sum of squares of residuals : 34.382
rel. change during last iteration : -2.87529e-06

degrees of freedom    (FIT_NDF)                        : 29
rms of residuals      (FIT_STDFIT) = sqrt(WSSR/ndf)    : 1.08885
variance of residuals (reduced chisquare) = WSSR/ndf   : 1.18559
p-value of the Chisq distribution (FIT_P)              : 0.22555

Final set of parameters            Asymptotic Standard Error
=======================            ==========================
a               = 2.29711e-10      +/- 1.107e-10    (48.2%)
mr              = 0.749785         +/- 0.01656      (2.209%)
c               = 7.28636e-05      +/- 0.0005695    (781.5%)

correlation matrix of the fit parameters:
                a      mr     c      
a               1.000 
mr              1.000  1.000 
c              -0.302 -0.296  1.000 


*******************************************************************************
Fri Jan 30 14:23:17 2026


FIT:    data read from 'corrfunc.dat' u 1:column2[i]:column3[i] every ::0::(L-1)
        format = x:z:s
        #datapoints = 32
function used for fitting: f(x,a,mr,c)
	f(x,a,mr,c)=a*cosh((x-L/2)/mr)/mr+c
fitted parameters initialized with current variable values

iter      chisq       delta/lim  lambda   a             mr            c            
   0 5.5181184996e+01   0.00e+00  1.59e+02    2.297109e-10   7.497846e-01   7.286362e-05
 115 2.5301233523e+01  -3.55e-04  1.59e-05    5.190068e-10   7.762851e-01   4.806052e-04

After 115 iterations the fit converged.
final sum of squares of residuals : 25.3012
rel. change during last iteration : -3.5543e-09

degrees of freedom    (FIT_NDF)                        : 29
rms of residuals      (FIT_STDFIT) = sqrt(WSSR/ndf)    : 0.934054
variance of residuals (reduced chisquare) = WSSR/ndf   : 0.872456
p-value of the Chisq distribution (FIT_P)              : 0.662526

Final set of parameters            Asymptotic Standard Error
=======================            ==========================
a               = 5.19007e-10      +/- 2.167e-10    (41.76%)
mr              = 0.776285         +/- 0.0154       (1.984%)
c               = 0.000480605      +/- 0.0005663    (117.8%)

correlation matrix of the fit parameters:
                a      mr     c      
a               1.000 
mr              1.000  1.000 
c              -0.360 -0.352  1.000 


*******************************************************************************
Fri Jan 30 14:23:17 2026


FIT:    data read from 'corrfunc.dat' u 1:column2[i]:column3[i] every ::0::(L-1)
        format = x:z:s
        #datapoints = 32
function used for fitting: f(x,a,mr,c)
	f(x,a,mr,c)=a*cosh((x-L/2)/mr)/mr+c
fitted parameters initialized with current variable values

iter      chisq       delta/lim  lambda   a             mr            c            
   0 5.4225595635e+01   0.00e+00  1.69e+02    5.190068e-10   7.762851e-01   4.806052e-04
 146 2.1177816293e+01  -4.75e-03  1.69e-04    1.769387e-09   8.211992e-01   4.467309e-04

After 146 iterations the fit converged.
final sum of squares of residuals : 21.1778
rel. change during last iteration : -4.74553e-08

degrees of freedom    (FIT_NDF)                        : 29
rms of residuals      (FIT_STDFIT) = sqrt(WSSR/ndf)    : 0.854558
variance of residuals (reduced chisquare) = WSSR/ndf   : 0.73027
p-value of the Chisq distribution (FIT_P)              : 0.85259

Final set of parameters            Asymptotic Standard Error
=======================            ==========================
a               = 1.76939e-09      +/- 6.361e-10    (35.95%)
mr              = 0.821199         +/- 0.01479      (1.801%)
c               = 0.000446731      +/- 0.000512     (114.6%)

correlation matrix of the fit parameters:
                a      mr     c      
a               1.000 
mr              1.000  1.000 
c              -0.301 -0.293  1.000 


*******************************************************************************
Fri Jan 30 14:23:17 2026


FIT:    data read from 'corrfunc.dat' u 1:column2[i]:column3[i] every ::0::(L-1)
        format = x:z:s
        #datapoints = 32
function used for fitting: f(x,a,mr,c)
	f(x,a,mr,c)=a*cosh((x-L/2)/mr)/mr+c
fitted parameters initialized with current variable values

iter      chisq       delta/lim  lambda   a             mr            c            
   0 2.7661590533e+01   0.00e+00  1.44e+02    1.769387e-09   8.211992e-01   4.467309e-04
   6 1.0339630153e+01  -6.71e-02  1.44e-04    1.952952e-09   8.228338e-01   1.541111e-04

After 6 iterations the fit converged.
final sum of squares of residuals : 10.3396
rel. change during last iteration : -6.70582e-07

degrees of freedom    (FIT_NDF)                        : 29
rms of residuals      (FIT_STDFIT) = sqrt(WSSR/ndf)    : 0.597109
variance of residuals (reduced chisquare) = WSSR/ndf   : 0.356539
p-value of the Chisq distribution (FIT_P)              : 0.999443

Final set of parameters            Asymptotic Standard Error
=======================            ==========================
a               = 1.95295e-09      +/- 5.366e-10    (27.47%)
mr              = 0.822834         +/- 0.01134      (1.378%)
c               = 0.000154111      +/- 0.0003945    (256%)

correlation matrix of the fit parameters:
                a      mr     c      
a               1.000 
mr              1.000  1.000 
c              -0.330 -0.322  1.000 


*******************************************************************************
Fri Jan 30 14:23:17 2026


FIT:    data read from 'corrfunc.dat' u 1:column2[i]:column3[i] every ::0::(L-1)
        format = x:z:s
        #datapoints = 32
function used for fitting: f(x,a,mr,c)
	f(x,a,mr,c)=a*cosh((x-L/2)/mr)/mr+c
fitted parameters initialized with current variable values

iter      chisq       delta/lim  lambda   a             mr            c            
   0 3.2476344622e+01   0.00e+00  1.42e+02    1.952952e-09   8.228338e-01   1.541111e-04
 112 1.5399793612e+01  -6.94e-03  1.42e-05    6.096649e-09   8.699013e-01  -4.538425e-04

After 112 iterations the fit converged.
final sum of squares of residuals : 15.3998
rel. change during last iteration : -6.93715e-08

degrees of freedom    (FIT_NDF)                        : 29
rms of residuals      (FIT_STDFIT) = sqrt(WSSR/ndf)    : 0.728716
variance of residuals (reduced chisquare) = WSSR/ndf   : 0.531027
p-value of the Chisq distribution (FIT_P)              : 0.981643

Final set of parameters            Asymptotic Standard Error
=======================            ==========================
a               = 6.09665e-09      +/- 1.911e-09    (31.35%)
mr              = 0.869901         +/- 0.01443      (1.658%)
c               = -0.000453843     +/- 0.000502     (110.6%)

correlation matrix of the fit parameters:
                a      mr     c      
a               1.000 
mr              0.999  1.000 
c              -0.350 -0.342  1.000 


*******************************************************************************
Fri Jan 30 14:23:17 2026


FIT:    data read from 'corrfunc.dat' u 1:column2[i]:column3[i] every ::0::(L-1)
        format = x:z:s
        #datapoints = 32
function used for fitting: f(x,a,mr,c)
	f(x,a,mr,c)=a*cosh((x-L/2)/mr)/mr+c
fitted parameters initialized with current variable values

iter      chisq       delta/lim  lambda   a             mr            c            
   0 1.3270635894e+02   0.00e+00  1.84e+02    6.096649e-09   8.699013e-01  -4.538425e-04
 103 2.1085103779e+01  -5.54e-04  1.84e-05    1.803944e-08   9.173661e-01   8.847360e-04

After 103 iterations the fit converged.
final sum of squares of residuals : 21.0851
rel. change during last iteration : -5.54181e-09

degrees of freedom    (FIT_NDF)                        : 29
rms of residuals      (FIT_STDFIT) = sqrt(WSSR/ndf)    : 0.852685
variance of residuals (reduced chisquare) = WSSR/ndf   : 0.727073
p-value of the Chisq distribution (FIT_P)              : 0.85603

Final set of parameters            Asymptotic Standard Error
=======================            ==========================
a               = 1.80394e-08      +/- 5.496e-09    (30.46%)
mr              = 0.917366         +/- 0.01546      (1.685%)
c               = 0.000884736      +/- 0.0006203    (70.11%)

correlation matrix of the fit parameters:
                a      mr     c      
a               1.000 
mr              1.000  1.000 
c              -0.361 -0.354  1.000 


*******************************************************************************
Fri Jan 30 14:23:17 2026


FIT:    data read from 'corrfunc.dat' u 1:column2[i]:column3[i] every ::0::(L-1)
        format = x:z:s
        #datapoints = 32
function used for fitting: f(x,a,mr,c)
	f(x,a,mr,c)=a*cosh((x-L/2)/mr)/mr+c
fitted parameters initialized with current variable values

iter      chisq       delta/lim  lambda   a             mr            c            
   0 4.9274729660e+01   0.00e+00  1.71e+02    1.803944e-08   9.173661e-01   8.847360e-04
  24 2.5934405424e+01  -3.80e-01  1.71e-04    2.898251e-08   9.392384e-01  -4.300095e-04

After 24 iterations the fit converged.
final sum of squares of residuals : 25.9344
rel. change during last iteration : -3.79562e-06

degrees of freedom    (FIT_NDF)                        : 29
rms of residuals      (FIT_STDFIT) = sqrt(WSSR/ndf)    : 0.945669
variance of residuals (reduced chisquare) = WSSR/ndf   : 0.89429
p-value of the Chisq distribution (FIT_P)              : 0.628995

Final set of parameters            Asymptotic Standard Error
=======================            ==========================
a               = 2.89825e-08      +/- 9.276e-09    (32.01%)
mr              = 0.939238         +/- 0.01711      (1.822%)
c               = -0.000430009     +/- 0.000728     (169.3%)

correlation matrix of the fit parameters:
                a      mr     c      
a               1.000 
mr              0.999  1.000 
c              -0.354 -0.345  1.000 


*******************************************************************************
Fri Jan 30 14:23:17 2026


FIT:    data read from 'corrfunc.dat' u 1:column2[i]:column3[i] every ::0::(L-1)
        format = x:z:s
        #datapoints = 32
function used for fitting: f(x,a,mr,c)
	f(x,a,mr,c)=a*cosh((x-L/2)/mr)/mr+c
fitted parameters initialized with current variable values

iter      chisq       delta/lim  lambda   a             mr            c            
   0 1.4216888503e+02   0.00e+00  1.84e+02    2.898251e-08   9.392384e-01  -4.300095e-04
 110 3.0110479567e+01  -5.82e-02  1.84e-04    9.161881e-08   9.989085e-01   4.154098e-05

After 110 iterations the fit converged.
final sum of squares of residuals : 30.1105
rel. change during last iteration : -5.82155e-07

degrees of freedom    (FIT_NDF)                        : 29
rms of residuals      (FIT_STDFIT) = sqrt(WSSR/ndf)    : 1.01897
variance of residuals (reduced chisquare) = WSSR/ndf   : 1.03829
p-value of the Chisq distribution (FIT_P)              : 0.408503

Final set of parameters            Asymptotic Standard Error
=======================            ==========================
a               = 9.16188e-08      +/- 2.769e-08    (30.22%)
mr              = 0.998908         +/- 0.01815      (1.817%)
c               = 4.1541e-05       +/- 0.0008431    (2029%)

correlation matrix of the fit parameters:
                a      mr     c      
a               1.000 
mr              0.999  1.000 
c              -0.371 -0.361  1.000 


*******************************************************************************
Fri Jan 30 14:23:17 2026


FIT:    data read from 'corrfunc.dat' u 1:column2[i]:column3[i] every ::0::(L-1)
        format = x:z:s
        #datapoints = 32
function used for fitting: f(x,a,mr,c)
	f(x,a,mr,c)=a*cosh((x-L/2)/mr)/mr+c
fitted parameters initialized with current variable values

iter      chisq       delta/lim  lambda   a             mr            c            
   0 4.4685066360e+01   0.00e+00  1.94e+02    9.161881e-08   9.989085e-01   4.154098e-05
  32 1.2160824580e+01  -1.08e-04  1.94e-06    1.245461e-07   1.014455e+00  -7.393872e-04

After 32 iterations the fit converged.
final sum of squares of residuals : 12.1608
rel. change during last iteration : -1.07909e-09

degrees of freedom    (FIT_NDF)                        : 29
rms of residuals      (FIT_STDFIT) = sqrt(WSSR/ndf)    : 0.647564
variance of residuals (reduced chisquare) = WSSR/ndf   : 0.419339
p-value of the Chisq distribution (FIT_P)              : 0.997438

Final set of parameters            Asymptotic Standard Error
=======================            ==========================
a               = 1.24546e-07      +/- 2.327e-08    (18.68%)
mr              = 1.01445          +/- 0.01155      (1.139%)
c               = -0.000739387     +/- 0.000624     (84.39%)

correlation matrix of the fit parameters:
                a      mr     c      
a               1.000 
mr              1.000  1.000 
c              -0.390 -0.379  1.000 


*******************************************************************************
Fri Jan 30 14:23:17 2026


FIT:    data read from 'corrfunc.dat' u 1:column2[i]:column3[i] every ::0::(L-1)
        format = x:z:s
        #datapoints = 32
function used for fitting: f(x,a,mr,c)
	f(x,a,mr,c)=a*cosh((x-L/2)/mr)/mr+c
fitted parameters initialized with current variable values

iter      chisq       delta/lim  lambda   a             mr            c            
   0 8.7809194545e+01   0.00e+00  1.17e+02    1.245461e-07   1.014455e+00  -7.393872e-04
  46 1.7338454092e+01  -2.07e-02  1.17e-04    3.418335e-07   1.074346e+00   9.351976e-04

After 46 iterations the fit converged.
final sum of squares of residuals : 17.3385
rel. change during last iteration : -2.07471e-07

degrees of freedom    (FIT_NDF)                        : 29
rms of residuals      (FIT_STDFIT) = sqrt(WSSR/ndf)    : 0.773226
variance of residuals (reduced chisquare) = WSSR/ndf   : 0.597878
p-value of the Chisq distribution (FIT_P)              : 0.95666

Final set of parameters            Asymptotic Standard Error
=======================            ==========================
a               = 3.41833e-07      +/- 9.645e-08    (28.22%)
mr              = 1.07435          +/- 0.01966      (1.83%)
c               = 0.000935198      +/- 0.0007223    (77.23%)

correlation matrix of the fit parameters:
                a      mr     c      
a               1.000 
mr              0.999  1.000 
c              -0.343 -0.333  1.000 


*******************************************************************************
Fri Jan 30 14:23:17 2026


FIT:    data read from 'corrfunc.dat' u 1:column2[i]:column3[i] every ::0::(L-1)
        format = x:z:s
        #datapoints = 32
function used for fitting: f(x,a,mr,c)
	f(x,a,mr,c)=a*cosh((x-L/2)/mr)/mr+c
fitted parameters initialized with current variable values

iter      chisq       delta/lim  lambda   a             mr            c            
   0 1.3647479340e+02   0.00e+00  1.29e+02    3.418335e-07   1.074346e+00   9.351976e-04
  58 1.6818710388e+01  -2.13e-02  1.29e-04    9.592587e-07   1.142358e+00   1.232593e-03

After 58 iterations the fit converged.
final sum of squares of residuals : 16.8187
rel. change during last iteration : -2.12515e-07

degrees of freedom    (FIT_NDF)                        : 29
rms of residuals      (FIT_STDFIT) = sqrt(WSSR/ndf)    : 0.761548
variance of residuals (reduced chisquare) = WSSR/ndf   : 0.579956
p-value of the Chisq distribution (FIT_P)              : 0.964922

Final set of parameters            Asymptotic Standard Error
=======================            ==========================
a               = 9.59259e-07      +/- 2.051e-07    (21.39%)
mr              = 1.14236          +/- 0.0169       (1.48%)
c               = 0.00123259       +/- 0.0008406    (68.19%)

correlation matrix of the fit parameters:
                a      mr     c      
a               1.000 
mr              0.999  1.000 
c              -0.409 -0.395  1.000 


*******************************************************************************
Fri Jan 30 14:23:17 2026


FIT:    data read from 'corrfunc.dat' u 1:column2[i]:column3[i] every ::0::(L-1)
        format = x:z:s
        #datapoints = 32
function used for fitting: f(x,a,mr,c)
	f(x,a,mr,c)=a*cosh((x-L/2)/mr)/mr+c
fitted parameters initialized with current variable values

iter      chisq       delta/lim  lambda   a             mr            c            
   0 1.0442293909e+02   0.00e+00  1.42e+02    9.592587e-07   1.142358e+00   1.232593e-03
  59 1.9904454730e+01  -1.13e-05  1.42e-04    2.887316e-06   1.227697e+00   3.912814e-04

After 59 iterations the fit converged.
final sum of squares of residuals : 19.9045
rel. change during last iteration : -1.13376e-10

degrees of freedom    (FIT_NDF)                        : 29
rms of residuals      (FIT_STDFIT) = sqrt(WSSR/ndf)    : 0.828469
variance of residuals (reduced chisquare) = WSSR/ndf   : 0.686361
p-value of the Chisq distribution (FIT_P)              : 0.895872

Final set of parameters            Asymptotic Standard Error
=======================            ==========================
a               = 2.88732e-06      +/- 5.829e-07    (20.19%)
mr              = 1.2277           +/- 0.01821      (1.483%)
c               = 0.000391281      +/- 0.0009315    (238.1%)

correlation matrix of the fit parameters:
                a      mr     c      
a               1.000 
mr              0.999  1.000 
c              -0.427 -0.414  1.000 


*******************************************************************************
Fri Jan 30 14:23:17 2026


FIT:    data read from 'corrfunc.dat' u 1:column2[i]:column3[i] every ::0::(L-1)
        format = x:z:s
        #datapoints = 32
function used for fitting: f(x,a,mr,c)
	f(x,a,mr,c)=a*cosh((x-L/2)/mr)/mr+c
fitted parameters initialized with current variable values

iter      chisq       delta/lim  lambda   a             mr            c            
   0 1.5972728817e+02   0.00e+00  1.45e+02    2.887316e-06   1.227697e+00   3.912814e-04
  53 7.5861550948e+00  -1.50e-03  1.45e-05    1.004661e-05   1.339848e+00  -1.622158e-03

After 53 iterations the fit converged.
final sum of squares of residuals : 7.58616
rel. change during last iteration : -1.5046e-08

degrees of freedom    (FIT_NDF)                        : 29
rms of residuals      (FIT_STDFIT) = sqrt(WSSR/ndf)    : 0.51146
variance of residuals (reduced chisquare) = WSSR/ndf   : 0.261592
p-value of the Chisq distribution (FIT_P)              : 0.999978

Final set of parameters            Asymptotic Standard Error
=======================            ==========================
a               = 1.00466e-05      +/- 1.095e-06    (10.9%)
mr              = 1.33985          +/- 0.01167      (0.871%)
c               = -0.00162216      +/- 0.0006414    (39.54%)

correlation matrix of the fit parameters:
                a      mr     c      
a               1.000 
mr              0.999  1.000 
c              -0.469 -0.453  1.000 


*******************************************************************************
Fri Jan 30 14:23:17 2026


FIT:    data read from 'corrfunc.dat' u 1:column2[i]:column3[i] every ::0::(L-1)
        format = x:z:s
        #datapoints = 32
function used for fitting: f(x,a,mr,c)
	f(x,a,mr,c)=a*cosh((x-L/2)/mr)/mr+c
fitted parameters initialized with current variable values

iter      chisq       delta/lim  lambda   a             mr            c            
   0 1.6619226995e+02   0.00e+00  1.25e+02    1.004661e-05   1.339848e+00  -1.622158e-03
  13 6.0066367338e+00  -1.49e-02  1.25e-04    1.814692e-05   1.394021e+00   1.425926e-03

After 13 iterations the fit converged.
final sum of squares of residuals : 6.00664
rel. change during last iteration : -1.49453e-07

degrees of freedom    (FIT_NDF)                        : 29
rms of residuals      (FIT_STDFIT) = sqrt(WSSR/ndf)    : 0.45511
variance of residuals (reduced chisquare) = WSSR/ndf   : 0.207125
p-value of the Chisq distribution (FIT_P)              : 0.999998

Final set of parameters            Asymptotic Standard Error
=======================            ==========================
a               = 1.81469e-05      +/- 1.85e-06     (10.2%)
mr              = 1.39402          +/- 0.01179      (0.8454%)
c               = 0.00142593       +/- 0.0006489    (45.51%)

correlation matrix of the fit parameters:
                a      mr     c      
a               1.000 
mr              0.999  1.000 
c              -0.476 -0.461  1.000 


*******************************************************************************
Fri Jan 30 14:23:17 2026


FIT:    data read from 'corrfunc.dat' u 1:column2[i]:column3[i] every ::0::(L-1)
        format = x:z:s
        #datapoints = 32
function used for fitting: f(x,a,mr,c)
	f(x,a,mr,c)=a*cosh((x-L/2)/mr)/mr+c
fitted parameters initialized with current variable values

iter      chisq       delta/lim  lambda   a             mr            c            
   0 3.4094524201e+02   0.00e+00  1.82e+02    1.814692e-05   1.394021e+00   1.425926e-03
  39 2.0353709541e+01  -1.96e-02  1.82e-04    5.091624e-05   1.506964e+00  -1.898529e-03

After 39 iterations the fit converged.
final sum of squares of residuals : 20.3537
rel. change during last iteration : -1.96334e-07

degrees of freedom    (FIT_NDF)                        : 29
rms of residuals      (FIT_STDFIT) = sqrt(WSSR/ndf)    : 0.837766
variance of residuals (reduced chisquare) = WSSR/ndf   : 0.701852
p-value of the Chisq distribution (FIT_P)              : 0.881592

Final set of parameters            Asymptotic Standard Error
=======================            ==========================
a               = 5.09162e-05      +/- 7.19e-06     (14.12%)
mr              = 1.50696          +/- 0.01877      (1.246%)
c               = -0.00189853      +/- 0.001209     (63.68%)

correlation matrix of the fit parameters:
                a      mr     c      
a               1.000 
mr              0.999  1.000 
c              -0.477 -0.462  1.000 


*******************************************************************************
Fri Jan 30 14:23:17 2026


FIT:    data read from 'corrfunc.dat' u 1:column2[i]:column3[i] every ::0::(L-1)
        format = x:z:s
        #datapoints = 32
function used for fitting: f(x,a,mr,c)
	f(x,a,mr,c)=a*cosh((x-L/2)/mr)/mr+c
fitted parameters initialized with current variable values

iter      chisq       delta/lim  lambda   a             mr            c            
   0 4.6216384653e+02   0.00e+00  1.36e+02    5.091624e-05   1.506964e+00  -1.898529e-03
  24 4.0815766040e+01  -3.17e-03  1.36e-04    1.457301e-04   1.639155e+00  -2.028617e-04

After 24 iterations the fit converged.
final sum of squares of residuals : 40.8158
rel. change during last iteration : -3.16626e-08

degrees of freedom    (FIT_NDF)                        : 29
rms of residuals      (FIT_STDFIT) = sqrt(WSSR/ndf)    : 1.18636
variance of residuals (reduced chisquare) = WSSR/ndf   : 1.40744
p-value of the Chisq distribution (FIT_P)              : 0.0714565

Final set of parameters            Asymptotic Standard Error
=======================            ==========================
a               = 0.00014573       +/- 2.875e-05    (19.73%)
mr              = 1.63915          +/- 0.0311       (1.898%)
c               = -0.000202862     +/- 0.00185      (911.9%)

correlation matrix of the fit parameters:
                a      mr     c      
a               1.000 
mr              0.999  1.000 
c              -0.517 -0.500  1.000 


*******************************************************************************
Fri Jan 30 14:23:17 2026


FIT:    data read from 'corrfunc.dat' u 1:column2[i]:column3[i] every ::0::(L-1)
        format = x:z:s
        #datapoints = 32
function used for fitting: f(x,a,mr,c)
	f(x,a,mr,c)=a*cosh((x-L/2)/mr)/mr+c
fitted parameters initialized with current variable values

iter      chisq       delta/lim  lambda   a             mr            c            
   0 4.1932998733e+02   0.00e+00  8.92e+01    1.457301e-04   1.639155e+00  -2.028617e-04
  38 2.7584486517e+01  -6.12e-04  8.92e-06    7.213111e-04   1.907564e+00  -2.279080e-03

After 38 iterations the fit converged.
final sum of squares of residuals : 27.5845
rel. change during last iteration : -6.11837e-09

degrees of freedom    (FIT_NDF)                        : 29
rms of residuals      (FIT_STDFIT) = sqrt(WSSR/ndf)    : 0.975289
variance of residuals (reduced chisquare) = WSSR/ndf   : 0.951189
p-value of the Chisq distribution (FIT_P)              : 0.540202

Final set of parameters            Asymptotic Standard Error
=======================            ==========================
a               = 0.000721311      +/- 0.0001196    (16.58%)
mr              = 1.90756          +/- 0.036        (1.887%)
c               = -0.00227908      +/- 0.002204     (96.73%)

correlation matrix of the fit parameters:
                a      mr     c      
a               1.000 
mr              0.998  1.000 
c              -0.563 -0.533  1.000 


*******************************************************************************
Fri Jan 30 14:23:17 2026


FIT:    data read from 'corrfunc.dat' u 1:column2[i]:column3[i] every ::0::(L-1)
        format = x:z:s
        #datapoints = 32
function used for fitting: f(x,a,mr,c)
	f(x,a,mr,c)=a*cosh((x-L/2)/mr)/mr+c
fitted parameters initialized with current variable values

iter      chisq       delta/lim  lambda   a             mr            c            
   0 3.8562367715e+02   0.00e+00  1.09e+02    7.213111e-04   1.907564e+00  -2.279080e-03
  17 1.8224151052e+01  -2.79e-04  1.09e-04    1.960602e-03   2.107863e+00  -4.363047e-03

After 17 iterations the fit converged.
final sum of squares of residuals : 18.2242
rel. change during last iteration : -2.78515e-09

degrees of freedom    (FIT_NDF)                        : 29
rms of residuals      (FIT_STDFIT) = sqrt(WSSR/ndf)    : 0.792729
variance of residuals (reduced chisquare) = WSSR/ndf   : 0.628419
p-value of the Chisq distribution (FIT_P)              : 0.939576

Final set of parameters            Asymptotic Standard Error
=======================            ==========================
a               = 0.0019606        +/- 0.000233     (11.89%)
mr              = 2.10786          +/- 0.03028      (1.437%)
c               = -0.00436305      +/- 0.001912     (43.81%)

correlation matrix of the fit parameters:
                a      mr     c      
a               1.000 
mr              0.998  1.000 
c              -0.587 -0.566  1.000 


*******************************************************************************
Fri Jan 30 14:23:17 2026


FIT:    data read from 'corrfunc.dat' u 1:column2[i]:column3[i] every ::0::(L-1)
        format = x:z:s
        #datapoints = 32
function used for fitting: f(x,a,mr,c)
	f(x,a,mr,c)=a*cosh((x-L/2)/mr)/mr+c
fitted parameters initialized with current variable values

iter      chisq       delta/lim  lambda   a             mr            c            
   0 7.7786815127e+02   0.00e+00  1.24e+02    1.960602e-03   2.107863e+00  -4.363047e-03
  13 1.3383233994e+01  -3.97e-02  1.24e-04    4.446230e-03   2.297313e+00   5.356185e-03

After 13 iterations the fit converged.
final sum of squares of residuals : 13.3832
rel. change during last iteration : -3.96619e-07

degrees of freedom    (FIT_NDF)                        : 29
rms of residuals      (FIT_STDFIT) = sqrt(WSSR/ndf)    : 0.679331
variance of residuals (reduced chisquare) = WSSR/ndf   : 0.461491
p-value of the Chisq distribution (FIT_P)              : 0.994081

Final set of parameters            Asymptotic Standard Error
=======================            ==========================
a               = 0.00444623       +/- 0.0003507    (7.888%)
mr              = 2.29731          +/- 0.02344      (1.02%)
c               = 0.00535618       +/- 0.001975     (36.87%)

correlation matrix of the fit parameters:
                a      mr     c      
a               1.000 
mr              0.998  1.000 
c              -0.646 -0.619  1.000 


*******************************************************************************
Fri Jan 30 14:23:17 2026


FIT:    data read from 'corrfunc.dat' u 1:column2[i]:column3[i] every ::0::(L-1)
        format = x:z:s
        #datapoints = 32
function used for fitting: f(x,a,mr,c)
	f(x,a,mr,c)=a*cosh((x-L/2)/mr)/mr+c
fitted parameters initialized with current variable values

iter      chisq       delta/lim  lambda   a             mr            c            
   0 1.1150673962e+03   0.00e+00  1.36e+02    4.446230e-03   2.297313e+00   5.356185e-03
  27 1.4946920044e+01  -2.08e-03  1.36e-04    1.370818e-02   2.626691e+00   3.268602e-03

After 27 iterations the fit converged.
final sum of squares of residuals : 14.9469
rel. change during last iteration : -2.07955e-08

degrees of freedom    (FIT_NDF)                        : 29
rms of residuals      (FIT_STDFIT) = sqrt(WSSR/ndf)    : 0.717921
variance of residuals (reduced chisquare) = WSSR/ndf   : 0.515411
p-value of the Chisq distribution (FIT_P)              : 0.985424

Final set of parameters            Asymptotic Standard Error
=======================            ==========================
a               = 0.0137082        +/- 0.001012     (7.382%)
mr              = 2.62669          +/- 0.02794      (1.064%)
c               = 0.0032686        +/- 0.00265      (81.07%)

correlation matrix of the fit parameters:
                a      mr     c      
a               1.000 
mr              0.998  1.000 
c              -0.690 -0.662  1.000 


*******************************************************************************
Fri Jan 30 14:23:17 2026


FIT:    data read from 'corrfunc.dat' u 1:column2[i]:column3[i] every ::0::(L-1)
        format = x:z:s
        #datapoints = 32
function used for fitting: f(x,a,mr,c)
	f(x,a,mr,c)=a*cosh((x-L/2)/mr)/mr+c
fitted parameters initialized with current variable values

iter      chisq       delta/lim  lambda   a             mr            c            
   0 1.2253512957e+03   0.00e+00  9.79e+01    1.370818e-02   2.626691e+00   3.268602e-03
  25 1.0126700380e+01  -9.26e-04  9.79e-05    4.435072e-02   3.089432e+00   1.100390e-02

After 25 iterations the fit converged.
final sum of squares of residuals : 10.1267
rel. change during last iteration : -9.2593e-09

degrees of freedom    (FIT_NDF)                        : 29
rms of residuals      (FIT_STDFIT) = sqrt(WSSR/ndf)    : 0.590929
variance of residuals (reduced chisquare) = WSSR/ndf   : 0.349197
p-value of the Chisq distribution (FIT_P)              : 0.999546

Final set of parameters            Asymptotic Standard Error
=======================            ==========================
a               = 0.0443507        +/- 0.002819     (6.356%)
mr              = 3.08943          +/- 0.03292      (1.065%)
c               = 0.0110039        +/- 0.002765     (25.13%)

correlation matrix of the fit parameters:
                a      mr     c      
a               1.000 
mr              0.998  1.000 
c              -0.799 -0.773  1.000 


*******************************************************************************
Fri Jan 30 14:23:17 2026


FIT:    data read from 'corrfunc.dat' u 1:column2[i]:column3[i] every ::0::(L-1)
        format = x:z:s
        #datapoints = 32
function used for fitting: f(x,a,mr,c)
	f(x,a,mr,c)=a*cosh((x-L/2)/mr)/mr+c
fitted parameters initialized with current variable values

iter      chisq       delta/lim  lambda   a             mr            c            
   0 1.3129919645e+03   0.00e+00  1.07e+02    4.435072e-02   3.089432e+00   1.100390e-02
  18 8.9424352519e+00  -2.76e-02  1.07e-04    1.278707e-01   3.636498e+00   6.897267e-03

After 18 iterations the fit converged.
final sum of squares of residuals : 8.94244
rel. change during last iteration : -2.76339e-07

degrees of freedom    (FIT_NDF)                        : 29
rms of residuals      (FIT_STDFIT) = sqrt(WSSR/ndf)    : 0.555302
variance of residuals (reduced chisquare) = WSSR/ndf   : 0.30836
p-value of the Chisq distribution (FIT_P)              : 0.999872

Final set of parameters            Asymptotic Standard Error
=======================            ==========================
a               = 0.127871         +/- 0.00806      (6.303%)
mr              = 3.6365           +/- 0.04244      (1.167%)
c               = 0.00689727       +/- 0.004414     (63.99%)

correlation matrix of the fit parameters:
                a      mr     c      
a               1.000 
mr              0.998  1.000 
c              -0.888 -0.869  1.000 


*******************************************************************************
Fri Jan 30 14:23:17 2026


FIT:    data read from 'corrfunc.dat' u 1:column2[i]:column3[i] every ::0::(L-1)
        format = x:z:s
        #datapoints = 32
function used for fitting: f(x,a,mr,c)
	f(x,a,mr,c)=a*cosh((x-L/2)/mr)/mr+c
fitted parameters initialized with current variable values

iter      chisq       delta/lim  lambda   a             mr            c            
   0 1.8019322583e+03   0.00e+00  9.67e+01    1.278707e-01   3.636498e+00   6.897267e-03
  12 1.9026964005e+01  -4.44e-01  9.67e-04    3.865240e-01   4.433633e+00   6.441614e-03

After 12 iterations the fit converged.
final sum of squares of residuals : 19.027
rel. change during last iteration : -4.44058e-06

degrees of freedom    (FIT_NDF)                        : 29
rms of residuals      (FIT_STDFIT) = sqrt(WSSR/ndf)    : 0.810001
variance of residuals (reduced chisquare) = WSSR/ndf   : 0.656102
p-value of the Chisq distribution (FIT_P)              : 0.920595

Final set of parameters            Asymptotic Standard Error
=======================            ==========================
a               = 0.386524         +/- 0.03359      (8.69%)
mr              = 4.43363          +/- 0.08141      (1.836%)
c               = 0.00644161       +/- 0.009219     (143.1%)

correlation matrix of the fit parameters:
                a      mr     c      
a               1.000 
mr              0.998  1.000 
c              -0.943 -0.930  1.000 


*******************************************************************************
Fri Jan 30 14:23:17 2026


FIT:    data read from 'corrfunc.dat' u 1:column2[i]:column3[i] every ::0::(L-1)
        format = x:z:s
        #datapoints = 32
function used for fitting: f(x,a,mr,c)
	f(x,a,mr,c)=a*cosh((x-L/2)/mr)/mr+c
fitted parameters initialized with current variable values

iter      chisq       delta/lim  lambda   a             mr            c            
   0 3.0945409790e+03   0.00e+00  1.10e+02    3.865240e-01   4.433633e+00   6.441614e-03
  25 1.0157656182e+01  -3.69e-01  1.10e-04    7.832770e-01   5.122007e+00   6.904548e-02

After 25 iterations the fit converged.
final sum of squares of residuals : 10.1577
rel. change during last iteration : -3.69109e-06

degrees of freedom    (FIT_NDF)                        : 29
rms of residuals      (FIT_STDFIT) = sqrt(WSSR/ndf)    : 0.591831
variance of residuals (reduced chisquare) = WSSR/ndf   : 0.350264
p-value of the Chisq distribution (FIT_P)              : 0.999532

Final set of parameters            Asymptotic Standard Error
=======================            ==========================
a               = 0.783277         +/- 0.05537      (7.069%)
mr              = 5.12201          +/- 0.08256      (1.612%)
c               = 0.0690455        +/- 0.01223      (17.72%)

correlation matrix of the fit parameters:
                a      mr     c      
a               1.000 
mr              0.998  1.000 
c              -0.963 -0.949  1.000 


*******************************************************************************
Fri Jan 30 14:23:17 2026


FIT:    data read from 'corrfunc.dat' u 1:column2[i]:column3[i] every ::0::(L-1)
        format = x:z:s
        #datapoints = 32
function used for fitting: f(x,a,mr,c)
	f(x,a,mr,c)=a*cosh((x-L/2)/mr)/mr+c
fitted parameters initialized with current variable values

iter      chisq       delta/lim  lambda   a             mr            c            
   0 4.5307847053e+03   0.00e+00  1.09e+02    7.832770e-01   5.122007e+00   6.904548e-02
   6 1.6025044049e+01  -4.36e-06  1.09e-04    2.050334e+00   6.471906e+00   1.154560e-01

After 6 iterations the fit converged.
final sum of squares of residuals : 16.025
rel. change during last iteration : -4.36421e-11

degrees of freedom    (FIT_NDF)                        : 29
rms of residuals      (FIT_STDFIT) = sqrt(WSSR/ndf)    : 0.743362
variance of residuals (reduced chisquare) = WSSR/ndf   : 0.552588
p-value of the Chisq distribution (FIT_P)              : 0.975252

Final set of parameters            Asymptotic Standard Error
=======================            ==========================
a               = 2.05033          +/- 0.2486       (12.13%)
mr              = 6.47191          +/- 0.2004       (3.096%)
c               = 0.115456         +/- 0.03433      (29.74%)

correlation matrix of the fit parameters:
                a      mr     c      
a               1.000 
mr              0.999  1.000 
c              -0.988 -0.980  1.000 


*******************************************************************************
Fri Jan 30 14:23:17 2026


FIT:    data read from 'corrfunc.dat' u 1:column2[i]:column3[i] every ::0::(L-1)
        format = x:z:s
        #datapoints = 32
function used for fitting: f(x,a,mr,c)
	f(x,a,mr,c)=a*cosh((x-L/2)/mr)/mr+c
fitted parameters initialized with current variable values

iter      chisq       delta/lim  lambda   a             mr            c            
   0 4.2439733006e+03   0.00e+00  8.87e+01    2.050334e+00   6.471906e+00   1.154560e-01
   7 1.7457532012e+01  -5.21e-06  8.87e-05    2.559863e+00   7.010418e+00   4.069980e-01

After 7 iterations the fit converged.
final sum of squares of residuals : 17.4575
rel. change during last iteration : -5.21161e-11

degrees of freedom    (FIT_NDF)                        : 29
rms of residuals      (FIT_STDFIT) = sqrt(WSSR/ndf)    : 0.775876
variance of residuals (reduced chisquare) = WSSR/ndf   : 0.601984
p-value of the Chisq distribution (FIT_P)              : 0.954588

Final set of parameters            Asymptotic Standard Error
=======================            ==========================
a               = 2.55986          +/- 0.4465       (17.44%)
mr              = 7.01042          +/- 0.3213       (4.583%)
c               = 0.406998         +/- 0.05384      (13.23%)

correlation matrix of the fit parameters:
                a      mr     c      
a               1.000 
mr              0.999  1.000 
c              -0.993 -0.987  1.000 


*******************************************************************************
Fri Jan 30 14:23:17 2026


FIT:    data read from 'corrfunc.dat' u 1:column2[i]:column3[i] every ::0::(L-1)
        format = x:z:s
        #datapoints = 32
function used for fitting: f(x,a,mr,c)
	f(x,a,mr,c)=a*cosh((x-L/2)/mr)/mr+c
fitted parameters initialized with current variable values

iter      chisq       delta/lim  lambda   a             mr            c            
   0 3.3594816586e+03   0.00e+00  7.02e+01    2.559863e+00   7.010418e+00   4.069980e-01
   6 1.3043058530e+01  -6.30e-02  7.02e-05    4.751811e+00   8.562513e+00   5.957362e-01

After 6 iterations the fit converged.
final sum of squares of residuals : 13.0431
rel. change during last iteration : -6.29827e-07

degrees of freedom    (FIT_NDF)                        : 29
rms of residuals      (FIT_STDFIT) = sqrt(WSSR/ndf)    : 0.670642
variance of residuals (reduced chisquare) = WSSR/ndf   : 0.449761
p-value of the Chisq distribution (FIT_P)              : 0.99525

Final set of parameters            Asymptotic Standard Error
=======================            ==========================
a               = 4.75181          +/- 1.244        (26.18%)
mr              = 8.56251          +/- 0.6321       (7.382%)
c               = 0.595736         +/- 0.111        (18.63%)

correlation matrix of the fit parameters:
                a      mr     c      
a               1.000 
mr              0.999  1.000 
c              -0.997 -0.995  1.000 


*******************************************************************************
Fri Jan 30 14:23:17 2026


FIT:    data read from 'corrfunc.dat' u 1:column2[i]:column3[i] every ::0::(L-1)
        format = x:z:s
        #datapoints = 32
function used for fitting: f(x,a,mr,c)
	f(x,a,mr,c)=a*cosh((x-L/2)/mr)/mr+c
fitted parameters initialized with current variable values

iter      chisq       delta/lim  lambda   a             mr            c            
   0 3.2734606515e+03   0.00e+00  7.89e+01    4.751811e+00   8.562513e+00   5.957362e-01
  53 2.2217983934e+01  -5.69e-03  7.89e-04    2.742150e+00   7.906714e+00   1.273980e+00

After 53 iterations the fit converged.
final sum of squares of residuals : 22.218
rel. change during last iteration : -5.69414e-08

degrees of freedom    (FIT_NDF)                        : 29
rms of residuals      (FIT_STDFIT) = sqrt(WSSR/ndf)    : 0.875293
variance of residuals (reduced chisquare) = WSSR/ndf   : 0.766137
p-value of the Chisq distribution (FIT_P)              : 0.811053

Final set of parameters            Asymptotic Standard Error
=======================            ==========================
a               = 2.74215          +/- 1.065        (38.84%)
mr              = 7.90671          +/- 0.8358       (10.57%)
c               = 1.27398          +/- 0.1092       (8.575%)

correlation matrix of the fit parameters:
                a      mr     c      
a               1.000 
mr              0.999  1.000 
c              -0.995 -0.991  1.000 


*******************************************************************************
Fri Jan 30 14:23:17 2026


FIT:    data read from 'corrfunc.dat' u 1:column2[i]:column3[i] every ::0::(L-1)
        format = x:z:s
        #datapoints = 32
function used for fitting: f(x,a,mr,c)
	f(x,a,mr,c)=a*cosh((x-L/2)/mr)/mr+c
fitted parameters initialized with current variable values

iter      chisq       delta/lim  lambda   a             mr            c            
   0 4.1734051473e+03   0.00e+00  5.20e+01    2.742150e+00   7.906714e+00   1.273980e+00
  18 1.1573030818e+01  -5.05e-03  5.20e-04    7.724333e-01   6.240219e+00   2.033673e+00

After 18 iterations the fit converged.
final sum of squares of residuals : 11.573
rel. change during last iteration : -5.05193e-08

degrees of freedom    (FIT_NDF)                        : 29
rms of residuals      (FIT_STDFIT) = sqrt(WSSR/ndf)    : 0.63172
variance of residuals (reduced chisquare) = WSSR/ndf   : 0.39907
p-value of the Chisq distribution (FIT_P)              : 0.99837

Final set of parameters            Asymptotic Standard Error
=======================            ==========================
a               = 0.772433         +/- 0.2813       (36.41%)
mr              = 6.24022          +/- 0.5684       (9.109%)
c               = 2.03367          +/- 0.04232      (2.081%)

correlation matrix of the fit parameters:
                a      mr     c      
a               1.000 
mr              0.999  1.000 
c              -0.985 -0.977  1.000 


*******************************************************************************
Fri Jan 30 14:23:17 2026


FIT:    data read from 'corrfunc.dat' u 1:column2[i]:column3[i] every ::0::(L-1)
        format = x:z:s
        #datapoints = 32
function used for fitting: f(x,a,mr,c)
	f(x,a,mr,c)=a*cosh((x-L/2)/mr)/mr+c
fitted parameters initialized with current variable values

iter      chisq       delta/lim  lambda   a             mr            c            
   0 5.0749969769e+03   0.00e+00  6.29e+01    7.724333e-01   6.240219e+00   2.033673e+00
   6 2.7412718597e+01  -1.66e-02  6.29e-05    5.809046e-01   6.562867e+00   2.489580e+00

After 6 iterations the fit converged.
final sum of squares of residuals : 27.4127
rel. change during last iteration : -1.65583e-07

degrees of freedom    (FIT_NDF)                        : 29
rms of residuals      (FIT_STDFIT) = sqrt(WSSR/ndf)    : 0.972248
variance of residuals (reduced chisquare) = WSSR/ndf   : 0.945266
p-value of the Chisq distribution (FIT_P)              : 0.549448

Final set of parameters            Asymptotic Standard Error
=======================            ==========================
a               = 0.580905         +/- 0.4311       (74.21%)
mr              = 6.56287          +/- 1.258        (19.16%)
c               = 2.48958          +/- 0.05754      (2.311%)

correlation matrix of the fit parameters:
                a      mr     c      
a               1.000 
mr              0.999  1.000 
c              -0.989 -0.982  1.000 


*******************************************************************************
Fri Jan 30 14:23:17 2026


FIT:    data read from 'corrfunc.dat' u 1:column2[i]:column3[i] every ::0::(L-1)
        format = x:z:s
        #datapoints = 32
function used for fitting: f(x,a,mr,c)
	f(x,a,mr,c)=a*cosh((x-L/2)/mr)/mr+c
fitted parameters initialized with current variable values

iter      chisq       delta/lim  lambda   a             mr            c            
   0 3.6580658339e+03   0.00e+00  6.35e+01    5.809046e-01   6.562867e+00   2.489580e+00
 252 3.4970768530e+01  -4.31e-01  6.35e-05    2.465836e-03   2.532217e+00   2.979049e+00

After 252 iterations the fit converged.
final sum of squares of residuals : 34.9708
rel. change during last iteration : -4.31249e-06

degrees of freedom    (FIT_NDF)                        : 29
rms of residuals      (FIT_STDFIT) = sqrt(WSSR/ndf)    : 1.09813
variance of residuals (reduced chisquare) = WSSR/ndf   : 1.20589
p-value of the Chisq distribution (FIT_P)              : 0.205501

Final set of parameters            Asymptotic Standard Error
=======================            ==========================
a               = 0.00246584       +/- 0.00273      (110.7%)
mr              = 2.53222          +/- 0.3795       (14.99%)
c               = 2.97905          +/- 0.01403      (0.471%)

correlation matrix of the fit parameters:
                a      mr     c      
a               1.000 
mr              0.999  1.000 
c              -0.821 -0.796  1.000 


*******************************************************************************
Fri Jan 30 14:23:17 2026


FIT:    data read from 'corrfunc.dat' u 1:column2[i]:column3[i] every ::0::(L-1)
        format = x:z:s
        #datapoints = 32
function used for fitting: f(x,a,mr,c)
	f(x,a,mr,c)=a*cosh((x-L/2)/mr)/mr+c
fitted parameters initialized with current variable values

iter      chisq       delta/lim  lambda   a             mr            c            
   0 4.0911437859e+03   0.00e+00  9.00e+01    2.465836e-03   2.532217e+00   2.979049e+00
 386 1.6488024064e+01  -2.53e-01  9.00e-01    2.049383e-06   1.289590e+00   3.257805e+00

After 386 iterations the fit converged.
final sum of squares of residuals : 16.488
rel. change during last iteration : -2.52611e-06

degrees of freedom    (FIT_NDF)                        : 29
rms of residuals      (FIT_STDFIT) = sqrt(WSSR/ndf)    : 0.754024
variance of residuals (reduced chisquare) = WSSR/ndf   : 0.568553
p-value of the Chisq distribution (FIT_P)              : 0.969548

Final set of parameters            Asymptotic Standard Error
=======================            ==========================
a               = 2.04938e-06      +/- 2.634e-06    (128.5%)
mr              = 1.28959          +/- 0.1257       (9.745%)
c               = 3.25781          +/- 0.004456     (0.1368%)

correlation matrix of the fit parameters:
                a      mr     c      
a               1.000 
mr              0.999  1.000 
c              -0.657 -0.638  1.000 


*******************************************************************************
Fri Jan 30 14:23:17 2026


FIT:    data read from 'corrfunc.dat' u 1:column2[i]:column3[i] every ::0::(L-1)
        format = x:z:s
        #datapoints = 32
function used for fitting: f(x,a,mr,c)
	f(x,a,mr,c)=a*cosh((x-L/2)/mr)/mr+c
fitted parameters initialized with current variable values

iter      chisq       delta/lim  lambda   a             mr            c            
   0 1.1111902911e+03   0.00e+00  7.22e+01    2.049383e-06   1.289590e+00   3.257805e+00
 139 2.0710082142e+01  -5.26e-01  7.22e-03    1.547162e-05   1.539504e+00   3.414830e+00

After 139 iterations the fit converged.
final sum of squares of residuals : 20.7101
rel. change during last iteration : -5.26146e-06

degrees of freedom    (FIT_NDF)                        : 29
rms of residuals      (FIT_STDFIT) = sqrt(WSSR/ndf)    : 0.845068
variance of residuals (reduced chisquare) = WSSR/ndf   : 0.714141
p-value of the Chisq distribution (FIT_P)              : 0.869491

Final set of parameters            Asymptotic Standard Error
=======================            ==========================
a               = 1.54716e-05      +/- 3.252e-05    (210.2%)
mr              = 1.5395           +/- 0.2907       (18.89%)
c               = 3.41483          +/- 0.006465     (0.1893%)

correlation matrix of the fit parameters:
                a      mr     c      
a               1.000 
mr              0.999  1.000 
c              -0.632 -0.611  1.000 


*******************************************************************************
Fri Jan 30 14:23:17 2026


FIT:    data read from 'corrfunc.dat' u 1:column2[i]:column3[i] every ::0::(L-1)
        format = x:z:s
        #datapoints = 32
function used for fitting: f(x,a,mr,c)
	f(x,a,mr,c)=a*cosh((x-L/2)/mr)/mr+c
fitted parameters initialized with current variable values

iter      chisq       delta/lim  lambda   a             mr            c            
   0 1.2416545763e+03   0.00e+00  6.63e+01    1.547162e-05   1.539504e+00   3.414830e+00
 526 7.6087069471e+00  -5.88e-01  6.63e-01    8.929734e-08   1.047307e+00   3.611888e+00

After 526 iterations the fit converged.
final sum of squares of residuals : 7.60871
rel. change during last iteration : -5.88083e-06

degrees of freedom    (FIT_NDF)                        : 29
rms of residuals      (FIT_STDFIT) = sqrt(WSSR/ndf)    : 0.51222
variance of residuals (reduced chisquare) = WSSR/ndf   : 0.262369
p-value of the Chisq distribution (FIT_P)              : 0.999977

Final set of parameters            Asymptotic Standard Error
=======================            ==========================
a               = 8.92973e-08      +/- 1.439e-07    (161.1%)
mr              = 1.04731          +/- 0.1047       (9.999%)
c               = 3.61189          +/- 0.004915     (0.1361%)

correlation matrix of the fit parameters:
                a      mr     c      
a               1.000 
mr              1.000  1.000 
c              -0.686 -0.671  1.000 


*******************************************************************************
Fri Jan 30 14:23:18 2026


FIT:    data read from 'corrfunc.dat' u 1:column2[i]:column3[i] every ::0::(L-1)
        format = x:z:s
        #datapoints = 32
function used for fitting: f(x,a,mr,c)
	f(x,a,mr,c)=a*cosh((x-L/2)/mr)/mr+c
fitted parameters initialized with current variable values

iter      chisq       delta/lim  lambda   a             mr            c            
   0 2.2707537891e+03   0.00e+00  8.57e+01    8.929734e-08   1.047307e+00   3.611888e+00
  10 8.0862407883e+00  -6.11e-01  8.57e-05    7.222342e-08   1.044085e+00   3.829446e+00

After 10 iterations the fit converged.
final sum of squares of residuals : 8.08624
rel. change during last iteration : -6.10849e-06

degrees of freedom    (FIT_NDF)                        : 29
rms of residuals      (FIT_STDFIT) = sqrt(WSSR/ndf)    : 0.528049
variance of residuals (reduced chisquare) = WSSR/ndf   : 0.278836
p-value of the Chisq distribution (FIT_P)              : 0.999956

Final set of parameters            Asymptotic Standard Error
=======================            ==========================
a               = 7.22234e-08      +/- 1.245e-07    (172.3%)
mr              = 1.04408          +/- 0.112        (10.72%)
c               = 3.82945          +/- 0.003926     (0.1025%)

correlation matrix of the fit parameters:
                a      mr     c      
a               1.000 
mr              0.999  1.000 
c              -0.666 -0.651  1.000 


*******************************************************************************
Fri Jan 30 14:23:18 2026


FIT:    data read from 'corrfunc.dat' u 1:column2[i]:column3[i] every ::0::(L-1)
        format = x:z:s
        #datapoints = 32
function used for fitting: f(x,a,mr,c)
	f(x,a,mr,c)=a*cosh((x-L/2)/mr)/mr+c
fitted parameters initialized with current variable values

iter      chisq       delta/lim  lambda   a             mr            c            
   0 1.3921695154e+04   0.00e+00  2.24e+02    7.222342e-08   1.044085e+00   3.829446e+00
 122 9.3643754243e+00  -9.50e-01  2.24e+00    3.216288e-13   5.955449e-01   4.041333e+00

After 122 iterations the fit converged.
final sum of squares of residuals : 9.36438
rel. change during last iteration : -9.50225e-06

degrees of freedom    (FIT_NDF)                        : 29
rms of residuals      (FIT_STDFIT) = sqrt(WSSR/ndf)    : 0.568251
variance of residuals (reduced chisquare) = WSSR/ndf   : 0.322909
p-value of the Chisq distribution (FIT_P)              : 0.999793

Final set of parameters            Asymptotic Standard Error
=======================            ==========================
a               = 3.21629e-13      +/- 9.396e-13    (292.1%)
mr              = 0.595545         +/- 0.06397      (10.74%)
c               = 4.04133          +/- 0.001076     (0.02661%)

correlation matrix of the fit parameters:
                a      mr     c      
a               1.000 
mr              1.000  1.000 
c              -0.306 -0.301  1.000 


*******************************************************************************
Fri Jan 30 14:23:18 2026


FIT:    data read from 'corrfunc.dat' u 1:column2[i]:column3[i] every ::0::(L-1)
        format = x:z:s
        #datapoints = 32
function used for fitting: f(x,a,mr,c)
	f(x,a,mr,c)=a*cosh((x-L/2)/mr)/mr+c
fitted parameters initialized with current variable values

iter      chisq       delta/lim  lambda   a             mr            c            
   0 8.3451138922e+03   0.00e+00  2.26e+02    3.216288e-13   5.955449e-01   4.041333e+00
 121 1.0402320019e+01  -9.75e-01  2.26e-01    8.989417e-14   5.710510e-01   4.209810e+00

After 121 iterations the fit converged.
final sum of squares of residuals : 10.4023
rel. change during last iteration : -9.74534e-06

degrees of freedom    (FIT_NDF)                        : 29
rms of residuals      (FIT_STDFIT) = sqrt(WSSR/ndf)    : 0.598916
variance of residuals (reduced chisquare) = WSSR/ndf   : 0.358701
p-value of the Chisq distribution (FIT_P)              : 0.999409

Final set of parameters            Asymptotic Standard Error
=======================            ==========================
a               = 8.98942e-14      +/- 3.557e-13    (395.7%)
mr              = 0.571051         +/- 0.07942      (13.91%)
c               = 4.20981          +/- 0.001192     (0.02831%)

correlation matrix of the fit parameters:
                a      mr     c      
a               1.000 
mr              1.000  1.000 
c              -0.324 -0.321  1.000 


*******************************************************************************
Fri Jan 30 14:23:18 2026


FIT:    data read from 'corrfunc.dat' u 1:column2[i]:column3[i] every ::0::(L-1)
        format = x:z:s
        #datapoints = 32
function used for fitting: f(x,a,mr,c)
	f(x,a,mr,c)=a*cosh((x-L/2)/mr)/mr+c
fitted parameters initialized with current variable values

iter      chisq       delta/lim  lambda   a             mr            c            
   0 1.0594764979e+04   0.00e+00  2.81e+02    8.989417e-14   5.710510e-01   4.209810e+00
 409 6.7578572401e+00  -9.68e-01  2.81e+00    1.119993e-15   4.977303e-01   4.369491e+00

After 409 iterations the fit converged.
final sum of squares of residuals : 6.75786
rel. change during last iteration : -9.68497e-06

degrees of freedom    (FIT_NDF)                        : 29
rms of residuals      (FIT_STDFIT) = sqrt(WSSR/ndf)    : 0.482731
variance of residuals (reduced chisquare) = WSSR/ndf   : 0.23303
p-value of the Chisq distribution (FIT_P)              : 0.999994

Final set of parameters            Asymptotic Standard Error
=======================            ==========================
a               = 1.11999e-15      +/- 4.389e-15    (391.9%)
mr              = 0.49773          +/- 0.05997      (12.05%)
c               = 4.36949          +/- 0.0007972    (0.01825%)

correlation matrix of the fit parameters:
                a      mr     c      
a               1.000 
mr              1.000  1.000 
c              -0.293 -0.291  1.000 


*******************************************************************************
Fri Jan 30 14:23:18 2026


FIT:    data read from 'corrfunc.dat' u 1:column2[i]:column3[i] every ::0::(L-1)
        format = x:z:s
        #datapoints = 32
function used for fitting: f(x,a,mr,c)
	f(x,a,mr,c)=a*cosh((x-L/2)/mr)/mr+c
fitted parameters initialized with current variable values

iter      chisq       delta/lim  lambda   a             mr            c            
   0 7.8611651389e+03   0.00e+00  2.20e+02    1.119993e-15   4.977303e-01   4.369491e+00
 405 7.1048229550e+00  -9.92e-01  2.20e+00    9.127752e-23   3.330599e-01   4.550817e+00

After 405 iterations the fit converged.
final sum of squares of residuals : 7.10482
rel. change during last iteration : -9.91828e-06

degrees of freedom    (FIT_NDF)                        : 29
rms of residuals      (FIT_STDFIT) = sqrt(WSSR/ndf)    : 0.494969
variance of residuals (reduced chisquare) = WSSR/ndf   : 0.244994
p-value of the Chisq distribution (FIT_P)              : 0.999989

Final set of parameters            Asymptotic Standard Error
=======================            ==========================
a               = 9.12775e-23      +/- 1.325e-21    (1452%)
mr              = 0.33306          +/- 0.1012       (30.38%)
c               = 4.55082          +/- 0.001056     (0.02321%)

correlation matrix of the fit parameters:
                a      mr     c      
a               1.000 
mr              1.000  1.000 
c              -0.262 -0.261  1.000 


*******************************************************************************
Fri Jan 30 14:23:18 2026


FIT:    data read from 'corrfunc.dat' u 1:column2[i]:column3[i] every ::0::(L-1)
        format = x:z:s
        #datapoints = 32
function used for fitting: f(x,a,mr,c)
	f(x,a,mr,c)=a*cosh((x-L/2)/mr)/mr+c
fitted parameters initialized with current variable values

iter      chisq       delta/lim  lambda   a             mr            c            
   0 1.1021194273e+03   0.00e+00  1.14e+02    9.127752e-23   3.330599e-01   4.550817e+00
2838 3.4466318031e+00  -2.06e-01  1.14e-14    3.200178e-10   7.942561e-01   4.683358e+00

After 2838 iterations the fit converged.
final sum of squares of residuals : 3.44663
rel. change during last iteration : -2.0615e-06

degrees of freedom    (FIT_NDF)                        : 29
rms of residuals      (FIT_STDFIT) = sqrt(WSSR/ndf)    : 0.344745
variance of residuals (reduced chisquare) = WSSR/ndf   : 0.118849
p-value of the Chisq distribution (FIT_P)              : 1

Final set of parameters            Asymptotic Standard Error
=======================            ==========================
a               = 3.20018e-10      +/- 6.111e-10    (191%)
mr              = 0.794256         +/- 0.07265      (9.146%)
c               = 4.68336          +/- 0.002186     (0.04667%)

correlation matrix of the fit parameters:
                a      mr     c      
a               1.000 
mr              1.000  1.000 
c              -0.598 -0.588  1.000 


*******************************************************************************
Fri Jan 30 14:49:37 2026


FIT:    data read from 'corrfunc.dat' u 1:column2[i]:column3[i] every ::0::(L-1)
        format = x:z:s
        #datapoints = 32
function used for fitting: f(x,a,mr,c)
	f(x,a,mr,c)=a*cosh((x-L/2)/mr)/mr+c
fitted parameters initialized with current variable values

iter      chisq       delta/lim  lambda   a             mr            c            
   0 1.2351036897e+09   0.00e+00  2.80e+04    1.000000e-01   2.100000e+00   1.000000e+00
  88 1.9908548232e+01  -3.37e-05  2.80e-02    2.628999e-13   5.823470e-01  -4.262244e-04

After 88 iterations the fit converged.
final sum of squares of residuals : 19.9085
rel. change during last iteration : -3.36877e-10

degrees of freedom    (FIT_NDF)                        : 29
rms of residuals      (FIT_STDFIT) = sqrt(WSSR/ndf)    : 0.828554
variance of residuals (reduced chisquare) = WSSR/ndf   : 0.686502
p-value of the Chisq distribution (FIT_P)              : 0.895747

Final set of parameters            Asymptotic Standard Error
=======================            ==========================
a               = 2.629e-13        +/- 1.453e-13    (55.26%)
mr              = 0.582347         +/- 0.01154      (1.981%)
c               = -0.000426224     +/- 0.0003193    (74.91%)

correlation matrix of the fit parameters:
                a      mr     c      
a               1.000 
mr              1.000  1.000 
c              -0.302 -0.298  1.000 


*******************************************************************************
Fri Jan 30 14:49:37 2026


FIT:    data read from 'corrfunc.dat' u 1:column2[i]:column3[i] every ::0::(L-1)
        format = x:z:s
        #datapoints = 32
function used for fitting: f(x,a,mr,c)
	f(x,a,mr,c)=a*cosh((x-L/2)/mr)/mr+c
fitted parameters initialized with current variable values

iter      chisq       delta/lim  lambda   a             mr            c            
   0 3.6718338793e+01   0.00e+00  2.89e+02    2.628999e-13   5.823470e-01  -4.262244e-04
   7 1.8253961232e+01  -1.06e-01  2.89e-05    3.523367e-13   5.880108e-01   8.198583e-04

After 7 iterations the fit converged.
final sum of squares of residuals : 18.254
rel. change during last iteration : -1.06159e-06

degrees of freedom    (FIT_NDF)                        : 29
rms of residuals      (FIT_STDFIT) = sqrt(WSSR/ndf)    : 0.793377
variance of residuals (reduced chisquare) = WSSR/ndf   : 0.629447
p-value of the Chisq distribution (FIT_P)              : 0.938932

Final set of parameters            Asymptotic Standard Error
=======================            ==========================
a               = 3.52337e-13      +/- 2.246e-13    (63.74%)
mr              = 0.588011         +/- 0.01351      (2.298%)
c               = 0.000819858      +/- 0.0003243    (39.56%)

correlation matrix of the fit parameters:
                a      mr     c      
a               1.000 
mr              1.000  1.000 
c              -0.284 -0.281  1.000 


*******************************************************************************
Fri Jan 30 14:49:37 2026


FIT:    data read from 'corrfunc.dat' u 1:column2[i]:column3[i] every ::0::(L-1)
        format = x:z:s
        #datapoints = 32
function used for fitting: f(x,a,mr,c)
	f(x,a,mr,c)=a*cosh((x-L/2)/mr)/mr+c
fitted parameters initialized with current variable values

iter      chisq       delta/lim  lambda   a             mr            c            
   0 2.4944527171e+01   0.00e+00  1.44e+02    3.523367e-13   5.880108e-01   8.198583e-04
 143 2.0384610076e+01  -3.48e-01  1.44e-02    6.463973e-13   6.002326e-01   4.536192e-04

After 143 iterations the fit converged.
final sum of squares of residuals : 20.3846
rel. change during last iteration : -3.48273e-06

degrees of freedom    (FIT_NDF)                        : 29
rms of residuals      (FIT_STDFIT) = sqrt(WSSR/ndf)    : 0.838402
variance of residuals (reduced chisquare) = WSSR/ndf   : 0.702918
p-value of the Chisq distribution (FIT_P)              : 0.88057

Final set of parameters            Asymptotic Standard Error
=======================            ==========================
a               = 6.46397e-13      +/- 4.236e-13    (65.54%)
mr              = 0.600233         +/- 0.01458      (2.428%)
c               = 0.000453619      +/- 0.0003225    (71.09%)

correlation matrix of the fit parameters:
                a      mr     c      
a               1.000 
mr              1.000  1.000 
c              -0.280 -0.275  1.000 


*******************************************************************************
Fri Jan 30 14:49:37 2026


FIT:    data read from 'corrfunc.dat' u 1:column2[i]:column3[i] every ::0::(L-1)
        format = x:z:s
        #datapoints = 32
function used for fitting: f(x,a,mr,c)
	f(x,a,mr,c)=a*cosh((x-L/2)/mr)/mr+c
fitted parameters initialized with current variable values

iter      chisq       delta/lim  lambda   a             mr            c            
   0 4.6410397319e+01   0.00e+00  2.08e+02    6.463973e-13   6.002326e-01   4.536192e-04
 272 1.6840573877e+01  -3.32e-01  2.08e-02    5.014552e-12   6.473993e-01  -1.114015e-04

After 272 iterations the fit converged.
final sum of squares of residuals : 16.8406
rel. change during last iteration : -3.31533e-06

degrees of freedom    (FIT_NDF)                        : 29
rms of residuals      (FIT_STDFIT) = sqrt(WSSR/ndf)    : 0.762043
variance of residuals (reduced chisquare) = WSSR/ndf   : 0.580709
p-value of the Chisq distribution (FIT_P)              : 0.964599

Final set of parameters            Asymptotic Standard Error
=======================            ==========================
a               = 5.01455e-12      +/- 1.981e-12    (39.51%)
mr              = 0.647399         +/- 0.01019      (1.574%)
c               = -0.000111402     +/- 0.0003224    (289.4%)

correlation matrix of the fit parameters:
                a      mr     c      
a               1.000 
mr              1.000  1.000 
c              -0.338 -0.332  1.000 


*******************************************************************************
Fri Jan 30 14:49:37 2026


FIT:    data read from 'corrfunc.dat' u 1:column2[i]:column3[i] every ::0::(L-1)
        format = x:z:s
        #datapoints = 32
function used for fitting: f(x,a,mr,c)
	f(x,a,mr,c)=a*cosh((x-L/2)/mr)/mr+c
fitted parameters initialized with current variable values

iter      chisq       delta/lim  lambda   a             mr            c            
   0 3.6151548232e+01   0.00e+00  1.64e+02    5.014552e-12   6.473993e-01  -1.114015e-04
  61 2.6987773901e+01  -8.86e-04  1.64e-05    9.139184e-12   6.618316e-01  -6.614712e-04

After 61 iterations the fit converged.
final sum of squares of residuals : 26.9878
rel. change during last iteration : -8.85937e-09

degrees of freedom    (FIT_NDF)                        : 29
rms of residuals      (FIT_STDFIT) = sqrt(WSSR/ndf)    : 0.964683
variance of residuals (reduced chisquare) = WSSR/ndf   : 0.930613
p-value of the Chisq distribution (FIT_P)              : 0.572365

Final set of parameters            Asymptotic Standard Error
=======================            ==========================
a               = 9.13918e-12      +/- 5.227e-12    (57.19%)
mr              = 0.661832         +/- 0.0154       (2.327%)
c               = -0.000661471     +/- 0.0004274    (64.61%)

correlation matrix of the fit parameters:
                a      mr     c      
a               1.000 
mr              1.000  1.000 
c              -0.317 -0.311  1.000 


*******************************************************************************
Fri Jan 30 14:49:37 2026


FIT:    data read from 'corrfunc.dat' u 1:column2[i]:column3[i] every ::0::(L-1)
        format = x:z:s
        #datapoints = 32
function used for fitting: f(x,a,mr,c)
	f(x,a,mr,c)=a*cosh((x-L/2)/mr)/mr+c
fitted parameters initialized with current variable values

iter      chisq       delta/lim  lambda   a             mr            c            
   0 4.3732175169e+01   0.00e+00  2.21e+02    9.139184e-12   6.618316e-01  -6.614712e-04
  26 1.9602677953e+01  -2.31e-01  2.21e-04    1.350603e-11   6.713095e-01   2.799257e-04

After 26 iterations the fit converged.
final sum of squares of residuals : 19.6027
rel. change during last iteration : -2.30983e-06

degrees of freedom    (FIT_NDF)                        : 29
rms of residuals      (FIT_STDFIT) = sqrt(WSSR/ndf)    : 0.822164
variance of residuals (reduced chisquare) = WSSR/ndf   : 0.675954
p-value of the Chisq distribution (FIT_P)              : 0.904848

Final set of parameters            Asymptotic Standard Error
=======================            ==========================
a               = 1.3506e-11       +/- 5.182e-12    (38.37%)
mr              = 0.67131          +/- 0.01061      (1.581%)
c               = 0.000279926      +/- 0.0003652    (130.5%)

correlation matrix of the fit parameters:
                a      mr     c      
a               1.000 
mr              1.000  1.000 
c              -0.310 -0.303  1.000 


*******************************************************************************
Fri Jan 30 14:49:37 2026


FIT:    data read from 'corrfunc.dat' u 1:column2[i]:column3[i] every ::0::(L-1)
        format = x:z:s
        #datapoints = 32
function used for fitting: f(x,a,mr,c)
	f(x,a,mr,c)=a*cosh((x-L/2)/mr)/mr+c
fitted parameters initialized with current variable values

iter      chisq       delta/lim  lambda   a             mr            c            
   0 5.8292051517e+01   0.00e+00  2.53e+02    1.350603e-11   6.713095e-01   2.799257e-04
 111 2.8016726137e+01  -1.61e-02  2.53e-04    7.811467e-12   6.553808e-01   3.215911e-04

After 111 iterations the fit converged.
final sum of squares of residuals : 28.0167
rel. change during last iteration : -1.60566e-07

degrees of freedom    (FIT_NDF)                        : 29
rms of residuals      (FIT_STDFIT) = sqrt(WSSR/ndf)    : 0.982901
variance of residuals (reduced chisquare) = WSSR/ndf   : 0.966094
p-value of the Chisq distribution (FIT_P)              : 0.517019

Final set of parameters            Asymptotic Standard Error
=======================            ==========================
a               = 7.81147e-12      +/- 3.642e-12    (46.63%)
mr              = 0.655381         +/- 0.01226      (1.87%)
c               = 0.000321591      +/- 0.0004312    (134.1%)

correlation matrix of the fit parameters:
                a      mr     c      
a               1.000 
mr              1.000  1.000 
c              -0.328 -0.323  1.000 


*******************************************************************************
Fri Jan 30 14:49:37 2026


FIT:    data read from 'corrfunc.dat' u 1:column2[i]:column3[i] every ::0::(L-1)
        format = x:z:s
        #datapoints = 32
function used for fitting: f(x,a,mr,c)
	f(x,a,mr,c)=a*cosh((x-L/2)/mr)/mr+c
fitted parameters initialized with current variable values

iter      chisq       delta/lim  lambda   a             mr            c            
   0 3.2780398258e+01   0.00e+00  1.86e+02    7.811467e-12   6.553808e-01   3.215911e-04
  10 3.0062850439e+01  -5.27e-03  1.86e-04    1.009471e-11   6.615423e-01  -5.218275e-05

After 10 iterations the fit converged.
final sum of squares of residuals : 30.0629
rel. change during last iteration : -5.26716e-08

degrees of freedom    (FIT_NDF)                        : 29
rms of residuals      (FIT_STDFIT) = sqrt(WSSR/ndf)    : 1.01816
variance of residuals (reduced chisquare) = WSSR/ndf   : 1.03665
p-value of the Chisq distribution (FIT_P)              : 0.410871

Final set of parameters            Asymptotic Standard Error
=======================            ==========================
a               = 1.00947e-11      +/- 5.981e-12    (59.25%)
mr              = 0.661542         +/- 0.0159       (2.404%)
c               = -5.21828e-05     +/- 0.0004815    (922.6%)

correlation matrix of the fit parameters:
                a      mr     c      
a               1.000 
mr              1.000  1.000 
c              -0.334 -0.329  1.000 


*******************************************************************************
Fri Jan 30 14:49:37 2026


FIT:    data read from 'corrfunc.dat' u 1:column2[i]:column3[i] every ::0::(L-1)
        format = x:z:s
        #datapoints = 32
function used for fitting: f(x,a,mr,c)
	f(x,a,mr,c)=a*cosh((x-L/2)/mr)/mr+c
fitted parameters initialized with current variable values

iter      chisq       delta/lim  lambda   a             mr            c            
   0 6.2137282910e+01   0.00e+00  2.36e+02    1.009471e-11   6.615423e-01  -5.218275e-05
 173 9.9612791263e+00  -1.50e-01  2.36e-05    1.972951e-11   6.779053e-01   6.313052e-04

After 173 iterations the fit converged.
final sum of squares of residuals : 9.96128
rel. change during last iteration : -1.49751e-06

degrees of freedom    (FIT_NDF)                        : 29
rms of residuals      (FIT_STDFIT) = sqrt(WSSR/ndf)    : 0.586082
variance of residuals (reduced chisquare) = WSSR/ndf   : 0.343492
p-value of the Chisq distribution (FIT_P)              : 0.999615

Final set of parameters            Asymptotic Standard Error
=======================            ==========================
a               = 1.97295e-11      +/- 5.698e-12    (28.88%)
mr              = 0.677905         +/- 0.008109     (1.196%)
c               = 0.000631305      +/- 0.0002696    (42.7%)

correlation matrix of the fit parameters:
                a      mr     c      
a               1.000 
mr              1.000  1.000 
c              -0.347 -0.342  1.000 


*******************************************************************************
Fri Jan 30 14:49:37 2026


FIT:    data read from 'corrfunc.dat' u 1:column2[i]:column3[i] every ::0::(L-1)
        format = x:z:s
        #datapoints = 32
function used for fitting: f(x,a,mr,c)
	f(x,a,mr,c)=a*cosh((x-L/2)/mr)/mr+c
fitted parameters initialized with current variable values

iter      chisq       delta/lim  lambda   a             mr            c            
   0 5.6604434719e+01   0.00e+00  2.00e+02    1.972951e-11   6.779053e-01   6.313052e-04
 226 2.0774578934e+01  -4.16e-01  2.00e-02    1.042450e-10   7.255545e-01   2.251518e-04

After 226 iterations the fit converged.
final sum of squares of residuals : 20.7746
rel. change during last iteration : -4.16276e-06

degrees of freedom    (FIT_NDF)                        : 29
rms of residuals      (FIT_STDFIT) = sqrt(WSSR/ndf)    : 0.846383
variance of residuals (reduced chisquare) = WSSR/ndf   : 0.716365
p-value of the Chisq distribution (FIT_P)              : 0.867229

Final set of parameters            Asymptotic Standard Error
=======================            ==========================
a               = 1.04245e-10      +/- 4.319e-11    (41.43%)
mr              = 0.725555         +/- 0.01331      (1.834%)
c               = 0.000225152      +/- 0.0004451    (197.7%)

correlation matrix of the fit parameters:
                a      mr     c      
a               1.000 
mr              1.000  1.000 
c              -0.364 -0.358  1.000 


*******************************************************************************
Fri Jan 30 14:49:38 2026


FIT:    data read from 'corrfunc.dat' u 1:column2[i]:column3[i] every ::0::(L-1)
        format = x:z:s
        #datapoints = 32
function used for fitting: f(x,a,mr,c)
	f(x,a,mr,c)=a*cosh((x-L/2)/mr)/mr+c
fitted parameters initialized with current variable values

iter      chisq       delta/lim  lambda   a             mr            c            
   0 2.9560533650e+01   0.00e+00  2.11e+02    1.042450e-10   7.255545e-01   2.251518e-04
   8 1.7939090601e+01  -2.09e-03  2.11e-05    1.249195e-10   7.301337e-01  -5.026772e-05

After 8 iterations the fit converged.
final sum of squares of residuals : 17.9391
rel. change during last iteration : -2.09098e-08

degrees of freedom    (FIT_NDF)                        : 29
rms of residuals      (FIT_STDFIT) = sqrt(WSSR/ndf)    : 0.786505
variance of residuals (reduced chisquare) = WSSR/ndf   : 0.618589
p-value of the Chisq distribution (FIT_P)              : 0.945504

Final set of parameters            Asymptotic Standard Error
=======================            ==========================
a               = 1.2492e-10       +/- 4.581e-11    (36.67%)
mr              = 0.730134         +/- 0.01192      (1.632%)
c               = -5.02677e-05     +/- 0.0004201    (835.7%)

correlation matrix of the fit parameters:
                a      mr     c      
a               1.000 
mr              1.000  1.000 
c              -0.327 -0.321  1.000 


*******************************************************************************
Fri Jan 30 14:49:38 2026


FIT:    data read from 'corrfunc.dat' u 1:column2[i]:column3[i] every ::0::(L-1)
        format = x:z:s
        #datapoints = 32
function used for fitting: f(x,a,mr,c)
	f(x,a,mr,c)=a*cosh((x-L/2)/mr)/mr+c
fitted parameters initialized with current variable values

iter      chisq       delta/lim  lambda   a             mr            c            
   0 3.8750830583e+01   0.00e+00  1.97e+02    1.249195e-10   7.301337e-01  -5.026772e-05
 116 3.4382039691e+01  -2.88e-01  1.97e-04    2.297109e-10   7.497846e-01   7.286362e-05

After 116 iterations the fit converged.
final sum of squares of residuals : 34.382
rel. change during last iteration : -2.87529e-06

degrees of freedom    (FIT_NDF)                        : 29
rms of residuals      (FIT_STDFIT) = sqrt(WSSR/ndf)    : 1.08885
variance of residuals (reduced chisquare) = WSSR/ndf   : 1.18559
p-value of the Chisq distribution (FIT_P)              : 0.22555

Final set of parameters            Asymptotic Standard Error
=======================            ==========================
a               = 2.29711e-10      +/- 1.107e-10    (48.2%)
mr              = 0.749785         +/- 0.01656      (2.209%)
c               = 7.28636e-05      +/- 0.0005695    (781.5%)

correlation matrix of the fit parameters:
                a      mr     c      
a               1.000 
mr              1.000  1.000 
c              -0.302 -0.296  1.000 


*******************************************************************************
Fri Jan 30 14:49:38 2026


FIT:    data read from 'corrfunc.dat' u 1:column2[i]:column3[i] every ::0::(L-1)
        format = x:z:s
        #datapoints = 32
function used for fitting: f(x,a,mr,c)
	f(x,a,mr,c)=a*cosh((x-L/2)/mr)/mr+c
fitted parameters initialized with current variable values

iter      chisq       delta/lim  lambda   a             mr            c            
   0 5.5181184996e+01   0.00e+00  1.59e+02    2.297109e-10   7.497846e-01   7.286362e-05
 115 2.5301233523e+01  -3.55e-04  1.59e-05    5.190068e-10   7.762851e-01   4.806052e-04

After 115 iterations the fit converged.
final sum of squares of residuals : 25.3012
rel. change during last iteration : -3.5543e-09

degrees of freedom    (FIT_NDF)                        : 29
rms of residuals      (FIT_STDFIT) = sqrt(WSSR/ndf)    : 0.934054
variance of residuals (reduced chisquare) = WSSR/ndf   : 0.872456
p-value of the Chisq distribution (FIT_P)              : 0.662526

Final set of parameters            Asymptotic Standard Error
=======================            ==========================
a               = 5.19007e-10      +/- 2.167e-10    (41.76%)
mr              = 0.776285         +/- 0.0154       (1.984%)
c               = 0.000480605      +/- 0.0005663    (117.8%)

correlation matrix of the fit parameters:
                a      mr     c      
a               1.000 
mr              1.000  1.000 
c              -0.360 -0.352  1.000 


*******************************************************************************
Fri Jan 30 14:49:38 2026


FIT:    data read from 'corrfunc.dat' u 1:column2[i]:column3[i] every ::0::(L-1)
        format = x:z:s
        #datapoints = 32
function used for fitting: f(x,a,mr,c)
	f(x,a,mr,c)=a*cosh((x-L/2)/mr)/mr+c
fitted parameters initialized with current variable values

iter      chisq       delta/lim  lambda   a             mr            c            
   0 5.4225595635e+01   0.00e+00  1.69e+02    5.190068e-10   7.762851e-01   4.806052e-04
 146 2.1177816293e+01  -4.75e-03  1.69e-04    1.769387e-09   8.211992e-01   4.467309e-04

After 146 iterations the fit converged.
final sum of squares of residuals : 21.1778
rel. change during last iteration : -4.74553e-08

degrees of freedom    (FIT_NDF)                        : 29
rms of residuals      (FIT_STDFIT) = sqrt(WSSR/ndf)    : 0.854558
variance of residuals (reduced chisquare) = WSSR/ndf   : 0.73027
p-value of the Chisq distribution (FIT_P)              : 0.85259

Final set of parameters            Asymptotic Standard Error
=======================            ==========================
a               = 1.76939e-09      +/- 6.361e-10    (35.95%)
mr              = 0.821199         +/- 0.01479      (1.801%)
c               = 0.000446731      +/- 0.000512     (114.6%)

correlation matrix of the fit parameters:
                a      mr     c      
a               1.000 
mr              1.000  1.000 
c              -0.301 -0.293  1.000 


*******************************************************************************
Fri Jan 30 14:49:38 2026


FIT:    data read from 'corrfunc.dat' u 1:column2[i]:column3[i] every ::0::(L-1)
        format = x:z:s
        #datapoints = 32
function used for fitting: f(x,a,mr,c)
	f(x,a,mr,c)=a*cosh((x-L/2)/mr)/mr+c
fitted parameters initialized with current variable values

iter      chisq       delta/lim  lambda   a             mr            c            
   0 2.7661590533e+01   0.00e+00  1.44e+02    1.769387e-09   8.211992e-01   4.467309e-04
   6 1.0339630153e+01  -6.71e-02  1.44e-04    1.952952e-09   8.228338e-01   1.541111e-04

After 6 iterations the fit converged.
final sum of squares of residuals : 10.3396
rel. change during last iteration : -6.70582e-07

degrees of freedom    (FIT_NDF)                        : 29
rms of residuals      (FIT_STDFIT) = sqrt(WSSR/ndf)    : 0.597109
variance of residuals (reduced chisquare) = WSSR/ndf   : 0.356539
p-value of the Chisq distribution (FIT_P)              : 0.999443

Final set of parameters            Asymptotic Standard Error
=======================            ==========================
a               = 1.95295e-09      +/- 5.366e-10    (27.47%)
mr              = 0.822834         +/- 0.01134      (1.378%)
c               = 0.000154111      +/- 0.0003945    (256%)

correlation matrix of the fit parameters:
                a      mr     c      
a               1.000 
mr              1.000  1.000 
c              -0.330 -0.322  1.000 


*******************************************************************************
Fri Jan 30 14:49:38 2026


FIT:    data read from 'corrfunc.dat' u 1:column2[i]:column3[i] every ::0::(L-1)
        format = x:z:s
        #datapoints = 32
function used for fitting: f(x,a,mr,c)
	f(x,a,mr,c)=a*cosh((x-L/2)/mr)/mr+c
fitted parameters initialized with current variable values

iter      chisq       delta/lim  lambda   a             mr            c            
   0 3.2476344622e+01   0.00e+00  1.42e+02    1.952952e-09   8.228338e-01   1.541111e-04
 112 1.5399793612e+01  -6.94e-03  1.42e-05    6.096649e-09   8.699013e-01  -4.538425e-04

After 112 iterations the fit converged.
final sum of squares of residuals : 15.3998
rel. change during last iteration : -6.93715e-08

degrees of freedom    (FIT_NDF)                        : 29
rms of residuals      (FIT_STDFIT) = sqrt(WSSR/ndf)    : 0.728716
variance of residuals (reduced chisquare) = WSSR/ndf   : 0.531027
p-value of the Chisq distribution (FIT_P)              : 0.981643

Final set of parameters            Asymptotic Standard Error
=======================            ==========================
a               = 6.09665e-09      +/- 1.911e-09    (31.35%)
mr              = 0.869901         +/- 0.01443      (1.658%)
c               = -0.000453843     +/- 0.000502     (110.6%)

correlation matrix of the fit parameters:
                a      mr     c      
a               1.000 
mr              0.999  1.000 
c              -0.350 -0.342  1.000 


*******************************************************************************
Fri Jan 30 14:49:38 2026


FIT:    data read from 'corrfunc.dat' u 1:column2[i]:column3[i] every ::0::(L-1)
        format = x:z:s
        #datapoints = 32
function used for fitting: f(x,a,mr,c)
	f(x,a,mr,c)=a*cosh((x-L/2)/mr)/mr+c
fitted parameters initialized with current variable values

iter      chisq       delta/lim  lambda   a             mr            c            
   0 1.3270635894e+02   0.00e+00  1.84e+02    6.096649e-09   8.699013e-01  -4.538425e-04
 103 2.1085103779e+01  -5.54e-04  1.84e-05    1.803944e-08   9.173661e-01   8.847360e-04

After 103 iterations the fit converged.
final sum of squares of residuals : 21.0851
rel. change during last iteration : -5.54181e-09

degrees of freedom    (FIT_NDF)                        : 29
rms of residuals      (FIT_STDFIT) = sqrt(WSSR/ndf)    : 0.852685
variance of residuals (reduced chisquare) = WSSR/ndf   : 0.727073
p-value of the Chisq distribution (FIT_P)              : 0.85603

Final set of parameters            Asymptotic Standard Error
=======================            ==========================
a               = 1.80394e-08      +/- 5.496e-09    (30.46%)
mr              = 0.917366         +/- 0.01546      (1.685%)
c               = 0.000884736      +/- 0.0006203    (70.11%)

correlation matrix of the fit parameters:
                a      mr     c      
a               1.000 
mr              1.000  1.000 
c              -0.361 -0.354  1.000 


*******************************************************************************
Fri Jan 30 14:49:38 2026


FIT:    data read from 'corrfunc.dat' u 1:column2[i]:column3[i] every ::0::(L-1)
        format = x:z:s
        #datapoints = 32
function used for fitting: f(x,a,mr,c)
	f(x,a,mr,c)=a*cosh((x-L/2)/mr)/mr+c
fitted parameters initialized with current variable values

iter      chisq       delta/lim  lambda   a             mr            c            
   0 4.9274729660e+01   0.00e+00  1.71e+02    1.803944e-08   9.173661e-01   8.847360e-04
  24 2.5934405424e+01  -3.80e-01  1.71e-04    2.898251e-08   9.392384e-01  -4.300095e-04

After 24 iterations the fit converged.
final sum of squares of residuals : 25.9344
rel. change during last iteration : -3.79562e-06

degrees of freedom    (FIT_NDF)                        : 29
rms of residuals      (FIT_STDFIT) = sqrt(WSSR/ndf)    : 0.945669
variance of residuals (reduced chisquare) = WSSR/ndf   : 0.89429
p-value of the Chisq distribution (FIT_P)              : 0.628995

Final set of parameters            Asymptotic Standard Error
=======================            ==========================
a               = 2.89825e-08      +/- 9.276e-09    (32.01%)
mr              = 0.939238         +/- 0.01711      (1.822%)
c               = -0.000430009     +/- 0.000728     (169.3%)

correlation matrix of the fit parameters:
                a      mr     c      
a               1.000 
mr              0.999  1.000 
c              -0.354 -0.345  1.000 


*******************************************************************************
Fri Jan 30 14:49:38 2026


FIT:    data read from 'corrfunc.dat' u 1:column2[i]:column3[i] every ::0::(L-1)
        format = x:z:s
        #datapoints = 32
function used for fitting: f(x,a,mr,c)
	f(x,a,mr,c)=a*cosh((x-L/2)/mr)/mr+c
fitted parameters initialized with current variable values

iter      chisq       delta/lim  lambda   a             mr            c            
   0 1.4216888503e+02   0.00e+00  1.84e+02    2.898251e-08   9.392384e-01  -4.300095e-04
 110 3.0110479567e+01  -5.82e-02  1.84e-04    9.161881e-08   9.989085e-01   4.154098e-05

After 110 iterations the fit converged.
final sum of squares of residuals : 30.1105
rel. change during last iteration : -5.82155e-07

degrees of freedom    (FIT_NDF)                        : 29
rms of residuals      (FIT_STDFIT) = sqrt(WSSR/ndf)    : 1.01897
variance of residuals (reduced chisquare) = WSSR/ndf   : 1.03829
p-value of the Chisq distribution (FIT_P)              : 0.408503

Final set of parameters            Asymptotic Standard Error
=======================            ==========================
a               = 9.16188e-08      +/- 2.769e-08    (30.22%)
mr              = 0.998908         +/- 0.01815      (1.817%)
c               = 4.1541e-05       +/- 0.0008431    (2029%)

correlation matrix of the fit parameters:
                a      mr     c      
a               1.000 
mr              0.999  1.000 
c              -0.371 -0.361  1.000 


*******************************************************************************
Fri Jan 30 14:49:38 2026


FIT:    data read from 'corrfunc.dat' u 1:column2[i]:column3[i] every ::0::(L-1)
        format = x:z:s
        #datapoints = 32
function used for fitting: f(x,a,mr,c)
	f(x,a,mr,c)=a*cosh((x-L/2)/mr)/mr+c
fitted parameters initialized with current variable values

iter      chisq       delta/lim  lambda   a             mr            c            
   0 4.4685066360e+01   0.00e+00  1.94e+02    9.161881e-08   9.989085e-01   4.154098e-05
  32 1.2160824580e+01  -1.08e-04  1.94e-06    1.245461e-07   1.014455e+00  -7.393872e-04

After 32 iterations the fit converged.
final sum of squares of residuals : 12.1608
rel. change during last iteration : -1.07909e-09

degrees of freedom    (FIT_NDF)                        : 29
rms of residuals      (FIT_STDFIT) = sqrt(WSSR/ndf)    : 0.647564
variance of residuals (reduced chisquare) = WSSR/ndf   : 0.419339
p-value of the Chisq distribution (FIT_P)              : 0.997438

Final set of parameters            Asymptotic Standard Error
=======================            ==========================
a               = 1.24546e-07      +/- 2.327e-08    (18.68%)
mr              = 1.01445          +/- 0.01155      (1.139%)
c               = -0.000739387     +/- 0.000624     (84.39%)

correlation matrix of the fit parameters:
                a      mr     c      
a               1.000 
mr              1.000  1.000 
c              -0.390 -0.379  1.000 


*******************************************************************************
Fri Jan 30 14:49:38 2026


FIT:    data read from 'corrfunc.dat' u 1:column2[i]:column3[i] every ::0::(L-1)
        format = x:z:s
        #datapoints = 32
function used for fitting: f(x,a,mr,c)
	f(x,a,mr,c)=a*cosh((x-L/2)/mr)/mr+c
fitted parameters initialized with current variable values

iter      chisq       delta/lim  lambda   a             mr            c            
   0 8.7809194545e+01   0.00e+00  1.17e+02    1.245461e-07   1.014455e+00  -7.393872e-04
  46 1.7338454092e+01  -2.07e-02  1.17e-04    3.418335e-07   1.074346e+00   9.351976e-04

After 46 iterations the fit converged.
final sum of squares of residuals : 17.3385
rel. change during last iteration : -2.07471e-07

degrees of freedom    (FIT_NDF)                        : 29
rms of residuals      (FIT_STDFIT) = sqrt(WSSR/ndf)    : 0.773226
variance of residuals (reduced chisquare) = WSSR/ndf   : 0.597878
p-value of the Chisq distribution (FIT_P)              : 0.95666

Final set of parameters            Asymptotic Standard Error
=======================            ==========================
a               = 3.41833e-07      +/- 9.645e-08    (28.22%)
mr              = 1.07435          +/- 0.01966      (1.83%)
c               = 0.000935198      +/- 0.0007223    (77.23%)

correlation matrix of the fit parameters:
                a      mr     c      
a               1.000 
mr              0.999  1.000 
c              -0.343 -0.333  1.000 


*******************************************************************************
Fri Jan 30 14:49:38 2026


FIT:    data read from 'corrfunc.dat' u 1:column2[i]:column3[i] every ::0::(L-1)
        format = x:z:s
        #datapoints = 32
function used for fitting: f(x,a,mr,c)
	f(x,a,mr,c)=a*cosh((x-L/2)/mr)/mr+c
fitted parameters initialized with current variable values

iter      chisq       delta/lim  lambda   a             mr            c            
   0 1.3647479340e+02   0.00e+00  1.29e+02    3.418335e-07   1.074346e+00   9.351976e-04
  58 1.6818710388e+01  -2.13e-02  1.29e-04    9.592587e-07   1.142358e+00   1.232593e-03

After 58 iterations the fit converged.
final sum of squares of residuals : 16.8187
rel. change during last iteration : -2.12515e-07

degrees of freedom    (FIT_NDF)                        : 29
rms of residuals      (FIT_STDFIT) = sqrt(WSSR/ndf)    : 0.761548
variance of residuals (reduced chisquare) = WSSR/ndf   : 0.579956
p-value of the Chisq distribution (FIT_P)              : 0.964922

Final set of parameters            Asymptotic Standard Error
=======================            ==========================
a               = 9.59259e-07      +/- 2.051e-07    (21.39%)
mr              = 1.14236          +/- 0.0169       (1.48%)
c               = 0.00123259       +/- 0.0008406    (68.19%)

correlation matrix of the fit parameters:
                a      mr     c      
a               1.000 
mr              0.999  1.000 
c              -0.409 -0.395  1.000 


*******************************************************************************
Fri Jan 30 14:49:38 2026


FIT:    data read from 'corrfunc.dat' u 1:column2[i]:column3[i] every ::0::(L-1)
        format = x:z:s
        #datapoints = 32
function used for fitting: f(x,a,mr,c)
	f(x,a,mr,c)=a*cosh((x-L/2)/mr)/mr+c
fitted parameters initialized with current variable values

iter      chisq       delta/lim  lambda   a             mr            c            
   0 1.0442293909e+02   0.00e+00  1.42e+02    9.592587e-07   1.142358e+00   1.232593e-03
  59 1.9904454730e+01  -1.13e-05  1.42e-04    2.887316e-06   1.227697e+00   3.912814e-04

After 59 iterations the fit converged.
final sum of squares of residuals : 19.9045
rel. change during last iteration : -1.13376e-10

degrees of freedom    (FIT_NDF)                        : 29
rms of residuals      (FIT_STDFIT) = sqrt(WSSR/ndf)    : 0.828469
variance of residuals (reduced chisquare) = WSSR/ndf   : 0.686361
p-value of the Chisq distribution (FIT_P)              : 0.895872

Final set of parameters            Asymptotic Standard Error
=======================            ==========================
a               = 2.88732e-06      +/- 5.829e-07    (20.19%)
mr              = 1.2277           +/- 0.01821      (1.483%)
c               = 0.000391281      +/- 0.0009315    (238.1%)

correlation matrix of the fit parameters:
                a      mr     c      
a               1.000 
mr              0.999  1.000 
c              -0.427 -0.414  1.000 


*******************************************************************************
Fri Jan 30 14:49:38 2026


FIT:    data read from 'corrfunc.dat' u 1:column2[i]:column3[i] every ::0::(L-1)
        format = x:z:s
        #datapoints = 32
function used for fitting: f(x,a,mr,c)
	f(x,a,mr,c)=a*cosh((x-L/2)/mr)/mr+c
fitted parameters initialized with current variable values

iter      chisq       delta/lim  lambda   a             mr            c            
   0 1.5972728817e+02   0.00e+00  1.45e+02    2.887316e-06   1.227697e+00   3.912814e-04
  53 7.5861550948e+00  -1.50e-03  1.45e-05    1.004661e-05   1.339848e+00  -1.622158e-03

After 53 iterations the fit converged.
final sum of squares of residuals : 7.58616
rel. change during last iteration : -1.5046e-08

degrees of freedom    (FIT_NDF)                        : 29
rms of residuals      (FIT_STDFIT) = sqrt(WSSR/ndf)    : 0.51146
variance of residuals (reduced chisquare) = WSSR/ndf   : 0.261592
p-value of the Chisq distribution (FIT_P)              : 0.999978

Final set of parameters            Asymptotic Standard Error
=======================            ==========================
a               = 1.00466e-05      +/- 1.095e-06    (10.9%)
mr              = 1.33985          +/- 0.01167      (0.871%)
c               = -0.00162216      +/- 0.0006414    (39.54%)

correlation matrix of the fit parameters:
                a      mr     c      
a               1.000 
mr              0.999  1.000 
c              -0.469 -0.453  1.000 


*******************************************************************************
Fri Jan 30 14:49:38 2026


FIT:    data read from 'corrfunc.dat' u 1:column2[i]:column3[i] every ::0::(L-1)
        format = x:z:s
        #datapoints = 32
function used for fitting: f(x,a,mr,c)
	f(x,a,mr,c)=a*cosh((x-L/2)/mr)/mr+c
fitted parameters initialized with current variable values

iter      chisq       delta/lim  lambda   a             mr            c            
   0 1.6619226995e+02   0.00e+00  1.25e+02    1.004661e-05   1.339848e+00  -1.622158e-03
  13 6.0066367338e+00  -1.49e-02  1.25e-04    1.814692e-05   1.394021e+00   1.425926e-03

After 13 iterations the fit converged.
final sum of squares of residuals : 6.00664
rel. change during last iteration : -1.49453e-07

degrees of freedom    (FIT_NDF)                        : 29
rms of residuals      (FIT_STDFIT) = sqrt(WSSR/ndf)    : 0.45511
variance of residuals (reduced chisquare) = WSSR/ndf   : 0.207125
p-value of the Chisq distribution (FIT_P)              : 0.999998

Final set of parameters            Asymptotic Standard Error
=======================            ==========================
a               = 1.81469e-05      +/- 1.85e-06     (10.2%)
mr              = 1.39402          +/- 0.01179      (0.8454%)
c               = 0.00142593       +/- 0.0006489    (45.51%)

correlation matrix of the fit parameters:
                a      mr     c      
a               1.000 
mr              0.999  1.000 
c              -0.476 -0.461  1.000 


*******************************************************************************
Fri Jan 30 14:49:38 2026


FIT:    data read from 'corrfunc.dat' u 1:column2[i]:column3[i] every ::0::(L-1)
        format = x:z:s
        #datapoints = 32
function used for fitting: f(x,a,mr,c)
	f(x,a,mr,c)=a*cosh((x-L/2)/mr)/mr+c
fitted parameters initialized with current variable values

iter      chisq       delta/lim  lambda   a             mr            c            
   0 3.4094524201e+02   0.00e+00  1.82e+02    1.814692e-05   1.394021e+00   1.425926e-03
  39 2.0353709541e+01  -1.96e-02  1.82e-04    5.091624e-05   1.506964e+00  -1.898529e-03

After 39 iterations the fit converged.
final sum of squares of residuals : 20.3537
rel. change during last iteration : -1.96334e-07

degrees of freedom    (FIT_NDF)                        : 29
rms of residuals      (FIT_STDFIT) = sqrt(WSSR/ndf)    : 0.837766
variance of residuals (reduced chisquare) = WSSR/ndf   : 0.701852
p-value of the Chisq distribution (FIT_P)              : 0.881592

Final set of parameters            Asymptotic Standard Error
=======================            ==========================
a               = 5.09162e-05      +/- 7.19e-06     (14.12%)
mr              = 1.50696          +/- 0.01877      (1.246%)
c               = -0.00189853      +/- 0.001209     (63.68%)

correlation matrix of the fit parameters:
                a      mr     c      
a               1.000 
mr              0.999  1.000 
c              -0.477 -0.462  1.000 


*******************************************************************************
Fri Jan 30 14:49:38 2026


FIT:    data read from 'corrfunc.dat' u 1:column2[i]:column3[i] every ::0::(L-1)
        format = x:z:s
        #datapoints = 32
function used for fitting: f(x,a,mr,c)
	f(x,a,mr,c)=a*cosh((x-L/2)/mr)/mr+c
fitted parameters initialized with current variable values

iter      chisq       delta/lim  lambda   a             mr            c            
   0 4.6216384653e+02   0.00e+00  1.36e+02    5.091624e-05   1.506964e+00  -1.898529e-03
  24 4.0815766040e+01  -3.17e-03  1.36e-04    1.457301e-04   1.639155e+00  -2.028617e-04

After 24 iterations the fit converged.
final sum of squares of residuals : 40.8158
rel. change during last iteration : -3.16626e-08

degrees of freedom    (FIT_NDF)                        : 29
rms of residuals      (FIT_STDFIT) = sqrt(WSSR/ndf)    : 1.18636
variance of residuals (reduced chisquare) = WSSR/ndf   : 1.40744
p-value of the Chisq distribution (FIT_P)              : 0.0714565

Final set of parameters            Asymptotic Standard Error
=======================            ==========================
a               = 0.00014573       +/- 2.875e-05    (19.73%)
mr              = 1.63915          +/- 0.0311       (1.898%)
c               = -0.000202862     +/- 0.00185      (911.9%)

correlation matrix of the fit parameters:
                a      mr     c      
a               1.000 
mr              0.999  1.000 
c              -0.517 -0.500  1.000 


*******************************************************************************
Fri Jan 30 14:49:38 2026


FIT:    data read from 'corrfunc.dat' u 1:column2[i]:column3[i] every ::0::(L-1)
        format = x:z:s
        #datapoints = 32
function used for fitting: f(x,a,mr,c)
	f(x,a,mr,c)=a*cosh((x-L/2)/mr)/mr+c
fitted parameters initialized with current variable values

iter      chisq       delta/lim  lambda   a             mr            c            
   0 4.1932998733e+02   0.00e+00  8.92e+01    1.457301e-04   1.639155e+00  -2.028617e-04
  38 2.7584486517e+01  -6.12e-04  8.92e-06    7.213111e-04   1.907564e+00  -2.279080e-03

After 38 iterations the fit converged.
final sum of squares of residuals : 27.5845
rel. change during last iteration : -6.11837e-09

degrees of freedom    (FIT_NDF)                        : 29
rms of residuals      (FIT_STDFIT) = sqrt(WSSR/ndf)    : 0.975289
variance of residuals (reduced chisquare) = WSSR/ndf   : 0.951189
p-value of the Chisq distribution (FIT_P)              : 0.540202

Final set of parameters            Asymptotic Standard Error
=======================            ==========================
a               = 0.000721311      +/- 0.0001196    (16.58%)
mr              = 1.90756          +/- 0.036        (1.887%)
c               = -0.00227908      +/- 0.002204     (96.73%)

correlation matrix of the fit parameters:
                a      mr     c      
a               1.000 
mr              0.998  1.000 
c              -0.563 -0.533  1.000 


*******************************************************************************
Fri Jan 30 14:49:38 2026


FIT:    data read from 'corrfunc.dat' u 1:column2[i]:column3[i] every ::0::(L-1)
        format = x:z:s
        #datapoints = 32
function used for fitting: f(x,a,mr,c)
	f(x,a,mr,c)=a*cosh((x-L/2)/mr)/mr+c
fitted parameters initialized with current variable values

iter      chisq       delta/lim  lambda   a             mr            c            
   0 3.8562367715e+02   0.00e+00  1.09e+02    7.213111e-04   1.907564e+00  -2.279080e-03
  17 1.8224151052e+01  -2.79e-04  1.09e-04    1.960602e-03   2.107863e+00  -4.363047e-03

After 17 iterations the fit converged.
final sum of squares of residuals : 18.2242
rel. change during last iteration : -2.78515e-09

degrees of freedom    (FIT_NDF)                        : 29
rms of residuals      (FIT_STDFIT) = sqrt(WSSR/ndf)    : 0.792729
variance of residuals (reduced chisquare) = WSSR/ndf   : 0.628419
p-value of the Chisq distribution (FIT_P)              : 0.939576

Final set of parameters            Asymptotic Standard Error
=======================            ==========================
a               = 0.0019606        +/- 0.000233     (11.89%)
mr              = 2.10786          +/- 0.03028      (1.437%)
c               = -0.00436305      +/- 0.001912     (43.81%)

correlation matrix of the fit parameters:
                a      mr     c      
a               1.000 
mr              0.998  1.000 
c              -0.587 -0.566  1.000 


*******************************************************************************
Fri Jan 30 14:49:38 2026


FIT:    data read from 'corrfunc.dat' u 1:column2[i]:column3[i] every ::0::(L-1)
        format = x:z:s
        #datapoints = 32
function used for fitting: f(x,a,mr,c)
	f(x,a,mr,c)=a*cosh((x-L/2)/mr)/mr+c
fitted parameters initialized with current variable values

iter      chisq       delta/lim  lambda   a             mr            c            
   0 7.7786815127e+02   0.00e+00  1.24e+02    1.960602e-03   2.107863e+00  -4.363047e-03
  13 1.3383233994e+01  -3.97e-02  1.24e-04    4.446230e-03   2.297313e+00   5.356185e-03

After 13 iterations the fit converged.
final sum of squares of residuals : 13.3832
rel. change during last iteration : -3.96619e-07

degrees of freedom    (FIT_NDF)                        : 29
rms of residuals      (FIT_STDFIT) = sqrt(WSSR/ndf)    : 0.679331
variance of residuals (reduced chisquare) = WSSR/ndf   : 0.461491
p-value of the Chisq distribution (FIT_P)              : 0.994081

Final set of parameters            Asymptotic Standard Error
=======================            ==========================
a               = 0.00444623       +/- 0.0003507    (7.888%)
mr              = 2.29731          +/- 0.02344      (1.02%)
c               = 0.00535618       +/- 0.001975     (36.87%)

correlation matrix of the fit parameters:
                a      mr     c      
a               1.000 
mr              0.998  1.000 
c              -0.646 -0.619  1.000 


*******************************************************************************
Fri Jan 30 14:49:38 2026


FIT:    data read from 'corrfunc.dat' u 1:column2[i]:column3[i] every ::0::(L-1)
        format = x:z:s
        #datapoints = 32
function used for fitting: f(x,a,mr,c)
	f(x,a,mr,c)=a*cosh((x-L/2)/mr)/mr+c
fitted parameters initialized with current variable values

iter      chisq       delta/lim  lambda   a             mr            c            
   0 1.1150673962e+03   0.00e+00  1.36e+02    4.446230e-03   2.297313e+00   5.356185e-03
  27 1.4946920044e+01  -2.08e-03  1.36e-04    1.370818e-02   2.626691e+00   3.268602e-03

After 27 iterations the fit converged.
final sum of squares of residuals : 14.9469
rel. change during last iteration : -2.07955e-08

degrees of freedom    (FIT_NDF)                        : 29
rms of residuals      (FIT_STDFIT) = sqrt(WSSR/ndf)    : 0.717921
variance of residuals (reduced chisquare) = WSSR/ndf   : 0.515411
p-value of the Chisq distribution (FIT_P)              : 0.985424

Final set of parameters            Asymptotic Standard Error
=======================            ==========================
a               = 0.0137082        +/- 0.001012     (7.382%)
mr              = 2.62669          +/- 0.02794      (1.064%)
c               = 0.0032686        +/- 0.00265      (81.07%)

correlation matrix of the fit parameters:
                a      mr     c      
a               1.000 
mr              0.998  1.000 
c              -0.690 -0.662  1.000 


*******************************************************************************
Fri Jan 30 14:49:38 2026


FIT:    data read from 'corrfunc.dat' u 1:column2[i]:column3[i] every ::0::(L-1)
        format = x:z:s
        #datapoints = 32
function used for fitting: f(x,a,mr,c)
	f(x,a,mr,c)=a*cosh((x-L/2)/mr)/mr+c
fitted parameters initialized with current variable values

iter      chisq       delta/lim  lambda   a             mr            c            
   0 1.2253512957e+03   0.00e+00  9.79e+01    1.370818e-02   2.626691e+00   3.268602e-03
  25 1.0126700380e+01  -9.26e-04  9.79e-05    4.435072e-02   3.089432e+00   1.100390e-02

After 25 iterations the fit converged.
final sum of squares of residuals : 10.1267
rel. change during last iteration : -9.2593e-09

degrees of freedom    (FIT_NDF)                        : 29
rms of residuals      (FIT_STDFIT) = sqrt(WSSR/ndf)    : 0.590929
variance of residuals (reduced chisquare) = WSSR/ndf   : 0.349197
p-value of the Chisq distribution (FIT_P)              : 0.999546

Final set of parameters            Asymptotic Standard Error
=======================            ==========================
a               = 0.0443507        +/- 0.002819     (6.356%)
mr              = 3.08943          +/- 0.03292      (1.065%)
c               = 0.0110039        +/- 0.002765     (25.13%)

correlation matrix of the fit parameters:
                a      mr     c      
a               1.000 
mr              0.998  1.000 
c              -0.799 -0.773  1.000 


*******************************************************************************
Fri Jan 30 14:49:38 2026


FIT:    data read from 'corrfunc.dat' u 1:column2[i]:column3[i] every ::0::(L-1)
        format = x:z:s
        #datapoints = 32
function used for fitting: f(x,a,mr,c)
	f(x,a,mr,c)=a*cosh((x-L/2)/mr)/mr+c
fitted parameters initialized with current variable values

iter      chisq       delta/lim  lambda   a             mr            c            
   0 1.3129919645e+03   0.00e+00  1.07e+02    4.435072e-02   3.089432e+00   1.100390e-02
  18 8.9424352519e+00  -2.76e-02  1.07e-04    1.278707e-01   3.636498e+00   6.897267e-03

After 18 iterations the fit converged.
final sum of squares of residuals : 8.94244
rel. change during last iteration : -2.76339e-07

degrees of freedom    (FIT_NDF)                        : 29
rms of residuals      (FIT_STDFIT) = sqrt(WSSR/ndf)    : 0.555302
variance of residuals (reduced chisquare) = WSSR/ndf   : 0.30836
p-value of the Chisq distribution (FIT_P)              : 0.999872

Final set of parameters            Asymptotic Standard Error
=======================            ==========================
a               = 0.127871         +/- 0.00806      (6.303%)
mr              = 3.6365           +/- 0.04244      (1.167%)
c               = 0.00689727       +/- 0.004414     (63.99%)

correlation matrix of the fit parameters:
                a      mr     c      
a               1.000 
mr              0.998  1.000 
c              -0.888 -0.869  1.000 


*******************************************************************************
Fri Jan 30 14:49:38 2026


FIT:    data read from 'corrfunc.dat' u 1:column2[i]:column3[i] every ::0::(L-1)
        format = x:z:s
        #datapoints = 32
function used for fitting: f(x,a,mr,c)
	f(x,a,mr,c)=a*cosh((x-L/2)/mr)/mr+c
fitted parameters initialized with current variable values

iter      chisq       delta/lim  lambda   a             mr            c            
   0 1.8019322583e+03   0.00e+00  9.67e+01    1.278707e-01   3.636498e+00   6.897267e-03
  12 1.9026964005e+01  -4.44e-01  9.67e-04    3.865240e-01   4.433633e+00   6.441614e-03

After 12 iterations the fit converged.
final sum of squares of residuals : 19.027
rel. change during last iteration : -4.44058e-06

degrees of freedom    (FIT_NDF)                        : 29
rms of residuals      (FIT_STDFIT) = sqrt(WSSR/ndf)    : 0.810001
variance of residuals (reduced chisquare) = WSSR/ndf   : 0.656102
p-value of the Chisq distribution (FIT_P)              : 0.920595

Final set of parameters            Asymptotic Standard Error
=======================            ==========================
a               = 0.386524         +/- 0.03359      (8.69%)
mr              = 4.43363          +/- 0.08141      (1.836%)
c               = 0.00644161       +/- 0.009219     (143.1%)

correlation matrix of the fit parameters:
                a      mr     c      
a               1.000 
mr              0.998  1.000 
c              -0.943 -0.930  1.000 


*******************************************************************************
Fri Jan 30 14:49:38 2026


FIT:    data read from 'corrfunc.dat' u 1:column2[i]:column3[i] every ::0::(L-1)
        format = x:z:s
        #datapoints = 32
function used for fitting: f(x,a,mr,c)
	f(x,a,mr,c)=a*cosh((x-L/2)/mr)/mr+c
fitted parameters initialized with current variable values

iter      chisq       delta/lim  lambda   a             mr            c            
   0 3.0945409790e+03   0.00e+00  1.10e+02    3.865240e-01   4.433633e+00   6.441614e-03
  25 1.0157656182e+01  -3.69e-01  1.10e-04    7.832770e-01   5.122007e+00   6.904548e-02

After 25 iterations the fit converged.
final sum of squares of residuals : 10.1577
rel. change during last iteration : -3.69109e-06

degrees of freedom    (FIT_NDF)                        : 29
rms of residuals      (FIT_STDFIT) = sqrt(WSSR/ndf)    : 0.591831
variance of residuals (reduced chisquare) = WSSR/ndf   : 0.350264
p-value of the Chisq distribution (FIT_P)              : 0.999532

Final set of parameters            Asymptotic Standard Error
=======================            ==========================
a               = 0.783277         +/- 0.05537      (7.069%)
mr              = 5.12201          +/- 0.08256      (1.612%)
c               = 0.0690455        +/- 0.01223      (17.72%)

correlation matrix of the fit parameters:
                a      mr     c      
a               1.000 
mr              0.998  1.000 
c              -0.963 -0.949  1.000 


*******************************************************************************
Fri Jan 30 14:49:38 2026


FIT:    data read from 'corrfunc.dat' u 1:column2[i]:column3[i] every ::0::(L-1)
        format = x:z:s
        #datapoints = 32
function used for fitting: f(x,a,mr,c)
	f(x,a,mr,c)=a*cosh((x-L/2)/mr)/mr+c
fitted parameters initialized with current variable values

iter      chisq       delta/lim  lambda   a             mr            c            
   0 4.5307847053e+03   0.00e+00  1.09e+02    7.832770e-01   5.122007e+00   6.904548e-02
   6 1.6025044049e+01  -4.36e-06  1.09e-04    2.050334e+00   6.471906e+00   1.154560e-01

After 6 iterations the fit converged.
final sum of squares of residuals : 16.025
rel. change during last iteration : -4.36421e-11

degrees of freedom    (FIT_NDF)                        : 29
rms of residuals      (FIT_STDFIT) = sqrt(WSSR/ndf)    : 0.743362
variance of residuals (reduced chisquare) = WSSR/ndf   : 0.552588
p-value of the Chisq distribution (FIT_P)              : 0.975252

Final set of parameters            Asymptotic Standard Error
=======================            ==========================
a               = 2.05033          +/- 0.2486       (12.13%)
mr              = 6.47191          +/- 0.2004       (3.096%)
c               = 0.115456         +/- 0.03433      (29.74%)

correlation matrix of the fit parameters:
                a      mr     c      
a               1.000 
mr              0.999  1.000 
c              -0.988 -0.980  1.000 


*******************************************************************************
Fri Jan 30 14:49:38 2026


FIT:    data read from 'corrfunc.dat' u 1:column2[i]:column3[i] every ::0::(L-1)
        format = x:z:s
        #datapoints = 32
function used for fitting: f(x,a,mr,c)
	f(x,a,mr,c)=a*cosh((x-L/2)/mr)/mr+c
fitted parameters initialized with current variable values

iter      chisq       delta/lim  lambda   a             mr            c            
   0 4.2439733006e+03   0.00e+00  8.87e+01    2.050334e+00   6.471906e+00   1.154560e-01
   7 1.7457532012e+01  -5.21e-06  8.87e-05    2.559863e+00   7.010418e+00   4.069980e-01

After 7 iterations the fit converged.
final sum of squares of residuals : 17.4575
rel. change during last iteration : -5.21161e-11

degrees of freedom    (FIT_NDF)                        : 29
rms of residuals      (FIT_STDFIT) = sqrt(WSSR/ndf)    : 0.775876
variance of residuals (reduced chisquare) = WSSR/ndf   : 0.601984
p-value of the Chisq distribution (FIT_P)              : 0.954588

Final set of parameters            Asymptotic Standard Error
=======================            ==========================
a               = 2.55986          +/- 0.4465       (17.44%)
mr              = 7.01042          +/- 0.3213       (4.583%)
c               = 0.406998         +/- 0.05384      (13.23%)

correlation matrix of the fit parameters:
                a      mr     c      
a               1.000 
mr              0.999  1.000 
c              -0.993 -0.987  1.000 


*******************************************************************************
Fri Jan 30 14:49:38 2026


FIT:    data read from 'corrfunc.dat' u 1:column2[i]:column3[i] every ::0::(L-1)
        format = x:z:s
        #datapoints = 32
function used for fitting: f(x,a,mr,c)
	f(x,a,mr,c)=a*cosh((x-L/2)/mr)/mr+c
fitted parameters initialized with current variable values

iter      chisq       delta/lim  lambda   a             mr            c            
   0 3.3594816586e+03   0.00e+00  7.02e+01    2.559863e+00   7.010418e+00   4.069980e-01
   6 1.3043058530e+01  -6.30e-02  7.02e-05    4.751811e+00   8.562513e+00   5.957362e-01

After 6 iterations the fit converged.
final sum of squares of residuals : 13.0431
rel. change during last iteration : -6.29827e-07

degrees of freedom    (FIT_NDF)                        : 29
rms of residuals      (FIT_STDFIT) = sqrt(WSSR/ndf)    : 0.670642
variance of residuals (reduced chisquare) = WSSR/ndf   : 0.449761
p-value of the Chisq distribution (FIT_P)              : 0.99525

Final set of parameters            Asymptotic Standard Error
=======================            ==========================
a               = 4.75181          +/- 1.244        (26.18%)
mr              = 8.56251          +/- 0.6321       (7.382%)
c               = 0.595736         +/- 0.111        (18.63%)

correlation matrix of the fit parameters:
                a      mr     c      
a               1.000 
mr              0.999  1.000 
c              -0.997 -0.995  1.000 


*******************************************************************************
Fri Jan 30 14:49:38 2026


FIT:    data read from 'corrfunc.dat' u 1:column2[i]:column3[i] every ::0::(L-1)
        format = x:z:s
        #datapoints = 32
function used for fitting: f(x,a,mr,c)
	f(x,a,mr,c)=a*cosh((x-L/2)/mr)/mr+c
fitted parameters initialized with current variable values

iter      chisq       delta/lim  lambda   a             mr            c            
   0 3.2734606515e+03   0.00e+00  7.89e+01    4.751811e+00   8.562513e+00   5.957362e-01
  53 2.2217983934e+01  -5.69e-03  7.89e-04    2.742150e+00   7.906714e+00   1.273980e+00

After 53 iterations the fit converged.
final sum of squares of residuals : 22.218
rel. change during last iteration : -5.69414e-08

degrees of freedom    (FIT_NDF)                        : 29
rms of residuals      (FIT_STDFIT) = sqrt(WSSR/ndf)    : 0.875293
variance of residuals (reduced chisquare) = WSSR/ndf   : 0.766137
p-value of the Chisq distribution (FIT_P)              : 0.811053

Final set of parameters            Asymptotic Standard Error
=======================            ==========================
a               = 2.74215          +/- 1.065        (38.84%)
mr              = 7.90671          +/- 0.8358       (10.57%)
c               = 1.27398          +/- 0.1092       (8.575%)

correlation matrix of the fit parameters:
                a      mr     c      
a               1.000 
mr              0.999  1.000 
c              -0.995 -0.991  1.000 


*******************************************************************************
Fri Jan 30 14:49:38 2026


FIT:    data read from 'corrfunc.dat' u 1:column2[i]:column3[i] every ::0::(L-1)
        format = x:z:s
        #datapoints = 32
function used for fitting: f(x,a,mr,c)
	f(x,a,mr,c)=a*cosh((x-L/2)/mr)/mr+c
fitted parameters initialized with current variable values

iter      chisq       delta/lim  lambda   a             mr            c            
   0 4.1734051473e+03   0.00e+00  5.20e+01    2.742150e+00   7.906714e+00   1.273980e+00
  18 1.1573030818e+01  -5.05e-03  5.20e-04    7.724333e-01   6.240219e+00   2.033673e+00

After 18 iterations the fit converged.
final sum of squares of residuals : 11.573
rel. change during last iteration : -5.05193e-08

degrees of freedom    (FIT_NDF)                        : 29
rms of residuals      (FIT_STDFIT) = sqrt(WSSR/ndf)    : 0.63172
variance of residuals (reduced chisquare) = WSSR/ndf   : 0.39907
p-value of the Chisq distribution (FIT_P)              : 0.99837

Final set of parameters            Asymptotic Standard Error
=======================            ==========================
a               = 0.772433         +/- 0.2813       (36.41%)
mr              = 6.24022          +/- 0.5684       (9.109%)
c               = 2.03367          +/- 0.04232      (2.081%)

correlation matrix of the fit parameters:
                a      mr     c      
a               1.000 
mr              0.999  1.000 
c              -0.985 -0.977  1.000 


*******************************************************************************
Fri Jan 30 14:49:38 2026


FIT:    data read from 'corrfunc.dat' u 1:column2[i]:column3[i] every ::0::(L-1)
        format = x:z:s
        #datapoints = 32
function used for fitting: f(x,a,mr,c)
	f(x,a,mr,c)=a*cosh((x-L/2)/mr)/mr+c
fitted parameters initialized with current variable values

iter      chisq       delta/lim  lambda   a             mr            c            
   0 5.0749969769e+03   0.00e+00  6.29e+01    7.724333e-01   6.240219e+00   2.033673e+00
   6 2.7412718597e+01  -1.66e-02  6.29e-05    5.809046e-01   6.562867e+00   2.489580e+00

After 6 iterations the fit converged.
final sum of squares of residuals : 27.4127
rel. change during last iteration : -1.65583e-07

degrees of freedom    (FIT_NDF)                        : 29
rms of residuals      (FIT_STDFIT) = sqrt(WSSR/ndf)    : 0.972248
variance of residuals (reduced chisquare) = WSSR/ndf   : 0.945266
p-value of the Chisq distribution (FIT_P)              : 0.549448

Final set of parameters            Asymptotic Standard Error
=======================            ==========================
a               = 0.580905         +/- 0.4311       (74.21%)
mr              = 6.56287          +/- 1.258        (19.16%)
c               = 2.48958          +/- 0.05754      (2.311%)

correlation matrix of the fit parameters:
                a      mr     c      
a               1.000 
mr              0.999  1.000 
c              -0.989 -0.982  1.000 


*******************************************************************************
Fri Jan 30 14:49:38 2026


FIT:    data read from 'corrfunc.dat' u 1:column2[i]:column3[i] every ::0::(L-1)
        format = x:z:s
        #datapoints = 32
function used for fitting: f(x,a,mr,c)
	f(x,a,mr,c)=a*cosh((x-L/2)/mr)/mr+c
fitted parameters initialized with current variable values

iter      chisq       delta/lim  lambda   a             mr            c            
   0 3.6580658339e+03   0.00e+00  6.35e+01    5.809046e-01   6.562867e+00   2.489580e+00
 252 3.4970768530e+01  -4.31e-01  6.35e-05    2.465836e-03   2.532217e+00   2.979049e+00

After 252 iterations the fit converged.
final sum of squares of residuals : 34.9708
rel. change during last iteration : -4.31249e-06

degrees of freedom    (FIT_NDF)                        : 29
rms of residuals      (FIT_STDFIT) = sqrt(WSSR/ndf)    : 1.09813
variance of residuals (reduced chisquare) = WSSR/ndf   : 1.20589
p-value of the Chisq distribution (FIT_P)              : 0.205501

Final set of parameters            Asymptotic Standard Error
=======================            ==========================
a               = 0.00246584       +/- 0.00273      (110.7%)
mr              = 2.53222          +/- 0.3795       (14.99%)
c               = 2.97905          +/- 0.01403      (0.471%)

correlation matrix of the fit parameters:
                a      mr     c      
a               1.000 
mr              0.999  1.000 
c              -0.821 -0.796  1.000 


*******************************************************************************
Fri Jan 30 14:49:38 2026


FIT:    data read from 'corrfunc.dat' u 1:column2[i]:column3[i] every ::0::(L-1)
        format = x:z:s
        #datapoints = 32
function used for fitting: f(x,a,mr,c)
	f(x,a,mr,c)=a*cosh((x-L/2)/mr)/mr+c
fitted parameters initialized with current variable values

iter      chisq       delta/lim  lambda   a             mr            c            
   0 4.0911437859e+03   0.00e+00  9.00e+01    2.465836e-03   2.532217e+00   2.979049e+00
 386 1.6488024064e+01  -2.53e-01  9.00e-01    2.049383e-06   1.289590e+00   3.257805e+00

After 386 iterations the fit converged.
final sum of squares of residuals : 16.488
rel. change during last iteration : -2.52611e-06

degrees of freedom    (FIT_NDF)                        : 29
rms of residuals      (FIT_STDFIT) = sqrt(WSSR/ndf)    : 0.754024
variance of residuals (reduced chisquare) = WSSR/ndf   : 0.568553
p-value of the Chisq distribution (FIT_P)              : 0.969548

Final set of parameters            Asymptotic Standard Error
=======================            ==========================
a               = 2.04938e-06      +/- 2.634e-06    (128.5%)
mr              = 1.28959          +/- 0.1257       (9.745%)
c               = 3.25781          +/- 0.004456     (0.1368%)

correlation matrix of the fit parameters:
                a      mr     c      
a               1.000 
mr              0.999  1.000 
c              -0.657 -0.638  1.000 


*******************************************************************************
Fri Jan 30 14:49:38 2026


FIT:    data read from 'corrfunc.dat' u 1:column2[i]:column3[i] every ::0::(L-1)
        format = x:z:s
        #datapoints = 32
function used for fitting: f(x,a,mr,c)
	f(x,a,mr,c)=a*cosh((x-L/2)/mr)/mr+c
fitted parameters initialized with current variable values

iter      chisq       delta/lim  lambda   a             mr            c            
   0 1.1111902911e+03   0.00e+00  7.22e+01    2.049383e-06   1.289590e+00   3.257805e+00
 139 2.0710082142e+01  -5.26e-01  7.22e-03    1.547162e-05   1.539504e+00   3.414830e+00

After 139 iterations the fit converged.
final sum of squares of residuals : 20.7101
rel. change during last iteration : -5.26146e-06

degrees of freedom    (FIT_NDF)                        : 29
rms of residuals      (FIT_STDFIT) = sqrt(WSSR/ndf)    : 0.845068
variance of residuals (reduced chisquare) = WSSR/ndf   : 0.714141
p-value of the Chisq distribution (FIT_P)              : 0.869491

Final set of parameters            Asymptotic Standard Error
=======================            ==========================
a               = 1.54716e-05      +/- 3.252e-05    (210.2%)
mr              = 1.5395           +/- 0.2907       (18.89%)
c               = 3.41483          +/- 0.006465     (0.1893%)

correlation matrix of the fit parameters:
                a      mr     c      
a               1.000 
mr              0.999  1.000 
c              -0.632 -0.611  1.000 


*******************************************************************************
Fri Jan 30 14:49:38 2026


FIT:    data read from 'corrfunc.dat' u 1:column2[i]:column3[i] every ::0::(L-1)
        format = x:z:s
        #datapoints = 32
function used for fitting: f(x,a,mr,c)
	f(x,a,mr,c)=a*cosh((x-L/2)/mr)/mr+c
fitted parameters initialized with current variable values

iter      chisq       delta/lim  lambda   a             mr            c            
   0 1.2416545763e+03   0.00e+00  6.63e+01    1.547162e-05   1.539504e+00   3.414830e+00
 526 7.6087069471e+00  -5.88e-01  6.63e-01    8.929734e-08   1.047307e+00   3.611888e+00

After 526 iterations the fit converged.
final sum of squares of residuals : 7.60871
rel. change during last iteration : -5.88083e-06

degrees of freedom    (FIT_NDF)                        : 29
rms of residuals      (FIT_STDFIT) = sqrt(WSSR/ndf)    : 0.51222
variance of residuals (reduced chisquare) = WSSR/ndf   : 0.262369
p-value of the Chisq distribution (FIT_P)              : 0.999977

Final set of parameters            Asymptotic Standard Error
=======================            ==========================
a               = 8.92973e-08      +/- 1.439e-07    (161.1%)
mr              = 1.04731          +/- 0.1047       (9.999%)
c               = 3.61189          +/- 0.004915     (0.1361%)

correlation matrix of the fit parameters:
                a      mr     c      
a               1.000 
mr              1.000  1.000 
c              -0.686 -0.671  1.000 


*******************************************************************************
Fri Jan 30 14:49:39 2026


FIT:    data read from 'corrfunc.dat' u 1:column2[i]:column3[i] every ::0::(L-1)
        format = x:z:s
        #datapoints = 32
function used for fitting: f(x,a,mr,c)
	f(x,a,mr,c)=a*cosh((x-L/2)/mr)/mr+c
fitted parameters initialized with current variable values

iter      chisq       delta/lim  lambda   a             mr            c            
   0 2.2707537891e+03   0.00e+00  8.57e+01    8.929734e-08   1.047307e+00   3.611888e+00
  10 8.0862407883e+00  -6.11e-01  8.57e-05    7.222342e-08   1.044085e+00   3.829446e+00

After 10 iterations the fit converged.
final sum of squares of residuals : 8.08624
rel. change during last iteration : -6.10849e-06

degrees of freedom    (FIT_NDF)                        : 29
rms of residuals      (FIT_STDFIT) = sqrt(WSSR/ndf)    : 0.528049
variance of residuals (reduced chisquare) = WSSR/ndf   : 0.278836
p-value of the Chisq distribution (FIT_P)              : 0.999956

Final set of parameters            Asymptotic Standard Error
=======================            ==========================
a               = 7.22234e-08      +/- 1.245e-07    (172.3%)
mr              = 1.04408          +/- 0.112        (10.72%)
c               = 3.82945          +/- 0.003926     (0.1025%)

correlation matrix of the fit parameters:
                a      mr     c      
a               1.000 
mr              0.999  1.000 
c              -0.666 -0.651  1.000 


*******************************************************************************
Fri Jan 30 14:49:39 2026


FIT:    data read from 'corrfunc.dat' u 1:column2[i]:column3[i] every ::0::(L-1)
        format = x:z:s
        #datapoints = 32
function used for fitting: f(x,a,mr,c)
	f(x,a,mr,c)=a*cosh((x-L/2)/mr)/mr+c
fitted parameters initialized with current variable values

iter      chisq       delta/lim  lambda   a             mr            c            
   0 1.3921695154e+04   0.00e+00  2.24e+02    7.222342e-08   1.044085e+00   3.829446e+00
 122 9.3643754243e+00  -9.50e-01  2.24e+00    3.216288e-13   5.955449e-01   4.041333e+00

After 122 iterations the fit converged.
final sum of squares of residuals : 9.36438
rel. change during last iteration : -9.50225e-06

degrees of freedom    (FIT_NDF)                        : 29
rms of residuals      (FIT_STDFIT) = sqrt(WSSR/ndf)    : 0.568251
variance of residuals (reduced chisquare) = WSSR/ndf   : 0.322909
p-value of the Chisq distribution (FIT_P)              : 0.999793

Final set of parameters            Asymptotic Standard Error
=======================            ==========================
a               = 3.21629e-13      +/- 9.396e-13    (292.1%)
mr              = 0.595545         +/- 0.06397      (10.74%)
c               = 4.04133          +/- 0.001076     (0.02661%)

correlation matrix of the fit parameters:
                a      mr     c      
a               1.000 
mr              1.000  1.000 
c              -0.306 -0.301  1.000 


*******************************************************************************
Fri Jan 30 14:49:39 2026


FIT:    data read from 'corrfunc.dat' u 1:column2[i]:column3[i] every ::0::(L-1)
        format = x:z:s
        #datapoints = 32
function used for fitting: f(x,a,mr,c)
	f(x,a,mr,c)=a*cosh((x-L/2)/mr)/mr+c
fitted parameters initialized with current variable values

iter      chisq       delta/lim  lambda   a             mr            c            
   0 8.3451138922e+03   0.00e+00  2.26e+02    3.216288e-13   5.955449e-01   4.041333e+00
 121 1.0402320019e+01  -9.75e-01  2.26e-01    8.989417e-14   5.710510e-01   4.209810e+00

After 121 iterations the fit converged.
final sum of squares of residuals : 10.4023
rel. change during last iteration : -9.74534e-06

degrees of freedom    (FIT_NDF)                        : 29
rms of residuals      (FIT_STDFIT) = sqrt(WSSR/ndf)    : 0.598916
variance of residuals (reduced chisquare) = WSSR/ndf   : 0.358701
p-value of the Chisq distribution (FIT_P)              : 0.999409

Final set of parameters            Asymptotic Standard Error
=======================            ==========================
a               = 8.98942e-14      +/- 3.557e-13    (395.7%)
mr              = 0.571051         +/- 0.07942      (13.91%)
c               = 4.20981          +/- 0.001192     (0.02831%)

correlation matrix of the fit parameters:
                a      mr     c      
a               1.000 
mr              1.000  1.000 
c              -0.324 -0.321  1.000 


*******************************************************************************
Fri Jan 30 14:49:39 2026


FIT:    data read from 'corrfunc.dat' u 1:column2[i]:column3[i] every ::0::(L-1)
        format = x:z:s
        #datapoints = 32
function used for fitting: f(x,a,mr,c)
	f(x,a,mr,c)=a*cosh((x-L/2)/mr)/mr+c
fitted parameters initialized with current variable values

iter      chisq       delta/lim  lambda   a             mr            c            
   0 1.0594764979e+04   0.00e+00  2.81e+02    8.989417e-14   5.710510e-01   4.209810e+00
 409 6.7578572401e+00  -9.68e-01  2.81e+00    1.119993e-15   4.977303e-01   4.369491e+00

After 409 iterations the fit converged.
final sum of squares of residuals : 6.75786
rel. change during last iteration : -9.68497e-06

degrees of freedom    (FIT_NDF)                        : 29
rms of residuals      (FIT_STDFIT) = sqrt(WSSR/ndf)    : 0.482731
variance of residuals (reduced chisquare) = WSSR/ndf   : 0.23303
p-value of the Chisq distribution (FIT_P)              : 0.999994

Final set of parameters            Asymptotic Standard Error
=======================            ==========================
a               = 1.11999e-15      +/- 4.389e-15    (391.9%)
mr              = 0.49773          +/- 0.05997      (12.05%)
c               = 4.36949          +/- 0.0007972    (0.01825%)

correlation matrix of the fit parameters:
                a      mr     c      
a               1.000 
mr              1.000  1.000 
c              -0.293 -0.291  1.000 


*******************************************************************************
Fri Jan 30 14:49:39 2026


FIT:    data read from 'corrfunc.dat' u 1:column2[i]:column3[i] every ::0::(L-1)
        format = x:z:s
        #datapoints = 32
function used for fitting: f(x,a,mr,c)
	f(x,a,mr,c)=a*cosh((x-L/2)/mr)/mr+c
fitted parameters initialized with current variable values

iter      chisq       delta/lim  lambda   a             mr            c            
   0 7.8611651389e+03   0.00e+00  2.20e+02    1.119993e-15   4.977303e-01   4.369491e+00
 405 7.1048229550e+00  -9.92e-01  2.20e+00    9.127752e-23   3.330599e-01   4.550817e+00

After 405 iterations the fit converged.
final sum of squares of residuals : 7.10482
rel. change during last iteration : -9.91828e-06

degrees of freedom    (FIT_NDF)                        : 29
rms of residuals      (FIT_STDFIT) = sqrt(WSSR/ndf)    : 0.494969
variance of residuals (reduced chisquare) = WSSR/ndf   : 0.244994
p-value of the Chisq distribution (FIT_P)              : 0.999989

Final set of parameters            Asymptotic Standard Error
=======================            ==========================
a               = 9.12775e-23      +/- 1.325e-21    (1452%)
mr              = 0.33306          +/- 0.1012       (30.38%)
c               = 4.55082          +/- 0.001056     (0.02321%)

correlation matrix of the fit parameters:
                a      mr     c      
a               1.000 
mr              1.000  1.000 
c              -0.262 -0.261  1.000 


*******************************************************************************
Fri Jan 30 14:49:39 2026


FIT:    data read from 'corrfunc.dat' u 1:column2[i]:column3[i] every ::0::(L-1)
        format = x:z:s
        #datapoints = 32
function used for fitting: f(x,a,mr,c)
	f(x,a,mr,c)=a*cosh((x-L/2)/mr)/mr+c
fitted parameters initialized with current variable values

iter      chisq       delta/lim  lambda   a             mr            c            
   0 1.1021194273e+03   0.00e+00  1.14e+02    9.127752e-23   3.330599e-01   4.550817e+00
2838 3.4466318031e+00  -2.06e-01  1.14e-14    3.200178e-10   7.942561e-01   4.683358e+00

After 2838 iterations the fit converged.
final sum of squares of residuals : 3.44663
rel. change during last iteration : -2.0615e-06

degrees of freedom    (FIT_NDF)                        : 29
rms of residuals      (FIT_STDFIT) = sqrt(WSSR/ndf)    : 0.344745
variance of residuals (reduced chisquare) = WSSR/ndf   : 0.118849
p-value of the Chisq distribution (FIT_P)              : 1

Final set of parameters            Asymptotic Standard Error
=======================            ==========================
a               = 3.20018e-10      +/- 6.111e-10    (191%)
mr              = 0.794256         +/- 0.07265      (9.146%)
c               = 4.68336          +/- 0.002186     (0.04667%)

correlation matrix of the fit parameters:
                a      mr     c      
a               1.000 
mr              1.000  1.000 
c              -0.598 -0.588  1.000 


*******************************************************************************
Fri Jan 30 14:55:21 2026


FIT:    data read from 'results.dat' u 1:2:3
        format = x:z:s
        x range restricted to [-3.00000 : 2.00000]
        #datapoints = 31
function used for fitting: f(x)
	f(x)=b/log(tanh(a*(x-c)))
fitted parameters initialized with current variable values

iter      chisq       delta/lim  lambda   a             b             c            
   0 3.6132077811e+05   0.00e+00  1.01e+02    1.000000e+00   1.000000e+00   1.000000e+00
   4 1.4855773372e+05   0.00e+00  1.01e-01    4.046716e+00  -4.133348e+00   6.004285e+00

After 4 iterations the fit converged.
final sum of squares of residuals : 148558
rel. change during last iteration : 0

degrees of freedom    (FIT_NDF)                        : 28
rms of residuals      (FIT_STDFIT) = sqrt(WSSR/ndf)    : 72.8398
variance of residuals (reduced chisquare) = WSSR/ndf   : 5305.63
p-value of the Chisq distribution (FIT_P)              : 0

Final set of parameters            Asymptotic Standard Error
=======================            ==========================
a               = 4.04672          +/- 5.279e+14    (1.304e+16%)
b               = -4.13335         +/- 2.075e+16    (5.02e+17%)
c               = 6.00428          +/- 1.247e+15    (2.077e+16%)

correlation matrix of the fit parameters:
                a      b      c      
a               1.000 
b               0.962  1.000 
c              -0.988 -0.991  1.000 


*******************************************************************************
Fri Jan 30 14:55:42 2026


FIT:    data read from 'results.dat' u 1:2:3
        format = x:z:s
        x range restricted to [-3.00000 : 2.00000]
        #datapoints = 31
function used for fitting: f(x)
	f(x)=b/log(tanh(a*(x-c)))
fitted parameters initialized with current variable values

iter      chisq       delta/lim  lambda   a             b             c            
   0 1.4855773372e+05   0.00e+00  1.08e-12    4.046716e+00  -4.133348e+00   6.004285e+00
   1 1.4855773372e+05  -2.12e-09  1.08e-05    3.838328e+00  -4.138875e+00   5.632510e+00

After 1 iterations the fit converged.
final sum of squares of residuals : 148558
rel. change during last iteration : -2.11582e-14

degrees of freedom    (FIT_NDF)                        : 28
rms of residuals      (FIT_STDFIT) = sqrt(WSSR/ndf)    : 72.8398
variance of residuals (reduced chisquare) = WSSR/ndf   : 5305.63
p-value of the Chisq distribution (FIT_P)              : 0

Final set of parameters            Asymptotic Standard Error
=======================            ==========================
a               = 3.83833          +/- 2.434e+13    (6.34e+14%)
b               = -4.13887         +/- 2.144e+15    (5.179e+16%)
c               = 5.63251          +/- 6.814e+13    (1.21e+15%)

correlation matrix of the fit parameters:
                a      b      c      
a               1.000 
b              -0.208  1.000 
c              -0.145 -0.938  1.000 


*******************************************************************************
Fri Jan 30 14:56:01 2026


FIT:    data read from 'results.dat' u 1:2:3
        format = x:z:s
        x range restricted to [-2.00000 : 1.00000]
        #datapoints = 19
function used for fitting: f(x)
	f(x)=b/log(tanh(a*(x-c)))
fitted parameters initialized with current variable values

iter      chisq       delta/lim  lambda   a             b             c            
   0 1.1266134330e+05   0.00e+00  9.69e-13    3.838328e+00  -4.138875e+00   5.632510e+00

Current data point
=========================
#               = 1 out of 19
x               = -6.53176e+13   
z               = 0.821199       

Current set of parameters
=========================
a               = -6.53176e+13   
b               = -1.7498e+11    
c               = 9.97732e+11    

BREAK: Undefined value during function evaluation

*******************************************************************************
Fri Jan 30 14:56:05 2026


FIT:    data read from 'results.dat' u 1:2:3
        format = x:z:s
        x range restricted to [-3.00000 : 1.00000]
        #datapoints = 25
function used for fitting: f(x)
	f(x)=b/log(tanh(a*(x-c)))
fitted parameters initialized with current variable values


Current data point
=========================
#               = 1 out of 25
x               = -6.53176e+13   
z               = 0.821199       

Current set of parameters
=========================
a               = -6.53176e+13   
b               = -1.7498e+11    
c               = 9.97732e+11    

BREAK: Undefined value during function evaluation

*******************************************************************************
Fri Jan 30 14:56:17 2026


FIT:    data read from 'results.dat' u 1:2:3
        format = x:z:s
        x range restricted to [-3.00000 : 2.00000]
        #datapoints = 31
function used for fitting: f(x)
	f(x)=b/log(tanh(a*(x-c)))
fitted parameters initialized with current variable values


Current data point
=========================
#               = 1 out of 31
x               = -6.53176e+13   
z               = 0.661542       

Current set of parameters
=========================
a               = -6.53176e+13   
b               = -1.7498e+11    
c               = 9.97732e+11    

BREAK: Undefined value during function evaluation

*******************************************************************************
Fri Jan 30 14:56:33 2026


FIT:    data read from 'results.dat' u 1:2:3
        format = x:z:s
        x range restricted to [-2.00000 : 1.00000]
        #datapoints = 19
function used for fitting: f(x)
	f(x)=b/log(tanh(a*(x-c)))
fitted parameters initialized with current variable values

iter      chisq       delta/lim  lambda   a             b             c            
   0 1.1842271940e+05   0.00e+00  4.61e+00    1.000000e+00   1.000000e+00   1.000000e+00

Current data point
=========================
#               = 1 out of 19
x               = 18.2475        
z               = 0.821199       

Current set of parameters
=========================
a               = 18.2475        
b               = -3.17592       
c               = -0.627332      

BREAK: Undefined value during function evaluation

*******************************************************************************
Fri Jan 30 14:56:48 2026


FIT:    data read from 'results.dat' u 1:2:3
        format = x:z:s
        x range restricted to [-3.00000 : 2.00000]
        #datapoints = 31
function used for fitting: f(x)
	f(x)=b/log(tanh(a*(x-c)))
fitted parameters initialized with current variable values

iter      chisq       delta/lim  lambda   a             b             c            
   0 3.6132077811e+05   0.00e+00  1.01e+02    1.000000e+00   1.000000e+00   1.000000e+00
   4 1.4855773372e+05   0.00e+00  1.01e-01    4.046716e+00  -4.133348e+00   6.004285e+00

After 4 iterations the fit converged.
final sum of squares of residuals : 148558
rel. change during last iteration : 0

degrees of freedom    (FIT_NDF)                        : 28
rms of residuals      (FIT_STDFIT) = sqrt(WSSR/ndf)    : 72.8398
variance of residuals (reduced chisquare) = WSSR/ndf   : 5305.63
p-value of the Chisq distribution (FIT_P)              : 0

Final set of parameters            Asymptotic Standard Error
=======================            ==========================
a               = 4.04672          +/- 5.279e+14    (1.304e+16%)
b               = -4.13335         +/- 2.075e+16    (5.02e+17%)
c               = 6.00428          +/- 1.247e+15    (2.077e+16%)

correlation matrix of the fit parameters:
                a      b      c      
a               1.000 
b               0.962  1.000 
c              -0.988 -0.991  1.000 


*******************************************************************************
Fri Jan 30 14:57:40 2026


FIT:    data read from 'results.dat' u 1:2:3
        format = x:z:s
        x range restricted to [-3.00000 : 2.00000]
        #datapoints = 31
function used for fitting: f(x)
	f(x)=b/log(tanh(a*(x-c)))
fitted parameters initialized with current variable values

iter      chisq       delta/lim  lambda   a             b             c            
   0 8.4688671340e+12   0.00e+00  3.81e+06    1.000000e+00  -1.000000e+00  -3.500000e+00
  11 1.4855773373e+05  -2.46e-08  3.81e-02    9.700851e-01   1.854760e+00   1.317586e+01

After 11 iterations the fit converged.
final sum of squares of residuals : 148558
rel. change during last iteration : -2.4567e-13

degrees of freedom    (FIT_NDF)                        : 28
rms of residuals      (FIT_STDFIT) = sqrt(WSSR/ndf)    : 72.8398
variance of residuals (reduced chisquare) = WSSR/ndf   : 5305.63
p-value of the Chisq distribution (FIT_P)              : 0

Final set of parameters            Asymptotic Standard Error
=======================            ==========================
a               = 0.970085         +/- 1.351e+10    (1.393e+12%)
b               = 1.85476          +/- 1.241e+15    (6.693e+16%)
c               = 13.1759          +/- 3.494e+14    (2.652e+15%)

correlation matrix of the fit parameters:
                a      b      c      
a               1.000 
b              -0.345  1.000 
c              -0.345  1.000  1.000 


*******************************************************************************
Fri Jan 30 15:00:00 2026


FIT:    data read from 'results.dat' u 1:2:3
        format = x:z:s
        x range restricted to [-3.00000 : 2.00000]
        #datapoints = 31
function used for fitting: f(x)
	f(x)=b/log(tanh(a/(x-c)))
fitted parameters initialized with current variable values

iter      chisq       delta/lim  lambda   a             b             c            
   0 2.2402748143e+05   0.00e+00  9.98e+00    9.700851e-01   1.854760e+00   1.317586e+01

Current data point
=========================
#               = 29 out of 31
x               = 2.20396        
z               = 6.47191        

Current set of parameters
=========================
a               = 2.20396        
b               = -20.8636       
c               = -2.65042       

BREAK: Undefined value during function evaluation

*******************************************************************************
Fri Jan 30 15:00:08 2026


FIT:    data read from 'corrfunc.dat' u 1:column2[i]:column3[i] every ::0::(L-1)
        format = x:z:s
        #datapoints = 32
function used for fitting: f(x,a,mr,c)
	f(x,a,mr,c)=a*cosh((x-L/2)/mr)/mr+c
fitted parameters initialized with current variable values

iter      chisq       delta/lim  lambda   a             mr            c            
   0 1.2351036897e+09   0.00e+00  2.80e+04    1.000000e-01   2.100000e+00   1.000000e+00
  88 1.9908548232e+01  -3.37e-05  2.80e-02    2.628999e-13   5.823470e-01  -4.262244e-04

After 88 iterations the fit converged.
final sum of squares of residuals : 19.9085
rel. change during last iteration : -3.36877e-10

degrees of freedom    (FIT_NDF)                        : 29
rms of residuals      (FIT_STDFIT) = sqrt(WSSR/ndf)    : 0.828554
variance of residuals (reduced chisquare) = WSSR/ndf   : 0.686502
p-value of the Chisq distribution (FIT_P)              : 0.895747

Final set of parameters            Asymptotic Standard Error
=======================            ==========================
a               = 2.629e-13        +/- 1.453e-13    (55.26%)
mr              = 0.582347         +/- 0.01154      (1.981%)
c               = -0.000426224     +/- 0.0003193    (74.91%)

correlation matrix of the fit parameters:
                a      mr     c      
a               1.000 
mr              1.000  1.000 
c              -0.302 -0.298  1.000 


*******************************************************************************
Fri Jan 30 15:00:08 2026


FIT:    data read from 'corrfunc.dat' u 1:column2[i]:column3[i] every ::0::(L-1)
        format = x:z:s
        #datapoints = 32
function used for fitting: f(x,a,mr,c)
	f(x,a,mr,c)=a*cosh((x-L/2)/mr)/mr+c
fitted parameters initialized with current variable values

iter      chisq       delta/lim  lambda   a             mr            c            
   0 3.6718338793e+01   0.00e+00  2.89e+02    2.628999e-13   5.823470e-01  -4.262244e-04
   7 1.8253961232e+01  -1.06e-01  2.89e-05    3.523367e-13   5.880108e-01   8.198583e-04

After 7 iterations the fit converged.
final sum of squares of residuals : 18.254
rel. change during last iteration : -1.06159e-06

degrees of freedom    (FIT_NDF)                        : 29
rms of residuals      (FIT_STDFIT) = sqrt(WSSR/ndf)    : 0.793377
variance of residuals (reduced chisquare) = WSSR/ndf   : 0.629447
p-value of the Chisq distribution (FIT_P)              : 0.938932

Final set of parameters            Asymptotic Standard Error
=======================            ==========================
a               = 3.52337e-13      +/- 2.246e-13    (63.74%)
mr              = 0.588011         +/- 0.01351      (2.298%)
c               = 0.000819858      +/- 0.0003243    (39.56%)

correlation matrix of the fit parameters:
                a      mr     c      
a               1.000 
mr              1.000  1.000 
c              -0.284 -0.281  1.000 


*******************************************************************************
Fri Jan 30 15:00:08 2026


FIT:    data read from 'corrfunc.dat' u 1:column2[i]:column3[i] every ::0::(L-1)
        format = x:z:s
        #datapoints = 32
function used for fitting: f(x,a,mr,c)
	f(x,a,mr,c)=a*cosh((x-L/2)/mr)/mr+c
fitted parameters initialized with current variable values

iter      chisq       delta/lim  lambda   a             mr            c            
   0 2.4944527171e+01   0.00e+00  1.44e+02    3.523367e-13   5.880108e-01   8.198583e-04
 143 2.0384610076e+01  -3.48e-01  1.44e-02    6.463973e-13   6.002326e-01   4.536192e-04

After 143 iterations the fit converged.
final sum of squares of residuals : 20.3846
rel. change during last iteration : -3.48273e-06

degrees of freedom    (FIT_NDF)                        : 29
rms of residuals      (FIT_STDFIT) = sqrt(WSSR/ndf)    : 0.838402
variance of residuals (reduced chisquare) = WSSR/ndf   : 0.702918
p-value of the Chisq distribution (FIT_P)              : 0.88057

Final set of parameters            Asymptotic Standard Error
=======================            ==========================
a               = 6.46397e-13      +/- 4.236e-13    (65.54%)
mr              = 0.600233         +/- 0.01458      (2.428%)
c               = 0.000453619      +/- 0.0003225    (71.09%)

correlation matrix of the fit parameters:
                a      mr     c      
a               1.000 
mr              1.000  1.000 
c              -0.280 -0.275  1.000 


*******************************************************************************
Fri Jan 30 15:00:08 2026


FIT:    data read from 'corrfunc.dat' u 1:column2[i]:column3[i] every ::0::(L-1)
        format = x:z:s
        #datapoints = 32
function used for fitting: f(x,a,mr,c)
	f(x,a,mr,c)=a*cosh((x-L/2)/mr)/mr+c
fitted parameters initialized with current variable values

iter      chisq       delta/lim  lambda   a             mr            c            
   0 4.6410397319e+01   0.00e+00  2.08e+02    6.463973e-13   6.002326e-01   4.536192e-04
 272 1.6840573877e+01  -3.32e-01  2.08e-02    5.014552e-12   6.473993e-01  -1.114015e-04

After 272 iterations the fit converged.
final sum of squares of residuals : 16.8406
rel. change during last iteration : -3.31533e-06

degrees of freedom    (FIT_NDF)                        : 29
rms of residuals      (FIT_STDFIT) = sqrt(WSSR/ndf)    : 0.762043
variance of residuals (reduced chisquare) = WSSR/ndf   : 0.580709
p-value of the Chisq distribution (FIT_P)              : 0.964599

Final set of parameters            Asymptotic Standard Error
=======================            ==========================
a               = 5.01455e-12      +/- 1.981e-12    (39.51%)
mr              = 0.647399         +/- 0.01019      (1.574%)
c               = -0.000111402     +/- 0.0003224    (289.4%)

correlation matrix of the fit parameters:
                a      mr     c      
a               1.000 
mr              1.000  1.000 
c              -0.338 -0.332  1.000 


*******************************************************************************
Fri Jan 30 15:00:08 2026


FIT:    data read from 'corrfunc.dat' u 1:column2[i]:column3[i] every ::0::(L-1)
        format = x:z:s
        #datapoints = 32
function used for fitting: f(x,a,mr,c)
	f(x,a,mr,c)=a*cosh((x-L/2)/mr)/mr+c
fitted parameters initialized with current variable values

iter      chisq       delta/lim  lambda   a             mr            c            
   0 3.6151548232e+01   0.00e+00  1.64e+02    5.014552e-12   6.473993e-01  -1.114015e-04
  61 2.6987773901e+01  -8.86e-04  1.64e-05    9.139184e-12   6.618316e-01  -6.614712e-04

After 61 iterations the fit converged.
final sum of squares of residuals : 26.9878
rel. change during last iteration : -8.85937e-09

degrees of freedom    (FIT_NDF)                        : 29
rms of residuals      (FIT_STDFIT) = sqrt(WSSR/ndf)    : 0.964683
variance of residuals (reduced chisquare) = WSSR/ndf   : 0.930613
p-value of the Chisq distribution (FIT_P)              : 0.572365

Final set of parameters            Asymptotic Standard Error
=======================            ==========================
a               = 9.13918e-12      +/- 5.227e-12    (57.19%)
mr              = 0.661832         +/- 0.0154       (2.327%)
c               = -0.000661471     +/- 0.0004274    (64.61%)

correlation matrix of the fit parameters:
                a      mr     c      
a               1.000 
mr              1.000  1.000 
c              -0.317 -0.311  1.000 


*******************************************************************************
Fri Jan 30 15:00:08 2026


FIT:    data read from 'corrfunc.dat' u 1:column2[i]:column3[i] every ::0::(L-1)
        format = x:z:s
        #datapoints = 32
function used for fitting: f(x,a,mr,c)
	f(x,a,mr,c)=a*cosh((x-L/2)/mr)/mr+c
fitted parameters initialized with current variable values

iter      chisq       delta/lim  lambda   a             mr            c            
   0 4.3732175169e+01   0.00e+00  2.21e+02    9.139184e-12   6.618316e-01  -6.614712e-04
  26 1.9602677953e+01  -2.31e-01  2.21e-04    1.350603e-11   6.713095e-01   2.799257e-04

After 26 iterations the fit converged.
final sum of squares of residuals : 19.6027
rel. change during last iteration : -2.30983e-06

degrees of freedom    (FIT_NDF)                        : 29
rms of residuals      (FIT_STDFIT) = sqrt(WSSR/ndf)    : 0.822164
variance of residuals (reduced chisquare) = WSSR/ndf   : 0.675954
p-value of the Chisq distribution (FIT_P)              : 0.904848

Final set of parameters            Asymptotic Standard Error
=======================            ==========================
a               = 1.3506e-11       +/- 5.182e-12    (38.37%)
mr              = 0.67131          +/- 0.01061      (1.581%)
c               = 0.000279926      +/- 0.0003652    (130.5%)

correlation matrix of the fit parameters:
                a      mr     c      
a               1.000 
mr              1.000  1.000 
c              -0.310 -0.303  1.000 


*******************************************************************************
Fri Jan 30 15:00:08 2026


FIT:    data read from 'corrfunc.dat' u 1:column2[i]:column3[i] every ::0::(L-1)
        format = x:z:s
        #datapoints = 32
function used for fitting: f(x,a,mr,c)
	f(x,a,mr,c)=a*cosh((x-L/2)/mr)/mr+c
fitted parameters initialized with current variable values

iter      chisq       delta/lim  lambda   a             mr            c            
   0 5.8292051517e+01   0.00e+00  2.53e+02    1.350603e-11   6.713095e-01   2.799257e-04
 111 2.8016726137e+01  -1.61e-02  2.53e-04    7.811467e-12   6.553808e-01   3.215911e-04

After 111 iterations the fit converged.
final sum of squares of residuals : 28.0167
rel. change during last iteration : -1.60566e-07

degrees of freedom    (FIT_NDF)                        : 29
rms of residuals      (FIT_STDFIT) = sqrt(WSSR/ndf)    : 0.982901
variance of residuals (reduced chisquare) = WSSR/ndf   : 0.966094
p-value of the Chisq distribution (FIT_P)              : 0.517019

Final set of parameters            Asymptotic Standard Error
=======================            ==========================
a               = 7.81147e-12      +/- 3.642e-12    (46.63%)
mr              = 0.655381         +/- 0.01226      (1.87%)
c               = 0.000321591      +/- 0.0004312    (134.1%)

correlation matrix of the fit parameters:
                a      mr     c      
a               1.000 
mr              1.000  1.000 
c              -0.328 -0.323  1.000 


*******************************************************************************
Fri Jan 30 15:00:08 2026


FIT:    data read from 'corrfunc.dat' u 1:column2[i]:column3[i] every ::0::(L-1)
        format = x:z:s
        #datapoints = 32
function used for fitting: f(x,a,mr,c)
	f(x,a,mr,c)=a*cosh((x-L/2)/mr)/mr+c
fitted parameters initialized with current variable values

iter      chisq       delta/lim  lambda   a             mr            c            
   0 3.2780398258e+01   0.00e+00  1.86e+02    7.811467e-12   6.553808e-01   3.215911e-04
  10 3.0062850439e+01  -5.27e-03  1.86e-04    1.009471e-11   6.615423e-01  -5.218275e-05

After 10 iterations the fit converged.
final sum of squares of residuals : 30.0629
rel. change during last iteration : -5.26716e-08

degrees of freedom    (FIT_NDF)                        : 29
rms of residuals      (FIT_STDFIT) = sqrt(WSSR/ndf)    : 1.01816
variance of residuals (reduced chisquare) = WSSR/ndf   : 1.03665
p-value of the Chisq distribution (FIT_P)              : 0.410871

Final set of parameters            Asymptotic Standard Error
=======================            ==========================
a               = 1.00947e-11      +/- 5.981e-12    (59.25%)
mr              = 0.661542         +/- 0.0159       (2.404%)
c               = -5.21828e-05     +/- 0.0004815    (922.6%)

correlation matrix of the fit parameters:
                a      mr     c      
a               1.000 
mr              1.000  1.000 
c              -0.334 -0.329  1.000 


*******************************************************************************
Fri Jan 30 15:00:08 2026


FIT:    data read from 'corrfunc.dat' u 1:column2[i]:column3[i] every ::0::(L-1)
        format = x:z:s
        #datapoints = 32
function used for fitting: f(x,a,mr,c)
	f(x,a,mr,c)=a*cosh((x-L/2)/mr)/mr+c
fitted parameters initialized with current variable values

iter      chisq       delta/lim  lambda   a             mr            c            
   0 6.2137282910e+01   0.00e+00  2.36e+02    1.009471e-11   6.615423e-01  -5.218275e-05
 173 9.9612791263e+00  -1.50e-01  2.36e-05    1.972951e-11   6.779053e-01   6.313052e-04

After 173 iterations the fit converged.
final sum of squares of residuals : 9.96128
rel. change during last iteration : -1.49751e-06

degrees of freedom    (FIT_NDF)                        : 29
rms of residuals      (FIT_STDFIT) = sqrt(WSSR/ndf)    : 0.586082
variance of residuals (reduced chisquare) = WSSR/ndf   : 0.343492
p-value of the Chisq distribution (FIT_P)              : 0.999615

Final set of parameters            Asymptotic Standard Error
=======================            ==========================
a               = 1.97295e-11      +/- 5.698e-12    (28.88%)
mr              = 0.677905         +/- 0.008109     (1.196%)
c               = 0.000631305      +/- 0.0002696    (42.7%)

correlation matrix of the fit parameters:
                a      mr     c      
a               1.000 
mr              1.000  1.000 
c              -0.347 -0.342  1.000 


*******************************************************************************
Fri Jan 30 15:00:08 2026


FIT:    data read from 'corrfunc.dat' u 1:column2[i]:column3[i] every ::0::(L-1)
        format = x:z:s
        #datapoints = 32
function used for fitting: f(x,a,mr,c)
	f(x,a,mr,c)=a*cosh((x-L/2)/mr)/mr+c
fitted parameters initialized with current variable values

iter      chisq       delta/lim  lambda   a             mr            c            
   0 5.6604434719e+01   0.00e+00  2.00e+02    1.972951e-11   6.779053e-01   6.313052e-04
 226 2.0774578934e+01  -4.16e-01  2.00e-02    1.042450e-10   7.255545e-01   2.251518e-04

After 226 iterations the fit converged.
final sum of squares of residuals : 20.7746
rel. change during last iteration : -4.16276e-06

degrees of freedom    (FIT_NDF)                        : 29
rms of residuals      (FIT_STDFIT) = sqrt(WSSR/ndf)    : 0.846383
variance of residuals (reduced chisquare) = WSSR/ndf   : 0.716365
p-value of the Chisq distribution (FIT_P)              : 0.867229

Final set of parameters            Asymptotic Standard Error
=======================            ==========================
a               = 1.04245e-10      +/- 4.319e-11    (41.43%)
mr              = 0.725555         +/- 0.01331      (1.834%)
c               = 0.000225152      +/- 0.0004451    (197.7%)

correlation matrix of the fit parameters:
                a      mr     c      
a               1.000 
mr              1.000  1.000 
c              -0.364 -0.358  1.000 


*******************************************************************************
Fri Jan 30 15:00:08 2026


FIT:    data read from 'corrfunc.dat' u 1:column2[i]:column3[i] every ::0::(L-1)
        format = x:z:s
        #datapoints = 32
function used for fitting: f(x,a,mr,c)
	f(x,a,mr,c)=a*cosh((x-L/2)/mr)/mr+c
fitted parameters initialized with current variable values

iter      chisq       delta/lim  lambda   a             mr            c            
   0 2.9560533650e+01   0.00e+00  2.11e+02    1.042450e-10   7.255545e-01   2.251518e-04
   8 1.7939090601e+01  -2.09e-03  2.11e-05    1.249195e-10   7.301337e-01  -5.026772e-05

After 8 iterations the fit converged.
final sum of squares of residuals : 17.9391
rel. change during last iteration : -2.09098e-08

degrees of freedom    (FIT_NDF)                        : 29
rms of residuals      (FIT_STDFIT) = sqrt(WSSR/ndf)    : 0.786505
variance of residuals (reduced chisquare) = WSSR/ndf   : 0.618589
p-value of the Chisq distribution (FIT_P)              : 0.945504

Final set of parameters            Asymptotic Standard Error
=======================            ==========================
a               = 1.2492e-10       +/- 4.581e-11    (36.67%)
mr              = 0.730134         +/- 0.01192      (1.632%)
c               = -5.02677e-05     +/- 0.0004201    (835.7%)

correlation matrix of the fit parameters:
                a      mr     c      
a               1.000 
mr              1.000  1.000 
c              -0.327 -0.321  1.000 


*******************************************************************************
Fri Jan 30 15:00:08 2026


FIT:    data read from 'corrfunc.dat' u 1:column2[i]:column3[i] every ::0::(L-1)
        format = x:z:s
        #datapoints = 32
function used for fitting: f(x,a,mr,c)
	f(x,a,mr,c)=a*cosh((x-L/2)/mr)/mr+c
fitted parameters initialized with current variable values

iter      chisq       delta/lim  lambda   a             mr            c            
   0 3.8750830583e+01   0.00e+00  1.97e+02    1.249195e-10   7.301337e-01  -5.026772e-05
 116 3.4382039691e+01  -2.88e-01  1.97e-04    2.297109e-10   7.497846e-01   7.286362e-05

After 116 iterations the fit converged.
final sum of squares of residuals : 34.382
rel. change during last iteration : -2.87529e-06

degrees of freedom    (FIT_NDF)                        : 29
rms of residuals      (FIT_STDFIT) = sqrt(WSSR/ndf)    : 1.08885
variance of residuals (reduced chisquare) = WSSR/ndf   : 1.18559
p-value of the Chisq distribution (FIT_P)              : 0.22555

Final set of parameters            Asymptotic Standard Error
=======================            ==========================
a               = 2.29711e-10      +/- 1.107e-10    (48.2%)
mr              = 0.749785         +/- 0.01656      (2.209%)
c               = 7.28636e-05      +/- 0.0005695    (781.5%)

correlation matrix of the fit parameters:
                a      mr     c      
a               1.000 
mr              1.000  1.000 
c              -0.302 -0.296  1.000 


*******************************************************************************
Fri Jan 30 15:00:08 2026


FIT:    data read from 'corrfunc.dat' u 1:column2[i]:column3[i] every ::0::(L-1)
        format = x:z:s
        #datapoints = 32
function used for fitting: f(x,a,mr,c)
	f(x,a,mr,c)=a*cosh((x-L/2)/mr)/mr+c
fitted parameters initialized with current variable values

iter      chisq       delta/lim  lambda   a             mr            c            
   0 5.5181184996e+01   0.00e+00  1.59e+02    2.297109e-10   7.497846e-01   7.286362e-05
 115 2.5301233523e+01  -3.55e-04  1.59e-05    5.190068e-10   7.762851e-01   4.806052e-04

After 115 iterations the fit converged.
final sum of squares of residuals : 25.3012
rel. change during last iteration : -3.5543e-09

degrees of freedom    (FIT_NDF)                        : 29
rms of residuals      (FIT_STDFIT) = sqrt(WSSR/ndf)    : 0.934054
variance of residuals (reduced chisquare) = WSSR/ndf   : 0.872456
p-value of the Chisq distribution (FIT_P)              : 0.662526

Final set of parameters            Asymptotic Standard Error
=======================            ==========================
a               = 5.19007e-10      +/- 2.167e-10    (41.76%)
mr              = 0.776285         +/- 0.0154       (1.984%)
c               = 0.000480605      +/- 0.0005663    (117.8%)

correlation matrix of the fit parameters:
                a      mr     c      
a               1.000 
mr              1.000  1.000 
c              -0.360 -0.352  1.000 


*******************************************************************************
Fri Jan 30 15:00:08 2026


FIT:    data read from 'corrfunc.dat' u 1:column2[i]:column3[i] every ::0::(L-1)
        format = x:z:s
        #datapoints = 32
function used for fitting: f(x,a,mr,c)
	f(x,a,mr,c)=a*cosh((x-L/2)/mr)/mr+c
fitted parameters initialized with current variable values

iter      chisq       delta/lim  lambda   a             mr            c            
   0 5.4225595635e+01   0.00e+00  1.69e+02    5.190068e-10   7.762851e-01   4.806052e-04
 146 2.1177816293e+01  -4.75e-03  1.69e-04    1.769387e-09   8.211992e-01   4.467309e-04

After 146 iterations the fit converged.
final sum of squares of residuals : 21.1778
rel. change during last iteration : -4.74553e-08

degrees of freedom    (FIT_NDF)                        : 29
rms of residuals      (FIT_STDFIT) = sqrt(WSSR/ndf)    : 0.854558
variance of residuals (reduced chisquare) = WSSR/ndf   : 0.73027
p-value of the Chisq distribution (FIT_P)              : 0.85259

Final set of parameters            Asymptotic Standard Error
=======================            ==========================
a               = 1.76939e-09      +/- 6.361e-10    (35.95%)
mr              = 0.821199         +/- 0.01479      (1.801%)
c               = 0.000446731      +/- 0.000512     (114.6%)

correlation matrix of the fit parameters:
                a      mr     c      
a               1.000 
mr              1.000  1.000 
c              -0.301 -0.293  1.000 


*******************************************************************************
Fri Jan 30 15:00:08 2026


FIT:    data read from 'corrfunc.dat' u 1:column2[i]:column3[i] every ::0::(L-1)
        format = x:z:s
        #datapoints = 32
function used for fitting: f(x,a,mr,c)
	f(x,a,mr,c)=a*cosh((x-L/2)/mr)/mr+c
fitted parameters initialized with current variable values

iter      chisq       delta/lim  lambda   a             mr            c            
   0 2.7661590533e+01   0.00e+00  1.44e+02    1.769387e-09   8.211992e-01   4.467309e-04
   6 1.0339630153e+01  -6.71e-02  1.44e-04    1.952952e-09   8.228338e-01   1.541111e-04

After 6 iterations the fit converged.
final sum of squares of residuals : 10.3396
rel. change during last iteration : -6.70582e-07

degrees of freedom    (FIT_NDF)                        : 29
rms of residuals      (FIT_STDFIT) = sqrt(WSSR/ndf)    : 0.597109
variance of residuals (reduced chisquare) = WSSR/ndf   : 0.356539
p-value of the Chisq distribution (FIT_P)              : 0.999443

Final set of parameters            Asymptotic Standard Error
=======================            ==========================
a               = 1.95295e-09      +/- 5.366e-10    (27.47%)
mr              = 0.822834         +/- 0.01134      (1.378%)
c               = 0.000154111      +/- 0.0003945    (256%)

correlation matrix of the fit parameters:
                a      mr     c      
a               1.000 
mr              1.000  1.000 
c              -0.330 -0.322  1.000 


*******************************************************************************
Fri Jan 30 15:00:08 2026


FIT:    data read from 'corrfunc.dat' u 1:column2[i]:column3[i] every ::0::(L-1)
        format = x:z:s
        #datapoints = 32
function used for fitting: f(x,a,mr,c)
	f(x,a,mr,c)=a*cosh((x-L/2)/mr)/mr+c
fitted parameters initialized with current variable values

iter      chisq       delta/lim  lambda   a             mr            c            
   0 3.2476344622e+01   0.00e+00  1.42e+02    1.952952e-09   8.228338e-01   1.541111e-04
 112 1.5399793612e+01  -6.94e-03  1.42e-05    6.096649e-09   8.699013e-01  -4.538425e-04

After 112 iterations the fit converged.
final sum of squares of residuals : 15.3998
rel. change during last iteration : -6.93715e-08

degrees of freedom    (FIT_NDF)                        : 29
rms of residuals      (FIT_STDFIT) = sqrt(WSSR/ndf)    : 0.728716
variance of residuals (reduced chisquare) = WSSR/ndf   : 0.531027
p-value of the Chisq distribution (FIT_P)              : 0.981643

Final set of parameters            Asymptotic Standard Error
=======================            ==========================
a               = 6.09665e-09      +/- 1.911e-09    (31.35%)
mr              = 0.869901         +/- 0.01443      (1.658%)
c               = -0.000453843     +/- 0.000502     (110.6%)

correlation matrix of the fit parameters:
                a      mr     c      
a               1.000 
mr              0.999  1.000 
c              -0.350 -0.342  1.000 


*******************************************************************************
Fri Jan 30 15:00:08 2026


FIT:    data read from 'corrfunc.dat' u 1:column2[i]:column3[i] every ::0::(L-1)
        format = x:z:s
        #datapoints = 32
function used for fitting: f(x,a,mr,c)
	f(x,a,mr,c)=a*cosh((x-L/2)/mr)/mr+c
fitted parameters initialized with current variable values

iter      chisq       delta/lim  lambda   a             mr            c            
   0 1.3270635894e+02   0.00e+00  1.84e+02    6.096649e-09   8.699013e-01  -4.538425e-04
 103 2.1085103779e+01  -5.54e-04  1.84e-05    1.803944e-08   9.173661e-01   8.847360e-04

After 103 iterations the fit converged.
final sum of squares of residuals : 21.0851
rel. change during last iteration : -5.54181e-09

degrees of freedom    (FIT_NDF)                        : 29
rms of residuals      (FIT_STDFIT) = sqrt(WSSR/ndf)    : 0.852685
variance of residuals (reduced chisquare) = WSSR/ndf   : 0.727073
p-value of the Chisq distribution (FIT_P)              : 0.85603

Final set of parameters            Asymptotic Standard Error
=======================            ==========================
a               = 1.80394e-08      +/- 5.496e-09    (30.46%)
mr              = 0.917366         +/- 0.01546      (1.685%)
c               = 0.000884736      +/- 0.0006203    (70.11%)

correlation matrix of the fit parameters:
                a      mr     c      
a               1.000 
mr              1.000  1.000 
c              -0.361 -0.354  1.000 


*******************************************************************************
Fri Jan 30 15:00:08 2026


FIT:    data read from 'corrfunc.dat' u 1:column2[i]:column3[i] every ::0::(L-1)
        format = x:z:s
        #datapoints = 32
function used for fitting: f(x,a,mr,c)
	f(x,a,mr,c)=a*cosh((x-L/2)/mr)/mr+c
fitted parameters initialized with current variable values

iter      chisq       delta/lim  lambda   a             mr            c            
   0 4.9274729660e+01   0.00e+00  1.71e+02    1.803944e-08   9.173661e-01   8.847360e-04
  24 2.5934405424e+01  -3.80e-01  1.71e-04    2.898251e-08   9.392384e-01  -4.300095e-04

After 24 iterations the fit converged.
final sum of squares of residuals : 25.9344
rel. change during last iteration : -3.79562e-06

degrees of freedom    (FIT_NDF)                        : 29
rms of residuals      (FIT_STDFIT) = sqrt(WSSR/ndf)    : 0.945669
variance of residuals (reduced chisquare) = WSSR/ndf   : 0.89429
p-value of the Chisq distribution (FIT_P)              : 0.628995

Final set of parameters            Asymptotic Standard Error
=======================            ==========================
a               = 2.89825e-08      +/- 9.276e-09    (32.01%)
mr              = 0.939238         +/- 0.01711      (1.822%)
c               = -0.000430009     +/- 0.000728     (169.3%)

correlation matrix of the fit parameters:
                a      mr     c      
a               1.000 
mr              0.999  1.000 
c              -0.354 -0.345  1.000 


*******************************************************************************
Fri Jan 30 15:00:08 2026


FIT:    data read from 'corrfunc.dat' u 1:column2[i]:column3[i] every ::0::(L-1)
        format = x:z:s
        #datapoints = 32
function used for fitting: f(x,a,mr,c)
	f(x,a,mr,c)=a*cosh((x-L/2)/mr)/mr+c
fitted parameters initialized with current variable values

iter      chisq       delta/lim  lambda   a             mr            c            
   0 1.4216888503e+02   0.00e+00  1.84e+02    2.898251e-08   9.392384e-01  -4.300095e-04
 110 3.0110479567e+01  -5.82e-02  1.84e-04    9.161881e-08   9.989085e-01   4.154098e-05

After 110 iterations the fit converged.
final sum of squares of residuals : 30.1105
rel. change during last iteration : -5.82155e-07

degrees of freedom    (FIT_NDF)                        : 29
rms of residuals      (FIT_STDFIT) = sqrt(WSSR/ndf)    : 1.01897
variance of residuals (reduced chisquare) = WSSR/ndf   : 1.03829
p-value of the Chisq distribution (FIT_P)              : 0.408503

Final set of parameters            Asymptotic Standard Error
=======================            ==========================
a               = 9.16188e-08      +/- 2.769e-08    (30.22%)
mr              = 0.998908         +/- 0.01815      (1.817%)
c               = 4.1541e-05       +/- 0.0008431    (2029%)

correlation matrix of the fit parameters:
                a      mr     c      
a               1.000 
mr              0.999  1.000 
c              -0.371 -0.361  1.000 


*******************************************************************************
Fri Jan 30 15:00:08 2026


FIT:    data read from 'corrfunc.dat' u 1:column2[i]:column3[i] every ::0::(L-1)
        format = x:z:s
        #datapoints = 32
function used for fitting: f(x,a,mr,c)
	f(x,a,mr,c)=a*cosh((x-L/2)/mr)/mr+c
fitted parameters initialized with current variable values

iter      chisq       delta/lim  lambda   a             mr            c            
   0 4.4685066360e+01   0.00e+00  1.94e+02    9.161881e-08   9.989085e-01   4.154098e-05
  32 1.2160824580e+01  -1.08e-04  1.94e-06    1.245461e-07   1.014455e+00  -7.393872e-04

After 32 iterations the fit converged.
final sum of squares of residuals : 12.1608
rel. change during last iteration : -1.07909e-09

degrees of freedom    (FIT_NDF)                        : 29
rms of residuals      (FIT_STDFIT) = sqrt(WSSR/ndf)    : 0.647564
variance of residuals (reduced chisquare) = WSSR/ndf   : 0.419339
p-value of the Chisq distribution (FIT_P)              : 0.997438

Final set of parameters            Asymptotic Standard Error
=======================            ==========================
a               = 1.24546e-07      +/- 2.327e-08    (18.68%)
mr              = 1.01445          +/- 0.01155      (1.139%)
c               = -0.000739387     +/- 0.000624     (84.39%)

correlation matrix of the fit parameters:
                a      mr     c      
a               1.000 
mr              1.000  1.000 
c              -0.390 -0.379  1.000 


*******************************************************************************
Fri Jan 30 15:00:08 2026


FIT:    data read from 'corrfunc.dat' u 1:column2[i]:column3[i] every ::0::(L-1)
        format = x:z:s
        #datapoints = 32
function used for fitting: f(x,a,mr,c)
	f(x,a,mr,c)=a*cosh((x-L/2)/mr)/mr+c
fitted parameters initialized with current variable values

iter      chisq       delta/lim  lambda   a             mr            c            
   0 8.7809194545e+01   0.00e+00  1.17e+02    1.245461e-07   1.014455e+00  -7.393872e-04
  46 1.7338454092e+01  -2.07e-02  1.17e-04    3.418335e-07   1.074346e+00   9.351976e-04

After 46 iterations the fit converged.
final sum of squares of residuals : 17.3385
rel. change during last iteration : -2.07471e-07

degrees of freedom    (FIT_NDF)                        : 29
rms of residuals      (FIT_STDFIT) = sqrt(WSSR/ndf)    : 0.773226
variance of residuals (reduced chisquare) = WSSR/ndf   : 0.597878
p-value of the Chisq distribution (FIT_P)              : 0.95666

Final set of parameters            Asymptotic Standard Error
=======================            ==========================
a               = 3.41833e-07      +/- 9.645e-08    (28.22%)
mr              = 1.07435          +/- 0.01966      (1.83%)
c               = 0.000935198      +/- 0.0007223    (77.23%)

correlation matrix of the fit parameters:
                a      mr     c      
a               1.000 
mr              0.999  1.000 
c              -0.343 -0.333  1.000 


*******************************************************************************
Fri Jan 30 15:00:08 2026


FIT:    data read from 'corrfunc.dat' u 1:column2[i]:column3[i] every ::0::(L-1)
        format = x:z:s
        #datapoints = 32
function used for fitting: f(x,a,mr,c)
	f(x,a,mr,c)=a*cosh((x-L/2)/mr)/mr+c
fitted parameters initialized with current variable values

iter      chisq       delta/lim  lambda   a             mr            c            
   0 1.3647479340e+02   0.00e+00  1.29e+02    3.418335e-07   1.074346e+00   9.351976e-04
  58 1.6818710388e+01  -2.13e-02  1.29e-04    9.592587e-07   1.142358e+00   1.232593e-03

After 58 iterations the fit converged.
final sum of squares of residuals : 16.8187
rel. change during last iteration : -2.12515e-07

degrees of freedom    (FIT_NDF)                        : 29
rms of residuals      (FIT_STDFIT) = sqrt(WSSR/ndf)    : 0.761548
variance of residuals (reduced chisquare) = WSSR/ndf   : 0.579956
p-value of the Chisq distribution (FIT_P)              : 0.964922

Final set of parameters            Asymptotic Standard Error
=======================            ==========================
a               = 9.59259e-07      +/- 2.051e-07    (21.39%)
mr              = 1.14236          +/- 0.0169       (1.48%)
c               = 0.00123259       +/- 0.0008406    (68.19%)

correlation matrix of the fit parameters:
                a      mr     c      
a               1.000 
mr              0.999  1.000 
c              -0.409 -0.395  1.000 


*******************************************************************************
Fri Jan 30 15:00:08 2026


FIT:    data read from 'corrfunc.dat' u 1:column2[i]:column3[i] every ::0::(L-1)
        format = x:z:s
        #datapoints = 32
function used for fitting: f(x,a,mr,c)
	f(x,a,mr,c)=a*cosh((x-L/2)/mr)/mr+c
fitted parameters initialized with current variable values

iter      chisq       delta/lim  lambda   a             mr            c            
   0 1.0442293909e+02   0.00e+00  1.42e+02    9.592587e-07   1.142358e+00   1.232593e-03
  59 1.9904454730e+01  -1.13e-05  1.42e-04    2.887316e-06   1.227697e+00   3.912814e-04

After 59 iterations the fit converged.
final sum of squares of residuals : 19.9045
rel. change during last iteration : -1.13376e-10

degrees of freedom    (FIT_NDF)                        : 29
rms of residuals      (FIT_STDFIT) = sqrt(WSSR/ndf)    : 0.828469
variance of residuals (reduced chisquare) = WSSR/ndf   : 0.686361
p-value of the Chisq distribution (FIT_P)              : 0.895872

Final set of parameters            Asymptotic Standard Error
=======================            ==========================
a               = 2.88732e-06      +/- 5.829e-07    (20.19%)
mr              = 1.2277           +/- 0.01821      (1.483%)
c               = 0.000391281      +/- 0.0009315    (238.1%)

correlation matrix of the fit parameters:
                a      mr     c      
a               1.000 
mr              0.999  1.000 
c              -0.427 -0.414  1.000 


*******************************************************************************
Fri Jan 30 15:00:08 2026


FIT:    data read from 'corrfunc.dat' u 1:column2[i]:column3[i] every ::0::(L-1)
        format = x:z:s
        #datapoints = 32
function used for fitting: f(x,a,mr,c)
	f(x,a,mr,c)=a*cosh((x-L/2)/mr)/mr+c
fitted parameters initialized with current variable values

iter      chisq       delta/lim  lambda   a             mr            c            
   0 1.5972728817e+02   0.00e+00  1.45e+02    2.887316e-06   1.227697e+00   3.912814e-04
  53 7.5861550948e+00  -1.50e-03  1.45e-05    1.004661e-05   1.339848e+00  -1.622158e-03

After 53 iterations the fit converged.
final sum of squares of residuals : 7.58616
rel. change during last iteration : -1.5046e-08

degrees of freedom    (FIT_NDF)                        : 29
rms of residuals      (FIT_STDFIT) = sqrt(WSSR/ndf)    : 0.51146
variance of residuals (reduced chisquare) = WSSR/ndf   : 0.261592
p-value of the Chisq distribution (FIT_P)              : 0.999978

Final set of parameters            Asymptotic Standard Error
=======================            ==========================
a               = 1.00466e-05      +/- 1.095e-06    (10.9%)
mr              = 1.33985          +/- 0.01167      (0.871%)
c               = -0.00162216      +/- 0.0006414    (39.54%)

correlation matrix of the fit parameters:
                a      mr     c      
a               1.000 
mr              0.999  1.000 
c              -0.469 -0.453  1.000 


*******************************************************************************
Fri Jan 30 15:00:08 2026


FIT:    data read from 'corrfunc.dat' u 1:column2[i]:column3[i] every ::0::(L-1)
        format = x:z:s
        #datapoints = 32
function used for fitting: f(x,a,mr,c)
	f(x,a,mr,c)=a*cosh((x-L/2)/mr)/mr+c
fitted parameters initialized with current variable values

iter      chisq       delta/lim  lambda   a             mr            c            
   0 1.6619226995e+02   0.00e+00  1.25e+02    1.004661e-05   1.339848e+00  -1.622158e-03
  13 6.0066367338e+00  -1.49e-02  1.25e-04    1.814692e-05   1.394021e+00   1.425926e-03

After 13 iterations the fit converged.
final sum of squares of residuals : 6.00664
rel. change during last iteration : -1.49453e-07

degrees of freedom    (FIT_NDF)                        : 29
rms of residuals      (FIT_STDFIT) = sqrt(WSSR/ndf)    : 0.45511
variance of residuals (reduced chisquare) = WSSR/ndf   : 0.207125
p-value of the Chisq distribution (FIT_P)              : 0.999998

Final set of parameters            Asymptotic Standard Error
=======================            ==========================
a               = 1.81469e-05      +/- 1.85e-06     (10.2%)
mr              = 1.39402          +/- 0.01179      (0.8454%)
c               = 0.00142593       +/- 0.0006489    (45.51%)

correlation matrix of the fit parameters:
                a      mr     c      
a               1.000 
mr              0.999  1.000 
c              -0.476 -0.461  1.000 


*******************************************************************************
Fri Jan 30 15:00:08 2026


FIT:    data read from 'corrfunc.dat' u 1:column2[i]:column3[i] every ::0::(L-1)
        format = x:z:s
        #datapoints = 32
function used for fitting: f(x,a,mr,c)
	f(x,a,mr,c)=a*cosh((x-L/2)/mr)/mr+c
fitted parameters initialized with current variable values

iter      chisq       delta/lim  lambda   a             mr            c            
   0 3.4094524201e+02   0.00e+00  1.82e+02    1.814692e-05   1.394021e+00   1.425926e-03
  39 2.0353709541e+01  -1.96e-02  1.82e-04    5.091624e-05   1.506964e+00  -1.898529e-03

After 39 iterations the fit converged.
final sum of squares of residuals : 20.3537
rel. change during last iteration : -1.96334e-07

degrees of freedom    (FIT_NDF)                        : 29
rms of residuals      (FIT_STDFIT) = sqrt(WSSR/ndf)    : 0.837766
variance of residuals (reduced chisquare) = WSSR/ndf   : 0.701852
p-value of the Chisq distribution (FIT_P)              : 0.881592

Final set of parameters            Asymptotic Standard Error
=======================            ==========================
a               = 5.09162e-05      +/- 7.19e-06     (14.12%)
mr              = 1.50696          +/- 0.01877      (1.246%)
c               = -0.00189853      +/- 0.001209     (63.68%)

correlation matrix of the fit parameters:
                a      mr     c      
a               1.000 
mr              0.999  1.000 
c              -0.477 -0.462  1.000 


*******************************************************************************
Fri Jan 30 15:00:08 2026


FIT:    data read from 'corrfunc.dat' u 1:column2[i]:column3[i] every ::0::(L-1)
        format = x:z:s
        #datapoints = 32
function used for fitting: f(x,a,mr,c)
	f(x,a,mr,c)=a*cosh((x-L/2)/mr)/mr+c
fitted parameters initialized with current variable values

iter      chisq       delta/lim  lambda   a             mr            c            
   0 4.6216384653e+02   0.00e+00  1.36e+02    5.091624e-05   1.506964e+00  -1.898529e-03
  24 4.0815766040e+01  -3.17e-03  1.36e-04    1.457301e-04   1.639155e+00  -2.028617e-04

After 24 iterations the fit converged.
final sum of squares of residuals : 40.8158
rel. change during last iteration : -3.16626e-08

degrees of freedom    (FIT_NDF)                        : 29
rms of residuals      (FIT_STDFIT) = sqrt(WSSR/ndf)    : 1.18636
variance of residuals (reduced chisquare) = WSSR/ndf   : 1.40744
p-value of the Chisq distribution (FIT_P)              : 0.0714565

Final set of parameters            Asymptotic Standard Error
=======================            ==========================
a               = 0.00014573       +/- 2.875e-05    (19.73%)
mr              = 1.63915          +/- 0.0311       (1.898%)
c               = -0.000202862     +/- 0.00185      (911.9%)

correlation matrix of the fit parameters:
                a      mr     c      
a               1.000 
mr              0.999  1.000 
c              -0.517 -0.500  1.000 


*******************************************************************************
Fri Jan 30 15:00:08 2026


FIT:    data read from 'corrfunc.dat' u 1:column2[i]:column3[i] every ::0::(L-1)
        format = x:z:s
        #datapoints = 32
function used for fitting: f(x,a,mr,c)
	f(x,a,mr,c)=a*cosh((x-L/2)/mr)/mr+c
fitted parameters initialized with current variable values

iter      chisq       delta/lim  lambda   a             mr            c            
   0 4.1932998733e+02   0.00e+00  8.92e+01    1.457301e-04   1.639155e+00  -2.028617e-04
  38 2.7584486517e+01  -6.12e-04  8.92e-06    7.213111e-04   1.907564e+00  -2.279080e-03

After 38 iterations the fit converged.
final sum of squares of residuals : 27.5845
rel. change during last iteration : -6.11837e-09

degrees of freedom    (FIT_NDF)                        : 29
rms of residuals      (FIT_STDFIT) = sqrt(WSSR/ndf)    : 0.975289
variance of residuals (reduced chisquare) = WSSR/ndf   : 0.951189
p-value of the Chisq distribution (FIT_P)              : 0.540202

Final set of parameters            Asymptotic Standard Error
=======================            ==========================
a               = 0.000721311      +/- 0.0001196    (16.58%)
mr              = 1.90756          +/- 0.036        (1.887%)
c               = -0.00227908      +/- 0.002204     (96.73%)

correlation matrix of the fit parameters:
                a      mr     c      
a               1.000 
mr              0.998  1.000 
c              -0.563 -0.533  1.000 


*******************************************************************************
Fri Jan 30 15:00:08 2026


FIT:    data read from 'corrfunc.dat' u 1:column2[i]:column3[i] every ::0::(L-1)
        format = x:z:s
        #datapoints = 32
function used for fitting: f(x,a,mr,c)
	f(x,a,mr,c)=a*cosh((x-L/2)/mr)/mr+c
fitted parameters initialized with current variable values

iter      chisq       delta/lim  lambda   a             mr            c            
   0 3.8562367715e+02   0.00e+00  1.09e+02    7.213111e-04   1.907564e+00  -2.279080e-03
  17 1.8224151052e+01  -2.79e-04  1.09e-04    1.960602e-03   2.107863e+00  -4.363047e-03

After 17 iterations the fit converged.
final sum of squares of residuals : 18.2242
rel. change during last iteration : -2.78515e-09

degrees of freedom    (FIT_NDF)                        : 29
rms of residuals      (FIT_STDFIT) = sqrt(WSSR/ndf)    : 0.792729
variance of residuals (reduced chisquare) = WSSR/ndf   : 0.628419
p-value of the Chisq distribution (FIT_P)              : 0.939576

Final set of parameters            Asymptotic Standard Error
=======================            ==========================
a               = 0.0019606        +/- 0.000233     (11.89%)
mr              = 2.10786          +/- 0.03028      (1.437%)
c               = -0.00436305      +/- 0.001912     (43.81%)

correlation matrix of the fit parameters:
                a      mr     c      
a               1.000 
mr              0.998  1.000 
c              -0.587 -0.566  1.000 


*******************************************************************************
Fri Jan 30 15:00:08 2026


FIT:    data read from 'corrfunc.dat' u 1:column2[i]:column3[i] every ::0::(L-1)
        format = x:z:s
        #datapoints = 32
function used for fitting: f(x,a,mr,c)
	f(x,a,mr,c)=a*cosh((x-L/2)/mr)/mr+c
fitted parameters initialized with current variable values

iter      chisq       delta/lim  lambda   a             mr            c            
   0 7.7786815127e+02   0.00e+00  1.24e+02    1.960602e-03   2.107863e+00  -4.363047e-03
  13 1.3383233994e+01  -3.97e-02  1.24e-04    4.446230e-03   2.297313e+00   5.356185e-03

After 13 iterations the fit converged.
final sum of squares of residuals : 13.3832
rel. change during last iteration : -3.96619e-07

degrees of freedom    (FIT_NDF)                        : 29
rms of residuals      (FIT_STDFIT) = sqrt(WSSR/ndf)    : 0.679331
variance of residuals (reduced chisquare) = WSSR/ndf   : 0.461491
p-value of the Chisq distribution (FIT_P)              : 0.994081

Final set of parameters            Asymptotic Standard Error
=======================            ==========================
a               = 0.00444623       +/- 0.0003507    (7.888%)
mr              = 2.29731          +/- 0.02344      (1.02%)
c               = 0.00535618       +/- 0.001975     (36.87%)

correlation matrix of the fit parameters:
                a      mr     c      
a               1.000 
mr              0.998  1.000 
c              -0.646 -0.619  1.000 


*******************************************************************************
Fri Jan 30 15:00:08 2026


FIT:    data read from 'corrfunc.dat' u 1:column2[i]:column3[i] every ::0::(L-1)
        format = x:z:s
        #datapoints = 32
function used for fitting: f(x,a,mr,c)
	f(x,a,mr,c)=a*cosh((x-L/2)/mr)/mr+c
fitted parameters initialized with current variable values

iter      chisq       delta/lim  lambda   a             mr            c            
   0 1.1150673962e+03   0.00e+00  1.36e+02    4.446230e-03   2.297313e+00   5.356185e-03
  27 1.4946920044e+01  -2.08e-03  1.36e-04    1.370818e-02   2.626691e+00   3.268602e-03

After 27 iterations the fit converged.
final sum of squares of residuals : 14.9469
rel. change during last iteration : -2.07955e-08

degrees of freedom    (FIT_NDF)                        : 29
rms of residuals      (FIT_STDFIT) = sqrt(WSSR/ndf)    : 0.717921
variance of residuals (reduced chisquare) = WSSR/ndf   : 0.515411
p-value of the Chisq distribution (FIT_P)              : 0.985424

Final set of parameters            Asymptotic Standard Error
=======================            ==========================
a               = 0.0137082        +/- 0.001012     (7.382%)
mr              = 2.62669          +/- 0.02794      (1.064%)
c               = 0.0032686        +/- 0.00265      (81.07%)

correlation matrix of the fit parameters:
                a      mr     c      
a               1.000 
mr              0.998  1.000 
c              -0.690 -0.662  1.000 


*******************************************************************************
Fri Jan 30 15:00:08 2026


FIT:    data read from 'corrfunc.dat' u 1:column2[i]:column3[i] every ::0::(L-1)
        format = x:z:s
        #datapoints = 32
function used for fitting: f(x,a,mr,c)
	f(x,a,mr,c)=a*cosh((x-L/2)/mr)/mr+c
fitted parameters initialized with current variable values

iter      chisq       delta/lim  lambda   a             mr            c            
   0 1.2253512957e+03   0.00e+00  9.79e+01    1.370818e-02   2.626691e+00   3.268602e-03
  25 1.0126700380e+01  -9.26e-04  9.79e-05    4.435072e-02   3.089432e+00   1.100390e-02

After 25 iterations the fit converged.
final sum of squares of residuals : 10.1267
rel. change during last iteration : -9.2593e-09

degrees of freedom    (FIT_NDF)                        : 29
rms of residuals      (FIT_STDFIT) = sqrt(WSSR/ndf)    : 0.590929
variance of residuals (reduced chisquare) = WSSR/ndf   : 0.349197
p-value of the Chisq distribution (FIT_P)              : 0.999546

Final set of parameters            Asymptotic Standard Error
=======================            ==========================
a               = 0.0443507        +/- 0.002819     (6.356%)
mr              = 3.08943          +/- 0.03292      (1.065%)
c               = 0.0110039        +/- 0.002765     (25.13%)

correlation matrix of the fit parameters:
                a      mr     c      
a               1.000 
mr              0.998  1.000 
c              -0.799 -0.773  1.000 


*******************************************************************************
Fri Jan 30 15:00:08 2026


FIT:    data read from 'corrfunc.dat' u 1:column2[i]:column3[i] every ::0::(L-1)
        format = x:z:s
        #datapoints = 32
function used for fitting: f(x,a,mr,c)
	f(x,a,mr,c)=a*cosh((x-L/2)/mr)/mr+c
fitted parameters initialized with current variable values

iter      chisq       delta/lim  lambda   a             mr            c            
   0 1.3129919645e+03   0.00e+00  1.07e+02    4.435072e-02   3.089432e+00   1.100390e-02
  18 8.9424352519e+00  -2.76e-02  1.07e-04    1.278707e-01   3.636498e+00   6.897267e-03

After 18 iterations the fit converged.
final sum of squares of residuals : 8.94244
rel. change during last iteration : -2.76339e-07

degrees of freedom    (FIT_NDF)                        : 29
rms of residuals      (FIT_STDFIT) = sqrt(WSSR/ndf)    : 0.555302
variance of residuals (reduced chisquare) = WSSR/ndf   : 0.30836
p-value of the Chisq distribution (FIT_P)              : 0.999872

Final set of parameters            Asymptotic Standard Error
=======================            ==========================
a               = 0.127871         +/- 0.00806      (6.303%)
mr              = 3.6365           +/- 0.04244      (1.167%)
c               = 0.00689727       +/- 0.004414     (63.99%)

correlation matrix of the fit parameters:
                a      mr     c      
a               1.000 
mr              0.998  1.000 
c              -0.888 -0.869  1.000 


*******************************************************************************
Fri Jan 30 15:00:09 2026


FIT:    data read from 'corrfunc.dat' u 1:column2[i]:column3[i] every ::0::(L-1)
        format = x:z:s
        #datapoints = 32
function used for fitting: f(x,a,mr,c)
	f(x,a,mr,c)=a*cosh((x-L/2)/mr)/mr+c
fitted parameters initialized with current variable values

iter      chisq       delta/lim  lambda   a             mr            c            
   0 1.8019322583e+03   0.00e+00  9.67e+01    1.278707e-01   3.636498e+00   6.897267e-03
  12 1.9026964005e+01  -4.44e-01  9.67e-04    3.865240e-01   4.433633e+00   6.441614e-03

After 12 iterations the fit converged.
final sum of squares of residuals : 19.027
rel. change during last iteration : -4.44058e-06

degrees of freedom    (FIT_NDF)                        : 29
rms of residuals      (FIT_STDFIT) = sqrt(WSSR/ndf)    : 0.810001
variance of residuals (reduced chisquare) = WSSR/ndf   : 0.656102
p-value of the Chisq distribution (FIT_P)              : 0.920595

Final set of parameters            Asymptotic Standard Error
=======================            ==========================
a               = 0.386524         +/- 0.03359      (8.69%)
mr              = 4.43363          +/- 0.08141      (1.836%)
c               = 0.00644161       +/- 0.009219     (143.1%)

correlation matrix of the fit parameters:
                a      mr     c      
a               1.000 
mr              0.998  1.000 
c              -0.943 -0.930  1.000 


*******************************************************************************
Fri Jan 30 15:00:09 2026


FIT:    data read from 'corrfunc.dat' u 1:column2[i]:column3[i] every ::0::(L-1)
        format = x:z:s
        #datapoints = 32
function used for fitting: f(x,a,mr,c)
	f(x,a,mr,c)=a*cosh((x-L/2)/mr)/mr+c
fitted parameters initialized with current variable values

iter      chisq       delta/lim  lambda   a             mr            c            
   0 3.0945409790e+03   0.00e+00  1.10e+02    3.865240e-01   4.433633e+00   6.441614e-03
  25 1.0157656182e+01  -3.69e-01  1.10e-04    7.832770e-01   5.122007e+00   6.904548e-02

After 25 iterations the fit converged.
final sum of squares of residuals : 10.1577
rel. change during last iteration : -3.69109e-06

degrees of freedom    (FIT_NDF)                        : 29
rms of residuals      (FIT_STDFIT) = sqrt(WSSR/ndf)    : 0.591831
variance of residuals (reduced chisquare) = WSSR/ndf   : 0.350264
p-value of the Chisq distribution (FIT_P)              : 0.999532

Final set of parameters            Asymptotic Standard Error
=======================            ==========================
a               = 0.783277         +/- 0.05537      (7.069%)
mr              = 5.12201          +/- 0.08256      (1.612%)
c               = 0.0690455        +/- 0.01223      (17.72%)

correlation matrix of the fit parameters:
                a      mr     c      
a               1.000 
mr              0.998  1.000 
c              -0.963 -0.949  1.000 


*******************************************************************************
Fri Jan 30 15:00:09 2026


FIT:    data read from 'corrfunc.dat' u 1:column2[i]:column3[i] every ::0::(L-1)
        format = x:z:s
        #datapoints = 32
function used for fitting: f(x,a,mr,c)
	f(x,a,mr,c)=a*cosh((x-L/2)/mr)/mr+c
fitted parameters initialized with current variable values

iter      chisq       delta/lim  lambda   a             mr            c            
   0 4.5307847053e+03   0.00e+00  1.09e+02    7.832770e-01   5.122007e+00   6.904548e-02
   6 1.6025044049e+01  -4.36e-06  1.09e-04    2.050334e+00   6.471906e+00   1.154560e-01

After 6 iterations the fit converged.
final sum of squares of residuals : 16.025
rel. change during last iteration : -4.36421e-11

degrees of freedom    (FIT_NDF)                        : 29
rms of residuals      (FIT_STDFIT) = sqrt(WSSR/ndf)    : 0.743362
variance of residuals (reduced chisquare) = WSSR/ndf   : 0.552588
p-value of the Chisq distribution (FIT_P)              : 0.975252

Final set of parameters            Asymptotic Standard Error
=======================            ==========================
a               = 2.05033          +/- 0.2486       (12.13%)
mr              = 6.47191          +/- 0.2004       (3.096%)
c               = 0.115456         +/- 0.03433      (29.74%)

correlation matrix of the fit parameters:
                a      mr     c      
a               1.000 
mr              0.999  1.000 
c              -0.988 -0.980  1.000 


*******************************************************************************
Fri Jan 30 15:00:09 2026


FIT:    data read from 'corrfunc.dat' u 1:column2[i]:column3[i] every ::0::(L-1)
        format = x:z:s
        #datapoints = 32
function used for fitting: f(x,a,mr,c)
	f(x,a,mr,c)=a*cosh((x-L/2)/mr)/mr+c
fitted parameters initialized with current variable values

iter      chisq       delta/lim  lambda   a             mr            c            
   0 4.2439733006e+03   0.00e+00  8.87e+01    2.050334e+00   6.471906e+00   1.154560e-01
   7 1.7457532012e+01  -5.21e-06  8.87e-05    2.559863e+00   7.010418e+00   4.069980e-01

After 7 iterations the fit converged.
final sum of squares of residuals : 17.4575
rel. change during last iteration : -5.21161e-11

degrees of freedom    (FIT_NDF)                        : 29
rms of residuals      (FIT_STDFIT) = sqrt(WSSR/ndf)    : 0.775876
variance of residuals (reduced chisquare) = WSSR/ndf   : 0.601984
p-value of the Chisq distribution (FIT_P)              : 0.954588

Final set of parameters            Asymptotic Standard Error
=======================            ==========================
a               = 2.55986          +/- 0.4465       (17.44%)
mr              = 7.01042          +/- 0.3213       (4.583%)
c               = 0.406998         +/- 0.05384      (13.23%)

correlation matrix of the fit parameters:
                a      mr     c      
a               1.000 
mr              0.999  1.000 
c              -0.993 -0.987  1.000 


*******************************************************************************
Fri Jan 30 15:00:09 2026


FIT:    data read from 'corrfunc.dat' u 1:column2[i]:column3[i] every ::0::(L-1)
        format = x:z:s
        #datapoints = 32
function used for fitting: f(x,a,mr,c)
	f(x,a,mr,c)=a*cosh((x-L/2)/mr)/mr+c
fitted parameters initialized with current variable values

iter      chisq       delta/lim  lambda   a             mr            c            
   0 3.3594816586e+03   0.00e+00  7.02e+01    2.559863e+00   7.010418e+00   4.069980e-01
   6 1.3043058530e+01  -6.30e-02  7.02e-05    4.751811e+00   8.562513e+00   5.957362e-01

After 6 iterations the fit converged.
final sum of squares of residuals : 13.0431
rel. change during last iteration : -6.29827e-07

degrees of freedom    (FIT_NDF)                        : 29
rms of residuals      (FIT_STDFIT) = sqrt(WSSR/ndf)    : 0.670642
variance of residuals (reduced chisquare) = WSSR/ndf   : 0.449761
p-value of the Chisq distribution (FIT_P)              : 0.99525

Final set of parameters            Asymptotic Standard Error
=======================            ==========================
a               = 4.75181          +/- 1.244        (26.18%)
mr              = 8.56251          +/- 0.6321       (7.382%)
c               = 0.595736         +/- 0.111        (18.63%)

correlation matrix of the fit parameters:
                a      mr     c      
a               1.000 
mr              0.999  1.000 
c              -0.997 -0.995  1.000 


*******************************************************************************
Fri Jan 30 15:00:09 2026


FIT:    data read from 'corrfunc.dat' u 1:column2[i]:column3[i] every ::0::(L-1)
        format = x:z:s
        #datapoints = 32
function used for fitting: f(x,a,mr,c)
	f(x,a,mr,c)=a*cosh((x-L/2)/mr)/mr+c
fitted parameters initialized with current variable values

iter      chisq       delta/lim  lambda   a             mr            c            
   0 3.2734606515e+03   0.00e+00  7.89e+01    4.751811e+00   8.562513e+00   5.957362e-01
  53 2.2217983934e+01  -5.69e-03  7.89e-04    2.742150e+00   7.906714e+00   1.273980e+00

After 53 iterations the fit converged.
final sum of squares of residuals : 22.218
rel. change during last iteration : -5.69414e-08

degrees of freedom    (FIT_NDF)                        : 29
rms of residuals      (FIT_STDFIT) = sqrt(WSSR/ndf)    : 0.875293
variance of residuals (reduced chisquare) = WSSR/ndf   : 0.766137
p-value of the Chisq distribution (FIT_P)              : 0.811053

Final set of parameters            Asymptotic Standard Error
=======================            ==========================
a               = 2.74215          +/- 1.065        (38.84%)
mr              = 7.90671          +/- 0.8358       (10.57%)
c               = 1.27398          +/- 0.1092       (8.575%)

correlation matrix of the fit parameters:
                a      mr     c      
a               1.000 
mr              0.999  1.000 
c              -0.995 -0.991  1.000 


*******************************************************************************
Fri Jan 30 15:00:09 2026


FIT:    data read from 'corrfunc.dat' u 1:column2[i]:column3[i] every ::0::(L-1)
        format = x:z:s
        #datapoints = 32
function used for fitting: f(x,a,mr,c)
	f(x,a,mr,c)=a*cosh((x-L/2)/mr)/mr+c
fitted parameters initialized with current variable values

iter      chisq       delta/lim  lambda   a             mr            c            
   0 4.1734051473e+03   0.00e+00  5.20e+01    2.742150e+00   7.906714e+00   1.273980e+00
  18 1.1573030818e+01  -5.05e-03  5.20e-04    7.724333e-01   6.240219e+00   2.033673e+00

After 18 iterations the fit converged.
final sum of squares of residuals : 11.573
rel. change during last iteration : -5.05193e-08

degrees of freedom    (FIT_NDF)                        : 29
rms of residuals      (FIT_STDFIT) = sqrt(WSSR/ndf)    : 0.63172
variance of residuals (reduced chisquare) = WSSR/ndf   : 0.39907
p-value of the Chisq distribution (FIT_P)              : 0.99837

Final set of parameters            Asymptotic Standard Error
=======================            ==========================
a               = 0.772433         +/- 0.2813       (36.41%)
mr              = 6.24022          +/- 0.5684       (9.109%)
c               = 2.03367          +/- 0.04232      (2.081%)

correlation matrix of the fit parameters:
                a      mr     c      
a               1.000 
mr              0.999  1.000 
c              -0.985 -0.977  1.000 


*******************************************************************************
Fri Jan 30 15:00:09 2026


FIT:    data read from 'corrfunc.dat' u 1:column2[i]:column3[i] every ::0::(L-1)
        format = x:z:s
        #datapoints = 32
function used for fitting: f(x,a,mr,c)
	f(x,a,mr,c)=a*cosh((x-L/2)/mr)/mr+c
fitted parameters initialized with current variable values

iter      chisq       delta/lim  lambda   a             mr            c            
   0 5.0749969769e+03   0.00e+00  6.29e+01    7.724333e-01   6.240219e+00   2.033673e+00
   6 2.7412718597e+01  -1.66e-02  6.29e-05    5.809046e-01   6.562867e+00   2.489580e+00

After 6 iterations the fit converged.
final sum of squares of residuals : 27.4127
rel. change during last iteration : -1.65583e-07

degrees of freedom    (FIT_NDF)                        : 29
rms of residuals      (FIT_STDFIT) = sqrt(WSSR/ndf)    : 0.972248
variance of residuals (reduced chisquare) = WSSR/ndf   : 0.945266
p-value of the Chisq distribution (FIT_P)              : 0.549448

Final set of parameters            Asymptotic Standard Error
=======================            ==========================
a               = 0.580905         +/- 0.4311       (74.21%)
mr              = 6.56287          +/- 1.258        (19.16%)
c               = 2.48958          +/- 0.05754      (2.311%)

correlation matrix of the fit parameters:
                a      mr     c      
a               1.000 
mr              0.999  1.000 
c              -0.989 -0.982  1.000 


*******************************************************************************
Fri Jan 30 15:00:09 2026


FIT:    data read from 'corrfunc.dat' u 1:column2[i]:column3[i] every ::0::(L-1)
        format = x:z:s
        #datapoints = 32
function used for fitting: f(x,a,mr,c)
	f(x,a,mr,c)=a*cosh((x-L/2)/mr)/mr+c
fitted parameters initialized with current variable values

iter      chisq       delta/lim  lambda   a             mr            c            
   0 3.6580658339e+03   0.00e+00  6.35e+01    5.809046e-01   6.562867e+00   2.489580e+00
 252 3.4970768530e+01  -4.31e-01  6.35e-05    2.465836e-03   2.532217e+00   2.979049e+00

After 252 iterations the fit converged.
final sum of squares of residuals : 34.9708
rel. change during last iteration : -4.31249e-06

degrees of freedom    (FIT_NDF)                        : 29
rms of residuals      (FIT_STDFIT) = sqrt(WSSR/ndf)    : 1.09813
variance of residuals (reduced chisquare) = WSSR/ndf   : 1.20589
p-value of the Chisq distribution (FIT_P)              : 0.205501

Final set of parameters            Asymptotic Standard Error
=======================            ==========================
a               = 0.00246584       +/- 0.00273      (110.7%)
mr              = 2.53222          +/- 0.3795       (14.99%)
c               = 2.97905          +/- 0.01403      (0.471%)

correlation matrix of the fit parameters:
                a      mr     c      
a               1.000 
mr              0.999  1.000 
c              -0.821 -0.796  1.000 


*******************************************************************************
Fri Jan 30 15:00:09 2026


FIT:    data read from 'corrfunc.dat' u 1:column2[i]:column3[i] every ::0::(L-1)
        format = x:z:s
        #datapoints = 32
function used for fitting: f(x,a,mr,c)
	f(x,a,mr,c)=a*cosh((x-L/2)/mr)/mr+c
fitted parameters initialized with current variable values

iter      chisq       delta/lim  lambda   a             mr            c            
   0 4.0911437859e+03   0.00e+00  9.00e+01    2.465836e-03   2.532217e+00   2.979049e+00
 386 1.6488024064e+01  -2.53e-01  9.00e-01    2.049383e-06   1.289590e+00   3.257805e+00

After 386 iterations the fit converged.
final sum of squares of residuals : 16.488
rel. change during last iteration : -2.52611e-06

degrees of freedom    (FIT_NDF)                        : 29
rms of residuals      (FIT_STDFIT) = sqrt(WSSR/ndf)    : 0.754024
variance of residuals (reduced chisquare) = WSSR/ndf   : 0.568553
p-value of the Chisq distribution (FIT_P)              : 0.969548

Final set of parameters            Asymptotic Standard Error
=======================            ==========================
a               = 2.04938e-06      +/- 2.634e-06    (128.5%)
mr              = 1.28959          +/- 0.1257       (9.745%)
c               = 3.25781          +/- 0.004456     (0.1368%)

correlation matrix of the fit parameters:
                a      mr     c      
a               1.000 
mr              0.999  1.000 
c              -0.657 -0.638  1.000 


*******************************************************************************
Fri Jan 30 15:00:09 2026


FIT:    data read from 'corrfunc.dat' u 1:column2[i]:column3[i] every ::0::(L-1)
        format = x:z:s
        #datapoints = 32
function used for fitting: f(x,a,mr,c)
	f(x,a,mr,c)=a*cosh((x-L/2)/mr)/mr+c
fitted parameters initialized with current variable values

iter      chisq       delta/lim  lambda   a             mr            c            
   0 1.1111902911e+03   0.00e+00  7.22e+01    2.049383e-06   1.289590e+00   3.257805e+00
 139 2.0710082142e+01  -5.26e-01  7.22e-03    1.547162e-05   1.539504e+00   3.414830e+00

After 139 iterations the fit converged.
final sum of squares of residuals : 20.7101
rel. change during last iteration : -5.26146e-06

degrees of freedom    (FIT_NDF)                        : 29
rms of residuals      (FIT_STDFIT) = sqrt(WSSR/ndf)    : 0.845068
variance of residuals (reduced chisquare) = WSSR/ndf   : 0.714141
p-value of the Chisq distribution (FIT_P)              : 0.869491

Final set of parameters            Asymptotic Standard Error
=======================            ==========================
a               = 1.54716e-05      +/- 3.252e-05    (210.2%)
mr              = 1.5395           +/- 0.2907       (18.89%)
c               = 3.41483          +/- 0.006465     (0.1893%)

correlation matrix of the fit parameters:
                a      mr     c      
a               1.000 
mr              0.999  1.000 
c              -0.632 -0.611  1.000 


*******************************************************************************
Fri Jan 30 15:00:09 2026


FIT:    data read from 'corrfunc.dat' u 1:column2[i]:column3[i] every ::0::(L-1)
        format = x:z:s
        #datapoints = 32
function used for fitting: f(x,a,mr,c)
	f(x,a,mr,c)=a*cosh((x-L/2)/mr)/mr+c
fitted parameters initialized with current variable values

iter      chisq       delta/lim  lambda   a             mr            c            
   0 1.2416545763e+03   0.00e+00  6.63e+01    1.547162e-05   1.539504e+00   3.414830e+00
 526 7.6087069471e+00  -5.88e-01  6.63e-01    8.929734e-08   1.047307e+00   3.611888e+00

After 526 iterations the fit converged.
final sum of squares of residuals : 7.60871
rel. change during last iteration : -5.88083e-06

degrees of freedom    (FIT_NDF)                        : 29
rms of residuals      (FIT_STDFIT) = sqrt(WSSR/ndf)    : 0.51222
variance of residuals (reduced chisquare) = WSSR/ndf   : 0.262369
p-value of the Chisq distribution (FIT_P)              : 0.999977

Final set of parameters            Asymptotic Standard Error
=======================            ==========================
a               = 8.92973e-08      +/- 1.439e-07    (161.1%)
mr              = 1.04731          +/- 0.1047       (9.999%)
c               = 3.61189          +/- 0.004915     (0.1361%)

correlation matrix of the fit parameters:
                a      mr     c      
a               1.000 
mr              1.000  1.000 
c              -0.686 -0.671  1.000 


*******************************************************************************
Fri Jan 30 15:00:09 2026


FIT:    data read from 'corrfunc.dat' u 1:column2[i]:column3[i] every ::0::(L-1)
        format = x:z:s
        #datapoints = 32
function used for fitting: f(x,a,mr,c)
	f(x,a,mr,c)=a*cosh((x-L/2)/mr)/mr+c
fitted parameters initialized with current variable values

iter      chisq       delta/lim  lambda   a             mr            c            
   0 2.2707537891e+03   0.00e+00  8.57e+01    8.929734e-08   1.047307e+00   3.611888e+00
  10 8.0862407883e+00  -6.11e-01  8.57e-05    7.222342e-08   1.044085e+00   3.829446e+00

After 10 iterations the fit converged.
final sum of squares of residuals : 8.08624
rel. change during last iteration : -6.10849e-06

degrees of freedom    (FIT_NDF)                        : 29
rms of residuals      (FIT_STDFIT) = sqrt(WSSR/ndf)    : 0.528049
variance of residuals (reduced chisquare) = WSSR/ndf   : 0.278836
p-value of the Chisq distribution (FIT_P)              : 0.999956

Final set of parameters            Asymptotic Standard Error
=======================            ==========================
a               = 7.22234e-08      +/- 1.245e-07    (172.3%)
mr              = 1.04408          +/- 0.112        (10.72%)
c               = 3.82945          +/- 0.003926     (0.1025%)

correlation matrix of the fit parameters:
                a      mr     c      
a               1.000 
mr              0.999  1.000 
c              -0.666 -0.651  1.000 


*******************************************************************************
Fri Jan 30 15:00:09 2026


FIT:    data read from 'corrfunc.dat' u 1:column2[i]:column3[i] every ::0::(L-1)
        format = x:z:s
        #datapoints = 32
function used for fitting: f(x,a,mr,c)
	f(x,a,mr,c)=a*cosh((x-L/2)/mr)/mr+c
fitted parameters initialized with current variable values

iter      chisq       delta/lim  lambda   a             mr            c            
   0 1.3921695154e+04   0.00e+00  2.24e+02    7.222342e-08   1.044085e+00   3.829446e+00
 122 9.3643754243e+00  -9.50e-01  2.24e+00    3.216288e-13   5.955449e-01   4.041333e+00

After 122 iterations the fit converged.
final sum of squares of residuals : 9.36438
rel. change during last iteration : -9.50225e-06

degrees of freedom    (FIT_NDF)                        : 29
rms of residuals      (FIT_STDFIT) = sqrt(WSSR/ndf)    : 0.568251
variance of residuals (reduced chisquare) = WSSR/ndf   : 0.322909
p-value of the Chisq distribution (FIT_P)              : 0.999793

Final set of parameters            Asymptotic Standard Error
=======================            ==========================
a               = 3.21629e-13      +/- 9.396e-13    (292.1%)
mr              = 0.595545         +/- 0.06397      (10.74%)
c               = 4.04133          +/- 0.001076     (0.02661%)

correlation matrix of the fit parameters:
                a      mr     c      
a               1.000 
mr              1.000  1.000 
c              -0.306 -0.301  1.000 


*******************************************************************************
Fri Jan 30 15:00:09 2026


FIT:    data read from 'corrfunc.dat' u 1:column2[i]:column3[i] every ::0::(L-1)
        format = x:z:s
        #datapoints = 32
function used for fitting: f(x,a,mr,c)
	f(x,a,mr,c)=a*cosh((x-L/2)/mr)/mr+c
fitted parameters initialized with current variable values

iter      chisq       delta/lim  lambda   a             mr            c            
   0 8.3451138922e+03   0.00e+00  2.26e+02    3.216288e-13   5.955449e-01   4.041333e+00
 121 1.0402320019e+01  -9.75e-01  2.26e-01    8.989417e-14   5.710510e-01   4.209810e+00

After 121 iterations the fit converged.
final sum of squares of residuals : 10.4023
rel. change during last iteration : -9.74534e-06

degrees of freedom    (FIT_NDF)                        : 29
rms of residuals      (FIT_STDFIT) = sqrt(WSSR/ndf)    : 0.598916
variance of residuals (reduced chisquare) = WSSR/ndf   : 0.358701
p-value of the Chisq distribution (FIT_P)              : 0.999409

Final set of parameters            Asymptotic Standard Error
=======================            ==========================
a               = 8.98942e-14      +/- 3.557e-13    (395.7%)
mr              = 0.571051         +/- 0.07942      (13.91%)
c               = 4.20981          +/- 0.001192     (0.02831%)

correlation matrix of the fit parameters:
                a      mr     c      
a               1.000 
mr              1.000  1.000 
c              -0.324 -0.321  1.000 


*******************************************************************************
Fri Jan 30 15:00:09 2026


FIT:    data read from 'corrfunc.dat' u 1:column2[i]:column3[i] every ::0::(L-1)
        format = x:z:s
        #datapoints = 32
function used for fitting: f(x,a,mr,c)
	f(x,a,mr,c)=a*cosh((x-L/2)/mr)/mr+c
fitted parameters initialized with current variable values

iter      chisq       delta/lim  lambda   a             mr            c            
   0 1.0594764979e+04   0.00e+00  2.81e+02    8.989417e-14   5.710510e-01   4.209810e+00
 409 6.7578572401e+00  -9.68e-01  2.81e+00    1.119993e-15   4.977303e-01   4.369491e+00

After 409 iterations the fit converged.
final sum of squares of residuals : 6.75786
rel. change during last iteration : -9.68497e-06

degrees of freedom    (FIT_NDF)                        : 29
rms of residuals      (FIT_STDFIT) = sqrt(WSSR/ndf)    : 0.482731
variance of residuals (reduced chisquare) = WSSR/ndf   : 0.23303
p-value of the Chisq distribution (FIT_P)              : 0.999994

Final set of parameters            Asymptotic Standard Error
=======================            ==========================
a               = 1.11999e-15      +/- 4.389e-15    (391.9%)
mr              = 0.49773          +/- 0.05997      (12.05%)
c               = 4.36949          +/- 0.0007972    (0.01825%)

correlation matrix of the fit parameters:
                a      mr     c      
a               1.000 
mr              1.000  1.000 
c              -0.293 -0.291  1.000 


*******************************************************************************
Fri Jan 30 15:00:09 2026


FIT:    data read from 'corrfunc.dat' u 1:column2[i]:column3[i] every ::0::(L-1)
        format = x:z:s
        #datapoints = 32
function used for fitting: f(x,a,mr,c)
	f(x,a,mr,c)=a*cosh((x-L/2)/mr)/mr+c
fitted parameters initialized with current variable values

iter      chisq       delta/lim  lambda   a             mr            c            
   0 7.8611651389e+03   0.00e+00  2.20e+02    1.119993e-15   4.977303e-01   4.369491e+00
 405 7.1048229550e+00  -9.92e-01  2.20e+00    9.127752e-23   3.330599e-01   4.550817e+00

After 405 iterations the fit converged.
final sum of squares of residuals : 7.10482
rel. change during last iteration : -9.91828e-06

degrees of freedom    (FIT_NDF)                        : 29
rms of residuals      (FIT_STDFIT) = sqrt(WSSR/ndf)    : 0.494969
variance of residuals (reduced chisquare) = WSSR/ndf   : 0.244994
p-value of the Chisq distribution (FIT_P)              : 0.999989

Final set of parameters            Asymptotic Standard Error
=======================            ==========================
a               = 9.12775e-23      +/- 1.325e-21    (1452%)
mr              = 0.33306          +/- 0.1012       (30.38%)
c               = 4.55082          +/- 0.001056     (0.02321%)

correlation matrix of the fit parameters:
                a      mr     c      
a               1.000 
mr              1.000  1.000 
c              -0.262 -0.261  1.000 


*******************************************************************************
Fri Jan 30 15:00:12 2026


FIT:    data read from 'corrfunc.dat' u 1:column2[i]:column3[i] every ::0::(L-1)
        format = x:z:s
        #datapoints = 32
function used for fitting: f(x,a,mr,c)
	f(x,a,mr,c)=a*cosh((x-L/2)/mr)/mr+c
fitted parameters initialized with current variable values

iter      chisq       delta/lim  lambda   a             mr            c            
   0 1.2351036897e+09   0.00e+00  2.80e+04    1.000000e-01   2.100000e+00   1.000000e+00
  88 1.9908548232e+01  -3.37e-05  2.80e-02    2.628999e-13   5.823470e-01  -4.262244e-04

After 88 iterations the fit converged.
final sum of squares of residuals : 19.9085
rel. change during last iteration : -3.36877e-10

degrees of freedom    (FIT_NDF)                        : 29
rms of residuals      (FIT_STDFIT) = sqrt(WSSR/ndf)    : 0.828554
variance of residuals (reduced chisquare) = WSSR/ndf   : 0.686502
p-value of the Chisq distribution (FIT_P)              : 0.895747

Final set of parameters            Asymptotic Standard Error
=======================            ==========================
a               = 2.629e-13        +/- 1.453e-13    (55.26%)
mr              = 0.582347         +/- 0.01154      (1.981%)
c               = -0.000426224     +/- 0.0003193    (74.91%)

correlation matrix of the fit parameters:
                a      mr     c      
a               1.000 
mr              1.000  1.000 
c              -0.302 -0.298  1.000 


*******************************************************************************
Fri Jan 30 15:00:12 2026


FIT:    data read from 'corrfunc.dat' u 1:column2[i]:column3[i] every ::0::(L-1)
        format = x:z:s
        #datapoints = 32
function used for fitting: f(x,a,mr,c)
	f(x,a,mr,c)=a*cosh((x-L/2)/mr)/mr+c
fitted parameters initialized with current variable values

iter      chisq       delta/lim  lambda   a             mr            c            
   0 3.6718338793e+01   0.00e+00  2.89e+02    2.628999e-13   5.823470e-01  -4.262244e-04
   7 1.8253961232e+01  -1.06e-01  2.89e-05    3.523367e-13   5.880108e-01   8.198583e-04

After 7 iterations the fit converged.
final sum of squares of residuals : 18.254
rel. change during last iteration : -1.06159e-06

degrees of freedom    (FIT_NDF)                        : 29
rms of residuals      (FIT_STDFIT) = sqrt(WSSR/ndf)    : 0.793377
variance of residuals (reduced chisquare) = WSSR/ndf   : 0.629447
p-value of the Chisq distribution (FIT_P)              : 0.938932

Final set of parameters            Asymptotic Standard Error
=======================            ==========================
a               = 3.52337e-13      +/- 2.246e-13    (63.74%)
mr              = 0.588011         +/- 0.01351      (2.298%)
c               = 0.000819858      +/- 0.0003243    (39.56%)

correlation matrix of the fit parameters:
                a      mr     c      
a               1.000 
mr              1.000  1.000 
c              -0.284 -0.281  1.000 


*******************************************************************************
Fri Jan 30 15:00:12 2026


FIT:    data read from 'corrfunc.dat' u 1:column2[i]:column3[i] every ::0::(L-1)
        format = x:z:s
        #datapoints = 32
function used for fitting: f(x,a,mr,c)
	f(x,a,mr,c)=a*cosh((x-L/2)/mr)/mr+c
fitted parameters initialized with current variable values

iter      chisq       delta/lim  lambda   a             mr            c            
   0 2.4944527171e+01   0.00e+00  1.44e+02    3.523367e-13   5.880108e-01   8.198583e-04
 143 2.0384610076e+01  -3.48e-01  1.44e-02    6.463973e-13   6.002326e-01   4.536192e-04

After 143 iterations the fit converged.
final sum of squares of residuals : 20.3846
rel. change during last iteration : -3.48273e-06

degrees of freedom    (FIT_NDF)                        : 29
rms of residuals      (FIT_STDFIT) = sqrt(WSSR/ndf)    : 0.838402
variance of residuals (reduced chisquare) = WSSR/ndf   : 0.702918
p-value of the Chisq distribution (FIT_P)              : 0.88057

Final set of parameters            Asymptotic Standard Error
=======================            ==========================
a               = 6.46397e-13      +/- 4.236e-13    (65.54%)
mr              = 0.600233         +/- 0.01458      (2.428%)
c               = 0.000453619      +/- 0.0003225    (71.09%)

correlation matrix of the fit parameters:
                a      mr     c      
a               1.000 
mr              1.000  1.000 
c              -0.280 -0.275  1.000 


*******************************************************************************
Fri Jan 30 15:00:12 2026


FIT:    data read from 'corrfunc.dat' u 1:column2[i]:column3[i] every ::0::(L-1)
        format = x:z:s
        #datapoints = 32
function used for fitting: f(x,a,mr,c)
	f(x,a,mr,c)=a*cosh((x-L/2)/mr)/mr+c
fitted parameters initialized with current variable values

iter      chisq       delta/lim  lambda   a             mr            c            
   0 4.6410397319e+01   0.00e+00  2.08e+02    6.463973e-13   6.002326e-01   4.536192e-04
 272 1.6840573877e+01  -3.32e-01  2.08e-02    5.014552e-12   6.473993e-01  -1.114015e-04

After 272 iterations the fit converged.
final sum of squares of residuals : 16.8406
rel. change during last iteration : -3.31533e-06

degrees of freedom    (FIT_NDF)                        : 29
rms of residuals      (FIT_STDFIT) = sqrt(WSSR/ndf)    : 0.762043
variance of residuals (reduced chisquare) = WSSR/ndf   : 0.580709
p-value of the Chisq distribution (FIT_P)              : 0.964599

Final set of parameters            Asymptotic Standard Error
=======================            ==========================
a               = 5.01455e-12      +/- 1.981e-12    (39.51%)
mr              = 0.647399         +/- 0.01019      (1.574%)
c               = -0.000111402     +/- 0.0003224    (289.4%)

correlation matrix of the fit parameters:
                a      mr     c      
a               1.000 
mr              1.000  1.000 
c              -0.338 -0.332  1.000 


*******************************************************************************
Fri Jan 30 15:00:12 2026


FIT:    data read from 'corrfunc.dat' u 1:column2[i]:column3[i] every ::0::(L-1)
        format = x:z:s
        #datapoints = 32
function used for fitting: f(x,a,mr,c)
	f(x,a,mr,c)=a*cosh((x-L/2)/mr)/mr+c
fitted parameters initialized with current variable values

iter      chisq       delta/lim  lambda   a             mr            c            
   0 3.6151548232e+01   0.00e+00  1.64e+02    5.014552e-12   6.473993e-01  -1.114015e-04
  61 2.6987773901e+01  -8.86e-04  1.64e-05    9.139184e-12   6.618316e-01  -6.614712e-04

After 61 iterations the fit converged.
final sum of squares of residuals : 26.9878
rel. change during last iteration : -8.85937e-09

degrees of freedom    (FIT_NDF)                        : 29
rms of residuals      (FIT_STDFIT) = sqrt(WSSR/ndf)    : 0.964683
variance of residuals (reduced chisquare) = WSSR/ndf   : 0.930613
p-value of the Chisq distribution (FIT_P)              : 0.572365

Final set of parameters            Asymptotic Standard Error
=======================            ==========================
a               = 9.13918e-12      +/- 5.227e-12    (57.19%)
mr              = 0.661832         +/- 0.0154       (2.327%)
c               = -0.000661471     +/- 0.0004274    (64.61%)

correlation matrix of the fit parameters:
                a      mr     c      
a               1.000 
mr              1.000  1.000 
c              -0.317 -0.311  1.000 


*******************************************************************************
Fri Jan 30 15:00:12 2026


FIT:    data read from 'corrfunc.dat' u 1:column2[i]:column3[i] every ::0::(L-1)
        format = x:z:s
        #datapoints = 32
function used for fitting: f(x,a,mr,c)
	f(x,a,mr,c)=a*cosh((x-L/2)/mr)/mr+c
fitted parameters initialized with current variable values

iter      chisq       delta/lim  lambda   a             mr            c            
   0 4.3732175169e+01   0.00e+00  2.21e+02    9.139184e-12   6.618316e-01  -6.614712e-04
  26 1.9602677953e+01  -2.31e-01  2.21e-04    1.350603e-11   6.713095e-01   2.799257e-04

After 26 iterations the fit converged.
final sum of squares of residuals : 19.6027
rel. change during last iteration : -2.30983e-06

degrees of freedom    (FIT_NDF)                        : 29
rms of residuals      (FIT_STDFIT) = sqrt(WSSR/ndf)    : 0.822164
variance of residuals (reduced chisquare) = WSSR/ndf   : 0.675954
p-value of the Chisq distribution (FIT_P)              : 0.904848

Final set of parameters            Asymptotic Standard Error
=======================            ==========================
a               = 1.3506e-11       +/- 5.182e-12    (38.37%)
mr              = 0.67131          +/- 0.01061      (1.581%)
c               = 0.000279926      +/- 0.0003652    (130.5%)

correlation matrix of the fit parameters:
                a      mr     c      
a               1.000 
mr              1.000  1.000 
c              -0.310 -0.303  1.000 


*******************************************************************************
Fri Jan 30 15:00:12 2026


FIT:    data read from 'corrfunc.dat' u 1:column2[i]:column3[i] every ::0::(L-1)
        format = x:z:s
        #datapoints = 32
function used for fitting: f(x,a,mr,c)
	f(x,a,mr,c)=a*cosh((x-L/2)/mr)/mr+c
fitted parameters initialized with current variable values

iter      chisq       delta/lim  lambda   a             mr            c            
   0 5.8292051517e+01   0.00e+00  2.53e+02    1.350603e-11   6.713095e-01   2.799257e-04
 111 2.8016726137e+01  -1.61e-02  2.53e-04    7.811467e-12   6.553808e-01   3.215911e-04

After 111 iterations the fit converged.
final sum of squares of residuals : 28.0167
rel. change during last iteration : -1.60566e-07

degrees of freedom    (FIT_NDF)                        : 29
rms of residuals      (FIT_STDFIT) = sqrt(WSSR/ndf)    : 0.982901
variance of residuals (reduced chisquare) = WSSR/ndf   : 0.966094
p-value of the Chisq distribution (FIT_P)              : 0.517019

Final set of parameters            Asymptotic Standard Error
=======================            ==========================
a               = 7.81147e-12      +/- 3.642e-12    (46.63%)
mr              = 0.655381         +/- 0.01226      (1.87%)
c               = 0.000321591      +/- 0.0004312    (134.1%)

correlation matrix of the fit parameters:
                a      mr     c      
a               1.000 
mr              1.000  1.000 
c              -0.328 -0.323  1.000 


*******************************************************************************
Fri Jan 30 15:00:12 2026


FIT:    data read from 'corrfunc.dat' u 1:column2[i]:column3[i] every ::0::(L-1)
        format = x:z:s
        #datapoints = 32
function used for fitting: f(x,a,mr,c)
	f(x,a,mr,c)=a*cosh((x-L/2)/mr)/mr+c
fitted parameters initialized with current variable values

iter      chisq       delta/lim  lambda   a             mr            c            
   0 3.2780398258e+01   0.00e+00  1.86e+02    7.811467e-12   6.553808e-01   3.215911e-04
  10 3.0062850439e+01  -5.27e-03  1.86e-04    1.009471e-11   6.615423e-01  -5.218275e-05

After 10 iterations the fit converged.
final sum of squares of residuals : 30.0629
rel. change during last iteration : -5.26716e-08

degrees of freedom    (FIT_NDF)                        : 29
rms of residuals      (FIT_STDFIT) = sqrt(WSSR/ndf)    : 1.01816
variance of residuals (reduced chisquare) = WSSR/ndf   : 1.03665
p-value of the Chisq distribution (FIT_P)              : 0.410871

Final set of parameters            Asymptotic Standard Error
=======================            ==========================
a               = 1.00947e-11      +/- 5.981e-12    (59.25%)
mr              = 0.661542         +/- 0.0159       (2.404%)
c               = -5.21828e-05     +/- 0.0004815    (922.6%)

correlation matrix of the fit parameters:
                a      mr     c      
a               1.000 
mr              1.000  1.000 
c              -0.334 -0.329  1.000 


*******************************************************************************
Fri Jan 30 15:00:12 2026


FIT:    data read from 'corrfunc.dat' u 1:column2[i]:column3[i] every ::0::(L-1)
        format = x:z:s
        #datapoints = 32
function used for fitting: f(x,a,mr,c)
	f(x,a,mr,c)=a*cosh((x-L/2)/mr)/mr+c
fitted parameters initialized with current variable values

iter      chisq       delta/lim  lambda   a             mr            c            
   0 6.2137282910e+01   0.00e+00  2.36e+02    1.009471e-11   6.615423e-01  -5.218275e-05
 173 9.9612791263e+00  -1.50e-01  2.36e-05    1.972951e-11   6.779053e-01   6.313052e-04

After 173 iterations the fit converged.
final sum of squares of residuals : 9.96128
rel. change during last iteration : -1.49751e-06

degrees of freedom    (FIT_NDF)                        : 29
rms of residuals      (FIT_STDFIT) = sqrt(WSSR/ndf)    : 0.586082
variance of residuals (reduced chisquare) = WSSR/ndf   : 0.343492
p-value of the Chisq distribution (FIT_P)              : 0.999615

Final set of parameters            Asymptotic Standard Error
=======================            ==========================
a               = 1.97295e-11      +/- 5.698e-12    (28.88%)
mr              = 0.677905         +/- 0.008109     (1.196%)
c               = 0.000631305      +/- 0.0002696    (42.7%)

correlation matrix of the fit parameters:
                a      mr     c      
a               1.000 
mr              1.000  1.000 
c              -0.347 -0.342  1.000 


*******************************************************************************
Fri Jan 30 15:00:12 2026


FIT:    data read from 'corrfunc.dat' u 1:column2[i]:column3[i] every ::0::(L-1)
        format = x:z:s
        #datapoints = 32
function used for fitting: f(x,a,mr,c)
	f(x,a,mr,c)=a*cosh((x-L/2)/mr)/mr+c
fitted parameters initialized with current variable values

iter      chisq       delta/lim  lambda   a             mr            c            
   0 5.6604434719e+01   0.00e+00  2.00e+02    1.972951e-11   6.779053e-01   6.313052e-04
 226 2.0774578934e+01  -4.16e-01  2.00e-02    1.042450e-10   7.255545e-01   2.251518e-04

After 226 iterations the fit converged.
final sum of squares of residuals : 20.7746
rel. change during last iteration : -4.16276e-06

degrees of freedom    (FIT_NDF)                        : 29
rms of residuals      (FIT_STDFIT) = sqrt(WSSR/ndf)    : 0.846383
variance of residuals (reduced chisquare) = WSSR/ndf   : 0.716365
p-value of the Chisq distribution (FIT_P)              : 0.867229

Final set of parameters            Asymptotic Standard Error
=======================            ==========================
a               = 1.04245e-10      +/- 4.319e-11    (41.43%)
mr              = 0.725555         +/- 0.01331      (1.834%)
c               = 0.000225152      +/- 0.0004451    (197.7%)

correlation matrix of the fit parameters:
                a      mr     c      
a               1.000 
mr              1.000  1.000 
c              -0.364 -0.358  1.000 


*******************************************************************************
Fri Jan 30 15:00:12 2026


FIT:    data read from 'corrfunc.dat' u 1:column2[i]:column3[i] every ::0::(L-1)
        format = x:z:s
        #datapoints = 32
function used for fitting: f(x,a,mr,c)
	f(x,a,mr,c)=a*cosh((x-L/2)/mr)/mr+c
fitted parameters initialized with current variable values

iter      chisq       delta/lim  lambda   a             mr            c            
   0 2.9560533650e+01   0.00e+00  2.11e+02    1.042450e-10   7.255545e-01   2.251518e-04
   8 1.7939090601e+01  -2.09e-03  2.11e-05    1.249195e-10   7.301337e-01  -5.026772e-05

After 8 iterations the fit converged.
final sum of squares of residuals : 17.9391
rel. change during last iteration : -2.09098e-08

degrees of freedom    (FIT_NDF)                        : 29
rms of residuals      (FIT_STDFIT) = sqrt(WSSR/ndf)    : 0.786505
variance of residuals (reduced chisquare) = WSSR/ndf   : 0.618589
p-value of the Chisq distribution (FIT_P)              : 0.945504

Final set of parameters            Asymptotic Standard Error
=======================            ==========================
a               = 1.2492e-10       +/- 4.581e-11    (36.67%)
mr              = 0.730134         +/- 0.01192      (1.632%)
c               = -5.02677e-05     +/- 0.0004201    (835.7%)

correlation matrix of the fit parameters:
                a      mr     c      
a               1.000 
mr              1.000  1.000 
c              -0.327 -0.321  1.000 


*******************************************************************************
Fri Jan 30 15:00:12 2026


FIT:    data read from 'corrfunc.dat' u 1:column2[i]:column3[i] every ::0::(L-1)
        format = x:z:s
        #datapoints = 32
function used for fitting: f(x,a,mr,c)
	f(x,a,mr,c)=a*cosh((x-L/2)/mr)/mr+c
fitted parameters initialized with current variable values

iter      chisq       delta/lim  lambda   a             mr            c            
   0 3.8750830583e+01   0.00e+00  1.97e+02    1.249195e-10   7.301337e-01  -5.026772e-05
 116 3.4382039691e+01  -2.88e-01  1.97e-04    2.297109e-10   7.497846e-01   7.286362e-05

After 116 iterations the fit converged.
final sum of squares of residuals : 34.382
rel. change during last iteration : -2.87529e-06

degrees of freedom    (FIT_NDF)                        : 29
rms of residuals      (FIT_STDFIT) = sqrt(WSSR/ndf)    : 1.08885
variance of residuals (reduced chisquare) = WSSR/ndf   : 1.18559
p-value of the Chisq distribution (FIT_P)              : 0.22555

Final set of parameters            Asymptotic Standard Error
=======================            ==========================
a               = 2.29711e-10      +/- 1.107e-10    (48.2%)
mr              = 0.749785         +/- 0.01656      (2.209%)
c               = 7.28636e-05      +/- 0.0005695    (781.5%)

correlation matrix of the fit parameters:
                a      mr     c      
a               1.000 
mr              1.000  1.000 
c              -0.302 -0.296  1.000 


*******************************************************************************
Fri Jan 30 15:00:12 2026


FIT:    data read from 'corrfunc.dat' u 1:column2[i]:column3[i] every ::0::(L-1)
        format = x:z:s
        #datapoints = 32
function used for fitting: f(x,a,mr,c)
	f(x,a,mr,c)=a*cosh((x-L/2)/mr)/mr+c
fitted parameters initialized with current variable values

iter      chisq       delta/lim  lambda   a             mr            c            
   0 5.5181184996e+01   0.00e+00  1.59e+02    2.297109e-10   7.497846e-01   7.286362e-05
 115 2.5301233523e+01  -3.55e-04  1.59e-05    5.190068e-10   7.762851e-01   4.806052e-04

After 115 iterations the fit converged.
final sum of squares of residuals : 25.3012
rel. change during last iteration : -3.5543e-09

degrees of freedom    (FIT_NDF)                        : 29
rms of residuals      (FIT_STDFIT) = sqrt(WSSR/ndf)    : 0.934054
variance of residuals (reduced chisquare) = WSSR/ndf   : 0.872456
p-value of the Chisq distribution (FIT_P)              : 0.662526

Final set of parameters            Asymptotic Standard Error
=======================            ==========================
a               = 5.19007e-10      +/- 2.167e-10    (41.76%)
mr              = 0.776285         +/- 0.0154       (1.984%)
c               = 0.000480605      +/- 0.0005663    (117.8%)

correlation matrix of the fit parameters:
                a      mr     c      
a               1.000 
mr              1.000  1.000 
c              -0.360 -0.352  1.000 


*******************************************************************************
Fri Jan 30 15:00:12 2026


FIT:    data read from 'corrfunc.dat' u 1:column2[i]:column3[i] every ::0::(L-1)
        format = x:z:s
        #datapoints = 32
function used for fitting: f(x,a,mr,c)
	f(x,a,mr,c)=a*cosh((x-L/2)/mr)/mr+c
fitted parameters initialized with current variable values

iter      chisq       delta/lim  lambda   a             mr            c            
   0 5.4225595635e+01   0.00e+00  1.69e+02    5.190068e-10   7.762851e-01   4.806052e-04
 146 2.1177816293e+01  -4.75e-03  1.69e-04    1.769387e-09   8.211992e-01   4.467309e-04

After 146 iterations the fit converged.
final sum of squares of residuals : 21.1778
rel. change during last iteration : -4.74553e-08

degrees of freedom    (FIT_NDF)                        : 29
rms of residuals      (FIT_STDFIT) = sqrt(WSSR/ndf)    : 0.854558
variance of residuals (reduced chisquare) = WSSR/ndf   : 0.73027
p-value of the Chisq distribution (FIT_P)              : 0.85259

Final set of parameters            Asymptotic Standard Error
=======================            ==========================
a               = 1.76939e-09      +/- 6.361e-10    (35.95%)
mr              = 0.821199         +/- 0.01479      (1.801%)
c               = 0.000446731      +/- 0.000512     (114.6%)

correlation matrix of the fit parameters:
                a      mr     c      
a               1.000 
mr              1.000  1.000 
c              -0.301 -0.293  1.000 


*******************************************************************************
Fri Jan 30 15:00:12 2026


FIT:    data read from 'corrfunc.dat' u 1:column2[i]:column3[i] every ::0::(L-1)
        format = x:z:s
        #datapoints = 32
function used for fitting: f(x,a,mr,c)
	f(x,a,mr,c)=a*cosh((x-L/2)/mr)/mr+c
fitted parameters initialized with current variable values

iter      chisq       delta/lim  lambda   a             mr            c            
   0 2.7661590533e+01   0.00e+00  1.44e+02    1.769387e-09   8.211992e-01   4.467309e-04
   6 1.0339630153e+01  -6.71e-02  1.44e-04    1.952952e-09   8.228338e-01   1.541111e-04

After 6 iterations the fit converged.
final sum of squares of residuals : 10.3396
rel. change during last iteration : -6.70582e-07

degrees of freedom    (FIT_NDF)                        : 29
rms of residuals      (FIT_STDFIT) = sqrt(WSSR/ndf)    : 0.597109
variance of residuals (reduced chisquare) = WSSR/ndf   : 0.356539
p-value of the Chisq distribution (FIT_P)              : 0.999443

Final set of parameters            Asymptotic Standard Error
=======================            ==========================
a               = 1.95295e-09      +/- 5.366e-10    (27.47%)
mr              = 0.822834         +/- 0.01134      (1.378%)
c               = 0.000154111      +/- 0.0003945    (256%)

correlation matrix of the fit parameters:
                a      mr     c      
a               1.000 
mr              1.000  1.000 
c              -0.330 -0.322  1.000 


*******************************************************************************
Fri Jan 30 15:00:12 2026


FIT:    data read from 'corrfunc.dat' u 1:column2[i]:column3[i] every ::0::(L-1)
        format = x:z:s
        #datapoints = 32
function used for fitting: f(x,a,mr,c)
	f(x,a,mr,c)=a*cosh((x-L/2)/mr)/mr+c
fitted parameters initialized with current variable values

iter      chisq       delta/lim  lambda   a             mr            c            
   0 3.2476344622e+01   0.00e+00  1.42e+02    1.952952e-09   8.228338e-01   1.541111e-04
 112 1.5399793612e+01  -6.94e-03  1.42e-05    6.096649e-09   8.699013e-01  -4.538425e-04

After 112 iterations the fit converged.
final sum of squares of residuals : 15.3998
rel. change during last iteration : -6.93715e-08

degrees of freedom    (FIT_NDF)                        : 29
rms of residuals      (FIT_STDFIT) = sqrt(WSSR/ndf)    : 0.728716
variance of residuals (reduced chisquare) = WSSR/ndf   : 0.531027
p-value of the Chisq distribution (FIT_P)              : 0.981643

Final set of parameters            Asymptotic Standard Error
=======================            ==========================
a               = 6.09665e-09      +/- 1.911e-09    (31.35%)
mr              = 0.869901         +/- 0.01443      (1.658%)
c               = -0.000453843     +/- 0.000502     (110.6%)

correlation matrix of the fit parameters:
                a      mr     c      
a               1.000 
mr              0.999  1.000 
c              -0.350 -0.342  1.000 


*******************************************************************************
Fri Jan 30 15:00:13 2026


FIT:    data read from 'corrfunc.dat' u 1:column2[i]:column3[i] every ::0::(L-1)
        format = x:z:s
        #datapoints = 32
function used for fitting: f(x,a,mr,c)
	f(x,a,mr,c)=a*cosh((x-L/2)/mr)/mr+c
fitted parameters initialized with current variable values

iter      chisq       delta/lim  lambda   a             mr            c            
   0 1.3270635894e+02   0.00e+00  1.84e+02    6.096649e-09   8.699013e-01  -4.538425e-04
 103 2.1085103779e+01  -5.54e-04  1.84e-05    1.803944e-08   9.173661e-01   8.847360e-04

After 103 iterations the fit converged.
final sum of squares of residuals : 21.0851
rel. change during last iteration : -5.54181e-09

degrees of freedom    (FIT_NDF)                        : 29
rms of residuals      (FIT_STDFIT) = sqrt(WSSR/ndf)    : 0.852685
variance of residuals (reduced chisquare) = WSSR/ndf   : 0.727073
p-value of the Chisq distribution (FIT_P)              : 0.85603

Final set of parameters            Asymptotic Standard Error
=======================            ==========================
a               = 1.80394e-08      +/- 5.496e-09    (30.46%)
mr              = 0.917366         +/- 0.01546      (1.685%)
c               = 0.000884736      +/- 0.0006203    (70.11%)

correlation matrix of the fit parameters:
                a      mr     c      
a               1.000 
mr              1.000  1.000 
c              -0.361 -0.354  1.000 


*******************************************************************************
Fri Jan 30 15:00:13 2026


FIT:    data read from 'corrfunc.dat' u 1:column2[i]:column3[i] every ::0::(L-1)
        format = x:z:s
        #datapoints = 32
function used for fitting: f(x,a,mr,c)
	f(x,a,mr,c)=a*cosh((x-L/2)/mr)/mr+c
fitted parameters initialized with current variable values

iter      chisq       delta/lim  lambda   a             mr            c            
   0 4.9274729660e+01   0.00e+00  1.71e+02    1.803944e-08   9.173661e-01   8.847360e-04
  24 2.5934405424e+01  -3.80e-01  1.71e-04    2.898251e-08   9.392384e-01  -4.300095e-04

After 24 iterations the fit converged.
final sum of squares of residuals : 25.9344
rel. change during last iteration : -3.79562e-06

degrees of freedom    (FIT_NDF)                        : 29
rms of residuals      (FIT_STDFIT) = sqrt(WSSR/ndf)    : 0.945669
variance of residuals (reduced chisquare) = WSSR/ndf   : 0.89429
p-value of the Chisq distribution (FIT_P)              : 0.628995

Final set of parameters            Asymptotic Standard Error
=======================            ==========================
a               = 2.89825e-08      +/- 9.276e-09    (32.01%)
mr              = 0.939238         +/- 0.01711      (1.822%)
c               = -0.000430009     +/- 0.000728     (169.3%)

correlation matrix of the fit parameters:
                a      mr     c      
a               1.000 
mr              0.999  1.000 
c              -0.354 -0.345  1.000 


*******************************************************************************
Fri Jan 30 15:00:13 2026


FIT:    data read from 'corrfunc.dat' u 1:column2[i]:column3[i] every ::0::(L-1)
        format = x:z:s
        #datapoints = 32
function used for fitting: f(x,a,mr,c)
	f(x,a,mr,c)=a*cosh((x-L/2)/mr)/mr+c
fitted parameters initialized with current variable values

iter      chisq       delta/lim  lambda   a             mr            c            
   0 1.4216888503e+02   0.00e+00  1.84e+02    2.898251e-08   9.392384e-01  -4.300095e-04
 110 3.0110479567e+01  -5.82e-02  1.84e-04    9.161881e-08   9.989085e-01   4.154098e-05

After 110 iterations the fit converged.
final sum of squares of residuals : 30.1105
rel. change during last iteration : -5.82155e-07

degrees of freedom    (FIT_NDF)                        : 29
rms of residuals      (FIT_STDFIT) = sqrt(WSSR/ndf)    : 1.01897
variance of residuals (reduced chisquare) = WSSR/ndf   : 1.03829
p-value of the Chisq distribution (FIT_P)              : 0.408503

Final set of parameters            Asymptotic Standard Error
=======================            ==========================
a               = 9.16188e-08      +/- 2.769e-08    (30.22%)
mr              = 0.998908         +/- 0.01815      (1.817%)
c               = 4.1541e-05       +/- 0.0008431    (2029%)

correlation matrix of the fit parameters:
                a      mr     c      
a               1.000 
mr              0.999  1.000 
c              -0.371 -0.361  1.000 


*******************************************************************************
Fri Jan 30 15:00:13 2026


FIT:    data read from 'corrfunc.dat' u 1:column2[i]:column3[i] every ::0::(L-1)
        format = x:z:s
        #datapoints = 32
function used for fitting: f(x,a,mr,c)
	f(x,a,mr,c)=a*cosh((x-L/2)/mr)/mr+c
fitted parameters initialized with current variable values

iter      chisq       delta/lim  lambda   a             mr            c            
   0 4.4685066360e+01   0.00e+00  1.94e+02    9.161881e-08   9.989085e-01   4.154098e-05
  32 1.2160824580e+01  -1.08e-04  1.94e-06    1.245461e-07   1.014455e+00  -7.393872e-04

After 32 iterations the fit converged.
final sum of squares of residuals : 12.1608
rel. change during last iteration : -1.07909e-09

degrees of freedom    (FIT_NDF)                        : 29
rms of residuals      (FIT_STDFIT) = sqrt(WSSR/ndf)    : 0.647564
variance of residuals (reduced chisquare) = WSSR/ndf   : 0.419339
p-value of the Chisq distribution (FIT_P)              : 0.997438

Final set of parameters            Asymptotic Standard Error
=======================            ==========================
a               = 1.24546e-07      +/- 2.327e-08    (18.68%)
mr              = 1.01445          +/- 0.01155      (1.139%)
c               = -0.000739387     +/- 0.000624     (84.39%)

correlation matrix of the fit parameters:
                a      mr     c      
a               1.000 
mr              1.000  1.000 
c              -0.390 -0.379  1.000 


*******************************************************************************
Fri Jan 30 15:00:13 2026


FIT:    data read from 'corrfunc.dat' u 1:column2[i]:column3[i] every ::0::(L-1)
        format = x:z:s
        #datapoints = 32
function used for fitting: f(x,a,mr,c)
	f(x,a,mr,c)=a*cosh((x-L/2)/mr)/mr+c
fitted parameters initialized with current variable values

iter      chisq       delta/lim  lambda   a             mr            c            
   0 8.7809194545e+01   0.00e+00  1.17e+02    1.245461e-07   1.014455e+00  -7.393872e-04
  46 1.7338454092e+01  -2.07e-02  1.17e-04    3.418335e-07   1.074346e+00   9.351976e-04

After 46 iterations the fit converged.
final sum of squares of residuals : 17.3385
rel. change during last iteration : -2.07471e-07

degrees of freedom    (FIT_NDF)                        : 29
rms of residuals      (FIT_STDFIT) = sqrt(WSSR/ndf)    : 0.773226
variance of residuals (reduced chisquare) = WSSR/ndf   : 0.597878
p-value of the Chisq distribution (FIT_P)              : 0.95666

Final set of parameters            Asymptotic Standard Error
=======================            ==========================
a               = 3.41833e-07      +/- 9.645e-08    (28.22%)
mr              = 1.07435          +/- 0.01966      (1.83%)
c               = 0.000935198      +/- 0.0007223    (77.23%)

correlation matrix of the fit parameters:
                a      mr     c      
a               1.000 
mr              0.999  1.000 
c              -0.343 -0.333  1.000 


*******************************************************************************
Fri Jan 30 15:00:13 2026


FIT:    data read from 'corrfunc.dat' u 1:column2[i]:column3[i] every ::0::(L-1)
        format = x:z:s
        #datapoints = 32
function used for fitting: f(x,a,mr,c)
	f(x,a,mr,c)=a*cosh((x-L/2)/mr)/mr+c
fitted parameters initialized with current variable values

iter      chisq       delta/lim  lambda   a             mr            c            
   0 1.3647479340e+02   0.00e+00  1.29e+02    3.418335e-07   1.074346e+00   9.351976e-04
  58 1.6818710388e+01  -2.13e-02  1.29e-04    9.592587e-07   1.142358e+00   1.232593e-03

After 58 iterations the fit converged.
final sum of squares of residuals : 16.8187
rel. change during last iteration : -2.12515e-07

degrees of freedom    (FIT_NDF)                        : 29
rms of residuals      (FIT_STDFIT) = sqrt(WSSR/ndf)    : 0.761548
variance of residuals (reduced chisquare) = WSSR/ndf   : 0.579956
p-value of the Chisq distribution (FIT_P)              : 0.964922

Final set of parameters            Asymptotic Standard Error
=======================            ==========================
a               = 9.59259e-07      +/- 2.051e-07    (21.39%)
mr              = 1.14236          +/- 0.0169       (1.48%)
c               = 0.00123259       +/- 0.0008406    (68.19%)

correlation matrix of the fit parameters:
                a      mr     c      
a               1.000 
mr              0.999  1.000 
c              -0.409 -0.395  1.000 


*******************************************************************************
Fri Jan 30 15:00:13 2026


FIT:    data read from 'corrfunc.dat' u 1:column2[i]:column3[i] every ::0::(L-1)
        format = x:z:s
        #datapoints = 32
function used for fitting: f(x,a,mr,c)
	f(x,a,mr,c)=a*cosh((x-L/2)/mr)/mr+c
fitted parameters initialized with current variable values

iter      chisq       delta/lim  lambda   a             mr            c            
   0 1.0442293909e+02   0.00e+00  1.42e+02    9.592587e-07   1.142358e+00   1.232593e-03
  59 1.9904454730e+01  -1.13e-05  1.42e-04    2.887316e-06   1.227697e+00   3.912814e-04

After 59 iterations the fit converged.
final sum of squares of residuals : 19.9045
rel. change during last iteration : -1.13376e-10

degrees of freedom    (FIT_NDF)                        : 29
rms of residuals      (FIT_STDFIT) = sqrt(WSSR/ndf)    : 0.828469
variance of residuals (reduced chisquare) = WSSR/ndf   : 0.686361
p-value of the Chisq distribution (FIT_P)              : 0.895872

Final set of parameters            Asymptotic Standard Error
=======================            ==========================
a               = 2.88732e-06      +/- 5.829e-07    (20.19%)
mr              = 1.2277           +/- 0.01821      (1.483%)
c               = 0.000391281      +/- 0.0009315    (238.1%)

correlation matrix of the fit parameters:
                a      mr     c      
a               1.000 
mr              0.999  1.000 
c              -0.427 -0.414  1.000 


*******************************************************************************
Fri Jan 30 15:00:13 2026


FIT:    data read from 'corrfunc.dat' u 1:column2[i]:column3[i] every ::0::(L-1)
        format = x:z:s
        #datapoints = 32
function used for fitting: f(x,a,mr,c)
	f(x,a,mr,c)=a*cosh((x-L/2)/mr)/mr+c
fitted parameters initialized with current variable values

iter      chisq       delta/lim  lambda   a             mr            c            
   0 1.5972728817e+02   0.00e+00  1.45e+02    2.887316e-06   1.227697e+00   3.912814e-04
  53 7.5861550948e+00  -1.50e-03  1.45e-05    1.004661e-05   1.339848e+00  -1.622158e-03

After 53 iterations the fit converged.
final sum of squares of residuals : 7.58616
rel. change during last iteration : -1.5046e-08

degrees of freedom    (FIT_NDF)                        : 29
rms of residuals      (FIT_STDFIT) = sqrt(WSSR/ndf)    : 0.51146
variance of residuals (reduced chisquare) = WSSR/ndf   : 0.261592
p-value of the Chisq distribution (FIT_P)              : 0.999978

Final set of parameters            Asymptotic Standard Error
=======================            ==========================
a               = 1.00466e-05      +/- 1.095e-06    (10.9%)
mr              = 1.33985          +/- 0.01167      (0.871%)
c               = -0.00162216      +/- 0.0006414    (39.54%)

correlation matrix of the fit parameters:
                a      mr     c      
a               1.000 
mr              0.999  1.000 
c              -0.469 -0.453  1.000 


*******************************************************************************
Fri Jan 30 15:00:13 2026


FIT:    data read from 'corrfunc.dat' u 1:column2[i]:column3[i] every ::0::(L-1)
        format = x:z:s
        #datapoints = 32
function used for fitting: f(x,a,mr,c)
	f(x,a,mr,c)=a*cosh((x-L/2)/mr)/mr+c
fitted parameters initialized with current variable values

iter      chisq       delta/lim  lambda   a             mr            c            
   0 1.6619226995e+02   0.00e+00  1.25e+02    1.004661e-05   1.339848e+00  -1.622158e-03
  13 6.0066367338e+00  -1.49e-02  1.25e-04    1.814692e-05   1.394021e+00   1.425926e-03

After 13 iterations the fit converged.
final sum of squares of residuals : 6.00664
rel. change during last iteration : -1.49453e-07

degrees of freedom    (FIT_NDF)                        : 29
rms of residuals      (FIT_STDFIT) = sqrt(WSSR/ndf)    : 0.45511
variance of residuals (reduced chisquare) = WSSR/ndf   : 0.207125
p-value of the Chisq distribution (FIT_P)              : 0.999998

Final set of parameters            Asymptotic Standard Error
=======================            ==========================
a               = 1.81469e-05      +/- 1.85e-06     (10.2%)
mr              = 1.39402          +/- 0.01179      (0.8454%)
c               = 0.00142593       +/- 0.0006489    (45.51%)

correlation matrix of the fit parameters:
                a      mr     c      
a               1.000 
mr              0.999  1.000 
c              -0.476 -0.461  1.000 


*******************************************************************************
Fri Jan 30 15:00:13 2026


FIT:    data read from 'corrfunc.dat' u 1:column2[i]:column3[i] every ::0::(L-1)
        format = x:z:s
        #datapoints = 32
function used for fitting: f(x,a,mr,c)
	f(x,a,mr,c)=a*cosh((x-L/2)/mr)/mr+c
fitted parameters initialized with current variable values

iter      chisq       delta/lim  lambda   a             mr            c            
   0 3.4094524201e+02   0.00e+00  1.82e+02    1.814692e-05   1.394021e+00   1.425926e-03
  39 2.0353709541e+01  -1.96e-02  1.82e-04    5.091624e-05   1.506964e+00  -1.898529e-03

After 39 iterations the fit converged.
final sum of squares of residuals : 20.3537
rel. change during last iteration : -1.96334e-07

degrees of freedom    (FIT_NDF)                        : 29
rms of residuals      (FIT_STDFIT) = sqrt(WSSR/ndf)    : 0.837766
variance of residuals (reduced chisquare) = WSSR/ndf   : 0.701852
p-value of the Chisq distribution (FIT_P)              : 0.881592

Final set of parameters            Asymptotic Standard Error
=======================            ==========================
a               = 5.09162e-05      +/- 7.19e-06     (14.12%)
mr              = 1.50696          +/- 0.01877      (1.246%)
c               = -0.00189853      +/- 0.001209     (63.68%)

correlation matrix of the fit parameters:
                a      mr     c      
a               1.000 
mr              0.999  1.000 
c              -0.477 -0.462  1.000 


*******************************************************************************
Fri Jan 30 15:00:13 2026


FIT:    data read from 'corrfunc.dat' u 1:column2[i]:column3[i] every ::0::(L-1)
        format = x:z:s
        #datapoints = 32
function used for fitting: f(x,a,mr,c)
	f(x,a,mr,c)=a*cosh((x-L/2)/mr)/mr+c
fitted parameters initialized with current variable values

iter      chisq       delta/lim  lambda   a             mr            c            
   0 4.6216384653e+02   0.00e+00  1.36e+02    5.091624e-05   1.506964e+00  -1.898529e-03
  24 4.0815766040e+01  -3.17e-03  1.36e-04    1.457301e-04   1.639155e+00  -2.028617e-04

After 24 iterations the fit converged.
final sum of squares of residuals : 40.8158
rel. change during last iteration : -3.16626e-08

degrees of freedom    (FIT_NDF)                        : 29
rms of residuals      (FIT_STDFIT) = sqrt(WSSR/ndf)    : 1.18636
variance of residuals (reduced chisquare) = WSSR/ndf   : 1.40744
p-value of the Chisq distribution (FIT_P)              : 0.0714565

Final set of parameters            Asymptotic Standard Error
=======================            ==========================
a               = 0.00014573       +/- 2.875e-05    (19.73%)
mr              = 1.63915          +/- 0.0311       (1.898%)
c               = -0.000202862     +/- 0.00185      (911.9%)

correlation matrix of the fit parameters:
                a      mr     c      
a               1.000 
mr              0.999  1.000 
c              -0.517 -0.500  1.000 


*******************************************************************************
Fri Jan 30 15:00:13 2026


FIT:    data read from 'corrfunc.dat' u 1:column2[i]:column3[i] every ::0::(L-1)
        format = x:z:s
        #datapoints = 32
function used for fitting: f(x,a,mr,c)
	f(x,a,mr,c)=a*cosh((x-L/2)/mr)/mr+c
fitted parameters initialized with current variable values

iter      chisq       delta/lim  lambda   a             mr            c            
   0 4.1932998733e+02   0.00e+00  8.92e+01    1.457301e-04   1.639155e+00  -2.028617e-04
  38 2.7584486517e+01  -6.12e-04  8.92e-06    7.213111e-04   1.907564e+00  -2.279080e-03

After 38 iterations the fit converged.
final sum of squares of residuals : 27.5845
rel. change during last iteration : -6.11837e-09

degrees of freedom    (FIT_NDF)                        : 29
rms of residuals      (FIT_STDFIT) = sqrt(WSSR/ndf)    : 0.975289
variance of residuals (reduced chisquare) = WSSR/ndf   : 0.951189
p-value of the Chisq distribution (FIT_P)              : 0.540202

Final set of parameters            Asymptotic Standard Error
=======================            ==========================
a               = 0.000721311      +/- 0.0001196    (16.58%)
mr              = 1.90756          +/- 0.036        (1.887%)
c               = -0.00227908      +/- 0.002204     (96.73%)

correlation matrix of the fit parameters:
                a      mr     c      
a               1.000 
mr              0.998  1.000 
c              -0.563 -0.533  1.000 


*******************************************************************************
Fri Jan 30 15:00:13 2026


FIT:    data read from 'corrfunc.dat' u 1:column2[i]:column3[i] every ::0::(L-1)
        format = x:z:s
        #datapoints = 32
function used for fitting: f(x,a,mr,c)
	f(x,a,mr,c)=a*cosh((x-L/2)/mr)/mr+c
fitted parameters initialized with current variable values

iter      chisq       delta/lim  lambda   a             mr            c            
   0 3.8562367715e+02   0.00e+00  1.09e+02    7.213111e-04   1.907564e+00  -2.279080e-03
  17 1.8224151052e+01  -2.79e-04  1.09e-04    1.960602e-03   2.107863e+00  -4.363047e-03

After 17 iterations the fit converged.
final sum of squares of residuals : 18.2242
rel. change during last iteration : -2.78515e-09

degrees of freedom    (FIT_NDF)                        : 29
rms of residuals      (FIT_STDFIT) = sqrt(WSSR/ndf)    : 0.792729
variance of residuals (reduced chisquare) = WSSR/ndf   : 0.628419
p-value of the Chisq distribution (FIT_P)              : 0.939576

Final set of parameters            Asymptotic Standard Error
=======================            ==========================
a               = 0.0019606        +/- 0.000233     (11.89%)
mr              = 2.10786          +/- 0.03028      (1.437%)
c               = -0.00436305      +/- 0.001912     (43.81%)

correlation matrix of the fit parameters:
                a      mr     c      
a               1.000 
mr              0.998  1.000 
c              -0.587 -0.566  1.000 


*******************************************************************************
Fri Jan 30 15:00:13 2026


FIT:    data read from 'corrfunc.dat' u 1:column2[i]:column3[i] every ::0::(L-1)
        format = x:z:s
        #datapoints = 32
function used for fitting: f(x,a,mr,c)
	f(x,a,mr,c)=a*cosh((x-L/2)/mr)/mr+c
fitted parameters initialized with current variable values

iter      chisq       delta/lim  lambda   a             mr            c            
   0 7.7786815127e+02   0.00e+00  1.24e+02    1.960602e-03   2.107863e+00  -4.363047e-03
  13 1.3383233994e+01  -3.97e-02  1.24e-04    4.446230e-03   2.297313e+00   5.356185e-03

After 13 iterations the fit converged.
final sum of squares of residuals : 13.3832
rel. change during last iteration : -3.96619e-07

degrees of freedom    (FIT_NDF)                        : 29
rms of residuals      (FIT_STDFIT) = sqrt(WSSR/ndf)    : 0.679331
variance of residuals (reduced chisquare) = WSSR/ndf   : 0.461491
p-value of the Chisq distribution (FIT_P)              : 0.994081

Final set of parameters            Asymptotic Standard Error
=======================            ==========================
a               = 0.00444623       +/- 0.0003507    (7.888%)
mr              = 2.29731          +/- 0.02344      (1.02%)
c               = 0.00535618       +/- 0.001975     (36.87%)

correlation matrix of the fit parameters:
                a      mr     c      
a               1.000 
mr              0.998  1.000 
c              -0.646 -0.619  1.000 


*******************************************************************************
Fri Jan 30 15:00:13 2026


FIT:    data read from 'corrfunc.dat' u 1:column2[i]:column3[i] every ::0::(L-1)
        format = x:z:s
        #datapoints = 32
function used for fitting: f(x,a,mr,c)
	f(x,a,mr,c)=a*cosh((x-L/2)/mr)/mr+c
fitted parameters initialized with current variable values

iter      chisq       delta/lim  lambda   a             mr            c            
   0 1.1150673962e+03   0.00e+00  1.36e+02    4.446230e-03   2.297313e+00   5.356185e-03
  27 1.4946920044e+01  -2.08e-03  1.36e-04    1.370818e-02   2.626691e+00   3.268602e-03

After 27 iterations the fit converged.
final sum of squares of residuals : 14.9469
rel. change during last iteration : -2.07955e-08

degrees of freedom    (FIT_NDF)                        : 29
rms of residuals      (FIT_STDFIT) = sqrt(WSSR/ndf)    : 0.717921
variance of residuals (reduced chisquare) = WSSR/ndf   : 0.515411
p-value of the Chisq distribution (FIT_P)              : 0.985424

Final set of parameters            Asymptotic Standard Error
=======================            ==========================
a               = 0.0137082        +/- 0.001012     (7.382%)
mr              = 2.62669          +/- 0.02794      (1.064%)
c               = 0.0032686        +/- 0.00265      (81.07%)

correlation matrix of the fit parameters:
                a      mr     c      
a               1.000 
mr              0.998  1.000 
c              -0.690 -0.662  1.000 


*******************************************************************************
Fri Jan 30 15:00:13 2026


FIT:    data read from 'corrfunc.dat' u 1:column2[i]:column3[i] every ::0::(L-1)
        format = x:z:s
        #datapoints = 32
function used for fitting: f(x,a,mr,c)
	f(x,a,mr,c)=a*cosh((x-L/2)/mr)/mr+c
fitted parameters initialized with current variable values

iter      chisq       delta/lim  lambda   a             mr            c            
   0 1.2253512957e+03   0.00e+00  9.79e+01    1.370818e-02   2.626691e+00   3.268602e-03
  25 1.0126700380e+01  -9.26e-04  9.79e-05    4.435072e-02   3.089432e+00   1.100390e-02

After 25 iterations the fit converged.
final sum of squares of residuals : 10.1267
rel. change during last iteration : -9.2593e-09

degrees of freedom    (FIT_NDF)                        : 29
rms of residuals      (FIT_STDFIT) = sqrt(WSSR/ndf)    : 0.590929
variance of residuals (reduced chisquare) = WSSR/ndf   : 0.349197
p-value of the Chisq distribution (FIT_P)              : 0.999546

Final set of parameters            Asymptotic Standard Error
=======================            ==========================
a               = 0.0443507        +/- 0.002819     (6.356%)
mr              = 3.08943          +/- 0.03292      (1.065%)
c               = 0.0110039        +/- 0.002765     (25.13%)

correlation matrix of the fit parameters:
                a      mr     c      
a               1.000 
mr              0.998  1.000 
c              -0.799 -0.773  1.000 


*******************************************************************************
Fri Jan 30 15:00:13 2026


FIT:    data read from 'corrfunc.dat' u 1:column2[i]:column3[i] every ::0::(L-1)
        format = x:z:s
        #datapoints = 32
function used for fitting: f(x,a,mr,c)
	f(x,a,mr,c)=a*cosh((x-L/2)/mr)/mr+c
fitted parameters initialized with current variable values

iter      chisq       delta/lim  lambda   a             mr            c            
   0 1.3129919645e+03   0.00e+00  1.07e+02    4.435072e-02   3.089432e+00   1.100390e-02
  18 8.9424352519e+00  -2.76e-02  1.07e-04    1.278707e-01   3.636498e+00   6.897267e-03

After 18 iterations the fit converged.
final sum of squares of residuals : 8.94244
rel. change during last iteration : -2.76339e-07

degrees of freedom    (FIT_NDF)                        : 29
rms of residuals      (FIT_STDFIT) = sqrt(WSSR/ndf)    : 0.555302
variance of residuals (reduced chisquare) = WSSR/ndf   : 0.30836
p-value of the Chisq distribution (FIT_P)              : 0.999872

Final set of parameters            Asymptotic Standard Error
=======================            ==========================
a               = 0.127871         +/- 0.00806      (6.303%)
mr              = 3.6365           +/- 0.04244      (1.167%)
c               = 0.00689727       +/- 0.004414     (63.99%)

correlation matrix of the fit parameters:
                a      mr     c      
a               1.000 
mr              0.998  1.000 
c              -0.888 -0.869  1.000 


*******************************************************************************
Fri Jan 30 15:00:13 2026


FIT:    data read from 'corrfunc.dat' u 1:column2[i]:column3[i] every ::0::(L-1)
        format = x:z:s
        #datapoints = 32
function used for fitting: f(x,a,mr,c)
	f(x,a,mr,c)=a*cosh((x-L/2)/mr)/mr+c
fitted parameters initialized with current variable values

iter      chisq       delta/lim  lambda   a             mr            c            
   0 1.8019322583e+03   0.00e+00  9.67e+01    1.278707e-01   3.636498e+00   6.897267e-03
  12 1.9026964005e+01  -4.44e-01  9.67e-04    3.865240e-01   4.433633e+00   6.441614e-03

After 12 iterations the fit converged.
final sum of squares of residuals : 19.027
rel. change during last iteration : -4.44058e-06

degrees of freedom    (FIT_NDF)                        : 29
rms of residuals      (FIT_STDFIT) = sqrt(WSSR/ndf)    : 0.810001
variance of residuals (reduced chisquare) = WSSR/ndf   : 0.656102
p-value of the Chisq distribution (FIT_P)              : 0.920595

Final set of parameters            Asymptotic Standard Error
=======================            ==========================
a               = 0.386524         +/- 0.03359      (8.69%)
mr              = 4.43363          +/- 0.08141      (1.836%)
c               = 0.00644161       +/- 0.009219     (143.1%)

correlation matrix of the fit parameters:
                a      mr     c      
a               1.000 
mr              0.998  1.000 
c              -0.943 -0.930  1.000 


*******************************************************************************
Fri Jan 30 15:00:13 2026


FIT:    data read from 'corrfunc.dat' u 1:column2[i]:column3[i] every ::0::(L-1)
        format = x:z:s
        #datapoints = 32
function used for fitting: f(x,a,mr,c)
	f(x,a,mr,c)=a*cosh((x-L/2)/mr)/mr+c
fitted parameters initialized with current variable values

iter      chisq       delta/lim  lambda   a             mr            c            
   0 3.0945409790e+03   0.00e+00  1.10e+02    3.865240e-01   4.433633e+00   6.441614e-03
  25 1.0157656182e+01  -3.69e-01  1.10e-04    7.832770e-01   5.122007e+00   6.904548e-02

After 25 iterations the fit converged.
final sum of squares of residuals : 10.1577
rel. change during last iteration : -3.69109e-06

degrees of freedom    (FIT_NDF)                        : 29
rms of residuals      (FIT_STDFIT) = sqrt(WSSR/ndf)    : 0.591831
variance of residuals (reduced chisquare) = WSSR/ndf   : 0.350264
p-value of the Chisq distribution (FIT_P)              : 0.999532

Final set of parameters            Asymptotic Standard Error
=======================            ==========================
a               = 0.783277         +/- 0.05537      (7.069%)
mr              = 5.12201          +/- 0.08256      (1.612%)
c               = 0.0690455        +/- 0.01223      (17.72%)

correlation matrix of the fit parameters:
                a      mr     c      
a               1.000 
mr              0.998  1.000 
c              -0.963 -0.949  1.000 


*******************************************************************************
Fri Jan 30 15:00:13 2026


FIT:    data read from 'corrfunc.dat' u 1:column2[i]:column3[i] every ::0::(L-1)
        format = x:z:s
        #datapoints = 32
function used for fitting: f(x,a,mr,c)
	f(x,a,mr,c)=a*cosh((x-L/2)/mr)/mr+c
fitted parameters initialized with current variable values

iter      chisq       delta/lim  lambda   a             mr            c            
   0 4.5307847053e+03   0.00e+00  1.09e+02    7.832770e-01   5.122007e+00   6.904548e-02
   6 1.6025044049e+01  -4.36e-06  1.09e-04    2.050334e+00   6.471906e+00   1.154560e-01

After 6 iterations the fit converged.
final sum of squares of residuals : 16.025
rel. change during last iteration : -4.36421e-11

degrees of freedom    (FIT_NDF)                        : 29
rms of residuals      (FIT_STDFIT) = sqrt(WSSR/ndf)    : 0.743362
variance of residuals (reduced chisquare) = WSSR/ndf   : 0.552588
p-value of the Chisq distribution (FIT_P)              : 0.975252

Final set of parameters            Asymptotic Standard Error
=======================            ==========================
a               = 2.05033          +/- 0.2486       (12.13%)
mr              = 6.47191          +/- 0.2004       (3.096%)
c               = 0.115456         +/- 0.03433      (29.74%)

correlation matrix of the fit parameters:
                a      mr     c      
a               1.000 
mr              0.999  1.000 
c              -0.988 -0.980  1.000 


*******************************************************************************
Fri Jan 30 15:00:13 2026


FIT:    data read from 'corrfunc.dat' u 1:column2[i]:column3[i] every ::0::(L-1)
        format = x:z:s
        #datapoints = 32
function used for fitting: f(x,a,mr,c)
	f(x,a,mr,c)=a*cosh((x-L/2)/mr)/mr+c
fitted parameters initialized with current variable values

iter      chisq       delta/lim  lambda   a             mr            c            
   0 4.2439733006e+03   0.00e+00  8.87e+01    2.050334e+00   6.471906e+00   1.154560e-01
   7 1.7457532012e+01  -5.21e-06  8.87e-05    2.559863e+00   7.010418e+00   4.069980e-01

After 7 iterations the fit converged.
final sum of squares of residuals : 17.4575
rel. change during last iteration : -5.21161e-11

degrees of freedom    (FIT_NDF)                        : 29
rms of residuals      (FIT_STDFIT) = sqrt(WSSR/ndf)    : 0.775876
variance of residuals (reduced chisquare) = WSSR/ndf   : 0.601984
p-value of the Chisq distribution (FIT_P)              : 0.954588

Final set of parameters            Asymptotic Standard Error
=======================            ==========================
a               = 2.55986          +/- 0.4465       (17.44%)
mr              = 7.01042          +/- 0.3213       (4.583%)
c               = 0.406998         +/- 0.05384      (13.23%)

correlation matrix of the fit parameters:
                a      mr     c      
a               1.000 
mr              0.999  1.000 
c              -0.993 -0.987  1.000 


*******************************************************************************
Fri Jan 30 15:00:13 2026


FIT:    data read from 'corrfunc.dat' u 1:column2[i]:column3[i] every ::0::(L-1)
        format = x:z:s
        #datapoints = 32
function used for fitting: f(x,a,mr,c)
	f(x,a,mr,c)=a*cosh((x-L/2)/mr)/mr+c
fitted parameters initialized with current variable values

iter      chisq       delta/lim  lambda   a             mr            c            
   0 3.3594816586e+03   0.00e+00  7.02e+01    2.559863e+00   7.010418e+00   4.069980e-01
   6 1.3043058530e+01  -6.30e-02  7.02e-05    4.751811e+00   8.562513e+00   5.957362e-01

After 6 iterations the fit converged.
final sum of squares of residuals : 13.0431
rel. change during last iteration : -6.29827e-07

degrees of freedom    (FIT_NDF)                        : 29
rms of residuals      (FIT_STDFIT) = sqrt(WSSR/ndf)    : 0.670642
variance of residuals (reduced chisquare) = WSSR/ndf   : 0.449761
p-value of the Chisq distribution (FIT_P)              : 0.99525

Final set of parameters            Asymptotic Standard Error
=======================            ==========================
a               = 4.75181          +/- 1.244        (26.18%)
mr              = 8.56251          +/- 0.6321       (7.382%)
c               = 0.595736         +/- 0.111        (18.63%)

correlation matrix of the fit parameters:
                a      mr     c      
a               1.000 
mr              0.999  1.000 
c              -0.997 -0.995  1.000 


*******************************************************************************
Fri Jan 30 15:00:13 2026


FIT:    data read from 'corrfunc.dat' u 1:column2[i]:column3[i] every ::0::(L-1)
        format = x:z:s
        #datapoints = 32
function used for fitting: f(x,a,mr,c)
	f(x,a,mr,c)=a*cosh((x-L/2)/mr)/mr+c
fitted parameters initialized with current variable values

iter      chisq       delta/lim  lambda   a             mr            c            
   0 3.2734606515e+03   0.00e+00  7.89e+01    4.751811e+00   8.562513e+00   5.957362e-01
  53 2.2217983934e+01  -5.69e-03  7.89e-04    2.742150e+00   7.906714e+00   1.273980e+00

After 53 iterations the fit converged.
final sum of squares of residuals : 22.218
rel. change during last iteration : -5.69414e-08

degrees of freedom    (FIT_NDF)                        : 29
rms of residuals      (FIT_STDFIT) = sqrt(WSSR/ndf)    : 0.875293
variance of residuals (reduced chisquare) = WSSR/ndf   : 0.766137
p-value of the Chisq distribution (FIT_P)              : 0.811053

Final set of parameters            Asymptotic Standard Error
=======================            ==========================
a               = 2.74215          +/- 1.065        (38.84%)
mr              = 7.90671          +/- 0.8358       (10.57%)
c               = 1.27398          +/- 0.1092       (8.575%)

correlation matrix of the fit parameters:
                a      mr     c      
a               1.000 
mr              0.999  1.000 
c              -0.995 -0.991  1.000 


*******************************************************************************
Fri Jan 30 15:00:13 2026


FIT:    data read from 'corrfunc.dat' u 1:column2[i]:column3[i] every ::0::(L-1)
        format = x:z:s
        #datapoints = 32
function used for fitting: f(x,a,mr,c)
	f(x,a,mr,c)=a*cosh((x-L/2)/mr)/mr+c
fitted parameters initialized with current variable values

iter      chisq       delta/lim  lambda   a             mr            c            
   0 4.1734051473e+03   0.00e+00  5.20e+01    2.742150e+00   7.906714e+00   1.273980e+00
  18 1.1573030818e+01  -5.05e-03  5.20e-04    7.724333e-01   6.240219e+00   2.033673e+00

After 18 iterations the fit converged.
final sum of squares of residuals : 11.573
rel. change during last iteration : -5.05193e-08

degrees of freedom    (FIT_NDF)                        : 29
rms of residuals      (FIT_STDFIT) = sqrt(WSSR/ndf)    : 0.63172
variance of residuals (reduced chisquare) = WSSR/ndf   : 0.39907
p-value of the Chisq distribution (FIT_P)              : 0.99837

Final set of parameters            Asymptotic Standard Error
=======================            ==========================
a               = 0.772433         +/- 0.2813       (36.41%)
mr              = 6.24022          +/- 0.5684       (9.109%)
c               = 2.03367          +/- 0.04232      (2.081%)

correlation matrix of the fit parameters:
                a      mr     c      
a               1.000 
mr              0.999  1.000 
c              -0.985 -0.977  1.000 


*******************************************************************************
Fri Jan 30 15:00:13 2026


FIT:    data read from 'corrfunc.dat' u 1:column2[i]:column3[i] every ::0::(L-1)
        format = x:z:s
        #datapoints = 32
function used for fitting: f(x,a,mr,c)
	f(x,a,mr,c)=a*cosh((x-L/2)/mr)/mr+c
fitted parameters initialized with current variable values

iter      chisq       delta/lim  lambda   a             mr            c            
   0 5.0749969769e+03   0.00e+00  6.29e+01    7.724333e-01   6.240219e+00   2.033673e+00
   6 2.7412718597e+01  -1.66e-02  6.29e-05    5.809046e-01   6.562867e+00   2.489580e+00

After 6 iterations the fit converged.
final sum of squares of residuals : 27.4127
rel. change during last iteration : -1.65583e-07

degrees of freedom    (FIT_NDF)                        : 29
rms of residuals      (FIT_STDFIT) = sqrt(WSSR/ndf)    : 0.972248
variance of residuals (reduced chisquare) = WSSR/ndf   : 0.945266
p-value of the Chisq distribution (FIT_P)              : 0.549448

Final set of parameters            Asymptotic Standard Error
=======================            ==========================
a               = 0.580905         +/- 0.4311       (74.21%)
mr              = 6.56287          +/- 1.258        (19.16%)
c               = 2.48958          +/- 0.05754      (2.311%)

correlation matrix of the fit parameters:
                a      mr     c      
a               1.000 
mr              0.999  1.000 
c              -0.989 -0.982  1.000 


*******************************************************************************
Fri Jan 30 15:00:13 2026


FIT:    data read from 'corrfunc.dat' u 1:column2[i]:column3[i] every ::0::(L-1)
        format = x:z:s
        #datapoints = 32
function used for fitting: f(x,a,mr,c)
	f(x,a,mr,c)=a*cosh((x-L/2)/mr)/mr+c
fitted parameters initialized with current variable values

iter      chisq       delta/lim  lambda   a             mr            c            
   0 3.6580658339e+03   0.00e+00  6.35e+01    5.809046e-01   6.562867e+00   2.489580e+00
 252 3.4970768530e+01  -4.31e-01  6.35e-05    2.465836e-03   2.532217e+00   2.979049e+00

After 252 iterations the fit converged.
final sum of squares of residuals : 34.9708
rel. change during last iteration : -4.31249e-06

degrees of freedom    (FIT_NDF)                        : 29
rms of residuals      (FIT_STDFIT) = sqrt(WSSR/ndf)    : 1.09813
variance of residuals (reduced chisquare) = WSSR/ndf   : 1.20589
p-value of the Chisq distribution (FIT_P)              : 0.205501

Final set of parameters            Asymptotic Standard Error
=======================            ==========================
a               = 0.00246584       +/- 0.00273      (110.7%)
mr              = 2.53222          +/- 0.3795       (14.99%)
c               = 2.97905          +/- 0.01403      (0.471%)

correlation matrix of the fit parameters:
                a      mr     c      
a               1.000 
mr              0.999  1.000 
c              -0.821 -0.796  1.000 


*******************************************************************************
Fri Jan 30 15:00:13 2026


FIT:    data read from 'corrfunc.dat' u 1:column2[i]:column3[i] every ::0::(L-1)
        format = x:z:s
        #datapoints = 32
function used for fitting: f(x,a,mr,c)
	f(x,a,mr,c)=a*cosh((x-L/2)/mr)/mr+c
fitted parameters initialized with current variable values

iter      chisq       delta/lim  lambda   a             mr            c            
   0 4.0911437859e+03   0.00e+00  9.00e+01    2.465836e-03   2.532217e+00   2.979049e+00
 386 1.6488024064e+01  -2.53e-01  9.00e-01    2.049383e-06   1.289590e+00   3.257805e+00

After 386 iterations the fit converged.
final sum of squares of residuals : 16.488
rel. change during last iteration : -2.52611e-06

degrees of freedom    (FIT_NDF)                        : 29
rms of residuals      (FIT_STDFIT) = sqrt(WSSR/ndf)    : 0.754024
variance of residuals (reduced chisquare) = WSSR/ndf   : 0.568553
p-value of the Chisq distribution (FIT_P)              : 0.969548

Final set of parameters            Asymptotic Standard Error
=======================            ==========================
a               = 2.04938e-06      +/- 2.634e-06    (128.5%)
mr              = 1.28959          +/- 0.1257       (9.745%)
c               = 3.25781          +/- 0.004456     (0.1368%)

correlation matrix of the fit parameters:
                a      mr     c      
a               1.000 
mr              0.999  1.000 
c              -0.657 -0.638  1.000 


*******************************************************************************
Fri Jan 30 15:00:13 2026


FIT:    data read from 'corrfunc.dat' u 1:column2[i]:column3[i] every ::0::(L-1)
        format = x:z:s
        #datapoints = 32
function used for fitting: f(x,a,mr,c)
	f(x,a,mr,c)=a*cosh((x-L/2)/mr)/mr+c
fitted parameters initialized with current variable values

iter      chisq       delta/lim  lambda   a             mr            c            
   0 1.1111902911e+03   0.00e+00  7.22e+01    2.049383e-06   1.289590e+00   3.257805e+00
 139 2.0710082142e+01  -5.26e-01  7.22e-03    1.547162e-05   1.539504e+00   3.414830e+00

After 139 iterations the fit converged.
final sum of squares of residuals : 20.7101
rel. change during last iteration : -5.26146e-06

degrees of freedom    (FIT_NDF)                        : 29
rms of residuals      (FIT_STDFIT) = sqrt(WSSR/ndf)    : 0.845068
variance of residuals (reduced chisquare) = WSSR/ndf   : 0.714141
p-value of the Chisq distribution (FIT_P)              : 0.869491

Final set of parameters            Asymptotic Standard Error
=======================            ==========================
a               = 1.54716e-05      +/- 3.252e-05    (210.2%)
mr              = 1.5395           +/- 0.2907       (18.89%)
c               = 3.41483          +/- 0.006465     (0.1893%)

correlation matrix of the fit parameters:
                a      mr     c      
a               1.000 
mr              0.999  1.000 
c              -0.632 -0.611  1.000 


*******************************************************************************
Fri Jan 30 15:00:13 2026


FIT:    data read from 'corrfunc.dat' u 1:column2[i]:column3[i] every ::0::(L-1)
        format = x:z:s
        #datapoints = 32
function used for fitting: f(x,a,mr,c)
	f(x,a,mr,c)=a*cosh((x-L/2)/mr)/mr+c
fitted parameters initialized with current variable values

iter      chisq       delta/lim  lambda   a             mr            c            
   0 1.2416545763e+03   0.00e+00  6.63e+01    1.547162e-05   1.539504e+00   3.414830e+00
 526 7.6087069471e+00  -5.88e-01  6.63e-01    8.929734e-08   1.047307e+00   3.611888e+00

After 526 iterations the fit converged.
final sum of squares of residuals : 7.60871
rel. change during last iteration : -5.88083e-06

degrees of freedom    (FIT_NDF)                        : 29
rms of residuals      (FIT_STDFIT) = sqrt(WSSR/ndf)    : 0.51222
variance of residuals (reduced chisquare) = WSSR/ndf   : 0.262369
p-value of the Chisq distribution (FIT_P)              : 0.999977

Final set of parameters            Asymptotic Standard Error
=======================            ==========================
a               = 8.92973e-08      +/- 1.439e-07    (161.1%)
mr              = 1.04731          +/- 0.1047       (9.999%)
c               = 3.61189          +/- 0.004915     (0.1361%)

correlation matrix of the fit parameters:
                a      mr     c      
a               1.000 
mr              1.000  1.000 
c              -0.686 -0.671  1.000 


*******************************************************************************
Fri Jan 30 15:00:13 2026


FIT:    data read from 'corrfunc.dat' u 1:column2[i]:column3[i] every ::0::(L-1)
        format = x:z:s
        #datapoints = 32
function used for fitting: f(x,a,mr,c)
	f(x,a,mr,c)=a*cosh((x-L/2)/mr)/mr+c
fitted parameters initialized with current variable values

iter      chisq       delta/lim  lambda   a             mr            c            
   0 2.2707537891e+03   0.00e+00  8.57e+01    8.929734e-08   1.047307e+00   3.611888e+00
  10 8.0862407883e+00  -6.11e-01  8.57e-05    7.222342e-08   1.044085e+00   3.829446e+00

After 10 iterations the fit converged.
final sum of squares of residuals : 8.08624
rel. change during last iteration : -6.10849e-06

degrees of freedom    (FIT_NDF)                        : 29
rms of residuals      (FIT_STDFIT) = sqrt(WSSR/ndf)    : 0.528049
variance of residuals (reduced chisquare) = WSSR/ndf   : 0.278836
p-value of the Chisq distribution (FIT_P)              : 0.999956

Final set of parameters            Asymptotic Standard Error
=======================            ==========================
a               = 7.22234e-08      +/- 1.245e-07    (172.3%)
mr              = 1.04408          +/- 0.112        (10.72%)
c               = 3.82945          +/- 0.003926     (0.1025%)

correlation matrix of the fit parameters:
                a      mr     c      
a               1.000 
mr              0.999  1.000 
c              -0.666 -0.651  1.000 


*******************************************************************************
Fri Jan 30 15:00:13 2026


FIT:    data read from 'corrfunc.dat' u 1:column2[i]:column3[i] every ::0::(L-1)
        format = x:z:s
        #datapoints = 32
function used for fitting: f(x,a,mr,c)
	f(x,a,mr,c)=a*cosh((x-L/2)/mr)/mr+c
fitted parameters initialized with current variable values

iter      chisq       delta/lim  lambda   a             mr            c            
   0 1.3921695154e+04   0.00e+00  2.24e+02    7.222342e-08   1.044085e+00   3.829446e+00
 122 9.3643754243e+00  -9.50e-01  2.24e+00    3.216288e-13   5.955449e-01   4.041333e+00

After 122 iterations the fit converged.
final sum of squares of residuals : 9.36438
rel. change during last iteration : -9.50225e-06

degrees of freedom    (FIT_NDF)                        : 29
rms of residuals      (FIT_STDFIT) = sqrt(WSSR/ndf)    : 0.568251
variance of residuals (reduced chisquare) = WSSR/ndf   : 0.322909
p-value of the Chisq distribution (FIT_P)              : 0.999793

Final set of parameters            Asymptotic Standard Error
=======================            ==========================
a               = 3.21629e-13      +/- 9.396e-13    (292.1%)
mr              = 0.595545         +/- 0.06397      (10.74%)
c               = 4.04133          +/- 0.001076     (0.02661%)

correlation matrix of the fit parameters:
                a      mr     c      
a               1.000 
mr              1.000  1.000 
c              -0.306 -0.301  1.000 


*******************************************************************************
Fri Jan 30 15:00:13 2026


FIT:    data read from 'corrfunc.dat' u 1:column2[i]:column3[i] every ::0::(L-1)
        format = x:z:s
        #datapoints = 32
function used for fitting: f(x,a,mr,c)
	f(x,a,mr,c)=a*cosh((x-L/2)/mr)/mr+c
fitted parameters initialized with current variable values

iter      chisq       delta/lim  lambda   a             mr            c            
   0 8.3451138922e+03   0.00e+00  2.26e+02    3.216288e-13   5.955449e-01   4.041333e+00
 121 1.0402320019e+01  -9.75e-01  2.26e-01    8.989417e-14   5.710510e-01   4.209810e+00

After 121 iterations the fit converged.
final sum of squares of residuals : 10.4023
rel. change during last iteration : -9.74534e-06

degrees of freedom    (FIT_NDF)                        : 29
rms of residuals      (FIT_STDFIT) = sqrt(WSSR/ndf)    : 0.598916
variance of residuals (reduced chisquare) = WSSR/ndf   : 0.358701
p-value of the Chisq distribution (FIT_P)              : 0.999409

Final set of parameters            Asymptotic Standard Error
=======================            ==========================
a               = 8.98942e-14      +/- 3.557e-13    (395.7%)
mr              = 0.571051         +/- 0.07942      (13.91%)
c               = 4.20981          +/- 0.001192     (0.02831%)

correlation matrix of the fit parameters:
                a      mr     c      
a               1.000 
mr              1.000  1.000 
c              -0.324 -0.321  1.000 


*******************************************************************************
Fri Jan 30 15:00:13 2026


FIT:    data read from 'corrfunc.dat' u 1:column2[i]:column3[i] every ::0::(L-1)
        format = x:z:s
        #datapoints = 32
function used for fitting: f(x,a,mr,c)
	f(x,a,mr,c)=a*cosh((x-L/2)/mr)/mr+c
fitted parameters initialized with current variable values

iter      chisq       delta/lim  lambda   a             mr            c            
   0 1.0594764979e+04   0.00e+00  2.81e+02    8.989417e-14   5.710510e-01   4.209810e+00
 409 6.7578572401e+00  -9.68e-01  2.81e+00    1.119993e-15   4.977303e-01   4.369491e+00

After 409 iterations the fit converged.
final sum of squares of residuals : 6.75786
rel. change during last iteration : -9.68497e-06

degrees of freedom    (FIT_NDF)                        : 29
rms of residuals      (FIT_STDFIT) = sqrt(WSSR/ndf)    : 0.482731
variance of residuals (reduced chisquare) = WSSR/ndf   : 0.23303
p-value of the Chisq distribution (FIT_P)              : 0.999994

Final set of parameters            Asymptotic Standard Error
=======================            ==========================
a               = 1.11999e-15      +/- 4.389e-15    (391.9%)
mr              = 0.49773          +/- 0.05997      (12.05%)
c               = 4.36949          +/- 0.0007972    (0.01825%)

correlation matrix of the fit parameters:
                a      mr     c      
a               1.000 
mr              1.000  1.000 
c              -0.293 -0.291  1.000 


*******************************************************************************
Fri Jan 30 15:00:14 2026


FIT:    data read from 'corrfunc.dat' u 1:column2[i]:column3[i] every ::0::(L-1)
        format = x:z:s
        #datapoints = 32
function used for fitting: f(x,a,mr,c)
	f(x,a,mr,c)=a*cosh((x-L/2)/mr)/mr+c
fitted parameters initialized with current variable values

iter      chisq       delta/lim  lambda   a             mr            c            
   0 7.8611651389e+03   0.00e+00  2.20e+02    1.119993e-15   4.977303e-01   4.369491e+00
 405 7.1048229550e+00  -9.92e-01  2.20e+00    9.127752e-23   3.330599e-01   4.550817e+00

After 405 iterations the fit converged.
final sum of squares of residuals : 7.10482
rel. change during last iteration : -9.91828e-06

degrees of freedom    (FIT_NDF)                        : 29
rms of residuals      (FIT_STDFIT) = sqrt(WSSR/ndf)    : 0.494969
variance of residuals (reduced chisquare) = WSSR/ndf   : 0.244994
p-value of the Chisq distribution (FIT_P)              : 0.999989

Final set of parameters            Asymptotic Standard Error
=======================            ==========================
a               = 9.12775e-23      +/- 1.325e-21    (1452%)
mr              = 0.33306          +/- 0.1012       (30.38%)
c               = 4.55082          +/- 0.001056     (0.02321%)

correlation matrix of the fit parameters:
                a      mr     c      
a               1.000 
mr              1.000  1.000 
c              -0.262 -0.261  1.000 


*******************************************************************************
Fri Jan 30 15:00:14 2026


FIT:    data read from 'corrfunc.dat' u 1:column2[i]:column3[i] every ::0::(L-1)
        format = x:z:s
        #datapoints = 32
function used for fitting: f(x,a,mr,c)
	f(x,a,mr,c)=a*cosh((x-L/2)/mr)/mr+c
fitted parameters initialized with current variable values

iter      chisq       delta/lim  lambda   a             mr            c            
   0 1.1021194273e+03   0.00e+00  1.14e+02    9.127752e-23   3.330599e-01   4.550817e+00
2838 3.4466318031e+00  -2.06e-01  1.14e-14    3.200178e-10   7.942561e-01   4.683358e+00

After 2838 iterations the fit converged.
final sum of squares of residuals : 3.44663
rel. change during last iteration : -2.0615e-06

degrees of freedom    (FIT_NDF)                        : 29
rms of residuals      (FIT_STDFIT) = sqrt(WSSR/ndf)    : 0.344745
variance of residuals (reduced chisquare) = WSSR/ndf   : 0.118849
p-value of the Chisq distribution (FIT_P)              : 1

Final set of parameters            Asymptotic Standard Error
=======================            ==========================
a               = 3.20018e-10      +/- 6.111e-10    (191%)
mr              = 0.794256         +/- 0.07265      (9.146%)
c               = 4.68336          +/- 0.002186     (0.04667%)

correlation matrix of the fit parameters:
                a      mr     c      
a               1.000 
mr              1.000  1.000 
c              -0.598 -0.588  1.000 


*******************************************************************************
Fri Jan 30 15:00:25 2026


FIT:    data read from 'results.dat' u 1:2:3
        format = x:z:s
        x range restricted to [-3.00000 : 2.00000]
        #datapoints = 31
function used for fitting: f(x)
	f(x)=b/log(tanh(a/(x-c)))
fitted parameters initialized with current variable values

iter      chisq       delta/lim  lambda   a             b             c            
   0 5.4632760127e+24   0.00e+00  9.04e+13    1.000000e+00   1.000000e+00   1.000000e+00

Current data point
=========================
#               = 6 out of 31
x               = -0.0119924     
z               = 0.776285       

Current set of parameters
=========================
a               = -0.0119924     
b               = 0.199502       
c               = 1.08036        

BREAK: Undefined value during function evaluation

*******************************************************************************
Fri Jan 30 15:00:47 2026


FIT:    data read from 'results.dat' u 1:2:3
        format = x:z:s
        x range restricted to [-3.00000 : 2.00000]
        #datapoints = 31
function used for fitting: f(x)
	f(x)=b/log(tanh(a/(x-c)))
fitted parameters initialized with current variable values

iter      chisq       delta/lim  lambda   a             b             c            
   0 1.2405437553e+05   0.00e+00  4.96e+00   -1.000000e+00  -1.000000e+00  -4.000000e+00

Current data point
=========================
#               = 26 out of 31
x               = 10.8634        
z               = 3.6365         

Current set of parameters
=========================
a               = 10.8634        
b               = -0.237893      
c               = -2.56737       

BREAK: Undefined value during function evaluation

*******************************************************************************
Fri Jan 30 15:00:54 2026


FIT:    data read from 'results.dat' u 1:2:3
        format = x:z:s
        x range restricted to [-3.00000 : 2.00000]
        #datapoints = 31
function used for fitting: f(x)
	f(x)=b/log(tanh(a/(x-c)))
fitted parameters initialized with current variable values

iter      chisq       delta/lim  lambda   a             b             c            
   0 1.4847340060e+05   0.00e+00  7.03e-02    1.086337e+01  -2.378933e-01   4.000000e+00

Current data point
=========================
#               = 10 out of 31
x               = -80.7962       
z               = 0.917366       

Current set of parameters
=========================
a               = -80.7962       
b               = -1.85481       
c               = 0.519439       

BREAK: Undefined value during function evaluation

*******************************************************************************
Fri Jan 30 15:01:37 2026


FIT:    data read from 'results.dat' u 1:2:3
        format = x:z:s
        x range restricted to [-3.00000 : 2.00000]
        #datapoints = 31
function used for fitting: f(x)
	f(x)=b/log(tanh(a/abs(x-c)))
fitted parameters initialized with current variable values

iter      chisq       delta/lim  lambda   a             b             c            
   0 1.1391862502e+25   0.00e+00  1.13e+14    1.000000e+00   1.000000e+00   1.000000e+00
  17 1.4293237660e+05  -2.10e-02  1.13e+01    6.009995e-01  -4.763774e-07   9.998502e-01

After 17 iterations the fit converged.
final sum of squares of residuals : 142932
rel. change during last iteration : -2.10415e-07

degrees of freedom    (FIT_NDF)                        : 28
rms of residuals      (FIT_STDFIT) = sqrt(WSSR/ndf)    : 71.4474
variance of residuals (reduced chisquare) = WSSR/ndf   : 5104.73
p-value of the Chisq distribution (FIT_P)              : 0

Final set of parameters            Asymptotic Standard Error
=======================            ==========================
a               = 0.600999         +/- 1092         (1.817e+05%)
b               = -4.76377e-07     +/- 0.01311      (2.751e+06%)
c               = 0.99985          +/- 0.2743       (27.43%)

correlation matrix of the fit parameters:
                a      b      c      
a               1.000 
b               1.000  1.000 
c               1.000  1.000  1.000 


*******************************************************************************
Fri Jan 30 15:02:07 2026


FIT:    data read from 'results.dat' u 1:2:3
        format = x:z:s
        x range restricted to [-3.00000 : 2.00000]
        #datapoints = 31
function used for fitting: f(x)
	f(x)=a*x**b+c
fitted parameters initialized with current variable values

iter      chisq       delta/lim  lambda   a             b             c            
   0 2.6792309482e+05   0.00e+00  5.56e+01    1.000000e+00   1.000000e+00   1.000000e+00
  45 8.4250900476e+03  -9.22e-01  5.56e+01   -4.039718e-01   1.036532e+00   1.223923e+00

After 45 iterations the fit converged.
final sum of squares of residuals : 8425.09
rel. change during last iteration : -9.22444e-06

degrees of freedom    (FIT_NDF)                        : 28
rms of residuals      (FIT_STDFIT) = sqrt(WSSR/ndf)    : 17.3464
variance of residuals (reduced chisquare) = WSSR/ndf   : 300.896
p-value of the Chisq distribution (FIT_P)              : 0

Final set of parameters            Asymptotic Standard Error
=======================            ==========================
a               = -0.403972        +/- 0.05588      (13.83%)
b               = 1.03653          +/- 0.3158       (30.47%)
c               = 1.22392          +/- 0.06233      (5.093%)

correlation matrix of the fit parameters:
                a      b      c      
a               1.000 
b               0.481  1.000 
c              -0.104  0.415  1.000 


*******************************************************************************
Fri Jan 30 15:02:36 2026


FIT:    data read from 'results.dat' u 1:2:3
        format = x:z:s
        x range restricted to [-3.00000 : 2.00000]
        #datapoints = 31
function used for fitting: f(x)
	f(x)=a*(x-b)**c+d
fitted parameters initialized with current variable values

iter      chisq       delta/lim  lambda   a             b             c             d            
   0 9.9075850378e+03   0.00e+00  4.62e+01   -4.039718e-01   1.036532e+00   1.223923e+00   1.000000e+00
  76 5.5067608251e+03  -9.24e-01  4.62e+01   -1.341562e+00   1.703055e+00   1.437374e+00   5.938718e-01

After 76 iterations the fit converged.
final sum of squares of residuals : 5506.76
rel. change during last iteration : -9.23696e-06

degrees of freedom    (FIT_NDF)                        : 27
rms of residuals      (FIT_STDFIT) = sqrt(WSSR/ndf)    : 14.2813
variance of residuals (reduced chisquare) = WSSR/ndf   : 203.954
p-value of the Chisq distribution (FIT_P)              : 0

Final set of parameters            Asymptotic Standard Error
=======================            ==========================
a               = -1.34156         +/- 7.376        (549.8%)
b               = 1.70306          +/- 0.8107       (47.6%)
c               = 1.43737          +/- 0.3899       (27.13%)
d               = 0.593872         +/- 0.1836       (30.91%)

correlation matrix of the fit parameters:
                a      b      c      d      
a               1.000 
b              -0.900  1.000 
c              -1.000  0.906  1.000 
d               0.700 -0.904 -0.705  1.000 


*******************************************************************************
Fri Jan 30 15:03:39 2026


FIT:    data read from 'results.dat' u 1:2:3
        format = x:z:s
        x range restricted to [-3.00000 : 2.00000]
        #datapoints = 31
function used for fitting: f(x)
	f(x)=a*abs(x-b)**c+d
fitted parameters initialized with current variable values

iter      chisq       delta/lim  lambda   a             b             c             d            
   0 1.7087642792e+06   0.00e+00  2.03e+02   -1.341562e+00   1.703055e+00   1.437374e+00   5.938718e-01
 291 1.7714070448e+04  -9.88e-01  2.03e-01   -3.314597e+01   1.817512e+00  -7.773660e-03   3.424122e+01

After 291 iterations the fit converged.
final sum of squares of residuals : 17714.1
rel. change during last iteration : -9.8816e-06

degrees of freedom    (FIT_NDF)                        : 27
rms of residuals      (FIT_STDFIT) = sqrt(WSSR/ndf)    : 25.614
variance of residuals (reduced chisquare) = WSSR/ndf   : 656.077
p-value of the Chisq distribution (FIT_P)              : 0

Final set of parameters            Asymptotic Standard Error
=======================            ==========================
a               = -33.146          +/- 2091         (6309%)
b               = 1.81751          +/- 0.06551      (3.604%)
c               = -0.00777366      +/- 0.4877       (6273%)
d               = 34.2412          +/- 2091         (6107%)

correlation matrix of the fit parameters:
                a      b      c      d      
a               1.000 
b              -0.185  1.000 
c              -1.000  0.184  1.000 
d              -1.000  0.185  1.000  1.000 


*******************************************************************************
Fri Jan 30 15:04:03 2026


FIT:    data read from 'results.dat' u 1:2:3
        format = x:z:s
        x range restricted to [-3.00000 : 2.00000]
        #datapoints = 31
function used for fitting: f(x)
	f(x)=a/abs(x-b)**c+d
fitted parameters initialized with current variable values

iter      chisq       delta/lim  lambda   a             b             c             d            
   0 6.2848127160e+04   0.00e+00  1.42e+03   -3.314597e+01   1.817512e+00  -7.773660e-03   3.424122e+01
  46 1.7673750885e+04  -9.57e-01  1.42e+00   -7.348990e+01   1.817448e+00   3.528811e-03   7.458465e+01

After 46 iterations the fit converged.
final sum of squares of residuals : 17673.8
rel. change during last iteration : -9.5698e-06

degrees of freedom    (FIT_NDF)                        : 27
rms of residuals      (FIT_STDFIT) = sqrt(WSSR/ndf)    : 25.5848
variance of residuals (reduced chisquare) = WSSR/ndf   : 654.583
p-value of the Chisq distribution (FIT_P)              : 0

Final set of parameters            Asymptotic Standard Error
=======================            ==========================
a               = -73.4899         +/- 1.012e+04    (1.378e+04%)
b               = 1.81745          +/- 0.06573      (3.617%)
c               = 0.00352881       +/- 0.4849       (1.374e+04%)
d               = 74.5846          +/- 1.012e+04    (1.357e+04%)

correlation matrix of the fit parameters:
                a      b      c      d      
a               1.000 
b              -0.182  1.000 
c               1.000 -0.181  1.000 
d              -1.000  0.182 -1.000  1.000 


*******************************************************************************
Fri Jan 30 15:04:18 2026


FIT:    data read from 'results.dat' u 1:2:3
        format = x:z:s
        x range restricted to [-3.00000 : 0.00000]
        #datapoints = 19
function used for fitting: f(x)
	f(x)=a/abs(x-b)**c+d
fitted parameters initialized with current variable values

iter      chisq       delta/lim  lambda   a             b             c             d            
   0 1.4299583921e+04   0.00e+00  2.45e+03   -7.348990e+01   1.817448e+00   3.528811e-03   7.458465e+01
1569 2.9149727453e+03  -1.00e+00  2.45e+00   -8.044647e+02   3.097298e+01   4.661186e-02   6.862446e+02

After 1569 iterations the fit converged.
final sum of squares of residuals : 2914.97
rel. change during last iteration : -9.99909e-06

degrees of freedom    (FIT_NDF)                        : 15
rms of residuals      (FIT_STDFIT) = sqrt(WSSR/ndf)    : 13.9403
variance of residuals (reduced chisquare) = WSSR/ndf   : 194.332
p-value of the Chisq distribution (FIT_P)              : 0

Final set of parameters            Asymptotic Standard Error
=======================            ==========================
a               = -804.465         +/- 2.526e+07    (3.139e+06%)
b               = 30.973           +/- 5.66e+04     (1.828e+05%)
c               = 0.0466119        +/- 1848         (3.966e+06%)
d               = 686.245          +/- 2.593e+07    (3.778e+06%)

correlation matrix of the fit parameters:
                a      b      c      d      
a               1.000 
b               1.000  1.000 
c               1.000  1.000  1.000 
d              -1.000 -1.000 -1.000  1.000 


*******************************************************************************
Fri Jan 30 15:04:44 2026


FIT:    data read from 'results.dat' u 1:2:3
        format = x:z:s
        x range restricted to [-3.00000 : 0.00000]
        #datapoints = 19
function used for fitting: f(x)
	f(x)=a/abs(x-b)**c+d
fitted parameters initialized with current variable values

iter      chisq       delta/lim  lambda   a             b             c             d            
   0 2.5554779247e+04   0.00e+00  3.14e+01    1.000000e+00   1.000000e+00   1.000000e+00   1.000000e+00
1378 2.8620641169e+03  -9.99e-01  3.14e-02   -7.380248e+02   6.380213e+01   2.178795e-01   2.991688e+02

After 1378 iterations the fit converged.
final sum of squares of residuals : 2862.06
rel. change during last iteration : -9.9918e-06

degrees of freedom    (FIT_NDF)                        : 15
rms of residuals      (FIT_STDFIT) = sqrt(WSSR/ndf)    : 13.8132
variance of residuals (reduced chisquare) = WSSR/ndf   : 190.804
p-value of the Chisq distribution (FIT_P)              : 0

Final set of parameters            Asymptotic Standard Error
=======================            ==========================
a               = -738.025         +/- 3.2e+06      (4.336e+05%)
b               = 63.8021          +/- 3.952e+05    (6.194e+05%)
c               = 0.217879         +/- 7411         (3.401e+06%)
d               = 299.169          +/- 8.296e+06    (2.773e+06%)

correlation matrix of the fit parameters:
                a      b      c      d      
a               1.000 
b              -1.000  1.000 
c              -1.000  1.000  1.000 
d               1.000 -1.000 -1.000  1.000 


*******************************************************************************
Fri Jan 30 15:06:22 2026


FIT:    data read from 'results.dat' u 1:2:3
        format = x:z:s
        x range restricted to [-3.00000 : 0.00000]
        #datapoints = 19
function used for fitting: f(x)
	f(x)=a/abs(x-b)**c+d
fitted parameters initialized with current variable values

iter      chisq       delta/lim  lambda   a             b             c             d            
   0 6.8291216073e+04   0.00e+00  1.21e+01    1.000000e+00   3.000000e+00   1.000000e+00   1.000000e-01
6193 6.3457021190e+01  -1.00e+00  1.21e+00    2.968777e-30   1.619716e+01  -2.372825e+01   8.958737e-01

After 6193 iterations the fit converged.
final sum of squares of residuals : 63.457
rel. change during last iteration : -9.99779e-06

degrees of freedom    (FIT_NDF)                        : 15
rms of residuals      (FIT_STDFIT) = sqrt(WSSR/ndf)    : 2.05681
variance of residuals (reduced chisquare) = WSSR/ndf   : 4.23047
p-value of the Chisq distribution (FIT_P)              : 6.35764e-08

Final set of parameters            Asymptotic Standard Error
=======================            ==========================
a               = 2.96878e-30      +/- 5.717e-28    (1.926e+04%)
b               = 16.1972          +/- 38.47        (237.5%)
c               = -23.7282         +/- 47.25        (199.1%)
d               = 0.895874         +/- 0.08809      (9.833%)

correlation matrix of the fit parameters:
                a      b      c      d      
a               1.000 
b              -1.000  1.000 
c               1.000 -1.000  1.000 
d               0.932 -0.936  0.931  1.000 
