

*******************************************************************************
Tue Jan 27 14:16:05 2026


FIT:    data read from '../data/corrfunc.dat' u 1:column2[i]:column3[i] every ::0::(L-1)
        format = x:z:s
        #datapoints = 10
function used for fitting: f(x,a,mr,c)
	f(x,a,mr,c)=a*cosh(mr*(x-L/2))/mr+c
fitted parameters initialized with current variable values

iter      chisq       delta/lim  lambda   a             mr            c            
   0 2.9354366349e+08   0.00e+00  9.43e+03    8.000000e-01   8.000000e-01   1.000000e+00
  96 5.1678915423e+02  -5.62e-02  9.43e-03    1.659097e-03   1.309428e+00  -3.004635e-01

After 96 iterations the fit converged.
final sum of squares of residuals : 516.789
rel. change during last iteration : -5.61577e-07

degrees of freedom    (FIT_NDF)                        : 7
rms of residuals      (FIT_STDFIT) = sqrt(WSSR/ndf)    : 8.59227
variance of residuals (reduced chisquare) = WSSR/ndf   : 73.827
p-value of the Chisq distribution (FIT_P)              : 0

Final set of parameters            Asymptotic Standard Error
=======================            ==========================
a               = 0.0016591        +/- 0.002501     (150.8%)
mr              = 1.30943          +/- 0.3439       (26.26%)
c               = -0.300463        +/- 0.029        (9.653%)

correlation matrix of the fit parameters:
                a      mr     c      
a               1.000 
mr             -0.999  1.000 
c              -0.765  0.745  1.000 


*******************************************************************************
Tue Jan 27 14:16:05 2026


FIT:    data read from '../data/corrfunc.dat' u 1:column2[i]:column3[i] every ::0::(L-1)
        format = x:z:s
        #datapoints = 10
function used for fitting: f(x,a,mr,c)
	f(x,a,mr,c)=a*cosh(mr*(x-L/2))/mr+c
fitted parameters initialized with current variable values

iter      chisq       delta/lim  lambda   a             mr            c            
   0 9.7312175437e+07   0.00e+00  5.66e+03    8.000000e-01   8.000000e-01  -3.004635e-01
  29 3.1404782821e+02  -1.09e-04  5.66e-03    4.430053e-03   1.098858e+00  -3.364805e-01

After 29 iterations the fit converged.
final sum of squares of residuals : 314.048
rel. change during last iteration : -1.08836e-09

degrees of freedom    (FIT_NDF)                        : 7
rms of residuals      (FIT_STDFIT) = sqrt(WSSR/ndf)    : 6.69806
variance of residuals (reduced chisquare) = WSSR/ndf   : 44.864
p-value of the Chisq distribution (FIT_P)              : 0

Final set of parameters            Asymptotic Standard Error
=======================            ==========================
a               = 0.00443005       +/- 0.004483     (101.2%)
mr              = 1.09886          +/- 0.2369       (21.56%)
c               = -0.33648         +/- 0.02962      (8.803%)

correlation matrix of the fit parameters:
                a      mr     c      
a               1.000 
mr             -0.998  1.000 
c              -0.791  0.764  1.000 


*******************************************************************************
Tue Jan 27 14:16:05 2026


FIT:    data read from '../data/corrfunc.dat' u 1:column2[i]:column3[i] every ::0::(L-1)
        format = x:z:s
        #datapoints = 10
function used for fitting: f(x,a,mr,c)
	f(x,a,mr,c)=a*cosh(mr*(x-L/2))/mr+c
fitted parameters initialized with current variable values

iter      chisq       delta/lim  lambda   a             mr            c            
   0 1.5320608359e+08   0.00e+00  7.20e+03    8.000000e-01   8.000000e-01  -3.364805e-01
  63 6.9930182835e+02  -4.10e-01  7.20e-01    1.803996e-03   1.339808e+00  -3.772081e-01

After 63 iterations the fit converged.
final sum of squares of residuals : 699.302
rel. change during last iteration : -4.09762e-06

degrees of freedom    (FIT_NDF)                        : 7
rms of residuals      (FIT_STDFIT) = sqrt(WSSR/ndf)    : 9.99501
variance of residuals (reduced chisquare) = WSSR/ndf   : 99.9003
p-value of the Chisq distribution (FIT_P)              : 0

Final set of parameters            Asymptotic Standard Error
=======================            ==========================
a               = 0.001804         +/- 0.003419     (189.5%)
mr              = 1.33981          +/- 0.4349       (32.46%)
c               = -0.377208        +/- 0.03435      (9.106%)

correlation matrix of the fit parameters:
                a      mr     c      
a               1.000 
mr             -0.999  1.000 
c              -0.693  0.674  1.000 


*******************************************************************************
Tue Jan 27 14:16:05 2026


FIT:    data read from '../data/corrfunc.dat' u 1:column2[i]:column3[i] every ::0::(L-1)
        format = x:z:s
        #datapoints = 10
function used for fitting: f(x,a,mr,c)
	f(x,a,mr,c)=a*cosh(mr*(x-L/2))/mr+c
fitted parameters initialized with current variable values

iter      chisq       delta/lim  lambda   a             mr            c            
   0 4.9315576759e+07   0.00e+00  4.02e+03    8.000000e-01   8.000000e-01  -3.772081e-01
  28 1.0222218398e+03  -7.80e-03  4.02e-03   -2.150625e-03  -1.329914e+00  -4.302208e-01

After 28 iterations the fit converged.
final sum of squares of residuals : 1022.22
rel. change during last iteration : -7.79706e-08

degrees of freedom    (FIT_NDF)                        : 7
rms of residuals      (FIT_STDFIT) = sqrt(WSSR/ndf)    : 12.0844
variance of residuals (reduced chisquare) = WSSR/ndf   : 146.032
p-value of the Chisq distribution (FIT_P)              : 0

Final set of parameters            Asymptotic Standard Error
=======================            ==========================
a               = -0.00215063      +/- 0.005285     (245.7%)
mr              = -1.32991         +/- 0.5612       (42.2%)
c               = -0.430221        +/- 0.06274      (14.58%)

correlation matrix of the fit parameters:
                a      mr     c      
a               1.000 
mr             -0.999  1.000 
c               0.771 -0.751  1.000 


*******************************************************************************
Tue Jan 27 14:16:05 2026


FIT:    data read from '../data/corrfunc.dat' u 1:column2[i]:column3[i] every ::0::(L-1)
        format = x:z:s
        #datapoints = 10
function used for fitting: f(x,a,mr,c)
	f(x,a,mr,c)=a*cosh(mr*(x-L/2))/mr+c
fitted parameters initialized with current variable values

iter      chisq       delta/lim  lambda   a             mr            c            
   0 9.7848038002e+07   0.00e+00  5.77e+03    8.000000e-01   8.000000e-01  -4.302208e-01
  31 1.4244588882e+03  -9.22e-03  5.77e-03    5.780187e-03   1.127349e+00  -5.086987e-01

After 31 iterations the fit converged.
final sum of squares of residuals : 1424.46
rel. change during last iteration : -9.21541e-08

degrees of freedom    (FIT_NDF)                        : 7
rms of residuals      (FIT_STDFIT) = sqrt(WSSR/ndf)    : 14.2651
variance of residuals (reduced chisquare) = WSSR/ndf   : 203.494
p-value of the Chisq distribution (FIT_P)              : 0

Final set of parameters            Asymptotic Standard Error
=======================            ==========================
a               = 0.00578019       +/- 0.01152      (199.4%)
mr              = 1.12735          +/- 0.4658       (41.32%)
c               = -0.508699        +/- 0.0725       (14.25%)

correlation matrix of the fit parameters:
                a      mr     c      
a               1.000 
mr             -0.999  1.000 
c              -0.793  0.771  1.000 


*******************************************************************************
Tue Jan 27 14:16:05 2026


FIT:    data read from '../data/corrfunc.dat' u 1:column2[i]:column3[i] every ::0::(L-1)
        format = x:z:s
        #datapoints = 10
function used for fitting: f(x,a,mr,c)
	f(x,a,mr,c)=a*cosh(mr*(x-L/2))/mr+c
fitted parameters initialized with current variable values

iter      chisq       delta/lim  lambda   a             mr            c            
   0 7.3607685398e+07   0.00e+00  5.02e+03    8.000000e-01   8.000000e-01  -5.086987e-01
   8 1.9584926706e+03  -1.14e-02  5.02e-04    3.307002e-02   7.455824e-01  -6.849952e-01

After 8 iterations the fit converged.
final sum of squares of residuals : 1958.49
rel. change during last iteration : -1.13751e-07

degrees of freedom    (FIT_NDF)                        : 7
rms of residuals      (FIT_STDFIT) = sqrt(WSSR/ndf)    : 16.7268
variance of residuals (reduced chisquare) = WSSR/ndf   : 279.785
p-value of the Chisq distribution (FIT_P)              : 0

Final set of parameters            Asymptotic Standard Error
=======================            ==========================
a               = 0.03307          +/- 0.05053      (152.8%)
mr              = 0.745582         +/- 0.3712       (49.79%)
c               = -0.684995        +/- 0.1809       (26.4%)

correlation matrix of the fit parameters:
                a      mr     c      
a               1.000 
mr             -0.997  1.000 
c              -0.928  0.904  1.000 


*******************************************************************************
Tue Jan 27 14:16:05 2026


FIT:    data read from '../data/corrfunc.dat' u 1:column2[i]:column3[i] every ::0::(L-1)
        format = x:z:s
        #datapoints = 10
function used for fitting: f(x,a,mr,c)
	f(x,a,mr,c)=a*cosh(mr*(x-L/2))/mr+c
fitted parameters initialized with current variable values

iter      chisq       delta/lim  lambda   a             mr            c            
   0 1.7426877326e+08   0.00e+00  7.87e+03    8.000000e-01   8.000000e-01  -6.849952e-01
  38 1.9677991194e+03  -7.37e-01  7.87e-01    2.609753e-02   8.251838e-01  -7.286854e-01

After 38 iterations the fit converged.
final sum of squares of residuals : 1967.8
rel. change during last iteration : -7.36909e-06

degrees of freedom    (FIT_NDF)                        : 7
rms of residuals      (FIT_STDFIT) = sqrt(WSSR/ndf)    : 16.7665
variance of residuals (reduced chisquare) = WSSR/ndf   : 281.114
p-value of the Chisq distribution (FIT_P)              : 0

Final set of parameters            Asymptotic Standard Error
=======================            ==========================
a               = 0.0260975        +/- 0.05095      (195.2%)
mr              = 0.825184         +/- 0.4681       (56.73%)
c               = -0.728685        +/- 0.1979       (27.16%)

correlation matrix of the fit parameters:
                a      mr     c      
a               1.000 
mr             -0.999  1.000 
c              -0.901  0.878  1.000 


*******************************************************************************
Tue Jan 27 14:16:05 2026


FIT:    data read from '../data/corrfunc.dat' u 1:column2[i]:column3[i] every ::0::(L-1)
        format = x:z:s
        #datapoints = 10
function used for fitting: f(x,a,mr,c)
	f(x,a,mr,c)=a*cosh(mr*(x-L/2))/mr+c
fitted parameters initialized with current variable values

iter      chisq       delta/lim  lambda   a             mr            c            
   0 7.8012326382e+07   0.00e+00  5.28e+03    8.000000e-01   8.000000e-01  -7.286854e-01
   7 9.7765159699e+02  -3.42e-02  5.28e-04    6.525295e-02   5.951321e-01  -8.089170e-01

After 7 iterations the fit converged.
final sum of squares of residuals : 977.652
rel. change during last iteration : -3.41691e-07

degrees of freedom    (FIT_NDF)                        : 7
rms of residuals      (FIT_STDFIT) = sqrt(WSSR/ndf)    : 11.818
variance of residuals (reduced chisquare) = WSSR/ndf   : 139.665
p-value of the Chisq distribution (FIT_P)              : 0

Final set of parameters            Asymptotic Standard Error
=======================            ==========================
a               = 0.0652529        +/- 0.1151       (176.3%)
mr              = 0.595132         +/- 0.4321       (72.61%)
c               = -0.808917        +/- 0.3801       (46.99%)

correlation matrix of the fit parameters:
                a      mr     c      
a               1.000 
mr             -0.998  1.000 
c              -0.974  0.959  1.000 


*******************************************************************************
Tue Jan 27 14:16:05 2026


FIT:    data read from '../data/corrfunc.dat' u 1:column2[i]:column3[i] every ::0::(L-1)
        format = x:z:s
        #datapoints = 10
function used for fitting: f(x,a,mr,c)
	f(x,a,mr,c)=a*cosh(mr*(x-L/2))/mr+c
fitted parameters initialized with current variable values

iter      chisq       delta/lim  lambda   a             mr            c            
   0 8.1188742005e+07   0.00e+00  5.38e+03    8.000000e-01   8.000000e-01  -8.089170e-01
 121 5.6764062360e+02  -2.63e-02  5.38e-01    2.476324e-01   2.490702e-01  -1.611790e+00

After 121 iterations the fit converged.
final sum of squares of residuals : 567.641
rel. change during last iteration : -2.62887e-07

degrees of freedom    (FIT_NDF)                        : 7
rms of residuals      (FIT_STDFIT) = sqrt(WSSR/ndf)    : 9.00508
variance of residuals (reduced chisquare) = WSSR/ndf   : 81.0915
p-value of the Chisq distribution (FIT_P)              : 0

Final set of parameters            Asymptotic Standard Error
=======================            ==========================
a               = 0.247632         +/- 0.629        (254%)
mr              = 0.24907          +/- 0.4803       (192.9%)
c               = -1.61179         +/- 4.555        (282.6%)

correlation matrix of the fit parameters:
                a      mr     c      
a               1.000 
mr             -0.999  1.000 
c              -1.000  0.999  1.000 


*******************************************************************************
Tue Jan 27 14:16:05 2026


FIT:    data read from '../data/corrfunc.dat' u 1:column2[i]:column3[i] every ::0::(L-1)
        format = x:z:s
        #datapoints = 10
function used for fitting: f(x,a,mr,c)
	f(x,a,mr,c)=a*cosh(mr*(x-L/2))/mr+c
fitted parameters initialized with current variable values

iter      chisq       delta/lim  lambda   a             mr            c            
   0 5.7110650046e+07   0.00e+00  4.67e+03    8.000000e-01   8.000000e-01  -1.611790e+00
  51 2.9478962832e+02  -1.05e-04  4.67e-04    1.237255e-01   3.728222e-01  -8.575649e-01

After 51 iterations the fit converged.
final sum of squares of residuals : 294.79
rel. change during last iteration : -1.05328e-09

degrees of freedom    (FIT_NDF)                        : 7
rms of residuals      (FIT_STDFIT) = sqrt(WSSR/ndf)    : 6.48944
variance of residuals (reduced chisquare) = WSSR/ndf   : 42.1128
p-value of the Chisq distribution (FIT_P)              : 0

Final set of parameters            Asymptotic Standard Error
=======================            ==========================
a               = 0.123726         +/- 0.2316       (187.2%)
mr              = 0.372822         +/- 0.427        (114.5%)
c               = -0.857565        +/- 1.081        (126%)

correlation matrix of the fit parameters:
                a      mr     c      
a               1.000 
mr             -0.998  1.000 
c              -0.999  0.995  1.000 


*******************************************************************************
Tue Jan 27 14:16:05 2026


FIT:    data read from '../data/corrfunc.dat' u 1:column2[i]:column3[i] every ::0::(L-1)
        format = x:z:s
        #datapoints = 10
function used for fitting: f(x,a,mr,c)
	f(x,a,mr,c)=a*cosh(mr*(x-L/2))/mr+c
fitted parameters initialized with current variable values

iter      chisq       delta/lim  lambda   a             mr            c            
   0 9.7476721129e+07   0.00e+00  5.93e+03    8.000000e-01   8.000000e-01  -8.575649e-01
 299 6.6143442129e+01  -9.84e-01  5.93e+00    1.968804e-02   7.077439e-01  -2.746732e-01

After 299 iterations the fit converged.
final sum of squares of residuals : 66.1434
rel. change during last iteration : -9.83707e-06

degrees of freedom    (FIT_NDF)                        : 7
rms of residuals      (FIT_STDFIT) = sqrt(WSSR/ndf)    : 3.07393
variance of residuals (reduced chisquare) = WSSR/ndf   : 9.44906
p-value of the Chisq distribution (FIT_P)              : 8.85625e-12

Final set of parameters            Asymptotic Standard Error
=======================            ==========================
a               = 0.019688         +/- 0.02867      (145.6%)
mr              = 0.707744         +/- 0.348        (49.17%)
c               = -0.274673        +/- 0.1079       (39.27%)

correlation matrix of the fit parameters:
                a      mr     c      
a               1.000 
mr             -0.998  1.000 
c              -0.943  0.921  1.000 


*******************************************************************************
Tue Jan 27 14:16:27 2026


FIT:    data read from '../data/corrfunc.dat' u 1:column2[i]:column3[i] every ::0::(L-1)
        format = x:z:s
        #datapoints = 10
function used for fitting: f(x,a,mr,c)
	f(x,a,mr,c)=a*cosh(mr*(x-L/2))/mr+c
fitted parameters initialized with current variable values

iter      chisq       delta/lim  lambda   a             mr            c            
   0 2.9354366349e+08   0.00e+00  9.43e+03    8.000000e-01   8.000000e-01   1.000000e+00
  96 5.1678915423e+02  -5.62e-02  9.43e-03    1.659097e-03   1.309428e+00  -3.004635e-01

After 96 iterations the fit converged.
final sum of squares of residuals : 516.789
rel. change during last iteration : -5.61577e-07

degrees of freedom    (FIT_NDF)                        : 7
rms of residuals      (FIT_STDFIT) = sqrt(WSSR/ndf)    : 8.59227
variance of residuals (reduced chisquare) = WSSR/ndf   : 73.827
p-value of the Chisq distribution (FIT_P)              : 0

Final set of parameters            Asymptotic Standard Error
=======================            ==========================
a               = 0.0016591        +/- 0.002501     (150.8%)
mr              = 1.30943          +/- 0.3439       (26.26%)
c               = -0.300463        +/- 0.029        (9.653%)

correlation matrix of the fit parameters:
                a      mr     c      
a               1.000 
mr             -0.999  1.000 
c              -0.765  0.745  1.000 


*******************************************************************************
Tue Jan 27 14:16:27 2026


FIT:    data read from '../data/corrfunc.dat' u 1:column2[i]:column3[i] every ::0::(L-1)
        format = x:z:s
        #datapoints = 10
function used for fitting: f(x,a,mr,c)
	f(x,a,mr,c)=a*cosh(mr*(x-L/2))/mr+c
fitted parameters initialized with current variable values

iter      chisq       delta/lim  lambda   a             mr            c            
   0 9.7312175437e+07   0.00e+00  5.66e+03    8.000000e-01   8.000000e-01  -3.004635e-01
  29 3.1404782821e+02  -1.09e-04  5.66e-03    4.430053e-03   1.098858e+00  -3.364805e-01

After 29 iterations the fit converged.
final sum of squares of residuals : 314.048
rel. change during last iteration : -1.08836e-09

degrees of freedom    (FIT_NDF)                        : 7
rms of residuals      (FIT_STDFIT) = sqrt(WSSR/ndf)    : 6.69806
variance of residuals (reduced chisquare) = WSSR/ndf   : 44.864
p-value of the Chisq distribution (FIT_P)              : 0

Final set of parameters            Asymptotic Standard Error
=======================            ==========================
a               = 0.00443005       +/- 0.004483     (101.2%)
mr              = 1.09886          +/- 0.2369       (21.56%)
c               = -0.33648         +/- 0.02962      (8.803%)

correlation matrix of the fit parameters:
                a      mr     c      
a               1.000 
mr             -0.998  1.000 
c              -0.791  0.764  1.000 


*******************************************************************************
Tue Jan 27 14:16:27 2026


FIT:    data read from '../data/corrfunc.dat' u 1:column2[i]:column3[i] every ::0::(L-1)
        format = x:z:s
        #datapoints = 10
function used for fitting: f(x,a,mr,c)
	f(x,a,mr,c)=a*cosh(mr*(x-L/2))/mr+c
fitted parameters initialized with current variable values

iter      chisq       delta/lim  lambda   a             mr            c            
   0 1.5320608359e+08   0.00e+00  7.20e+03    8.000000e-01   8.000000e-01  -3.364805e-01
  63 6.9930182835e+02  -4.10e-01  7.20e-01    1.803996e-03   1.339808e+00  -3.772081e-01

After 63 iterations the fit converged.
final sum of squares of residuals : 699.302
rel. change during last iteration : -4.09762e-06

degrees of freedom    (FIT_NDF)                        : 7
rms of residuals      (FIT_STDFIT) = sqrt(WSSR/ndf)    : 9.99501
variance of residuals (reduced chisquare) = WSSR/ndf   : 99.9003
p-value of the Chisq distribution (FIT_P)              : 0

Final set of parameters            Asymptotic Standard Error
=======================            ==========================
a               = 0.001804         +/- 0.003419     (189.5%)
mr              = 1.33981          +/- 0.4349       (32.46%)
c               = -0.377208        +/- 0.03435      (9.106%)

correlation matrix of the fit parameters:
                a      mr     c      
a               1.000 
mr             -0.999  1.000 
c              -0.693  0.674  1.000 


*******************************************************************************
Tue Jan 27 14:16:27 2026


FIT:    data read from '../data/corrfunc.dat' u 1:column2[i]:column3[i] every ::0::(L-1)
        format = x:z:s
        #datapoints = 10
function used for fitting: f(x,a,mr,c)
	f(x,a,mr,c)=a*cosh(mr*(x-L/2))/mr+c
fitted parameters initialized with current variable values

iter      chisq       delta/lim  lambda   a             mr            c            
   0 4.9315576759e+07   0.00e+00  4.02e+03    8.000000e-01   8.000000e-01  -3.772081e-01
  28 1.0222218398e+03  -7.80e-03  4.02e-03   -2.150625e-03  -1.329914e+00  -4.302208e-01

After 28 iterations the fit converged.
final sum of squares of residuals : 1022.22
rel. change during last iteration : -7.79706e-08

degrees of freedom    (FIT_NDF)                        : 7
rms of residuals      (FIT_STDFIT) = sqrt(WSSR/ndf)    : 12.0844
variance of residuals (reduced chisquare) = WSSR/ndf   : 146.032
p-value of the Chisq distribution (FIT_P)              : 0

Final set of parameters            Asymptotic Standard Error
=======================            ==========================
a               = -0.00215063      +/- 0.005285     (245.7%)
mr              = -1.32991         +/- 0.5612       (42.2%)
c               = -0.430221        +/- 0.06274      (14.58%)

correlation matrix of the fit parameters:
                a      mr     c      
a               1.000 
mr             -0.999  1.000 
c               0.771 -0.751  1.000 


*******************************************************************************
Tue Jan 27 14:16:27 2026


FIT:    data read from '../data/corrfunc.dat' u 1:column2[i]:column3[i] every ::0::(L-1)
        format = x:z:s
        #datapoints = 10
function used for fitting: f(x,a,mr,c)
	f(x,a,mr,c)=a*cosh(mr*(x-L/2))/mr+c
fitted parameters initialized with current variable values

iter      chisq       delta/lim  lambda   a             mr            c            
   0 9.7848038002e+07   0.00e+00  5.77e+03    8.000000e-01   8.000000e-01  -4.302208e-01
  31 1.4244588882e+03  -9.22e-03  5.77e-03    5.780187e-03   1.127349e+00  -5.086987e-01

After 31 iterations the fit converged.
final sum of squares of residuals : 1424.46
rel. change during last iteration : -9.21541e-08

degrees of freedom    (FIT_NDF)                        : 7
rms of residuals      (FIT_STDFIT) = sqrt(WSSR/ndf)    : 14.2651
variance of residuals (reduced chisquare) = WSSR/ndf   : 203.494
p-value of the Chisq distribution (FIT_P)              : 0

Final set of parameters            Asymptotic Standard Error
=======================            ==========================
a               = 0.00578019       +/- 0.01152      (199.4%)
mr              = 1.12735          +/- 0.4658       (41.32%)
c               = -0.508699        +/- 0.0725       (14.25%)

correlation matrix of the fit parameters:
                a      mr     c      
a               1.000 
mr             -0.999  1.000 
c              -0.793  0.771  1.000 


*******************************************************************************
Tue Jan 27 14:16:27 2026


FIT:    data read from '../data/corrfunc.dat' u 1:column2[i]:column3[i] every ::0::(L-1)
        format = x:z:s
        #datapoints = 10
function used for fitting: f(x,a,mr,c)
	f(x,a,mr,c)=a*cosh(mr*(x-L/2))/mr+c
fitted parameters initialized with current variable values

iter      chisq       delta/lim  lambda   a             mr            c            
   0 7.3607685398e+07   0.00e+00  5.02e+03    8.000000e-01   8.000000e-01  -5.086987e-01
   8 1.9584926706e+03  -1.14e-02  5.02e-04    3.307002e-02   7.455824e-01  -6.849952e-01

After 8 iterations the fit converged.
final sum of squares of residuals : 1958.49
rel. change during last iteration : -1.13751e-07

degrees of freedom    (FIT_NDF)                        : 7
rms of residuals      (FIT_STDFIT) = sqrt(WSSR/ndf)    : 16.7268
variance of residuals (reduced chisquare) = WSSR/ndf   : 279.785
p-value of the Chisq distribution (FIT_P)              : 0

Final set of parameters            Asymptotic Standard Error
=======================            ==========================
a               = 0.03307          +/- 0.05053      (152.8%)
mr              = 0.745582         +/- 0.3712       (49.79%)
c               = -0.684995        +/- 0.1809       (26.4%)

correlation matrix of the fit parameters:
                a      mr     c      
a               1.000 
mr             -0.997  1.000 
c              -0.928  0.904  1.000 


*******************************************************************************
Tue Jan 27 14:16:27 2026


FIT:    data read from '../data/corrfunc.dat' u 1:column2[i]:column3[i] every ::0::(L-1)
        format = x:z:s
        #datapoints = 10
function used for fitting: f(x,a,mr,c)
	f(x,a,mr,c)=a*cosh(mr*(x-L/2))/mr+c
fitted parameters initialized with current variable values

iter      chisq       delta/lim  lambda   a             mr            c            
   0 1.7426877326e+08   0.00e+00  7.87e+03    8.000000e-01   8.000000e-01  -6.849952e-01
  38 1.9677991194e+03  -7.37e-01  7.87e-01    2.609753e-02   8.251838e-01  -7.286854e-01

After 38 iterations the fit converged.
final sum of squares of residuals : 1967.8
rel. change during last iteration : -7.36909e-06

degrees of freedom    (FIT_NDF)                        : 7
rms of residuals      (FIT_STDFIT) = sqrt(WSSR/ndf)    : 16.7665
variance of residuals (reduced chisquare) = WSSR/ndf   : 281.114
p-value of the Chisq distribution (FIT_P)              : 0

Final set of parameters            Asymptotic Standard Error
=======================            ==========================
a               = 0.0260975        +/- 0.05095      (195.2%)
mr              = 0.825184         +/- 0.4681       (56.73%)
c               = -0.728685        +/- 0.1979       (27.16%)

correlation matrix of the fit parameters:
                a      mr     c      
a               1.000 
mr             -0.999  1.000 
c              -0.901  0.878  1.000 


*******************************************************************************
Tue Jan 27 14:16:27 2026


FIT:    data read from '../data/corrfunc.dat' u 1:column2[i]:column3[i] every ::0::(L-1)
        format = x:z:s
        #datapoints = 10
function used for fitting: f(x,a,mr,c)
	f(x,a,mr,c)=a*cosh(mr*(x-L/2))/mr+c
fitted parameters initialized with current variable values

iter      chisq       delta/lim  lambda   a             mr            c            
   0 7.8012326382e+07   0.00e+00  5.28e+03    8.000000e-01   8.000000e-01  -7.286854e-01
   7 9.7765159699e+02  -3.42e-02  5.28e-04    6.525295e-02   5.951321e-01  -8.089170e-01

After 7 iterations the fit converged.
final sum of squares of residuals : 977.652
rel. change during last iteration : -3.41691e-07

degrees of freedom    (FIT_NDF)                        : 7
rms of residuals      (FIT_STDFIT) = sqrt(WSSR/ndf)    : 11.818
variance of residuals (reduced chisquare) = WSSR/ndf   : 139.665
p-value of the Chisq distribution (FIT_P)              : 0

Final set of parameters            Asymptotic Standard Error
=======================            ==========================
a               = 0.0652529        +/- 0.1151       (176.3%)
mr              = 0.595132         +/- 0.4321       (72.61%)
c               = -0.808917        +/- 0.3801       (46.99%)

correlation matrix of the fit parameters:
                a      mr     c      
a               1.000 
mr             -0.998  1.000 
c              -0.974  0.959  1.000 


*******************************************************************************
Tue Jan 27 14:16:27 2026


FIT:    data read from '../data/corrfunc.dat' u 1:column2[i]:column3[i] every ::0::(L-1)
        format = x:z:s
        #datapoints = 10
function used for fitting: f(x,a,mr,c)
	f(x,a,mr,c)=a*cosh(mr*(x-L/2))/mr+c
fitted parameters initialized with current variable values

iter      chisq       delta/lim  lambda   a             mr            c            
   0 8.1188742005e+07   0.00e+00  5.38e+03    8.000000e-01   8.000000e-01  -8.089170e-01
 121 5.6764062360e+02  -2.63e-02  5.38e-01    2.476324e-01   2.490702e-01  -1.611790e+00

After 121 iterations the fit converged.
final sum of squares of residuals : 567.641
rel. change during last iteration : -2.62887e-07

degrees of freedom    (FIT_NDF)                        : 7
rms of residuals      (FIT_STDFIT) = sqrt(WSSR/ndf)    : 9.00508
variance of residuals (reduced chisquare) = WSSR/ndf   : 81.0915
p-value of the Chisq distribution (FIT_P)              : 0

Final set of parameters            Asymptotic Standard Error
=======================            ==========================
a               = 0.247632         +/- 0.629        (254%)
mr              = 0.24907          +/- 0.4803       (192.9%)
c               = -1.61179         +/- 4.555        (282.6%)

correlation matrix of the fit parameters:
                a      mr     c      
a               1.000 
mr             -0.999  1.000 
c              -1.000  0.999  1.000 


*******************************************************************************
Tue Jan 27 14:16:27 2026


FIT:    data read from '../data/corrfunc.dat' u 1:column2[i]:column3[i] every ::0::(L-1)
        format = x:z:s
        #datapoints = 10
function used for fitting: f(x,a,mr,c)
	f(x,a,mr,c)=a*cosh(mr*(x-L/2))/mr+c
fitted parameters initialized with current variable values

iter      chisq       delta/lim  lambda   a             mr            c            
   0 5.7110650046e+07   0.00e+00  4.67e+03    8.000000e-01   8.000000e-01  -1.611790e+00
  51 2.9478962832e+02  -1.05e-04  4.67e-04    1.237255e-01   3.728222e-01  -8.575649e-01

After 51 iterations the fit converged.
final sum of squares of residuals : 294.79
rel. change during last iteration : -1.05328e-09

degrees of freedom    (FIT_NDF)                        : 7
rms of residuals      (FIT_STDFIT) = sqrt(WSSR/ndf)    : 6.48944
variance of residuals (reduced chisquare) = WSSR/ndf   : 42.1128
p-value of the Chisq distribution (FIT_P)              : 0

Final set of parameters            Asymptotic Standard Error
=======================            ==========================
a               = 0.123726         +/- 0.2316       (187.2%)
mr              = 0.372822         +/- 0.427        (114.5%)
c               = -0.857565        +/- 1.081        (126%)

correlation matrix of the fit parameters:
                a      mr     c      
a               1.000 
mr             -0.998  1.000 
c              -0.999  0.995  1.000 


*******************************************************************************
Tue Jan 27 14:16:27 2026


FIT:    data read from '../data/corrfunc.dat' u 1:column2[i]:column3[i] every ::0::(L-1)
        format = x:z:s
        #datapoints = 10
function used for fitting: f(x,a,mr,c)
	f(x,a,mr,c)=a*cosh(mr*(x-L/2))/mr+c
fitted parameters initialized with current variable values

iter      chisq       delta/lim  lambda   a             mr            c            
   0 9.7476721129e+07   0.00e+00  5.93e+03    8.000000e-01   8.000000e-01  -8.575649e-01
 299 6.6143442129e+01  -9.84e-01  5.93e+00    1.968804e-02   7.077439e-01  -2.746732e-01

After 299 iterations the fit converged.
final sum of squares of residuals : 66.1434
rel. change during last iteration : -9.83707e-06

degrees of freedom    (FIT_NDF)                        : 7
rms of residuals      (FIT_STDFIT) = sqrt(WSSR/ndf)    : 3.07393
variance of residuals (reduced chisquare) = WSSR/ndf   : 9.44906
p-value of the Chisq distribution (FIT_P)              : 8.85625e-12

Final set of parameters            Asymptotic Standard Error
=======================            ==========================
a               = 0.019688         +/- 0.02867      (145.6%)
mr              = 0.707744         +/- 0.348        (49.17%)
c               = -0.274673        +/- 0.1079       (39.27%)

correlation matrix of the fit parameters:
                a      mr     c      
a               1.000 
mr             -0.998  1.000 
c              -0.943  0.921  1.000 


*******************************************************************************
Tue Jan 27 14:16:56 2026


FIT:    data read from '../data/corrfunc.dat' u 1:column2[i]:column3[i] every ::0::(L-1)
        format = x:z:s
        #datapoints = 16
function used for fitting: f(x,a,mr,c)
	f(x,a,mr,c)=a*cosh(mr*(x-L/2))/mr+c
fitted parameters initialized with current variable values

iter      chisq       delta/lim  lambda   a             mr            c            
   0 3.4291158102e+10   0.00e+00  1.45e+05    8.000000e-01   8.000000e-01   1.000000e+00
 477 4.6549076644e+00  -5.49e-05  1.45e-03    3.796558e-04   9.642689e-01  -2.997042e-01

After 477 iterations the fit converged.
final sum of squares of residuals : 4.65491
rel. change during last iteration : -5.48932e-10

degrees of freedom    (FIT_NDF)                        : 13
rms of residuals      (FIT_STDFIT) = sqrt(WSSR/ndf)    : 0.598389
variance of residuals (reduced chisquare) = WSSR/ndf   : 0.35807
p-value of the Chisq distribution (FIT_P)              : 0.982026

Final set of parameters            Asymptotic Standard Error
=======================            ==========================
a               = 0.000379656      +/- 2.957e-05    (7.789%)
mr              = 0.964269         +/- 0.01095      (1.136%)
c               = -0.299704        +/- 0.001223     (0.4079%)

correlation matrix of the fit parameters:
                a      mr     c      
a               1.000 
mr             -0.999  1.000 
c              -0.652  0.629  1.000 


*******************************************************************************
Tue Jan 27 14:16:57 2026


FIT:    data read from '../data/corrfunc.dat' u 1:column2[i]:column3[i] every ::0::(L-1)
        format = x:z:s
        #datapoints = 16
function used for fitting: f(x,a,mr,c)
	f(x,a,mr,c)=a*cosh(mr*(x-L/2))/mr+c
fitted parameters initialized with current variable values

iter      chisq       delta/lim  lambda   a             mr            c            
   0 1.2915594437e+10   0.00e+00  8.85e+04    8.000000e-01   8.000000e-01  -2.997042e-01
 403 2.5714888841e+00  -1.53e-01  8.85e-03    5.704800e-04   9.201280e-01  -3.340130e-01

After 403 iterations the fit converged.
final sum of squares of residuals : 2.57149
rel. change during last iteration : -1.5324e-06

degrees of freedom    (FIT_NDF)                        : 13
rms of residuals      (FIT_STDFIT) = sqrt(WSSR/ndf)    : 0.444755
variance of residuals (reduced chisquare) = WSSR/ndf   : 0.197807
p-value of the Chisq distribution (FIT_P)              : 0.999091

Final set of parameters            Asymptotic Standard Error
=======================            ==========================
a               = 0.00057048       +/- 3.634e-05    (6.37%)
mr              = 0.920128         +/- 0.009004     (0.9786%)
c               = -0.334013        +/- 0.001365     (0.4085%)

correlation matrix of the fit parameters:
                a      mr     c      
a               1.000 
mr             -0.998  1.000 
c              -0.699  0.671  1.000 


*******************************************************************************
Tue Jan 27 14:16:57 2026


FIT:    data read from '../data/corrfunc.dat' u 1:column2[i]:column3[i] every ::0::(L-1)
        format = x:z:s
        #datapoints = 16
function used for fitting: f(x,a,mr,c)
	f(x,a,mr,c)=a*cosh(mr*(x-L/2))/mr+c
fitted parameters initialized with current variable values

iter      chisq       delta/lim  lambda   a             mr            c            
   0 1.9573766821e+10   0.00e+00  1.10e+05    8.000000e-01   8.000000e-01  -3.340130e-01
 162 5.1159554172e+00  -1.44e-01  1.10e-02    1.526332e-03   7.970040e-01  -3.926618e-01

After 162 iterations the fit converged.
final sum of squares of residuals : 5.11596
rel. change during last iteration : -1.44197e-06

degrees of freedom    (FIT_NDF)                        : 13
rms of residuals      (FIT_STDFIT) = sqrt(WSSR/ndf)    : 0.627324
variance of residuals (reduced chisquare) = WSSR/ndf   : 0.393535
p-value of the Chisq distribution (FIT_P)              : 0.972551

Final set of parameters            Asymptotic Standard Error
=======================            ==========================
a               = 0.00152633       +/- 0.0001099    (7.2%)
mr              = 0.797004         +/- 0.01039      (1.303%)
c               = -0.392662        +/- 0.001784     (0.4543%)

correlation matrix of the fit parameters:
                a      mr     c      
a               1.000 
mr             -0.999  1.000 
c              -0.704  0.678  1.000 


*******************************************************************************
Tue Jan 27 14:16:57 2026


FIT:    data read from '../data/corrfunc.dat' u 1:column2[i]:column3[i] every ::0::(L-1)
        format = x:z:s
        #datapoints = 16
function used for fitting: f(x,a,mr,c)
	f(x,a,mr,c)=a*cosh(mr*(x-L/2))/mr+c
fitted parameters initialized with current variable values

iter      chisq       delta/lim  lambda   a             mr            c            
   0 6.4774703293e+09   0.00e+00  6.26e+04    8.000000e-01   8.000000e-01  -3.926618e-01
 244 1.9736237537e+00  -7.89e-04  6.26e-03    3.341777e-03   7.050014e-01  -4.718858e-01

After 244 iterations the fit converged.
final sum of squares of residuals : 1.97362
rel. change during last iteration : -7.89362e-09

degrees of freedom    (FIT_NDF)                        : 13
rms of residuals      (FIT_STDFIT) = sqrt(WSSR/ndf)    : 0.389637
variance of residuals (reduced chisquare) = WSSR/ndf   : 0.151817
p-value of the Chisq distribution (FIT_P)              : 0.99979

Final set of parameters            Asymptotic Standard Error
=======================            ==========================
a               = 0.00334178       +/- 0.000135     (4.039%)
mr              = 0.705001         +/- 0.005972     (0.847%)
c               = -0.471886        +/- 0.001519     (0.322%)

correlation matrix of the fit parameters:
                a      mr     c      
a               1.000 
mr             -0.997  1.000 
c              -0.775  0.744  1.000 


*******************************************************************************
Tue Jan 27 14:16:57 2026


FIT:    data read from '../data/corrfunc.dat' u 1:column2[i]:column3[i] every ::0::(L-1)
        format = x:z:s
        #datapoints = 16
function used for fitting: f(x,a,mr,c)
	f(x,a,mr,c)=a*cosh(mr*(x-L/2))/mr+c
fitted parameters initialized with current variable values

iter      chisq       delta/lim  lambda   a             mr            c            
   0 1.2789388576e+10   0.00e+00  8.90e+04    8.000000e-01   8.000000e-01  -4.718858e-01
   9 1.4270101019e+01  -1.43e-01  8.90e-04    7.653119e-03   5.988301e-01  -5.577803e-01

After 9 iterations the fit converged.
final sum of squares of residuals : 14.2701
rel. change during last iteration : -1.42558e-06

degrees of freedom    (FIT_NDF)                        : 13
rms of residuals      (FIT_STDFIT) = sqrt(WSSR/ndf)    : 1.04771
variance of residuals (reduced chisquare) = WSSR/ndf   : 1.0977
p-value of the Chisq distribution (FIT_P)              : 0.355101

Final set of parameters            Asymptotic Standard Error
=======================            ==========================
a               = 0.00765312       +/- 0.0005763    (7.531%)
mr              = 0.59883          +/- 0.01128      (1.884%)
c               = -0.55778         +/- 0.00443      (0.7942%)

correlation matrix of the fit parameters:
                a      mr     c      
a               1.000 
mr             -0.997  1.000 
c              -0.830  0.799  1.000 


*******************************************************************************
Tue Jan 27 14:16:57 2026


FIT:    data read from '../data/corrfunc.dat' u 1:column2[i]:column3[i] every ::0::(L-1)
        format = x:z:s
        #datapoints = 16
function used for fitting: f(x,a,mr,c)
	f(x,a,mr,c)=a*cosh(mr*(x-L/2))/mr+c
fitted parameters initialized with current variable values

iter      chisq       delta/lim  lambda   a             mr            c            
   0 9.6125634174e+09   0.00e+00  7.72e+04    8.000000e-01   8.000000e-01  -5.577803e-01
   8 5.8743252639e+00  -6.06e-02  7.72e-04    1.960274e-02   4.796014e-01  -7.107122e-01

After 8 iterations the fit converged.
final sum of squares of residuals : 5.87433
rel. change during last iteration : -6.05787e-07

degrees of freedom    (FIT_NDF)                        : 13
rms of residuals      (FIT_STDFIT) = sqrt(WSSR/ndf)    : 0.672214
variance of residuals (reduced chisquare) = WSSR/ndf   : 0.451871
p-value of the Chisq distribution (FIT_P)              : 0.950607

Final set of parameters            Asymptotic Standard Error
=======================            ==========================
a               = 0.0196027        +/- 0.0008896    (4.538%)
mr              = 0.479601         +/- 0.006964     (1.452%)
c               = -0.710712        +/- 0.00513      (0.7218%)

correlation matrix of the fit parameters:
                a      mr     c      
a               1.000 
mr             -0.997  1.000 
c              -0.907  0.877  1.000 


*******************************************************************************
Tue Jan 27 14:16:57 2026


FIT:    data read from '../data/corrfunc.dat' u 1:column2[i]:column3[i] every ::0::(L-1)
        format = x:z:s
        #datapoints = 16
function used for fitting: f(x,a,mr,c)
	f(x,a,mr,c)=a*cosh(mr*(x-L/2))/mr+c
fitted parameters initialized with current variable values

iter      chisq       delta/lim  lambda   a             mr            c            
   0 2.2849478064e+10   0.00e+00  1.20e+05    8.000000e-01   8.000000e-01  -7.107122e-01
   8 5.6629833943e+00  -1.81e-04  1.20e-03    3.659227e-02   4.002000e-01  -8.738235e-01

After 8 iterations the fit converged.
final sum of squares of residuals : 5.66298
rel. change during last iteration : -1.80642e-09

degrees of freedom    (FIT_NDF)                        : 13
rms of residuals      (FIT_STDFIT) = sqrt(WSSR/ndf)    : 0.660011
variance of residuals (reduced chisquare) = WSSR/ndf   : 0.435614
p-value of the Chisq distribution (FIT_P)              : 0.957563

Final set of parameters            Asymptotic Standard Error
=======================            ==========================
a               = 0.0365923        +/- 0.001598     (4.368%)
mr              = 0.4002           +/- 0.006657     (1.663%)
c               = -0.873824        +/- 0.008768     (1.003%)

correlation matrix of the fit parameters:
                a      mr     c      
a               1.000 
mr             -0.997  1.000 
c              -0.958  0.938  1.000 


*******************************************************************************
Tue Jan 27 14:16:57 2026


FIT:    data read from '../data/corrfunc.dat' u 1:column2[i]:column3[i] every ::0::(L-1)
        format = x:z:s
        #datapoints = 16
function used for fitting: f(x,a,mr,c)
	f(x,a,mr,c)=a*cosh(mr*(x-L/2))/mr+c
fitted parameters initialized with current variable values

iter      chisq       delta/lim  lambda   a             mr            c            
   0 1.0305206724e+10   0.00e+00  8.06e+04    8.000000e-01   8.000000e-01  -8.738235e-01
   9 2.4154781004e+00  -9.88e-03  8.06e-05    6.553829e-02   3.112722e-01  -1.010463e+00

After 9 iterations the fit converged.
final sum of squares of residuals : 2.41548
rel. change during last iteration : -9.88409e-08

degrees of freedom    (FIT_NDF)                        : 13
rms of residuals      (FIT_STDFIT) = sqrt(WSSR/ndf)    : 0.431052
variance of residuals (reduced chisquare) = WSSR/ndf   : 0.185806
p-value of the Chisq distribution (FIT_P)              : 0.999353

Final set of parameters            Asymptotic Standard Error
=======================            ==========================
a               = 0.0655383        +/- 0.002746     (4.19%)
mr              = 0.311272         +/- 0.006314     (2.028%)
c               = -1.01046         +/- 0.01628      (1.611%)

correlation matrix of the fit parameters:
                a      mr     c      
a               1.000 
mr             -0.997  1.000 
c              -0.989  0.977  1.000 


*******************************************************************************
Tue Jan 27 14:16:57 2026


FIT:    data read from '../data/corrfunc.dat' u 1:column2[i]:column3[i] every ::0::(L-1)
        format = x:z:s
        #datapoints = 16
function used for fitting: f(x,a,mr,c)
	f(x,a,mr,c)=a*cosh(mr*(x-L/2))/mr+c
fitted parameters initialized with current variable values

iter      chisq       delta/lim  lambda   a             mr            c            
   0 1.0767505177e+10   0.00e+00  8.22e+04    8.000000e-01   8.000000e-01  -1.010463e+00
  10 7.4429298917e+00  -1.63e-04  8.22e-06    8.493630e-02   2.652811e-01  -1.100902e+00

After 10 iterations the fit converged.
final sum of squares of residuals : 7.44293
rel. change during last iteration : -1.62523e-09

degrees of freedom    (FIT_NDF)                        : 13
rms of residuals      (FIT_STDFIT) = sqrt(WSSR/ndf)    : 0.756659
variance of residuals (reduced chisquare) = WSSR/ndf   : 0.572533
p-value of the Chisq distribution (FIT_P)              : 0.877907

Final set of parameters            Asymptotic Standard Error
=======================            ==========================
a               = 0.0849363        +/- 0.008099     (9.535%)
mr              = 0.265281         +/- 0.01353      (5.102%)
c               = -1.1009          +/- 0.05662      (5.143%)

correlation matrix of the fit parameters:
                a      mr     c      
a               1.000 
mr             -0.997  1.000 
c              -0.996  0.987  1.000 


*******************************************************************************
Tue Jan 27 14:16:57 2026


FIT:    data read from '../data/corrfunc.dat' u 1:column2[i]:column3[i] every ::0::(L-1)
        format = x:z:s
        #datapoints = 16
function used for fitting: f(x,a,mr,c)
	f(x,a,mr,c)=a*cosh(mr*(x-L/2))/mr+c
fitted parameters initialized with current variable values

iter      chisq       delta/lim  lambda   a             mr            c            
   0 8.0139261691e+09   0.00e+00  7.12e+04    8.000000e-01   8.000000e-01  -1.100902e+00
  10 6.5722888641e+00  -4.63e-04  7.12e-06    6.830993e-02   2.711970e-01  -8.789523e-01

After 10 iterations the fit converged.
final sum of squares of residuals : 6.57229
rel. change during last iteration : -4.63037e-09

degrees of freedom    (FIT_NDF)                        : 13
rms of residuals      (FIT_STDFIT) = sqrt(WSSR/ndf)    : 0.711028
variance of residuals (reduced chisquare) = WSSR/ndf   : 0.505561
p-value of the Chisq distribution (FIT_P)              : 0.922829

Final set of parameters            Asymptotic Standard Error
=======================            ==========================
a               = 0.0683099        +/- 0.009296     (13.61%)
mr              = 0.271197         +/- 0.01973      (7.276%)
c               = -0.878952        +/- 0.06223      (7.08%)

correlation matrix of the fit parameters:
                a      mr     c      
a               1.000 
mr             -0.998  1.000 
c              -0.996  0.988  1.000 


*******************************************************************************
Tue Jan 27 14:16:57 2026


FIT:    data read from '../data/corrfunc.dat' u 1:column2[i]:column3[i] every ::0::(L-1)
        format = x:z:s
        #datapoints = 16
function used for fitting: f(x,a,mr,c)
	f(x,a,mr,c)=a*cosh(mr*(x-L/2))/mr+c
fitted parameters initialized with current variable values

iter      chisq       delta/lim  lambda   a             mr            c            
   0 1.2871790921e+10   0.00e+00  9.03e+04    8.000000e-01   8.000000e-01  -8.789523e-01
  97 1.3210820268e+01  -4.21e-03  9.03e-04    9.779011e-03   4.911037e-01  -3.023827e-01

After 97 iterations the fit converged.
final sum of squares of residuals : 13.2108
rel. change during last iteration : -4.20986e-08

degrees of freedom    (FIT_NDF)                        : 13
rms of residuals      (FIT_STDFIT) = sqrt(WSSR/ndf)    : 1.00808
variance of residuals (reduced chisquare) = WSSR/ndf   : 1.01622
p-value of the Chisq distribution (FIT_P)              : 0.431662

Final set of parameters            Asymptotic Standard Error
=======================            ==========================
a               = 0.00977901       +/- 0.003103     (31.73%)
mr              = 0.491104         +/- 0.04616      (9.399%)
c               = -0.302383        +/- 0.02361      (7.807%)

correlation matrix of the fit parameters:
                a      mr     c      
a               1.000 
mr             -0.998  1.000 
c              -0.924  0.896  1.000 


*******************************************************************************
Tue Jan 27 14:17:34 2026


FIT:    data read from '../data/corrfunc.dat' u 1:column2[i]:column3[i] every ::0::(L-1)
        format = x:z:s
        #datapoints = 16
function used for fitting: f(x,a,mr,c)
	f(x,a,mr,c)=a*cosh((x-L/2)/mr)/mr+c
fitted parameters initialized with current variable values

iter      chisq       delta/lim  lambda   a             mr            c            
   0 4.3428004088e+13   0.00e+00  1.04e+07    8.000000e-01   8.000000e-01   1.000000e+00
  13 4.6549076644e+00  -2.35e-04  1.04e-06    4.083276e-04   1.037059e+00  -2.997045e-01

After 13 iterations the fit converged.
final sum of squares of residuals : 4.65491
rel. change during last iteration : -2.3452e-09

degrees of freedom    (FIT_NDF)                        : 13
rms of residuals      (FIT_STDFIT) = sqrt(WSSR/ndf)    : 0.598389
variance of residuals (reduced chisquare) = WSSR/ndf   : 0.35807
p-value of the Chisq distribution (FIT_P)              : 0.982026

Final set of parameters            Asymptotic Standard Error
=======================            ==========================
a               = 0.000408328      +/- 4.138e-05    (10.13%)
mr              = 1.03706          +/- 0.01196      (1.154%)
c               = -0.299704        +/- 0.001223     (0.4081%)

correlation matrix of the fit parameters:
                a      mr     c      
a               1.000 
mr              0.999  1.000 
c              -0.647 -0.629  1.000 


*******************************************************************************
Tue Jan 27 14:17:34 2026


FIT:    data read from '../data/corrfunc.dat' u 1:column2[i]:column3[i] every ::0::(L-1)
        format = x:z:s
        #datapoints = 16
function used for fitting: f(x,a,mr,c)
	f(x,a,mr,c)=a*cosh((x-L/2)/mr)/mr+c
fitted parameters initialized with current variable values

iter      chisq       delta/lim  lambda   a             mr            c            
   0 1.5770384203e+13   0.00e+00  6.25e+06    8.000000e-01   8.000000e-01  -2.997045e-01
  10 2.5714888841e+00  -5.54e-04  6.25e-04    6.737972e-04   1.086801e+00  -3.340126e-01

After 10 iterations the fit converged.
final sum of squares of residuals : 2.57149
rel. change during last iteration : -5.54054e-09

degrees of freedom    (FIT_NDF)                        : 13
rms of residuals      (FIT_STDFIT) = sqrt(WSSR/ndf)    : 0.444755
variance of residuals (reduced chisquare) = WSSR/ndf   : 0.197807
p-value of the Chisq distribution (FIT_P)              : 0.999091

Final set of parameters            Asymptotic Standard Error
=======================            ==========================
a               = 0.000673797      +/- 5.65e-05     (8.385%)
mr              = 1.0868           +/- 0.01079      (0.9933%)
c               = -0.334013        +/- 0.001365     (0.4087%)

correlation matrix of the fit parameters:
                a      mr     c      
a               1.000 
mr              0.999  1.000 
c              -0.693 -0.671  1.000 


*******************************************************************************
Tue Jan 27 14:17:34 2026


FIT:    data read from '../data/corrfunc.dat' u 1:column2[i]:column3[i] every ::0::(L-1)
        format = x:z:s
        #datapoints = 16
function used for fitting: f(x,a,mr,c)
	f(x,a,mr,c)=a*cosh((x-L/2)/mr)/mr+c
fitted parameters initialized with current variable values

iter      chisq       delta/lim  lambda   a             mr            c            
   0 2.5306197678e+13   0.00e+00  7.95e+06    8.000000e-01   8.000000e-01  -3.340126e-01
  11 5.1159554172e+00  -3.44e-03  7.95e-05    2.402816e-03   1.254696e+00  -3.926616e-01

After 11 iterations the fit converged.
final sum of squares of residuals : 5.11596
rel. change during last iteration : -3.44114e-08

degrees of freedom    (FIT_NDF)                        : 13
rms of residuals      (FIT_STDFIT) = sqrt(WSSR/ndf)    : 0.627324
variance of residuals (reduced chisquare) = WSSR/ndf   : 0.393535
p-value of the Chisq distribution (FIT_P)              : 0.972551

Final set of parameters            Asymptotic Standard Error
=======================            ==========================
a               = 0.00240282       +/- 0.000237     (9.865%)
mr              = 1.2547           +/- 0.01656      (1.32%)
c               = -0.392662        +/- 0.001785     (0.4545%)

correlation matrix of the fit parameters:
                a      mr     c      
a               1.000 
mr              0.999  1.000 
c              -0.697 -0.678  1.000 


*******************************************************************************
Tue Jan 27 14:17:34 2026


FIT:    data read from '../data/corrfunc.dat' u 1:column2[i]:column3[i] every ::0::(L-1)
        format = x:z:s
        #datapoints = 16
function used for fitting: f(x,a,mr,c)
	f(x,a,mr,c)=a*cosh((x-L/2)/mr)/mr+c
fitted parameters initialized with current variable values

iter      chisq       delta/lim  lambda   a             mr            c            
   0 7.8938098111e+12   0.00e+00  4.42e+06    8.000000e-01   8.000000e-01  -3.926616e-01
  17 1.9736237553e+00  -5.50e-01  4.42e-03    6.723245e-03   1.418428e+00  -4.718850e-01

After 17 iterations the fit converged.
final sum of squares of residuals : 1.97362
rel. change during last iteration : -5.49632e-06

degrees of freedom    (FIT_NDF)                        : 13
rms of residuals      (FIT_STDFIT) = sqrt(WSSR/ndf)    : 0.389637
variance of residuals (reduced chisquare) = WSSR/ndf   : 0.151817
p-value of the Chisq distribution (FIT_P)              : 0.99979

Final set of parameters            Asymptotic Standard Error
=======================            ==========================
a               = 0.00672324       +/- 0.0003875    (5.763%)
mr              = 1.41843          +/- 0.01216      (0.857%)
c               = -0.471885        +/- 0.001521     (0.3223%)

correlation matrix of the fit parameters:
                a      mr     c      
a               1.000 
mr              0.999  1.000 
c              -0.767 -0.745  1.000 


*******************************************************************************
Tue Jan 27 14:17:34 2026


FIT:    data read from '../data/corrfunc.dat' u 1:column2[i]:column3[i] every ::0::(L-1)
        format = x:z:s
        #datapoints = 16
function used for fitting: f(x,a,mr,c)
	f(x,a,mr,c)=a*cosh((x-L/2)/mr)/mr+c
fitted parameters initialized with current variable values

iter      chisq       delta/lim  lambda   a             mr            c            
   0 1.6326434191e+13   0.00e+00  6.38e+06    8.000000e-01   8.000000e-01  -4.718850e-01
  12 1.4270101026e+01  -3.83e-02  6.38e-06    2.134050e-02   1.669905e+00  -5.577784e-01

After 12 iterations the fit converged.
final sum of squares of residuals : 14.2701
rel. change during last iteration : -3.83035e-07

degrees of freedom    (FIT_NDF)                        : 13
rms of residuals      (FIT_STDFIT) = sqrt(WSSR/ndf)    : 1.04771
variance of residuals (reduced chisquare) = WSSR/ndf   : 1.0977
p-value of the Chisq distribution (FIT_P)              : 0.355101

Final set of parameters            Asymptotic Standard Error
=======================            ==========================
a               = 0.0213405        +/- 0.002422     (11.35%)
mr              = 1.66991          +/- 0.03179      (1.904%)
c               = -0.557778        +/- 0.004435     (0.7951%)

correlation matrix of the fit parameters:
                a      mr     c      
a               1.000 
mr              0.999  1.000 
c              -0.821 -0.800  1.000 


*******************************************************************************
Tue Jan 27 14:17:34 2026


FIT:    data read from '../data/corrfunc.dat' u 1:column2[i]:column3[i] every ::0::(L-1)
        format = x:z:s
        #datapoints = 16
function used for fitting: f(x,a,mr,c)
	f(x,a,mr,c)=a*cosh((x-L/2)/mr)/mr+c
fitted parameters initialized with current variable values

iter      chisq       delta/lim  lambda   a             mr            c            
   0 1.2261382692e+13   0.00e+00  5.53e+06    8.000000e-01   8.000000e-01  -5.577784e-01
  31 5.8743252638e+00  -2.71e-04  5.53e-04    8.522007e-02   2.085051e+00  -7.107102e-01

After 31 iterations the fit converged.
final sum of squares of residuals : 5.87433
rel. change during last iteration : -2.70914e-09

degrees of freedom    (FIT_NDF)                        : 13
rms of residuals      (FIT_STDFIT) = sqrt(WSSR/ndf)    : 0.672214
variance of residuals (reduced chisquare) = WSSR/ndf   : 0.451871
p-value of the Chisq distribution (FIT_P)              : 0.950607

Final set of parameters            Asymptotic Standard Error
=======================            ==========================
a               = 0.0852201        +/- 0.006366     (7.47%)
mr              = 2.08505          +/- 0.03055      (1.465%)
c               = -0.71071         +/- 0.005139     (0.7231%)

correlation matrix of the fit parameters:
                a      mr     c      
a               1.000 
mr              0.999  1.000 
c              -0.896 -0.877  1.000 


*******************************************************************************
Tue Jan 27 14:17:34 2026


FIT:    data read from '../data/corrfunc.dat' u 1:column2[i]:column3[i] every ::0::(L-1)
        format = x:z:s
        #datapoints = 16
function used for fitting: f(x,a,mr,c)
	f(x,a,mr,c)=a*cosh((x-L/2)/mr)/mr+c
fitted parameters initialized with current variable values

iter      chisq       delta/lim  lambda   a             mr            c            
   0 3.0268560064e+13   0.00e+00  8.71e+06    8.000000e-01   8.000000e-01  -7.107102e-01
 128 5.6629833943e+00  -1.70e-03  8.71e-04    2.284730e-01   2.498750e+00  -8.738234e-01

After 128 iterations the fit converged.
final sum of squares of residuals : 5.66298
rel. change during last iteration : -1.69505e-08

degrees of freedom    (FIT_NDF)                        : 13
rms of residuals      (FIT_STDFIT) = sqrt(WSSR/ndf)    : 0.660011
variance of residuals (reduced chisquare) = WSSR/ndf   : 0.435614
p-value of the Chisq distribution (FIT_P)              : 0.957563

Final set of parameters            Asymptotic Standard Error
=======================            ==========================
a               = 0.228473         +/- 0.01765      (7.723%)
mr              = 2.49875          +/- 0.0419       (1.677%)
c               = -0.873823        +/- 0.008788     (1.006%)

correlation matrix of the fit parameters:
                a      mr     c      
a               1.000 
mr              0.999  1.000 
c              -0.950 -0.938  1.000 


*******************************************************************************
Tue Jan 27 14:17:34 2026


FIT:    data read from '../data/corrfunc.dat' u 1:column2[i]:column3[i] every ::0::(L-1)
        format = x:z:s
        #datapoints = 16
function used for fitting: f(x,a,mr,c)
	f(x,a,mr,c)=a*cosh((x-L/2)/mr)/mr+c
fitted parameters initialized with current variable values

iter      chisq       delta/lim  lambda   a             mr            c            
   0 1.3632291471e+13   0.00e+00  5.84e+06    8.000000e-01   8.000000e-01  -8.738234e-01
 218 2.4154781004e+00  -1.99e-02  5.84e-04    6.764212e-01   3.212628e+00  -1.010464e+00

After 218 iterations the fit converged.
final sum of squares of residuals : 2.41548
rel. change during last iteration : -1.99331e-07

degrees of freedom    (FIT_NDF)                        : 13
rms of residuals      (FIT_STDFIT) = sqrt(WSSR/ndf)    : 0.431052
variance of residuals (reduced chisquare) = WSSR/ndf   : 0.185806
p-value of the Chisq distribution (FIT_P)              : 0.999353

Final set of parameters            Asymptotic Standard Error
=======================            ==========================
a               = 0.676421         +/- 0.05597      (8.274%)
mr              = 3.21263          +/- 0.06564      (2.043%)
c               = -1.01046         +/- 0.01633      (1.616%)

correlation matrix of the fit parameters:
                a      mr     c      
a               1.000 
mr              0.999  1.000 
c              -0.984 -0.977  1.000 


*******************************************************************************
Tue Jan 27 14:17:34 2026


FIT:    data read from '../data/corrfunc.dat' u 1:column2[i]:column3[i] every ::0::(L-1)
        format = x:z:s
        #datapoints = 16
function used for fitting: f(x,a,mr,c)
	f(x,a,mr,c)=a*cosh((x-L/2)/mr)/mr+c
fitted parameters initialized with current variable values

iter      chisq       delta/lim  lambda   a             mr            c            
   0 1.4088463298e+13   0.00e+00  5.93e+06    8.000000e-01   8.000000e-01  -1.010464e+00
  40 7.4429298920e+00  -1.27e-01  5.93e-04    1.207029e+00   3.769670e+00  -1.100926e+00

After 40 iterations the fit converged.
final sum of squares of residuals : 7.44293
rel. change during last iteration : -1.26805e-06

degrees of freedom    (FIT_NDF)                        : 13
rms of residuals      (FIT_STDFIT) = sqrt(WSSR/ndf)    : 0.756659
variance of residuals (reduced chisquare) = WSSR/ndf   : 0.572533
p-value of the Chisq distribution (FIT_P)              : 0.877907

Final set of parameters            Asymptotic Standard Error
=======================            ==========================
a               = 1.20703          +/- 0.239        (19.8%)
mr              = 3.76967          +/- 0.1937       (5.138%)
c               = -1.10093         +/- 0.05679      (5.158%)

correlation matrix of the fit parameters:
                a      mr     c      
a               1.000 
mr              0.999  1.000 
c              -0.992 -0.988  1.000 


*******************************************************************************
Tue Jan 27 14:17:34 2026


FIT:    data read from '../data/corrfunc.dat' u 1:column2[i]:column3[i] every ::0::(L-1)
        format = x:z:s
        #datapoints = 16
function used for fitting: f(x,a,mr,c)
	f(x,a,mr,c)=a*cosh((x-L/2)/mr)/mr+c
fitted parameters initialized with current variable values

iter      chisq       delta/lim  lambda   a             mr            c            
   0 1.0656694204e+13   0.00e+00  5.17e+06    8.000000e-01   8.000000e-01  -1.100926e+00
 423 6.5722888644e+00  -1.22e-01  5.17e-04    9.288786e-01   3.687455e+00  -8.789749e-01

After 423 iterations the fit converged.
final sum of squares of residuals : 6.57229
rel. change during last iteration : -1.22049e-06

degrees of freedom    (FIT_NDF)                        : 13
rms of residuals      (FIT_STDFIT) = sqrt(WSSR/ndf)    : 0.711028
variance of residuals (reduced chisquare) = WSSR/ndf   : 0.505561
p-value of the Chisq distribution (FIT_P)              : 0.922829

Final set of parameters            Asymptotic Standard Error
=======================            ==========================
a               = 0.928879         +/- 0.2625       (28.26%)
mr              = 3.68746          +/- 0.2702       (7.328%)
c               = -0.878975        +/- 0.06243      (7.102%)

correlation matrix of the fit parameters:
                a      mr     c      
a               1.000 
mr              0.999  1.000 
c              -0.993 -0.989  1.000 


*******************************************************************************
Tue Jan 27 14:17:34 2026


FIT:    data read from '../data/corrfunc.dat' u 1:column2[i]:column3[i] every ::0::(L-1)
        format = x:z:s
        #datapoints = 16
function used for fitting: f(x,a,mr,c)
	f(x,a,mr,c)=a*cosh((x-L/2)/mr)/mr+c
fitted parameters initialized with current variable values

iter      chisq       delta/lim  lambda   a             mr            c            
   0 1.7164529777e+13   0.00e+00  6.56e+06    8.000000e-01   8.000000e-01  -8.789749e-01
  24 1.3210820321e+01  -3.18e-02  6.56e-04    4.056904e-02   2.036445e+00  -3.024065e-01

After 24 iterations the fit converged.
final sum of squares of residuals : 13.2108
rel. change during last iteration : -3.18047e-07

degrees of freedom    (FIT_NDF)                        : 13
rms of residuals      (FIT_STDFIT) = sqrt(WSSR/ndf)    : 1.00808
variance of residuals (reduced chisquare) = WSSR/ndf   : 1.01622
p-value of the Chisq distribution (FIT_P)              : 0.431662

Final set of parameters            Asymptotic Standard Error
=======================            ==========================
a               = 0.040569         +/- 0.02058      (50.73%)
mr              = 2.03645          +/- 0.1932       (9.486%)
c               = -0.302406        +/- 0.02364      (7.818%)

correlation matrix of the fit parameters:
                a      mr     c      
a               1.000 
mr              0.999  1.000 
c              -0.915 -0.897  1.000 


*******************************************************************************
Tue Jan 27 14:18:31 2026


FIT:    data read from '../data/corrfunc.dat' u 1:column2[i]:column3[i] every ::0::(L-1)
        format = x:z:s
        #datapoints = 16
function used for fitting: f(x,a,mr,c)
	f(x,a,mr,c)=a*cosh((x-L/2)/mr)/mr+c
fitted parameters initialized with current variable values

iter      chisq       delta/lim  lambda   a             mr            c            
   0 4.3428004088e+13   0.00e+00  1.04e+07    8.000000e-01   8.000000e-01   1.000000e+00
  13 4.6549076644e+00  -2.35e-04  1.04e-06    4.083276e-04   1.037059e+00  -2.997045e-01

After 13 iterations the fit converged.
final sum of squares of residuals : 4.65491
rel. change during last iteration : -2.3452e-09

degrees of freedom    (FIT_NDF)                        : 13
rms of residuals      (FIT_STDFIT) = sqrt(WSSR/ndf)    : 0.598389
variance of residuals (reduced chisquare) = WSSR/ndf   : 0.35807
p-value of the Chisq distribution (FIT_P)              : 0.982026

Final set of parameters            Asymptotic Standard Error
=======================            ==========================
a               = 0.000408328      +/- 4.138e-05    (10.13%)
mr              = 1.03706          +/- 0.01196      (1.154%)
c               = -0.299704        +/- 0.001223     (0.4081%)

correlation matrix of the fit parameters:
                a      mr     c      
a               1.000 
mr              0.999  1.000 
c              -0.647 -0.629  1.000 


*******************************************************************************
Tue Jan 27 14:18:31 2026


FIT:    data read from '../data/corrfunc.dat' u 1:column2[i]:column3[i] every ::0::(L-1)
        format = x:z:s
        #datapoints = 16
function used for fitting: f(x,a,mr,c)
	f(x,a,mr,c)=a*cosh((x-L/2)/mr)/mr+c
fitted parameters initialized with current variable values

iter      chisq       delta/lim  lambda   a             mr            c            
   0 1.5770384203e+13   0.00e+00  6.25e+06    8.000000e-01   8.000000e-01  -2.997045e-01
  10 2.5714888841e+00  -5.54e-04  6.25e-04    6.737972e-04   1.086801e+00  -3.340126e-01

After 10 iterations the fit converged.
final sum of squares of residuals : 2.57149
rel. change during last iteration : -5.54054e-09

degrees of freedom    (FIT_NDF)                        : 13
rms of residuals      (FIT_STDFIT) = sqrt(WSSR/ndf)    : 0.444755
variance of residuals (reduced chisquare) = WSSR/ndf   : 0.197807
p-value of the Chisq distribution (FIT_P)              : 0.999091

Final set of parameters            Asymptotic Standard Error
=======================            ==========================
a               = 0.000673797      +/- 5.65e-05     (8.385%)
mr              = 1.0868           +/- 0.01079      (0.9933%)
c               = -0.334013        +/- 0.001365     (0.4087%)

correlation matrix of the fit parameters:
                a      mr     c      
a               1.000 
mr              0.999  1.000 
c              -0.693 -0.671  1.000 


*******************************************************************************
Tue Jan 27 14:18:31 2026


FIT:    data read from '../data/corrfunc.dat' u 1:column2[i]:column3[i] every ::0::(L-1)
        format = x:z:s
        #datapoints = 16
function used for fitting: f(x,a,mr,c)
	f(x,a,mr,c)=a*cosh((x-L/2)/mr)/mr+c
fitted parameters initialized with current variable values

iter      chisq       delta/lim  lambda   a             mr            c            
   0 2.5306197678e+13   0.00e+00  7.95e+06    8.000000e-01   8.000000e-01  -3.340126e-01
  11 5.1159554172e+00  -3.44e-03  7.95e-05    2.402816e-03   1.254696e+00  -3.926616e-01

After 11 iterations the fit converged.
final sum of squares of residuals : 5.11596
rel. change during last iteration : -3.44114e-08

degrees of freedom    (FIT_NDF)                        : 13
rms of residuals      (FIT_STDFIT) = sqrt(WSSR/ndf)    : 0.627324
variance of residuals (reduced chisquare) = WSSR/ndf   : 0.393535
p-value of the Chisq distribution (FIT_P)              : 0.972551

Final set of parameters            Asymptotic Standard Error
=======================            ==========================
a               = 0.00240282       +/- 0.000237     (9.865%)
mr              = 1.2547           +/- 0.01656      (1.32%)
c               = -0.392662        +/- 0.001785     (0.4545%)

correlation matrix of the fit parameters:
                a      mr     c      
a               1.000 
mr              0.999  1.000 
c              -0.697 -0.678  1.000 


*******************************************************************************
Tue Jan 27 14:18:31 2026


FIT:    data read from '../data/corrfunc.dat' u 1:column2[i]:column3[i] every ::0::(L-1)
        format = x:z:s
        #datapoints = 16
function used for fitting: f(x,a,mr,c)
	f(x,a,mr,c)=a*cosh((x-L/2)/mr)/mr+c
fitted parameters initialized with current variable values

iter      chisq       delta/lim  lambda   a             mr            c            
   0 7.8938098111e+12   0.00e+00  4.42e+06    8.000000e-01   8.000000e-01  -3.926616e-01
  17 1.9736237553e+00  -5.50e-01  4.42e-03    6.723245e-03   1.418428e+00  -4.718850e-01

After 17 iterations the fit converged.
final sum of squares of residuals : 1.97362
rel. change during last iteration : -5.49632e-06

degrees of freedom    (FIT_NDF)                        : 13
rms of residuals      (FIT_STDFIT) = sqrt(WSSR/ndf)    : 0.389637
variance of residuals (reduced chisquare) = WSSR/ndf   : 0.151817
p-value of the Chisq distribution (FIT_P)              : 0.99979

Final set of parameters            Asymptotic Standard Error
=======================            ==========================
a               = 0.00672324       +/- 0.0003875    (5.763%)
mr              = 1.41843          +/- 0.01216      (0.857%)
c               = -0.471885        +/- 0.001521     (0.3223%)

correlation matrix of the fit parameters:
                a      mr     c      
a               1.000 
mr              0.999  1.000 
c              -0.767 -0.745  1.000 


*******************************************************************************
Tue Jan 27 14:18:31 2026


FIT:    data read from '../data/corrfunc.dat' u 1:column2[i]:column3[i] every ::0::(L-1)
        format = x:z:s
        #datapoints = 16
function used for fitting: f(x,a,mr,c)
	f(x,a,mr,c)=a*cosh((x-L/2)/mr)/mr+c
fitted parameters initialized with current variable values

iter      chisq       delta/lim  lambda   a             mr            c            
   0 1.6326434191e+13   0.00e+00  6.38e+06    8.000000e-01   8.000000e-01  -4.718850e-01
  12 1.4270101026e+01  -3.83e-02  6.38e-06    2.134050e-02   1.669905e+00  -5.577784e-01

After 12 iterations the fit converged.
final sum of squares of residuals : 14.2701
rel. change during last iteration : -3.83035e-07

degrees of freedom    (FIT_NDF)                        : 13
rms of residuals      (FIT_STDFIT) = sqrt(WSSR/ndf)    : 1.04771
variance of residuals (reduced chisquare) = WSSR/ndf   : 1.0977
p-value of the Chisq distribution (FIT_P)              : 0.355101

Final set of parameters            Asymptotic Standard Error
=======================            ==========================
a               = 0.0213405        +/- 0.002422     (11.35%)
mr              = 1.66991          +/- 0.03179      (1.904%)
c               = -0.557778        +/- 0.004435     (0.7951%)

correlation matrix of the fit parameters:
                a      mr     c      
a               1.000 
mr              0.999  1.000 
c              -0.821 -0.800  1.000 


*******************************************************************************
Tue Jan 27 14:18:31 2026


FIT:    data read from '../data/corrfunc.dat' u 1:column2[i]:column3[i] every ::0::(L-1)
        format = x:z:s
        #datapoints = 16
function used for fitting: f(x,a,mr,c)
	f(x,a,mr,c)=a*cosh((x-L/2)/mr)/mr+c
fitted parameters initialized with current variable values

iter      chisq       delta/lim  lambda   a             mr            c            
   0 1.2261382692e+13   0.00e+00  5.53e+06    8.000000e-01   8.000000e-01  -5.577784e-01
  31 5.8743252638e+00  -2.71e-04  5.53e-04    8.522007e-02   2.085051e+00  -7.107102e-01

After 31 iterations the fit converged.
final sum of squares of residuals : 5.87433
rel. change during last iteration : -2.70914e-09

degrees of freedom    (FIT_NDF)                        : 13
rms of residuals      (FIT_STDFIT) = sqrt(WSSR/ndf)    : 0.672214
variance of residuals (reduced chisquare) = WSSR/ndf   : 0.451871
p-value of the Chisq distribution (FIT_P)              : 0.950607

Final set of parameters            Asymptotic Standard Error
=======================            ==========================
a               = 0.0852201        +/- 0.006366     (7.47%)
mr              = 2.08505          +/- 0.03055      (1.465%)
c               = -0.71071         +/- 0.005139     (0.7231%)

correlation matrix of the fit parameters:
                a      mr     c      
a               1.000 
mr              0.999  1.000 
c              -0.896 -0.877  1.000 


*******************************************************************************
Tue Jan 27 14:18:31 2026


FIT:    data read from '../data/corrfunc.dat' u 1:column2[i]:column3[i] every ::0::(L-1)
        format = x:z:s
        #datapoints = 16
function used for fitting: f(x,a,mr,c)
	f(x,a,mr,c)=a*cosh((x-L/2)/mr)/mr+c
fitted parameters initialized with current variable values

iter      chisq       delta/lim  lambda   a             mr            c            
   0 3.0268560064e+13   0.00e+00  8.71e+06    8.000000e-01   8.000000e-01  -7.107102e-01
 128 5.6629833943e+00  -1.70e-03  8.71e-04    2.284730e-01   2.498750e+00  -8.738234e-01

After 128 iterations the fit converged.
final sum of squares of residuals : 5.66298
rel. change during last iteration : -1.69505e-08

degrees of freedom    (FIT_NDF)                        : 13
rms of residuals      (FIT_STDFIT) = sqrt(WSSR/ndf)    : 0.660011
variance of residuals (reduced chisquare) = WSSR/ndf   : 0.435614
p-value of the Chisq distribution (FIT_P)              : 0.957563

Final set of parameters            Asymptotic Standard Error
=======================            ==========================
a               = 0.228473         +/- 0.01765      (7.723%)
mr              = 2.49875          +/- 0.0419       (1.677%)
c               = -0.873823        +/- 0.008788     (1.006%)

correlation matrix of the fit parameters:
                a      mr     c      
a               1.000 
mr              0.999  1.000 
c              -0.950 -0.938  1.000 


*******************************************************************************
Tue Jan 27 14:18:31 2026


FIT:    data read from '../data/corrfunc.dat' u 1:column2[i]:column3[i] every ::0::(L-1)
        format = x:z:s
        #datapoints = 16
function used for fitting: f(x,a,mr,c)
	f(x,a,mr,c)=a*cosh((x-L/2)/mr)/mr+c
fitted parameters initialized with current variable values

iter      chisq       delta/lim  lambda   a             mr            c            
   0 1.3632291471e+13   0.00e+00  5.84e+06    8.000000e-01   8.000000e-01  -8.738234e-01
 218 2.4154781004e+00  -1.99e-02  5.84e-04    6.764212e-01   3.212628e+00  -1.010464e+00

After 218 iterations the fit converged.
final sum of squares of residuals : 2.41548
rel. change during last iteration : -1.99331e-07

degrees of freedom    (FIT_NDF)                        : 13
rms of residuals      (FIT_STDFIT) = sqrt(WSSR/ndf)    : 0.431052
variance of residuals (reduced chisquare) = WSSR/ndf   : 0.185806
p-value of the Chisq distribution (FIT_P)              : 0.999353

Final set of parameters            Asymptotic Standard Error
=======================            ==========================
a               = 0.676421         +/- 0.05597      (8.274%)
mr              = 3.21263          +/- 0.06564      (2.043%)
c               = -1.01046         +/- 0.01633      (1.616%)

correlation matrix of the fit parameters:
                a      mr     c      
a               1.000 
mr              0.999  1.000 
c              -0.984 -0.977  1.000 


*******************************************************************************
Tue Jan 27 14:18:31 2026


FIT:    data read from '../data/corrfunc.dat' u 1:column2[i]:column3[i] every ::0::(L-1)
        format = x:z:s
        #datapoints = 16
function used for fitting: f(x,a,mr,c)
	f(x,a,mr,c)=a*cosh((x-L/2)/mr)/mr+c
fitted parameters initialized with current variable values

iter      chisq       delta/lim  lambda   a             mr            c            
   0 1.4088463298e+13   0.00e+00  5.93e+06    8.000000e-01   8.000000e-01  -1.010464e+00
  40 7.4429298920e+00  -1.27e-01  5.93e-04    1.207029e+00   3.769670e+00  -1.100926e+00

After 40 iterations the fit converged.
final sum of squares of residuals : 7.44293
rel. change during last iteration : -1.26805e-06

degrees of freedom    (FIT_NDF)                        : 13
rms of residuals      (FIT_STDFIT) = sqrt(WSSR/ndf)    : 0.756659
variance of residuals (reduced chisquare) = WSSR/ndf   : 0.572533
p-value of the Chisq distribution (FIT_P)              : 0.877907

Final set of parameters            Asymptotic Standard Error
=======================            ==========================
a               = 1.20703          +/- 0.239        (19.8%)
mr              = 3.76967          +/- 0.1937       (5.138%)
c               = -1.10093         +/- 0.05679      (5.158%)

correlation matrix of the fit parameters:
                a      mr     c      
a               1.000 
mr              0.999  1.000 
c              -0.992 -0.988  1.000 


*******************************************************************************
Tue Jan 27 14:18:31 2026


FIT:    data read from '../data/corrfunc.dat' u 1:column2[i]:column3[i] every ::0::(L-1)
        format = x:z:s
        #datapoints = 16
function used for fitting: f(x,a,mr,c)
	f(x,a,mr,c)=a*cosh((x-L/2)/mr)/mr+c
fitted parameters initialized with current variable values

iter      chisq       delta/lim  lambda   a             mr            c            
   0 1.0656694204e+13   0.00e+00  5.17e+06    8.000000e-01   8.000000e-01  -1.100926e+00
 423 6.5722888644e+00  -1.22e-01  5.17e-04    9.288786e-01   3.687455e+00  -8.789749e-01

After 423 iterations the fit converged.
final sum of squares of residuals : 6.57229
rel. change during last iteration : -1.22049e-06

degrees of freedom    (FIT_NDF)                        : 13
rms of residuals      (FIT_STDFIT) = sqrt(WSSR/ndf)    : 0.711028
variance of residuals (reduced chisquare) = WSSR/ndf   : 0.505561
p-value of the Chisq distribution (FIT_P)              : 0.922829

Final set of parameters            Asymptotic Standard Error
=======================            ==========================
a               = 0.928879         +/- 0.2625       (28.26%)
mr              = 3.68746          +/- 0.2702       (7.328%)
c               = -0.878975        +/- 0.06243      (7.102%)

correlation matrix of the fit parameters:
                a      mr     c      
a               1.000 
mr              0.999  1.000 
c              -0.993 -0.989  1.000 


*******************************************************************************
Tue Jan 27 14:18:31 2026


FIT:    data read from '../data/corrfunc.dat' u 1:column2[i]:column3[i] every ::0::(L-1)
        format = x:z:s
        #datapoints = 16
function used for fitting: f(x,a,mr,c)
	f(x,a,mr,c)=a*cosh((x-L/2)/mr)/mr+c
fitted parameters initialized with current variable values

iter      chisq       delta/lim  lambda   a             mr            c            
   0 1.7164529777e+13   0.00e+00  6.56e+06    8.000000e-01   8.000000e-01  -8.789749e-01
  24 1.3210820321e+01  -3.18e-02  6.56e-04    4.056904e-02   2.036445e+00  -3.024065e-01

After 24 iterations the fit converged.
final sum of squares of residuals : 13.2108
rel. change during last iteration : -3.18047e-07

degrees of freedom    (FIT_NDF)                        : 13
rms of residuals      (FIT_STDFIT) = sqrt(WSSR/ndf)    : 1.00808
variance of residuals (reduced chisquare) = WSSR/ndf   : 1.01622
p-value of the Chisq distribution (FIT_P)              : 0.431662

Final set of parameters            Asymptotic Standard Error
=======================            ==========================
a               = 0.040569         +/- 0.02058      (50.73%)
mr              = 2.03645          +/- 0.1932       (9.486%)
c               = -0.302406        +/- 0.02364      (7.818%)

correlation matrix of the fit parameters:
                a      mr     c      
a               1.000 
mr              0.999  1.000 
c              -0.915 -0.897  1.000 


*******************************************************************************
Tue Jan 27 14:38:33 2026


FIT:    data read from '../data/corrfunc.dat' u 1:column2[i]:column3[i] every ::0::(L-1)
        format = x:z:s
        #datapoints = 16
function used for fitting: f(x,a,mr)
	f(x,a,mr)=a*cosh(mr*(x-L/2))
fitted parameters initialized with current variable values

iter      chisq       delta/lim  lambda   a             mr           
   0 2.1777615230e+10   0.00e+00  1.68e+05    8.000000e-01   8.000000e-01
  67 3.3064674537e+04  -8.69e-01  1.68e+02   -8.792258e-02   2.221610e-03

After 67 iterations the fit converged.
final sum of squares of residuals : 33064.7
rel. change during last iteration : -8.69013e-06

degrees of freedom    (FIT_NDF)                        : 14
rms of residuals      (FIT_STDFIT) = sqrt(WSSR/ndf)    : 48.598
variance of residuals (reduced chisquare) = WSSR/ndf   : 2361.76
p-value of the Chisq distribution (FIT_P)              : 0

Final set of parameters            Asymptotic Standard Error
=======================            ==========================
a               = -0.0879226       +/- 0.1006       (114.4%)
mr              = 0.00222161       +/- 11           (4.95e+05%)

correlation matrix of the fit parameters:
                a      mr     
a               1.000 
mr              0.853  1.000 


*******************************************************************************
Tue Jan 27 14:39:48 2026


FIT:    data read from '../data/corrfunc.dat' u 1:column2[i]:column3[i] every ::0::(L-1)
        format = x:z:s
        #datapoints = 16
function used for fitting: f(x,a,mr)
	f(x,a,mr)=a*cosh(mr*(x-L/2))
fitted parameters initialized with current variable values

iter      chisq       delta/lim  lambda   a             mr           
   0 2.1777615230e+10   0.00e+00  1.68e+05    8.000000e-01   8.000000e-01
  67 3.3064674537e+04  -8.69e-01  1.68e+02   -8.792258e-02   2.221610e-03

After 67 iterations the fit converged.
final sum of squares of residuals : 33064.7
rel. change during last iteration : -8.69013e-06

degrees of freedom    (FIT_NDF)                        : 14
rms of residuals      (FIT_STDFIT) = sqrt(WSSR/ndf)    : 48.598
variance of residuals (reduced chisquare) = WSSR/ndf   : 2361.76
p-value of the Chisq distribution (FIT_P)              : 0

Final set of parameters            Asymptotic Standard Error
=======================            ==========================
a               = -0.0879226       +/- 0.1006       (114.4%)
mr              = 0.00222161       +/- 11           (4.95e+05%)

correlation matrix of the fit parameters:
                a      mr     
a               1.000 
mr              0.853  1.000 


*******************************************************************************
Tue Jan 27 14:39:48 2026


FIT:    data read from '../data/corrfunc.dat' u 1:column2[i]:column3[i] every ::0::(L-1)
        format = x:z:s
        #datapoints = 16
function used for fitting: f(x,a,mr)
	f(x,a,mr)=a*cosh(mr*(x-L/2))
fitted parameters initialized with current variable values

iter      chisq       delta/lim  lambda   a             mr           
   0 8.2855802796e+09   0.00e+00  1.03e+05    8.000000e-01   8.000000e-01
  32 1.5862755589e+04  -7.74e-01  1.03e+02   -1.278751e-01   1.336566e-03

After 32 iterations the fit converged.
final sum of squares of residuals : 15862.8
rel. change during last iteration : -7.73865e-06

degrees of freedom    (FIT_NDF)                        : 14
rms of residuals      (FIT_STDFIT) = sqrt(WSSR/ndf)    : 33.6609
variance of residuals (reduced chisquare) = WSSR/ndf   : 1133.05
p-value of the Chisq distribution (FIT_P)              : 0

Final set of parameters            Asymptotic Standard Error
=======================            ==========================
a               = -0.127875        +/- 0.1034       (80.84%)
mr              = 0.00133657       +/- 13.45        (1.007e+06%)

correlation matrix of the fit parameters:
                a      mr     
a               1.000 
mr              0.857  1.000 


*******************************************************************************
Tue Jan 27 14:39:48 2026


FIT:    data read from '../data/corrfunc.dat' u 1:column2[i]:column3[i] every ::0::(L-1)
        format = x:z:s
        #datapoints = 16
function used for fitting: f(x,a,mr)
	f(x,a,mr)=a*cosh(mr*(x-L/2))
fitted parameters initialized with current variable values

iter      chisq       delta/lim  lambda   a             mr           
   0 1.2555853872e+10   0.00e+00  1.28e+05    8.000000e-01   8.000000e-01
  35 3.1398535385e+04  -8.38e-01  1.28e+02   -1.195227e-01   1.416989e-03

After 35 iterations the fit converged.
final sum of squares of residuals : 31398.5
rel. change during last iteration : -8.38451e-06

degrees of freedom    (FIT_NDF)                        : 14
rms of residuals      (FIT_STDFIT) = sqrt(WSSR/ndf)    : 47.3577
variance of residuals (reduced chisquare) = WSSR/ndf   : 2242.75
p-value of the Chisq distribution (FIT_P)              : 0

Final set of parameters            Asymptotic Standard Error
=======================            ==========================
a               = -0.119523        +/- 0.1219       (102%)
mr              = 0.00141699       +/- 15.67        (1.106e+06%)

correlation matrix of the fit parameters:
                a      mr     
a               1.000 
mr              0.836  1.000 


*******************************************************************************
Tue Jan 27 14:39:48 2026


FIT:    data read from '../data/corrfunc.dat' u 1:column2[i]:column3[i] every ::0::(L-1)
        format = x:z:s
        #datapoints = 16
function used for fitting: f(x,a,mr)
	f(x,a,mr)=a*cosh(mr*(x-L/2))
fitted parameters initialized with current variable values

iter      chisq       delta/lim  lambda   a             mr           
   0 4.1590597510e+09   0.00e+00  7.26e+04    8.000000e-01   8.000000e-01
  15 1.7764261562e+04  -5.49e-01  7.26e+01   -2.347106e-01  -1.562781e-04

After 15 iterations the fit converged.
final sum of squares of residuals : 17764.3
rel. change during last iteration : -5.48842e-06

degrees of freedom    (FIT_NDF)                        : 14
rms of residuals      (FIT_STDFIT) = sqrt(WSSR/ndf)    : 35.6213
variance of residuals (reduced chisquare) = WSSR/ndf   : 1268.88
p-value of the Chisq distribution (FIT_P)              : 0

Final set of parameters            Asymptotic Standard Error
=======================            ==========================
a               = -0.234711        +/- 0.116        (49.43%)
mr              = -0.000156278     +/- 80.26        (5.136e+07%)

correlation matrix of the fit parameters:
                a      mr     
a               1.000 
mr             -0.811  1.000 


*******************************************************************************
Tue Jan 27 14:39:48 2026


FIT:    data read from '../data/corrfunc.dat' u 1:column2[i]:column3[i] every ::0::(L-1)
        format = x:z:s
        #datapoints = 16
function used for fitting: f(x,a,mr)
	f(x,a,mr)=a*cosh(mr*(x-L/2))
fitted parameters initialized with current variable values

iter      chisq       delta/lim  lambda   a             mr           
   0 8.2132148131e+09   0.00e+00  1.03e+05    8.000000e-01   8.000000e-01
 818 4.5123455841e+04  -2.20e-01  1.03e+01    3.516884e-06   1.428197e+00

After 818 iterations the fit converged.
final sum of squares of residuals : 45123.5
rel. change during last iteration : -2.20005e-06

degrees of freedom    (FIT_NDF)                        : 14
rms of residuals      (FIT_STDFIT) = sqrt(WSSR/ndf)    : 56.7724
variance of residuals (reduced chisquare) = WSSR/ndf   : 3223.1
p-value of the Chisq distribution (FIT_P)              : 0

Final set of parameters            Asymptotic Standard Error
=======================            ==========================
a               = 3.51688e-06      +/- 0.0001739    (4944%)
mr              = 1.4282           +/- 6.16         (431.3%)

correlation matrix of the fit parameters:
                a      mr     
a               1.000 
mr             -1.000  1.000 


*******************************************************************************
Tue Jan 27 14:39:48 2026


FIT:    data read from '../data/corrfunc.dat' u 1:column2[i]:column3[i] every ::0::(L-1)
        format = x:z:s
        #datapoints = 16
function used for fitting: f(x,a,mr)
	f(x,a,mr)=a*cosh(mr*(x-L/2))
fitted parameters initialized with current variable values

iter      chisq       delta/lim  lambda   a             mr           
   0 6.1765155439e+09   0.00e+00  8.94e+04    8.000000e-01   8.000000e-01
 928 3.4209070075e+04  -7.37e-02  8.94e+00    2.627280e-06   1.486557e+00

After 928 iterations the fit converged.
final sum of squares of residuals : 34209.1
rel. change during last iteration : -7.37036e-07

degrees of freedom    (FIT_NDF)                        : 14
rms of residuals      (FIT_STDFIT) = sqrt(WSSR/ndf)    : 49.4318
variance of residuals (reduced chisquare) = WSSR/ndf   : 2443.51
p-value of the Chisq distribution (FIT_P)              : 0

Final set of parameters            Asymptotic Standard Error
=======================            ==========================
a               = 2.62728e-06      +/- 0.0001138    (4330%)
mr              = 1.48656          +/- 5.394        (362.8%)

correlation matrix of the fit parameters:
                a      mr     
a               1.000 
mr             -1.000  1.000 


*******************************************************************************
Tue Jan 27 14:39:49 2026


FIT:    data read from '../data/corrfunc.dat' u 1:column2[i]:column3[i] every ::0::(L-1)
        format = x:z:s
        #datapoints = 16
function used for fitting: f(x,a,mr)
	f(x,a,mr)=a*cosh(mr*(x-L/2))
fitted parameters initialized with current variable values

iter      chisq       delta/lim  lambda   a             mr           
   0 1.4690772268e+10   0.00e+00  1.39e+05    8.000000e-01   8.000000e-01
 729 3.1480720322e+04  -2.45e-01  1.39e+01    9.236232e-05  -1.056176e+00

After 729 iterations the fit converged.
final sum of squares of residuals : 31480.7
rel. change during last iteration : -2.44653e-06

degrees of freedom    (FIT_NDF)                        : 14
rms of residuals      (FIT_STDFIT) = sqrt(WSSR/ndf)    : 47.4196
variance of residuals (reduced chisquare) = WSSR/ndf   : 2248.62
p-value of the Chisq distribution (FIT_P)              : 0

Final set of parameters            Asymptotic Standard Error
=======================            ==========================
a               = 9.23623e-05      +/- 0.002323     (2515%)
mr              = -1.05618         +/- 3.137        (297%)

correlation matrix of the fit parameters:
                a      mr     
a               1.000 
mr              1.000  1.000 


*******************************************************************************
Tue Jan 27 14:39:49 2026


FIT:    data read from '../data/corrfunc.dat' u 1:column2[i]:column3[i] every ::0::(L-1)
        format = x:z:s
        #datapoints = 16
function used for fitting: f(x,a,mr)
	f(x,a,mr)=a*cosh(mr*(x-L/2))
fitted parameters initialized with current variable values

iter      chisq       delta/lim  lambda   a             mr           
   0 6.6332140769e+09   0.00e+00  9.33e+04    8.000000e-01   8.000000e-01
 752 1.2757124943e+04  -1.84e-01  9.33e+00    7.659477e-05  -1.090394e+00

After 752 iterations the fit converged.
final sum of squares of residuals : 12757.1
rel. change during last iteration : -1.83867e-06

degrees of freedom    (FIT_NDF)                        : 14
rms of residuals      (FIT_STDFIT) = sqrt(WSSR/ndf)    : 30.1865
variance of residuals (reduced chisquare) = WSSR/ndf   : 911.223
p-value of the Chisq distribution (FIT_P)              : 0

Final set of parameters            Asymptotic Standard Error
=======================            ==========================
a               = 7.65948e-05      +/- 0.001625     (2122%)
mr              = -1.09039         +/- 2.646        (242.7%)

correlation matrix of the fit parameters:
                a      mr     
a               1.000 
mr              1.000  1.000 


*******************************************************************************
Tue Jan 27 14:39:49 2026


FIT:    data read from '../data/corrfunc.dat' u 1:column2[i]:column3[i] every ::0::(L-1)
        format = x:z:s
        #datapoints = 16
function used for fitting: f(x,a,mr)
	f(x,a,mr)=a*cosh(mr*(x-L/2))
fitted parameters initialized with current variable values

iter      chisq       delta/lim  lambda   a             mr           
   0 6.9386956352e+09   0.00e+00  9.52e+04    8.000000e-01   8.000000e-01
1284 5.3439313908e+03  -1.00e+00  9.52e+00    1.252421e-12  -3.341633e+00

After 1284 iterations the fit converged.
final sum of squares of residuals : 5343.93
rel. change during last iteration : -9.99818e-06

degrees of freedom    (FIT_NDF)                        : 14
rms of residuals      (FIT_STDFIT) = sqrt(WSSR/ndf)    : 19.5374
variance of residuals (reduced chisquare) = WSSR/ndf   : 381.709
p-value of the Chisq distribution (FIT_P)              : 0

Final set of parameters            Asymptotic Standard Error
=======================            ==========================
a               = 1.25242e-12      +/- 1.276e-10    (1.019e+04%)
mr              = -3.34163         +/- 12.57        (376%)

correlation matrix of the fit parameters:
                a      mr     
a               1.000 
mr              1.000  1.000 


*******************************************************************************
Tue Jan 27 14:39:49 2026


FIT:    data read from '../data/corrfunc.dat' u 1:column2[i]:column3[i] every ::0::(L-1)
        format = x:z:s
        #datapoints = 16
function used for fitting: f(x,a,mr)
	f(x,a,mr)=a*cosh(mr*(x-L/2))
fitted parameters initialized with current variable values

iter      chisq       delta/lim  lambda   a             mr           
   0 5.1663530849e+09   0.00e+00  8.24e+04    8.000000e-01   8.000000e-01
 518 3.2953757500e+03  -4.72e-01  8.24e+00    8.034853e-04   7.780002e-01

After 518 iterations the fit converged.
final sum of squares of residuals : 3295.38
rel. change during last iteration : -4.71642e-06

degrees of freedom    (FIT_NDF)                        : 14
rms of residuals      (FIT_STDFIT) = sqrt(WSSR/ndf)    : 15.3422
variance of residuals (reduced chisquare) = WSSR/ndf   : 235.384
p-value of the Chisq distribution (FIT_P)              : 0

Final set of parameters            Asymptotic Standard Error
=======================            ==========================
a               = 0.000803485      +/- 0.008276     (1030%)
mr              = 0.778            +/- 1.288        (165.6%)

correlation matrix of the fit parameters:
                a      mr     
a               1.000 
mr             -1.000  1.000 


*******************************************************************************
Tue Jan 27 14:39:49 2026


FIT:    data read from '../data/corrfunc.dat' u 1:column2[i]:column3[i] every ::0::(L-1)
        format = x:z:s
        #datapoints = 16
function used for fitting: f(x,a,mr)
	f(x,a,mr)=a*cosh(mr*(x-L/2))
fitted parameters initialized with current variable values

iter      chisq       delta/lim  lambda   a             mr           
   0 8.2849494024e+09   0.00e+00  1.04e+05    8.000000e-01   8.000000e-01
1411 4.8542024043e+02  -9.99e-01  1.04e+01    6.196301e-10   2.538390e+00

After 1411 iterations the fit converged.
final sum of squares of residuals : 485.42
rel. change during last iteration : -9.99021e-06

degrees of freedom    (FIT_NDF)                        : 14
rms of residuals      (FIT_STDFIT) = sqrt(WSSR/ndf)    : 5.88837
variance of residuals (reduced chisquare) = WSSR/ndf   : 34.6729
p-value of the Chisq distribution (FIT_P)              : 0

Final set of parameters            Asymptotic Standard Error
=======================            ==========================
a               = 6.1963e-10       +/- 1.613e-08    (2603%)
mr              = 2.53839          +/- 3.222        (126.9%)

correlation matrix of the fit parameters:
                a      mr     
a               1.000 
mr             -1.000  1.000 


*******************************************************************************
Tue Jan 27 14:40:21 2026


FIT:    data read from '../data/corrfunc.dat' u 1:column2[i]:column3[i] every ::0::(L-1)
        format = x:z:s
        #datapoints = 16
function used for fitting: f(x,a,mr,c)
	f(x,a,mr,c)=a*cosh((x-L/2)/mr)/mr+c
fitted parameters initialized with current variable values

iter      chisq       delta/lim  lambda   a             mr            c            
   0 4.3428004088e+13   0.00e+00  1.04e+07    8.000000e-01   8.000000e-01   1.000000e+00
  13 4.6549076644e+00  -2.35e-04  1.04e-06    4.083276e-04   1.037059e+00  -2.997045e-01

After 13 iterations the fit converged.
final sum of squares of residuals : 4.65491
rel. change during last iteration : -2.3452e-09

degrees of freedom    (FIT_NDF)                        : 13
rms of residuals      (FIT_STDFIT) = sqrt(WSSR/ndf)    : 0.598389
variance of residuals (reduced chisquare) = WSSR/ndf   : 0.35807
p-value of the Chisq distribution (FIT_P)              : 0.982026

Final set of parameters            Asymptotic Standard Error
=======================            ==========================
a               = 0.000408328      +/- 4.138e-05    (10.13%)
mr              = 1.03706          +/- 0.01196      (1.154%)
c               = -0.299704        +/- 0.001223     (0.4081%)

correlation matrix of the fit parameters:
                a      mr     c      
a               1.000 
mr              0.999  1.000 
c              -0.647 -0.629  1.000 


*******************************************************************************
Tue Jan 27 14:40:21 2026


FIT:    data read from '../data/corrfunc.dat' u 1:column2[i]:column3[i] every ::0::(L-1)
        format = x:z:s
        #datapoints = 16
function used for fitting: f(x,a,mr,c)
	f(x,a,mr,c)=a*cosh((x-L/2)/mr)/mr+c
fitted parameters initialized with current variable values

iter      chisq       delta/lim  lambda   a             mr            c            
   0 1.5770384203e+13   0.00e+00  6.25e+06    8.000000e-01   8.000000e-01  -2.997045e-01
  10 2.5714888841e+00  -5.54e-04  6.25e-04    6.737972e-04   1.086801e+00  -3.340126e-01

After 10 iterations the fit converged.
final sum of squares of residuals : 2.57149
rel. change during last iteration : -5.54054e-09

degrees of freedom    (FIT_NDF)                        : 13
rms of residuals      (FIT_STDFIT) = sqrt(WSSR/ndf)    : 0.444755
variance of residuals (reduced chisquare) = WSSR/ndf   : 0.197807
p-value of the Chisq distribution (FIT_P)              : 0.999091

Final set of parameters            Asymptotic Standard Error
=======================            ==========================
a               = 0.000673797      +/- 5.65e-05     (8.385%)
mr              = 1.0868           +/- 0.01079      (0.9933%)
c               = -0.334013        +/- 0.001365     (0.4087%)

correlation matrix of the fit parameters:
                a      mr     c      
a               1.000 
mr              0.999  1.000 
c              -0.693 -0.671  1.000 


*******************************************************************************
Tue Jan 27 14:40:21 2026


FIT:    data read from '../data/corrfunc.dat' u 1:column2[i]:column3[i] every ::0::(L-1)
        format = x:z:s
        #datapoints = 16
function used for fitting: f(x,a,mr,c)
	f(x,a,mr,c)=a*cosh((x-L/2)/mr)/mr+c
fitted parameters initialized with current variable values

iter      chisq       delta/lim  lambda   a             mr            c            
   0 2.5306197678e+13   0.00e+00  7.95e+06    8.000000e-01   8.000000e-01  -3.340126e-01
  11 5.1159554172e+00  -3.44e-03  7.95e-05    2.402816e-03   1.254696e+00  -3.926616e-01

After 11 iterations the fit converged.
final sum of squares of residuals : 5.11596
rel. change during last iteration : -3.44114e-08

degrees of freedom    (FIT_NDF)                        : 13
rms of residuals      (FIT_STDFIT) = sqrt(WSSR/ndf)    : 0.627324
variance of residuals (reduced chisquare) = WSSR/ndf   : 0.393535
p-value of the Chisq distribution (FIT_P)              : 0.972551

Final set of parameters            Asymptotic Standard Error
=======================            ==========================
a               = 0.00240282       +/- 0.000237     (9.865%)
mr              = 1.2547           +/- 0.01656      (1.32%)
c               = -0.392662        +/- 0.001785     (0.4545%)

correlation matrix of the fit parameters:
                a      mr     c      
a               1.000 
mr              0.999  1.000 
c              -0.697 -0.678  1.000 


*******************************************************************************
Tue Jan 27 14:40:21 2026


FIT:    data read from '../data/corrfunc.dat' u 1:column2[i]:column3[i] every ::0::(L-1)
        format = x:z:s
        #datapoints = 16
function used for fitting: f(x,a,mr,c)
	f(x,a,mr,c)=a*cosh((x-L/2)/mr)/mr+c
fitted parameters initialized with current variable values

iter      chisq       delta/lim  lambda   a             mr            c            
   0 7.8938098111e+12   0.00e+00  4.42e+06    8.000000e-01   8.000000e-01  -3.926616e-01
  17 1.9736237553e+00  -5.50e-01  4.42e-03    6.723245e-03   1.418428e+00  -4.718850e-01

After 17 iterations the fit converged.
final sum of squares of residuals : 1.97362
rel. change during last iteration : -5.49632e-06

degrees of freedom    (FIT_NDF)                        : 13
rms of residuals      (FIT_STDFIT) = sqrt(WSSR/ndf)    : 0.389637
variance of residuals (reduced chisquare) = WSSR/ndf   : 0.151817
p-value of the Chisq distribution (FIT_P)              : 0.99979

Final set of parameters            Asymptotic Standard Error
=======================            ==========================
a               = 0.00672324       +/- 0.0003875    (5.763%)
mr              = 1.41843          +/- 0.01216      (0.857%)
c               = -0.471885        +/- 0.001521     (0.3223%)

correlation matrix of the fit parameters:
                a      mr     c      
a               1.000 
mr              0.999  1.000 
c              -0.767 -0.745  1.000 


*******************************************************************************
Tue Jan 27 14:40:21 2026


FIT:    data read from '../data/corrfunc.dat' u 1:column2[i]:column3[i] every ::0::(L-1)
        format = x:z:s
        #datapoints = 16
function used for fitting: f(x,a,mr,c)
	f(x,a,mr,c)=a*cosh((x-L/2)/mr)/mr+c
fitted parameters initialized with current variable values

iter      chisq       delta/lim  lambda   a             mr            c            
   0 1.6326434191e+13   0.00e+00  6.38e+06    8.000000e-01   8.000000e-01  -4.718850e-01
  12 1.4270101026e+01  -3.83e-02  6.38e-06    2.134050e-02   1.669905e+00  -5.577784e-01

After 12 iterations the fit converged.
final sum of squares of residuals : 14.2701
rel. change during last iteration : -3.83035e-07

degrees of freedom    (FIT_NDF)                        : 13
rms of residuals      (FIT_STDFIT) = sqrt(WSSR/ndf)    : 1.04771
variance of residuals (reduced chisquare) = WSSR/ndf   : 1.0977
p-value of the Chisq distribution (FIT_P)              : 0.355101

Final set of parameters            Asymptotic Standard Error
=======================            ==========================
a               = 0.0213405        +/- 0.002422     (11.35%)
mr              = 1.66991          +/- 0.03179      (1.904%)
c               = -0.557778        +/- 0.004435     (0.7951%)

correlation matrix of the fit parameters:
                a      mr     c      
a               1.000 
mr              0.999  1.000 
c              -0.821 -0.800  1.000 


*******************************************************************************
Tue Jan 27 14:40:21 2026


FIT:    data read from '../data/corrfunc.dat' u 1:column2[i]:column3[i] every ::0::(L-1)
        format = x:z:s
        #datapoints = 16
function used for fitting: f(x,a,mr,c)
	f(x,a,mr,c)=a*cosh((x-L/2)/mr)/mr+c
fitted parameters initialized with current variable values

iter      chisq       delta/lim  lambda   a             mr            c            
   0 1.2261382692e+13   0.00e+00  5.53e+06    8.000000e-01   8.000000e-01  -5.577784e-01
  31 5.8743252638e+00  -2.71e-04  5.53e-04    8.522007e-02   2.085051e+00  -7.107102e-01

After 31 iterations the fit converged.
final sum of squares of residuals : 5.87433
rel. change during last iteration : -2.70914e-09

degrees of freedom    (FIT_NDF)                        : 13
rms of residuals      (FIT_STDFIT) = sqrt(WSSR/ndf)    : 0.672214
variance of residuals (reduced chisquare) = WSSR/ndf   : 0.451871
p-value of the Chisq distribution (FIT_P)              : 0.950607

Final set of parameters            Asymptotic Standard Error
=======================            ==========================
a               = 0.0852201        +/- 0.006366     (7.47%)
mr              = 2.08505          +/- 0.03055      (1.465%)
c               = -0.71071         +/- 0.005139     (0.7231%)

correlation matrix of the fit parameters:
                a      mr     c      
a               1.000 
mr              0.999  1.000 
c              -0.896 -0.877  1.000 


*******************************************************************************
Tue Jan 27 14:40:21 2026


FIT:    data read from '../data/corrfunc.dat' u 1:column2[i]:column3[i] every ::0::(L-1)
        format = x:z:s
        #datapoints = 16
function used for fitting: f(x,a,mr,c)
	f(x,a,mr,c)=a*cosh((x-L/2)/mr)/mr+c
fitted parameters initialized with current variable values

iter      chisq       delta/lim  lambda   a             mr            c            
   0 3.0268560064e+13   0.00e+00  8.71e+06    8.000000e-01   8.000000e-01  -7.107102e-01
 128 5.6629833943e+00  -1.70e-03  8.71e-04    2.284730e-01   2.498750e+00  -8.738234e-01

After 128 iterations the fit converged.
final sum of squares of residuals : 5.66298
rel. change during last iteration : -1.69505e-08

degrees of freedom    (FIT_NDF)                        : 13
rms of residuals      (FIT_STDFIT) = sqrt(WSSR/ndf)    : 0.660011
variance of residuals (reduced chisquare) = WSSR/ndf   : 0.435614
p-value of the Chisq distribution (FIT_P)              : 0.957563

Final set of parameters            Asymptotic Standard Error
=======================            ==========================
a               = 0.228473         +/- 0.01765      (7.723%)
mr              = 2.49875          +/- 0.0419       (1.677%)
c               = -0.873823        +/- 0.008788     (1.006%)

correlation matrix of the fit parameters:
                a      mr     c      
a               1.000 
mr              0.999  1.000 
c              -0.950 -0.938  1.000 


*******************************************************************************
Tue Jan 27 14:40:21 2026


FIT:    data read from '../data/corrfunc.dat' u 1:column2[i]:column3[i] every ::0::(L-1)
        format = x:z:s
        #datapoints = 16
function used for fitting: f(x,a,mr,c)
	f(x,a,mr,c)=a*cosh((x-L/2)/mr)/mr+c
fitted parameters initialized with current variable values

iter      chisq       delta/lim  lambda   a             mr            c            
   0 1.3632291471e+13   0.00e+00  5.84e+06    8.000000e-01   8.000000e-01  -8.738234e-01
 218 2.4154781004e+00  -1.99e-02  5.84e-04    6.764212e-01   3.212628e+00  -1.010464e+00

After 218 iterations the fit converged.
final sum of squares of residuals : 2.41548
rel. change during last iteration : -1.99331e-07

degrees of freedom    (FIT_NDF)                        : 13
rms of residuals      (FIT_STDFIT) = sqrt(WSSR/ndf)    : 0.431052
variance of residuals (reduced chisquare) = WSSR/ndf   : 0.185806
p-value of the Chisq distribution (FIT_P)              : 0.999353

Final set of parameters            Asymptotic Standard Error
=======================            ==========================
a               = 0.676421         +/- 0.05597      (8.274%)
mr              = 3.21263          +/- 0.06564      (2.043%)
c               = -1.01046         +/- 0.01633      (1.616%)

correlation matrix of the fit parameters:
                a      mr     c      
a               1.000 
mr              0.999  1.000 
c              -0.984 -0.977  1.000 


*******************************************************************************
Tue Jan 27 14:40:21 2026


FIT:    data read from '../data/corrfunc.dat' u 1:column2[i]:column3[i] every ::0::(L-1)
        format = x:z:s
        #datapoints = 16
function used for fitting: f(x,a,mr,c)
	f(x,a,mr,c)=a*cosh((x-L/2)/mr)/mr+c
fitted parameters initialized with current variable values

iter      chisq       delta/lim  lambda   a             mr            c            
   0 1.4088463298e+13   0.00e+00  5.93e+06    8.000000e-01   8.000000e-01  -1.010464e+00
  40 7.4429298920e+00  -1.27e-01  5.93e-04    1.207029e+00   3.769670e+00  -1.100926e+00

After 40 iterations the fit converged.
final sum of squares of residuals : 7.44293
rel. change during last iteration : -1.26805e-06

degrees of freedom    (FIT_NDF)                        : 13
rms of residuals      (FIT_STDFIT) = sqrt(WSSR/ndf)    : 0.756659
variance of residuals (reduced chisquare) = WSSR/ndf   : 0.572533
p-value of the Chisq distribution (FIT_P)              : 0.877907

Final set of parameters            Asymptotic Standard Error
=======================            ==========================
a               = 1.20703          +/- 0.239        (19.8%)
mr              = 3.76967          +/- 0.1937       (5.138%)
c               = -1.10093         +/- 0.05679      (5.158%)

correlation matrix of the fit parameters:
                a      mr     c      
a               1.000 
mr              0.999  1.000 
c              -0.992 -0.988  1.000 


*******************************************************************************
Tue Jan 27 14:40:21 2026


FIT:    data read from '../data/corrfunc.dat' u 1:column2[i]:column3[i] every ::0::(L-1)
        format = x:z:s
        #datapoints = 16
function used for fitting: f(x,a,mr,c)
	f(x,a,mr,c)=a*cosh((x-L/2)/mr)/mr+c
fitted parameters initialized with current variable values

iter      chisq       delta/lim  lambda   a             mr            c            
   0 1.0656694204e+13   0.00e+00  5.17e+06    8.000000e-01   8.000000e-01  -1.100926e+00
 423 6.5722888644e+00  -1.22e-01  5.17e-04    9.288786e-01   3.687455e+00  -8.789749e-01

After 423 iterations the fit converged.
final sum of squares of residuals : 6.57229
rel. change during last iteration : -1.22049e-06

degrees of freedom    (FIT_NDF)                        : 13
rms of residuals      (FIT_STDFIT) = sqrt(WSSR/ndf)    : 0.711028
variance of residuals (reduced chisquare) = WSSR/ndf   : 0.505561
p-value of the Chisq distribution (FIT_P)              : 0.922829

Final set of parameters            Asymptotic Standard Error
=======================            ==========================
a               = 0.928879         +/- 0.2625       (28.26%)
mr              = 3.68746          +/- 0.2702       (7.328%)
c               = -0.878975        +/- 0.06243      (7.102%)

correlation matrix of the fit parameters:
                a      mr     c      
a               1.000 
mr              0.999  1.000 
c              -0.993 -0.989  1.000 


*******************************************************************************
Tue Jan 27 14:40:22 2026


FIT:    data read from '../data/corrfunc.dat' u 1:column2[i]:column3[i] every ::0::(L-1)
        format = x:z:s
        #datapoints = 16
function used for fitting: f(x,a,mr,c)
	f(x,a,mr,c)=a*cosh((x-L/2)/mr)/mr+c
fitted parameters initialized with current variable values

iter      chisq       delta/lim  lambda   a             mr            c            
   0 1.7164529777e+13   0.00e+00  6.56e+06    8.000000e-01   8.000000e-01  -8.789749e-01
  24 1.3210820321e+01  -3.18e-02  6.56e-04    4.056904e-02   2.036445e+00  -3.024065e-01

After 24 iterations the fit converged.
final sum of squares of residuals : 13.2108
rel. change during last iteration : -3.18047e-07

degrees of freedom    (FIT_NDF)                        : 13
rms of residuals      (FIT_STDFIT) = sqrt(WSSR/ndf)    : 1.00808
variance of residuals (reduced chisquare) = WSSR/ndf   : 1.01622
p-value of the Chisq distribution (FIT_P)              : 0.431662

Final set of parameters            Asymptotic Standard Error
=======================            ==========================
a               = 0.040569         +/- 0.02058      (50.73%)
mr              = 2.03645          +/- 0.1932       (9.486%)
c               = -0.302406        +/- 0.02364      (7.818%)

correlation matrix of the fit parameters:
                a      mr     c      
a               1.000 
mr              0.999  1.000 
c              -0.915 -0.897  1.000 


*******************************************************************************
Tue Jan 27 14:46:52 2026


FIT:    data read from '../data/corrfunc.dat' u 1:column2[i]:column3[i] every ::0::(L-1)
        format = x:z:s
        #datapoints = 16
function used for fitting: f(x,a,mr,c)
	f(x,a,mr,c)=a*cosh((x-L/2)/mr)/mr+c
fitted parameters initialized with current variable values

iter      chisq       delta/lim  lambda   a             mr            c            
   0 4.3428004088e+13   0.00e+00  1.04e+07    8.000000e-01   8.000000e-01   1.000000e+00
  13 4.6549076644e+00  -2.35e-04  1.04e-06    4.083276e-04   1.037059e+00  -2.997045e-01

After 13 iterations the fit converged.
final sum of squares of residuals : 4.65491
rel. change during last iteration : -2.3452e-09

degrees of freedom    (FIT_NDF)                        : 13
rms of residuals      (FIT_STDFIT) = sqrt(WSSR/ndf)    : 0.598389
variance of residuals (reduced chisquare) = WSSR/ndf   : 0.35807
p-value of the Chisq distribution (FIT_P)              : 0.982026

Final set of parameters            Asymptotic Standard Error
=======================            ==========================
a               = 0.000408328      +/- 4.138e-05    (10.13%)
mr              = 1.03706          +/- 0.01196      (1.154%)
c               = -0.299704        +/- 0.001223     (0.4081%)

correlation matrix of the fit parameters:
                a      mr     c      
a               1.000 
mr              0.999  1.000 
c              -0.647 -0.629  1.000 


*******************************************************************************
Tue Jan 27 14:46:52 2026


FIT:    data read from '../data/corrfunc.dat' u 1:column2[i]:column3[i] every ::0::(L-1)
        format = x:z:s
        #datapoints = 16
function used for fitting: f(x,a,mr,c)
	f(x,a,mr,c)=a*cosh((x-L/2)/mr)/mr+c
fitted parameters initialized with current variable values

iter      chisq       delta/lim  lambda   a             mr            c            
   0 1.5770384203e+13   0.00e+00  6.25e+06    8.000000e-01   8.000000e-01  -2.997045e-01
  10 2.5714888841e+00  -5.54e-04  6.25e-04    6.737972e-04   1.086801e+00  -3.340126e-01

After 10 iterations the fit converged.
final sum of squares of residuals : 2.57149
rel. change during last iteration : -5.54054e-09

degrees of freedom    (FIT_NDF)                        : 13
rms of residuals      (FIT_STDFIT) = sqrt(WSSR/ndf)    : 0.444755
variance of residuals (reduced chisquare) = WSSR/ndf   : 0.197807
p-value of the Chisq distribution (FIT_P)              : 0.999091

Final set of parameters            Asymptotic Standard Error
=======================            ==========================
a               = 0.000673797      +/- 5.65e-05     (8.385%)
mr              = 1.0868           +/- 0.01079      (0.9933%)
c               = -0.334013        +/- 0.001365     (0.4087%)

correlation matrix of the fit parameters:
                a      mr     c      
a               1.000 
mr              0.999  1.000 
c              -0.693 -0.671  1.000 


*******************************************************************************
Tue Jan 27 14:46:52 2026


FIT:    data read from '../data/corrfunc.dat' u 1:column2[i]:column3[i] every ::0::(L-1)
        format = x:z:s
        #datapoints = 16
function used for fitting: f(x,a,mr,c)
	f(x,a,mr,c)=a*cosh((x-L/2)/mr)/mr+c
fitted parameters initialized with current variable values

iter      chisq       delta/lim  lambda   a             mr            c            
   0 2.5306197678e+13   0.00e+00  7.95e+06    8.000000e-01   8.000000e-01  -3.340126e-01
  11 5.1159554172e+00  -3.44e-03  7.95e-05    2.402816e-03   1.254696e+00  -3.926616e-01

After 11 iterations the fit converged.
final sum of squares of residuals : 5.11596
rel. change during last iteration : -3.44114e-08

degrees of freedom    (FIT_NDF)                        : 13
rms of residuals      (FIT_STDFIT) = sqrt(WSSR/ndf)    : 0.627324
variance of residuals (reduced chisquare) = WSSR/ndf   : 0.393535
p-value of the Chisq distribution (FIT_P)              : 0.972551

Final set of parameters            Asymptotic Standard Error
=======================            ==========================
a               = 0.00240282       +/- 0.000237     (9.865%)
mr              = 1.2547           +/- 0.01656      (1.32%)
c               = -0.392662        +/- 0.001785     (0.4545%)

correlation matrix of the fit parameters:
                a      mr     c      
a               1.000 
mr              0.999  1.000 
c              -0.697 -0.678  1.000 


*******************************************************************************
Tue Jan 27 14:46:52 2026


FIT:    data read from '../data/corrfunc.dat' u 1:column2[i]:column3[i] every ::0::(L-1)
        format = x:z:s
        #datapoints = 16
function used for fitting: f(x,a,mr,c)
	f(x,a,mr,c)=a*cosh((x-L/2)/mr)/mr+c
fitted parameters initialized with current variable values

iter      chisq       delta/lim  lambda   a             mr            c            
   0 7.8938098111e+12   0.00e+00  4.42e+06    8.000000e-01   8.000000e-01  -3.926616e-01
  17 1.9736237553e+00  -5.50e-01  4.42e-03    6.723245e-03   1.418428e+00  -4.718850e-01

After 17 iterations the fit converged.
final sum of squares of residuals : 1.97362
rel. change during last iteration : -5.49632e-06

degrees of freedom    (FIT_NDF)                        : 13
rms of residuals      (FIT_STDFIT) = sqrt(WSSR/ndf)    : 0.389637
variance of residuals (reduced chisquare) = WSSR/ndf   : 0.151817
p-value of the Chisq distribution (FIT_P)              : 0.99979

Final set of parameters            Asymptotic Standard Error
=======================            ==========================
a               = 0.00672324       +/- 0.0003875    (5.763%)
mr              = 1.41843          +/- 0.01216      (0.857%)
c               = -0.471885        +/- 0.001521     (0.3223%)

correlation matrix of the fit parameters:
                a      mr     c      
a               1.000 
mr              0.999  1.000 
c              -0.767 -0.745  1.000 


*******************************************************************************
Tue Jan 27 14:46:52 2026


FIT:    data read from '../data/corrfunc.dat' u 1:column2[i]:column3[i] every ::0::(L-1)
        format = x:z:s
        #datapoints = 16
function used for fitting: f(x,a,mr,c)
	f(x,a,mr,c)=a*cosh((x-L/2)/mr)/mr+c
fitted parameters initialized with current variable values

iter      chisq       delta/lim  lambda   a             mr            c            
   0 1.6326434191e+13   0.00e+00  6.38e+06    8.000000e-01   8.000000e-01  -4.718850e-01
  12 1.4270101026e+01  -3.83e-02  6.38e-06    2.134050e-02   1.669905e+00  -5.577784e-01

After 12 iterations the fit converged.
final sum of squares of residuals : 14.2701
rel. change during last iteration : -3.83035e-07

degrees of freedom    (FIT_NDF)                        : 13
rms of residuals      (FIT_STDFIT) = sqrt(WSSR/ndf)    : 1.04771
variance of residuals (reduced chisquare) = WSSR/ndf   : 1.0977
p-value of the Chisq distribution (FIT_P)              : 0.355101

Final set of parameters            Asymptotic Standard Error
=======================            ==========================
a               = 0.0213405        +/- 0.002422     (11.35%)
mr              = 1.66991          +/- 0.03179      (1.904%)
c               = -0.557778        +/- 0.004435     (0.7951%)

correlation matrix of the fit parameters:
                a      mr     c      
a               1.000 
mr              0.999  1.000 
c              -0.821 -0.800  1.000 


*******************************************************************************
Tue Jan 27 14:46:52 2026


FIT:    data read from '../data/corrfunc.dat' u 1:column2[i]:column3[i] every ::0::(L-1)
        format = x:z:s
        #datapoints = 16
function used for fitting: f(x,a,mr,c)
	f(x,a,mr,c)=a*cosh((x-L/2)/mr)/mr+c
fitted parameters initialized with current variable values

iter      chisq       delta/lim  lambda   a             mr            c            
   0 1.2261382692e+13   0.00e+00  5.53e+06    8.000000e-01   8.000000e-01  -5.577784e-01
  31 5.8743252638e+00  -2.71e-04  5.53e-04    8.522007e-02   2.085051e+00  -7.107102e-01

After 31 iterations the fit converged.
final sum of squares of residuals : 5.87433
rel. change during last iteration : -2.70914e-09

degrees of freedom    (FIT_NDF)                        : 13
rms of residuals      (FIT_STDFIT) = sqrt(WSSR/ndf)    : 0.672214
variance of residuals (reduced chisquare) = WSSR/ndf   : 0.451871
p-value of the Chisq distribution (FIT_P)              : 0.950607

Final set of parameters            Asymptotic Standard Error
=======================            ==========================
a               = 0.0852201        +/- 0.006366     (7.47%)
mr              = 2.08505          +/- 0.03055      (1.465%)
c               = -0.71071         +/- 0.005139     (0.7231%)

correlation matrix of the fit parameters:
                a      mr     c      
a               1.000 
mr              0.999  1.000 
c              -0.896 -0.877  1.000 


*******************************************************************************
Tue Jan 27 14:46:52 2026


FIT:    data read from '../data/corrfunc.dat' u 1:column2[i]:column3[i] every ::0::(L-1)
        format = x:z:s
        #datapoints = 16
function used for fitting: f(x,a,mr,c)
	f(x,a,mr,c)=a*cosh((x-L/2)/mr)/mr+c
fitted parameters initialized with current variable values

iter      chisq       delta/lim  lambda   a             mr            c            
   0 3.0268560064e+13   0.00e+00  8.71e+06    8.000000e-01   8.000000e-01  -7.107102e-01
 128 5.6629833943e+00  -1.70e-03  8.71e-04    2.284730e-01   2.498750e+00  -8.738234e-01

After 128 iterations the fit converged.
final sum of squares of residuals : 5.66298
rel. change during last iteration : -1.69505e-08

degrees of freedom    (FIT_NDF)                        : 13
rms of residuals      (FIT_STDFIT) = sqrt(WSSR/ndf)    : 0.660011
variance of residuals (reduced chisquare) = WSSR/ndf   : 0.435614
p-value of the Chisq distribution (FIT_P)              : 0.957563

Final set of parameters            Asymptotic Standard Error
=======================            ==========================
a               = 0.228473         +/- 0.01765      (7.723%)
mr              = 2.49875          +/- 0.0419       (1.677%)
c               = -0.873823        +/- 0.008788     (1.006%)

correlation matrix of the fit parameters:
                a      mr     c      
a               1.000 
mr              0.999  1.000 
c              -0.950 -0.938  1.000 


*******************************************************************************
Tue Jan 27 14:46:52 2026


FIT:    data read from '../data/corrfunc.dat' u 1:column2[i]:column3[i] every ::0::(L-1)
        format = x:z:s
        #datapoints = 16
function used for fitting: f(x,a,mr,c)
	f(x,a,mr,c)=a*cosh((x-L/2)/mr)/mr+c
fitted parameters initialized with current variable values

iter      chisq       delta/lim  lambda   a             mr            c            
   0 1.3632291471e+13   0.00e+00  5.84e+06    8.000000e-01   8.000000e-01  -8.738234e-01
 218 2.4154781004e+00  -1.99e-02  5.84e-04    6.764212e-01   3.212628e+00  -1.010464e+00

After 218 iterations the fit converged.
final sum of squares of residuals : 2.41548
rel. change during last iteration : -1.99331e-07

degrees of freedom    (FIT_NDF)                        : 13
rms of residuals      (FIT_STDFIT) = sqrt(WSSR/ndf)    : 0.431052
variance of residuals (reduced chisquare) = WSSR/ndf   : 0.185806
p-value of the Chisq distribution (FIT_P)              : 0.999353

Final set of parameters            Asymptotic Standard Error
=======================            ==========================
a               = 0.676421         +/- 0.05597      (8.274%)
mr              = 3.21263          +/- 0.06564      (2.043%)
c               = -1.01046         +/- 0.01633      (1.616%)

correlation matrix of the fit parameters:
                a      mr     c      
a               1.000 
mr              0.999  1.000 
c              -0.984 -0.977  1.000 


*******************************************************************************
Tue Jan 27 14:46:52 2026


FIT:    data read from '../data/corrfunc.dat' u 1:column2[i]:column3[i] every ::0::(L-1)
        format = x:z:s
        #datapoints = 16
function used for fitting: f(x,a,mr,c)
	f(x,a,mr,c)=a*cosh((x-L/2)/mr)/mr+c
fitted parameters initialized with current variable values

iter      chisq       delta/lim  lambda   a             mr            c            
   0 1.4088463298e+13   0.00e+00  5.93e+06    8.000000e-01   8.000000e-01  -1.010464e+00
  40 7.4429298920e+00  -1.27e-01  5.93e-04    1.207029e+00   3.769670e+00  -1.100926e+00

After 40 iterations the fit converged.
final sum of squares of residuals : 7.44293
rel. change during last iteration : -1.26805e-06

degrees of freedom    (FIT_NDF)                        : 13
rms of residuals      (FIT_STDFIT) = sqrt(WSSR/ndf)    : 0.756659
variance of residuals (reduced chisquare) = WSSR/ndf   : 0.572533
p-value of the Chisq distribution (FIT_P)              : 0.877907

Final set of parameters            Asymptotic Standard Error
=======================            ==========================
a               = 1.20703          +/- 0.239        (19.8%)
mr              = 3.76967          +/- 0.1937       (5.138%)
c               = -1.10093         +/- 0.05679      (5.158%)

correlation matrix of the fit parameters:
                a      mr     c      
a               1.000 
mr              0.999  1.000 
c              -0.992 -0.988  1.000 


*******************************************************************************
Tue Jan 27 14:46:52 2026


FIT:    data read from '../data/corrfunc.dat' u 1:column2[i]:column3[i] every ::0::(L-1)
        format = x:z:s
        #datapoints = 16
function used for fitting: f(x,a,mr,c)
	f(x,a,mr,c)=a*cosh((x-L/2)/mr)/mr+c
fitted parameters initialized with current variable values

iter      chisq       delta/lim  lambda   a             mr            c            
   0 1.0656694204e+13   0.00e+00  5.17e+06    8.000000e-01   8.000000e-01  -1.100926e+00
 423 6.5722888644e+00  -1.22e-01  5.17e-04    9.288786e-01   3.687455e+00  -8.789749e-01

After 423 iterations the fit converged.
final sum of squares of residuals : 6.57229
rel. change during last iteration : -1.22049e-06

degrees of freedom    (FIT_NDF)                        : 13
rms of residuals      (FIT_STDFIT) = sqrt(WSSR/ndf)    : 0.711028
variance of residuals (reduced chisquare) = WSSR/ndf   : 0.505561
p-value of the Chisq distribution (FIT_P)              : 0.922829

Final set of parameters            Asymptotic Standard Error
=======================            ==========================
a               = 0.928879         +/- 0.2625       (28.26%)
mr              = 3.68746          +/- 0.2702       (7.328%)
c               = -0.878975        +/- 0.06243      (7.102%)

correlation matrix of the fit parameters:
                a      mr     c      
a               1.000 
mr              0.999  1.000 
c              -0.993 -0.989  1.000 


*******************************************************************************
Tue Jan 27 14:46:52 2026


FIT:    data read from '../data/corrfunc.dat' u 1:column2[i]:column3[i] every ::0::(L-1)
        format = x:z:s
        #datapoints = 16
function used for fitting: f(x,a,mr,c)
	f(x,a,mr,c)=a*cosh((x-L/2)/mr)/mr+c
fitted parameters initialized with current variable values

iter      chisq       delta/lim  lambda   a             mr            c            
   0 1.7164529777e+13   0.00e+00  6.56e+06    8.000000e-01   8.000000e-01  -8.789749e-01
  24 1.3210820321e+01  -3.18e-02  6.56e-04    4.056904e-02   2.036445e+00  -3.024065e-01

After 24 iterations the fit converged.
final sum of squares of residuals : 13.2108
rel. change during last iteration : -3.18047e-07

degrees of freedom    (FIT_NDF)                        : 13
rms of residuals      (FIT_STDFIT) = sqrt(WSSR/ndf)    : 1.00808
variance of residuals (reduced chisquare) = WSSR/ndf   : 1.01622
p-value of the Chisq distribution (FIT_P)              : 0.431662

Final set of parameters            Asymptotic Standard Error
=======================            ==========================
a               = 0.040569         +/- 0.02058      (50.73%)
mr              = 2.03645          +/- 0.1932       (9.486%)
c               = -0.302406        +/- 0.02364      (7.818%)

correlation matrix of the fit parameters:
                a      mr     c      
a               1.000 
mr              0.999  1.000 
c              -0.915 -0.897  1.000 


*******************************************************************************
Tue Jan 27 14:49:41 2026


FIT:    data read from '../data/corrfunc.dat' u 1:column2[i]:column3[i] every ::0::(L-1)
        format = x:z:s
        #datapoints = 16
function used for fitting: f(x,a,mr,c)
	f(x,a,mr,c)=a*cosh((x-L/2)/mr)/mr+c
fitted parameters initialized with current variable values

iter      chisq       delta/lim  lambda   a             mr            c            
   0 1.0233938305e+13   0.00e+00  4.96e+06    8.000000e-01   8.000000e-01   1.000000e+00
  11 2.0195128028e+01  -3.26e-03  4.96e-05    3.266821e-04   1.013152e+00   6.915786e-04

After 11 iterations the fit converged.
final sum of squares of residuals : 20.1951
rel. change during last iteration : -3.26179e-08

degrees of freedom    (FIT_NDF)                        : 13
rms of residuals      (FIT_STDFIT) = sqrt(WSSR/ndf)    : 1.24638
variance of residuals (reduced chisquare) = WSSR/ndf   : 1.55347
p-value of the Chisq distribution (FIT_P)              : 0.0904504

Final set of parameters            Asymptotic Standard Error
=======================            ==========================
a               = 0.000326682      +/- 5.407e-05    (16.55%)
mr              = 1.01315          +/- 0.0193       (1.905%)
c               = 0.000691579      +/- 0.001274     (184.1%)

correlation matrix of the fit parameters:
                a      mr     c      
a               1.000 
mr              0.998  1.000 
c              -0.595 -0.573  1.000 


*******************************************************************************
Tue Jan 27 14:49:41 2026


FIT:    data read from '../data/corrfunc.dat' u 1:column2[i]:column3[i] every ::0::(L-1)
        format = x:z:s
        #datapoints = 16
function used for fitting: f(x,a,mr,c)
	f(x,a,mr,c)=a*cosh((x-L/2)/mr)/mr+c
fitted parameters initialized with current variable values

iter      chisq       delta/lim  lambda   a             mr            c            
   0 8.6567473459e+12   0.00e+00  4.58e+06    8.000000e-01   8.000000e-01   6.915786e-04
  10 1.1571814080e+01  -9.21e-04  4.58e-04    7.852144e-04   1.107957e+00   6.640473e-04

After 10 iterations the fit converged.
final sum of squares of residuals : 11.5718
rel. change during last iteration : -9.20823e-09

degrees of freedom    (FIT_NDF)                        : 13
rms of residuals      (FIT_STDFIT) = sqrt(WSSR/ndf)    : 0.943472
variance of residuals (reduced chisquare) = WSSR/ndf   : 0.89014
p-value of the Chisq distribution (FIT_P)              : 0.563028

Final set of parameters            Asymptotic Standard Error
=======================            ==========================
a               = 0.000785214      +/- 9.46e-05     (12.05%)
mr              = 1.10796          +/- 0.01657      (1.496%)
c               = 0.000664047      +/- 0.001126     (169.5%)

correlation matrix of the fit parameters:
                a      mr     c      
a               1.000 
mr              0.998  1.000 
c              -0.610 -0.589  1.000 


*******************************************************************************
Tue Jan 27 14:49:41 2026


FIT:    data read from '../data/corrfunc.dat' u 1:column2[i]:column3[i] every ::0::(L-1)
        format = x:z:s
        #datapoints = 16
function used for fitting: f(x,a,mr,c)
	f(x,a,mr,c)=a*cosh((x-L/2)/mr)/mr+c
fitted parameters initialized with current variable values

iter      chisq       delta/lim  lambda   a             mr            c            
   0 6.6834253339e+12   0.00e+00  4.00e+06    8.000000e-01   8.000000e-01   6.640473e-04
  11 1.0455109669e+01  -1.16e-05  4.00e+00    2.425031e-03   1.259045e+00   8.691617e-04

After 11 iterations the fit converged.
final sum of squares of residuals : 10.4551
rel. change during last iteration : -1.16431e-10

degrees of freedom    (FIT_NDF)                        : 13
rms of residuals      (FIT_STDFIT) = sqrt(WSSR/ndf)    : 0.896794
variance of residuals (reduced chisquare) = WSSR/ndf   : 0.804239
p-value of the Chisq distribution (FIT_P)              : 0.656362

Final set of parameters            Asymptotic Standard Error
=======================            ==========================
a               = 0.00242503       +/- 0.0002426    (10%)
mr              = 1.25904          +/- 0.01762      (1.399%)
c               = 0.000869162      +/- 0.001324     (152.3%)

correlation matrix of the fit parameters:
                a      mr     c      
a               1.000 
mr              0.998  1.000 
c              -0.682 -0.658  1.000 


*******************************************************************************
Tue Jan 27 14:49:41 2026


FIT:    data read from '../data/corrfunc.dat' u 1:column2[i]:column3[i] every ::0::(L-1)
        format = x:z:s
        #datapoints = 16
function used for fitting: f(x,a,mr,c)
	f(x,a,mr,c)=a*cosh((x-L/2)/mr)/mr+c
fitted parameters initialized with current variable values

iter      chisq       delta/lim  lambda   a             mr            c            
   0 5.1072825208e+12   0.00e+00  3.47e+06    8.000000e-01   8.000000e-01   8.691617e-04
  12 7.4120687110e+00  -7.09e-05  3.47e-06    7.683938e-03   1.453095e+00   5.070995e-04

After 12 iterations the fit converged.
final sum of squares of residuals : 7.41207
rel. change during last iteration : -7.09048e-10

degrees of freedom    (FIT_NDF)                        : 13
rms of residuals      (FIT_STDFIT) = sqrt(WSSR/ndf)    : 0.755089
variance of residuals (reduced chisquare) = WSSR/ndf   : 0.570159
p-value of the Chisq distribution (FIT_P)              : 0.879687

Final set of parameters            Asymptotic Standard Error
=======================            ==========================
a               = 0.00768394       +/- 0.0005531    (7.198%)
mr              = 1.4531           +/- 0.01658      (1.141%)
c               = 0.000507099      +/- 0.001559     (307.3%)

correlation matrix of the fit parameters:
                a      mr     c      
a               1.000 
mr              0.997  1.000 
c              -0.782 -0.754  1.000 


*******************************************************************************
Tue Jan 27 14:49:41 2026


FIT:    data read from '../data/corrfunc.dat' u 1:column2[i]:column3[i] every ::0::(L-1)
        format = x:z:s
        #datapoints = 16
function used for fitting: f(x,a,mr,c)
	f(x,a,mr,c)=a*cosh((x-L/2)/mr)/mr+c
fitted parameters initialized with current variable values

iter      chisq       delta/lim  lambda   a             mr            c            
   0 5.2705498966e+12   0.00e+00  3.59e+06    8.000000e-01   8.000000e-01   5.070995e-04
  12 5.9386719075e+00  -1.17e-05  3.59e-06    2.574642e-02   1.726648e+00   3.192759e-03

After 12 iterations the fit converged.
final sum of squares of residuals : 5.93867
rel. change during last iteration : -1.16514e-10

degrees of freedom    (FIT_NDF)                        : 13
rms of residuals      (FIT_STDFIT) = sqrt(WSSR/ndf)    : 0.675885
variance of residuals (reduced chisquare) = WSSR/ndf   : 0.456821
p-value of the Chisq distribution (FIT_P)              : 0.948356

Final set of parameters            Asymptotic Standard Error
=======================            ==========================
a               = 0.0257464        +/- 0.001584     (6.151%)
mr              = 1.72665          +/- 0.01883      (1.091%)
c               = 0.00319276       +/- 0.002215     (69.37%)

correlation matrix of the fit parameters:
                a      mr     c      
a               1.000 
mr              0.997  1.000 
c              -0.855 -0.831  1.000 


*******************************************************************************
Tue Jan 27 14:49:41 2026


FIT:    data read from '../data/corrfunc.dat' u 1:column2[i]:column3[i] every ::0::(L-1)
        format = x:z:s
        #datapoints = 16
function used for fitting: f(x,a,mr,c)
	f(x,a,mr,c)=a*cosh((x-L/2)/mr)/mr+c
fitted parameters initialized with current variable values

iter      chisq       delta/lim  lambda   a             mr            c            
   0 6.2981668904e+12   0.00e+00  3.92e+06    8.000000e-01   8.000000e-01   3.192759e-03
  14 3.8995950773e+00  -3.48e-02  3.92e-05    8.290510e-02   2.079843e+00   8.322259e-04

After 14 iterations the fit converged.
final sum of squares of residuals : 3.8996
rel. change during last iteration : -3.47938e-07

degrees of freedom    (FIT_NDF)                        : 13
rms of residuals      (FIT_STDFIT) = sqrt(WSSR/ndf)    : 0.547694
variance of residuals (reduced chisquare) = WSSR/ndf   : 0.299969
p-value of the Chisq distribution (FIT_P)              : 0.992213

Final set of parameters            Asymptotic Standard Error
=======================            ==========================
a               = 0.0829051        +/- 0.00381      (4.596%)
mr              = 2.07984          +/- 0.01914      (0.9203%)
c               = 0.000832226      +/- 0.002961     (355.8%)

correlation matrix of the fit parameters:
                a      mr     c      
a               1.000 
mr              0.998  1.000 
c              -0.910 -0.889  1.000 


*******************************************************************************
Tue Jan 27 14:49:41 2026


FIT:    data read from '../data/corrfunc.dat' u 1:column2[i]:column3[i] every ::0::(L-1)
        format = x:z:s
        #datapoints = 16
function used for fitting: f(x,a,mr,c)
	f(x,a,mr,c)=a*cosh((x-L/2)/mr)/mr+c
fitted parameters initialized with current variable values

iter      chisq       delta/lim  lambda   a             mr            c            
   0 2.4627569095e+12   0.00e+00  2.45e+06    8.000000e-01   8.000000e-01   8.322259e-04
  20 4.7219961929e+00  -3.02e-05  2.45e-06    3.088570e-01   2.673760e+00   9.032111e-03

After 20 iterations the fit converged.
final sum of squares of residuals : 4.722
rel. change during last iteration : -3.02377e-10

degrees of freedom    (FIT_NDF)                        : 13
rms of residuals      (FIT_STDFIT) = sqrt(WSSR/ndf)    : 0.602686
variance of residuals (reduced chisquare) = WSSR/ndf   : 0.36323
p-value of the Chisq distribution (FIT_P)              : 0.980814

Final set of parameters            Asymptotic Standard Error
=======================            ==========================
a               = 0.308857         +/- 0.02118      (6.856%)
mr              = 2.67376          +/- 0.04294      (1.606%)
c               = 0.00903211       +/- 0.008256     (91.41%)

correlation matrix of the fit parameters:
                a      mr     c      
a               1.000 
mr              0.998  1.000 
c              -0.971 -0.958  1.000 


*******************************************************************************
Tue Jan 27 14:49:41 2026


FIT:    data read from '../data/corrfunc.dat' u 1:column2[i]:column3[i] every ::0::(L-1)
        format = x:z:s
        #datapoints = 16
function used for fitting: f(x,a,mr,c)
	f(x,a,mr,c)=a*cosh((x-L/2)/mr)/mr+c
fitted parameters initialized with current variable values

iter      chisq       delta/lim  lambda   a             mr            c            
   0 1.8138367654e+12   0.00e+00  2.09e+06    8.000000e-01   8.000000e-01   9.032111e-03
  93 9.1465629994e+00  -2.01e-01  2.09e-05    9.959014e-01   3.509263e+00   4.304912e-02

After 93 iterations the fit converged.
final sum of squares of residuals : 9.14656
rel. change during last iteration : -2.00745e-06

degrees of freedom    (FIT_NDF)                        : 13
rms of residuals      (FIT_STDFIT) = sqrt(WSSR/ndf)    : 0.838798
variance of residuals (reduced chisquare) = WSSR/ndf   : 0.703582
p-value of the Chisq distribution (FIT_P)              : 0.761786

Final set of parameters            Asymptotic Standard Error
=======================            ==========================
a               = 0.995901         +/- 0.147        (14.76%)
mr              = 3.50926          +/- 0.1372       (3.909%)
c               = 0.0430491        +/- 0.03502      (81.34%)

correlation matrix of the fit parameters:
                a      mr     c      
a               1.000 
mr              0.999  1.000 
c              -0.992 -0.985  1.000 


*******************************************************************************
Tue Jan 27 14:49:41 2026


FIT:    data read from '../data/corrfunc.dat' u 1:column2[i]:column3[i] every ::0::(L-1)
        format = x:z:s
        #datapoints = 16
function used for fitting: f(x,a,mr,c)
	f(x,a,mr,c)=a*cosh((x-L/2)/mr)/mr+c
fitted parameters initialized with current variable values

iter      chisq       delta/lim  lambda   a             mr            c            
   0 7.5333873360e+11   0.00e+00  1.36e+06    8.000000e-01   8.000000e-01   4.304912e-02
 179 5.7435308863e+00  -5.45e-05  1.36e-05    1.760625e+00   4.136162e+00   2.958265e-01

After 179 iterations the fit converged.
final sum of squares of residuals : 5.74353
rel. change during last iteration : -5.45385e-10

degrees of freedom    (FIT_NDF)                        : 13
rms of residuals      (FIT_STDFIT) = sqrt(WSSR/ndf)    : 0.664688
variance of residuals (reduced chisquare) = WSSR/ndf   : 0.44181
p-value of the Chisq distribution (FIT_P)              : 0.954991

Final set of parameters            Asymptotic Standard Error
=======================            ==========================
a               = 1.76062          +/- 0.5489       (31.18%)
mr              = 4.13616          +/- 0.3552       (8.587%)
c               = 0.295827         +/- 0.1059       (35.8%)

correlation matrix of the fit parameters:
                a      mr     c      
a               1.000 
mr              0.999  1.000 
c              -0.996 -0.993  1.000 


*******************************************************************************
Tue Jan 27 14:49:41 2026


FIT:    data read from '../data/corrfunc.dat' u 1:column2[i]:column3[i] every ::0::(L-1)
        format = x:z:s
        #datapoints = 16
function used for fitting: f(x,a,mr,c)
	f(x,a,mr,c)=a*cosh((x-L/2)/mr)/mr+c
fitted parameters initialized with current variable values

iter      chisq       delta/lim  lambda   a             mr            c            
   0 1.4533758520e+12   0.00e+00  1.88e+06    8.000000e-01   8.000000e-01   2.958265e-01
 101 6.9367992812e+00  -1.18e-01  1.88e-04    6.625893e-01   3.465318e+00   1.222821e+00

After 101 iterations the fit converged.
final sum of squares of residuals : 6.9368
rel. change during last iteration : -1.18379e-06

degrees of freedom    (FIT_NDF)                        : 13
rms of residuals      (FIT_STDFIT) = sqrt(WSSR/ndf)    : 0.730479
variance of residuals (reduced chisquare) = WSSR/ndf   : 0.5336
p-value of the Chisq distribution (FIT_P)              : 0.905379

Final set of parameters            Asymptotic Standard Error
=======================            ==========================
a               = 0.662589         +/- 0.156        (23.54%)
mr              = 3.46532          +/- 0.2131       (6.15%)
c               = 1.22282          +/- 0.03858      (3.155%)

correlation matrix of the fit parameters:
                a      mr     c      
a               1.000 
mr              0.999  1.000 
c              -0.990 -0.983  1.000 


*******************************************************************************
Tue Jan 27 14:49:41 2026


FIT:    data read from '../data/corrfunc.dat' u 1:column2[i]:column3[i] every ::0::(L-1)
        format = x:z:s
        #datapoints = 16
function used for fitting: f(x,a,mr,c)
	f(x,a,mr,c)=a*cosh((x-L/2)/mr)/mr+c
fitted parameters initialized with current variable values

iter      chisq       delta/lim  lambda   a             mr            c            
   0 1.2490548153e+12   0.00e+00  1.73e+06    8.000000e-01   8.000000e-01   1.222821e+00
  44 7.7657237769e+00  -4.59e-03  1.73e-04    4.235084e-02   2.110849e+00   2.143718e+00

After 44 iterations the fit converged.
final sum of squares of residuals : 7.76572
rel. change during last iteration : -4.59468e-08

degrees of freedom    (FIT_NDF)                        : 13
rms of residuals      (FIT_STDFIT) = sqrt(WSSR/ndf)    : 0.772893
variance of residuals (reduced chisquare) = WSSR/ndf   : 0.597363
p-value of the Chisq distribution (FIT_P)              : 0.858521

Final set of parameters            Asymptotic Standard Error
=======================            ==========================
a               = 0.0423508        +/- 0.01483      (35.02%)
mr              = 2.11085          +/- 0.1481       (7.016%)
c               = 2.14372          +/- 0.01268      (0.5916%)

correlation matrix of the fit parameters:
                a      mr     c      
a               1.000 
mr              0.998  1.000 
c              -0.914 -0.890  1.000 


*******************************************************************************
Tue Jan 27 15:28:12 2026


FIT:    data read from '../data/corrfunc.dat' u 1:column2[i]:column3[i] every ::0::(L-1)
        format = x:z:s
        #datapoints = 16
function used for fitting: f(x,a,mr,c)
	f(x,a,mr,c)=a*cosh((x-L/2)/mr)/mr+c
fitted parameters initialized with current variable values

iter      chisq       delta/lim  lambda   a             mr            c            
   0 1.0233938305e+13   0.00e+00  4.96e+06    8.000000e-01   8.000000e-01   1.000000e+00
  11 2.0195128028e+01  -3.26e-03  4.96e-05    3.266821e-04   1.013152e+00   6.915786e-04

After 11 iterations the fit converged.
final sum of squares of residuals : 20.1951
rel. change during last iteration : -3.26179e-08

degrees of freedom    (FIT_NDF)                        : 13
rms of residuals      (FIT_STDFIT) = sqrt(WSSR/ndf)    : 1.24638
variance of residuals (reduced chisquare) = WSSR/ndf   : 1.55347
p-value of the Chisq distribution (FIT_P)              : 0.0904504

Final set of parameters            Asymptotic Standard Error
=======================            ==========================
a               = 0.000326682      +/- 5.407e-05    (16.55%)
mr              = 1.01315          +/- 0.0193       (1.905%)
c               = 0.000691579      +/- 0.001274     (184.1%)

correlation matrix of the fit parameters:
                a      mr     c      
a               1.000 
mr              0.998  1.000 
c              -0.595 -0.573  1.000 


*******************************************************************************
Tue Jan 27 15:28:12 2026


FIT:    data read from '../data/corrfunc.dat' u 1:column2[i]:column3[i] every ::0::(L-1)
        format = x:z:s
        #datapoints = 16
function used for fitting: f(x,a,mr,c)
	f(x,a,mr,c)=a*cosh((x-L/2)/mr)/mr+c
fitted parameters initialized with current variable values

iter      chisq       delta/lim  lambda   a             mr            c            
   0 8.6567473459e+12   0.00e+00  4.58e+06    8.000000e-01   8.000000e-01   6.915786e-04
  10 1.1571814080e+01  -9.21e-04  4.58e-04    7.852144e-04   1.107957e+00   6.640473e-04

After 10 iterations the fit converged.
final sum of squares of residuals : 11.5718
rel. change during last iteration : -9.20823e-09

degrees of freedom    (FIT_NDF)                        : 13
rms of residuals      (FIT_STDFIT) = sqrt(WSSR/ndf)    : 0.943472
variance of residuals (reduced chisquare) = WSSR/ndf   : 0.89014
p-value of the Chisq distribution (FIT_P)              : 0.563028

Final set of parameters            Asymptotic Standard Error
=======================            ==========================
a               = 0.000785214      +/- 9.46e-05     (12.05%)
mr              = 1.10796          +/- 0.01657      (1.496%)
c               = 0.000664047      +/- 0.001126     (169.5%)

correlation matrix of the fit parameters:
                a      mr     c      
a               1.000 
mr              0.998  1.000 
c              -0.610 -0.589  1.000 


*******************************************************************************
Tue Jan 27 15:28:12 2026


FIT:    data read from '../data/corrfunc.dat' u 1:column2[i]:column3[i] every ::0::(L-1)
        format = x:z:s
        #datapoints = 16
function used for fitting: f(x,a,mr,c)
	f(x,a,mr,c)=a*cosh((x-L/2)/mr)/mr+c
fitted parameters initialized with current variable values

iter      chisq       delta/lim  lambda   a             mr            c            
   0 6.6834253339e+12   0.00e+00  4.00e+06    8.000000e-01   8.000000e-01   6.640473e-04
  11 1.0455109669e+01  -1.16e-05  4.00e+00    2.425031e-03   1.259045e+00   8.691617e-04

After 11 iterations the fit converged.
final sum of squares of residuals : 10.4551
rel. change during last iteration : -1.16431e-10

degrees of freedom    (FIT_NDF)                        : 13
rms of residuals      (FIT_STDFIT) = sqrt(WSSR/ndf)    : 0.896794
variance of residuals (reduced chisquare) = WSSR/ndf   : 0.804239
p-value of the Chisq distribution (FIT_P)              : 0.656362

Final set of parameters            Asymptotic Standard Error
=======================            ==========================
a               = 0.00242503       +/- 0.0002426    (10%)
mr              = 1.25904          +/- 0.01762      (1.399%)
c               = 0.000869162      +/- 0.001324     (152.3%)

correlation matrix of the fit parameters:
                a      mr     c      
a               1.000 
mr              0.998  1.000 
c              -0.682 -0.658  1.000 


*******************************************************************************
Tue Jan 27 15:28:12 2026


FIT:    data read from '../data/corrfunc.dat' u 1:column2[i]:column3[i] every ::0::(L-1)
        format = x:z:s
        #datapoints = 16
function used for fitting: f(x,a,mr,c)
	f(x,a,mr,c)=a*cosh((x-L/2)/mr)/mr+c
fitted parameters initialized with current variable values

iter      chisq       delta/lim  lambda   a             mr            c            
   0 5.1072825208e+12   0.00e+00  3.47e+06    8.000000e-01   8.000000e-01   8.691617e-04
  12 7.4120687110e+00  -7.09e-05  3.47e-06    7.683938e-03   1.453095e+00   5.070995e-04

After 12 iterations the fit converged.
final sum of squares of residuals : 7.41207
rel. change during last iteration : -7.09048e-10

degrees of freedom    (FIT_NDF)                        : 13
rms of residuals      (FIT_STDFIT) = sqrt(WSSR/ndf)    : 0.755089
variance of residuals (reduced chisquare) = WSSR/ndf   : 0.570159
p-value of the Chisq distribution (FIT_P)              : 0.879687

Final set of parameters            Asymptotic Standard Error
=======================            ==========================
a               = 0.00768394       +/- 0.0005531    (7.198%)
mr              = 1.4531           +/- 0.01658      (1.141%)
c               = 0.000507099      +/- 0.001559     (307.3%)

correlation matrix of the fit parameters:
                a      mr     c      
a               1.000 
mr              0.997  1.000 
c              -0.782 -0.754  1.000 


*******************************************************************************
Tue Jan 27 15:28:12 2026


FIT:    data read from '../data/corrfunc.dat' u 1:column2[i]:column3[i] every ::0::(L-1)
        format = x:z:s
        #datapoints = 16
function used for fitting: f(x,a,mr,c)
	f(x,a,mr,c)=a*cosh((x-L/2)/mr)/mr+c
fitted parameters initialized with current variable values

iter      chisq       delta/lim  lambda   a             mr            c            
   0 5.2705498966e+12   0.00e+00  3.59e+06    8.000000e-01   8.000000e-01   5.070995e-04
  12 5.9386719075e+00  -1.17e-05  3.59e-06    2.574642e-02   1.726648e+00   3.192759e-03

After 12 iterations the fit converged.
final sum of squares of residuals : 5.93867
rel. change during last iteration : -1.16514e-10

degrees of freedom    (FIT_NDF)                        : 13
rms of residuals      (FIT_STDFIT) = sqrt(WSSR/ndf)    : 0.675885
variance of residuals (reduced chisquare) = WSSR/ndf   : 0.456821
p-value of the Chisq distribution (FIT_P)              : 0.948356

Final set of parameters            Asymptotic Standard Error
=======================            ==========================
a               = 0.0257464        +/- 0.001584     (6.151%)
mr              = 1.72665          +/- 0.01883      (1.091%)
c               = 0.00319276       +/- 0.002215     (69.37%)

correlation matrix of the fit parameters:
                a      mr     c      
a               1.000 
mr              0.997  1.000 
c              -0.855 -0.831  1.000 


*******************************************************************************
Tue Jan 27 15:28:12 2026


FIT:    data read from '../data/corrfunc.dat' u 1:column2[i]:column3[i] every ::0::(L-1)
        format = x:z:s
        #datapoints = 16
function used for fitting: f(x,a,mr,c)
	f(x,a,mr,c)=a*cosh((x-L/2)/mr)/mr+c
fitted parameters initialized with current variable values

iter      chisq       delta/lim  lambda   a             mr            c            
   0 6.2981668904e+12   0.00e+00  3.92e+06    8.000000e-01   8.000000e-01   3.192759e-03
  14 3.8995950773e+00  -3.48e-02  3.92e-05    8.290510e-02   2.079843e+00   8.322259e-04

After 14 iterations the fit converged.
final sum of squares of residuals : 3.8996
rel. change during last iteration : -3.47938e-07

degrees of freedom    (FIT_NDF)                        : 13
rms of residuals      (FIT_STDFIT) = sqrt(WSSR/ndf)    : 0.547694
variance of residuals (reduced chisquare) = WSSR/ndf   : 0.299969
p-value of the Chisq distribution (FIT_P)              : 0.992213

Final set of parameters            Asymptotic Standard Error
=======================            ==========================
a               = 0.0829051        +/- 0.00381      (4.596%)
mr              = 2.07984          +/- 0.01914      (0.9203%)
c               = 0.000832226      +/- 0.002961     (355.8%)

correlation matrix of the fit parameters:
                a      mr     c      
a               1.000 
mr              0.998  1.000 
c              -0.910 -0.889  1.000 


*******************************************************************************
Tue Jan 27 15:28:12 2026


FIT:    data read from '../data/corrfunc.dat' u 1:column2[i]:column3[i] every ::0::(L-1)
        format = x:z:s
        #datapoints = 16
function used for fitting: f(x,a,mr,c)
	f(x,a,mr,c)=a*cosh((x-L/2)/mr)/mr+c
fitted parameters initialized with current variable values

iter      chisq       delta/lim  lambda   a             mr            c            
   0 2.4627569095e+12   0.00e+00  2.45e+06    8.000000e-01   8.000000e-01   8.322259e-04
  20 4.7219961929e+00  -3.02e-05  2.45e-06    3.088570e-01   2.673760e+00   9.032111e-03

After 20 iterations the fit converged.
final sum of squares of residuals : 4.722
rel. change during last iteration : -3.02377e-10

degrees of freedom    (FIT_NDF)                        : 13
rms of residuals      (FIT_STDFIT) = sqrt(WSSR/ndf)    : 0.602686
variance of residuals (reduced chisquare) = WSSR/ndf   : 0.36323
p-value of the Chisq distribution (FIT_P)              : 0.980814

Final set of parameters            Asymptotic Standard Error
=======================            ==========================
a               = 0.308857         +/- 0.02118      (6.856%)
mr              = 2.67376          +/- 0.04294      (1.606%)
c               = 0.00903211       +/- 0.008256     (91.41%)

correlation matrix of the fit parameters:
                a      mr     c      
a               1.000 
mr              0.998  1.000 
c              -0.971 -0.958  1.000 


*******************************************************************************
Tue Jan 27 15:28:12 2026


FIT:    data read from '../data/corrfunc.dat' u 1:column2[i]:column3[i] every ::0::(L-1)
        format = x:z:s
        #datapoints = 16
function used for fitting: f(x,a,mr,c)
	f(x,a,mr,c)=a*cosh((x-L/2)/mr)/mr+c
fitted parameters initialized with current variable values

iter      chisq       delta/lim  lambda   a             mr            c            
   0 1.8138367654e+12   0.00e+00  2.09e+06    8.000000e-01   8.000000e-01   9.032111e-03
  93 9.1465629994e+00  -2.01e-01  2.09e-05    9.959014e-01   3.509263e+00   4.304912e-02

After 93 iterations the fit converged.
final sum of squares of residuals : 9.14656
rel. change during last iteration : -2.00745e-06

degrees of freedom    (FIT_NDF)                        : 13
rms of residuals      (FIT_STDFIT) = sqrt(WSSR/ndf)    : 0.838798
variance of residuals (reduced chisquare) = WSSR/ndf   : 0.703582
p-value of the Chisq distribution (FIT_P)              : 0.761786

Final set of parameters            Asymptotic Standard Error
=======================            ==========================
a               = 0.995901         +/- 0.147        (14.76%)
mr              = 3.50926          +/- 0.1372       (3.909%)
c               = 0.0430491        +/- 0.03502      (81.34%)

correlation matrix of the fit parameters:
                a      mr     c      
a               1.000 
mr              0.999  1.000 
c              -0.992 -0.985  1.000 


*******************************************************************************
Tue Jan 27 15:28:12 2026


FIT:    data read from '../data/corrfunc.dat' u 1:column2[i]:column3[i] every ::0::(L-1)
        format = x:z:s
        #datapoints = 16
function used for fitting: f(x,a,mr,c)
	f(x,a,mr,c)=a*cosh((x-L/2)/mr)/mr+c
fitted parameters initialized with current variable values

iter      chisq       delta/lim  lambda   a             mr            c            
   0 7.5333873360e+11   0.00e+00  1.36e+06    8.000000e-01   8.000000e-01   4.304912e-02
 179 5.7435308863e+00  -5.45e-05  1.36e-05    1.760625e+00   4.136162e+00   2.958265e-01

After 179 iterations the fit converged.
final sum of squares of residuals : 5.74353
rel. change during last iteration : -5.45385e-10

degrees of freedom    (FIT_NDF)                        : 13
rms of residuals      (FIT_STDFIT) = sqrt(WSSR/ndf)    : 0.664688
variance of residuals (reduced chisquare) = WSSR/ndf   : 0.44181
p-value of the Chisq distribution (FIT_P)              : 0.954991

Final set of parameters            Asymptotic Standard Error
=======================            ==========================
a               = 1.76062          +/- 0.5489       (31.18%)
mr              = 4.13616          +/- 0.3552       (8.587%)
c               = 0.295827         +/- 0.1059       (35.8%)

correlation matrix of the fit parameters:
                a      mr     c      
a               1.000 
mr              0.999  1.000 
c              -0.996 -0.993  1.000 


*******************************************************************************
Tue Jan 27 15:28:12 2026


FIT:    data read from '../data/corrfunc.dat' u 1:column2[i]:column3[i] every ::0::(L-1)
        format = x:z:s
        #datapoints = 16
function used for fitting: f(x,a,mr,c)
	f(x,a,mr,c)=a*cosh((x-L/2)/mr)/mr+c
fitted parameters initialized with current variable values

iter      chisq       delta/lim  lambda   a             mr            c            
   0 1.4533758520e+12   0.00e+00  1.88e+06    8.000000e-01   8.000000e-01   2.958265e-01
 101 6.9367992812e+00  -1.18e-01  1.88e-04    6.625893e-01   3.465318e+00   1.222821e+00

After 101 iterations the fit converged.
final sum of squares of residuals : 6.9368
rel. change during last iteration : -1.18379e-06

degrees of freedom    (FIT_NDF)                        : 13
rms of residuals      (FIT_STDFIT) = sqrt(WSSR/ndf)    : 0.730479
variance of residuals (reduced chisquare) = WSSR/ndf   : 0.5336
p-value of the Chisq distribution (FIT_P)              : 0.905379

Final set of parameters            Asymptotic Standard Error
=======================            ==========================
a               = 0.662589         +/- 0.156        (23.54%)
mr              = 3.46532          +/- 0.2131       (6.15%)
c               = 1.22282          +/- 0.03858      (3.155%)

correlation matrix of the fit parameters:
                a      mr     c      
a               1.000 
mr              0.999  1.000 
c              -0.990 -0.983  1.000 


*******************************************************************************
Tue Jan 27 15:28:12 2026


FIT:    data read from '../data/corrfunc.dat' u 1:column2[i]:column3[i] every ::0::(L-1)
        format = x:z:s
        #datapoints = 16
function used for fitting: f(x,a,mr,c)
	f(x,a,mr,c)=a*cosh((x-L/2)/mr)/mr+c
fitted parameters initialized with current variable values

iter      chisq       delta/lim  lambda   a             mr            c            
   0 1.2490548153e+12   0.00e+00  1.73e+06    8.000000e-01   8.000000e-01   1.222821e+00
  44 7.7657237769e+00  -4.59e-03  1.73e-04    4.235084e-02   2.110849e+00   2.143718e+00

After 44 iterations the fit converged.
final sum of squares of residuals : 7.76572
rel. change during last iteration : -4.59468e-08

degrees of freedom    (FIT_NDF)                        : 13
rms of residuals      (FIT_STDFIT) = sqrt(WSSR/ndf)    : 0.772893
variance of residuals (reduced chisquare) = WSSR/ndf   : 0.597363
p-value of the Chisq distribution (FIT_P)              : 0.858521

Final set of parameters            Asymptotic Standard Error
=======================            ==========================
a               = 0.0423508        +/- 0.01483      (35.02%)
mr              = 2.11085          +/- 0.1481       (7.016%)
c               = 2.14372          +/- 0.01268      (0.5916%)

correlation matrix of the fit parameters:
                a      mr     c      
a               1.000 
mr              0.998  1.000 
c              -0.914 -0.890  1.000 


*******************************************************************************
Tue Jan 27 15:28:31 2026


FIT:    data read from '../data/corrfunc.dat' u 1:column2[i]:column3[i] every ::0::(L-1)
        format = x:z:s
        #datapoints = 16
function used for fitting: f(x,a,mr,c)
	f(x,a,mr,c)=a*cosh((x-L/2)/mr)/mr+c
fitted parameters initialized with current variable values

iter      chisq       delta/lim  lambda   a             mr            c            
   0 1.0233938305e+13   0.00e+00  4.96e+06    8.000000e-01   8.000000e-01   1.000000e+00
  11 2.0195128028e+01  -3.26e-03  4.96e-05    3.266821e-04   1.013152e+00   6.915786e-04

After 11 iterations the fit converged.
final sum of squares of residuals : 20.1951
rel. change during last iteration : -3.26179e-08

degrees of freedom    (FIT_NDF)                        : 13
rms of residuals      (FIT_STDFIT) = sqrt(WSSR/ndf)    : 1.24638
variance of residuals (reduced chisquare) = WSSR/ndf   : 1.55347
p-value of the Chisq distribution (FIT_P)              : 0.0904504

Final set of parameters            Asymptotic Standard Error
=======================            ==========================
a               = 0.000326682      +/- 5.407e-05    (16.55%)
mr              = 1.01315          +/- 0.0193       (1.905%)
c               = 0.000691579      +/- 0.001274     (184.1%)

correlation matrix of the fit parameters:
                a      mr     c      
a               1.000 
mr              0.998  1.000 
c              -0.595 -0.573  1.000 


*******************************************************************************
Tue Jan 27 15:28:31 2026


FIT:    data read from '../data/corrfunc.dat' u 1:column2[i]:column3[i] every ::0::(L-1)
        format = x:z:s
        #datapoints = 16
function used for fitting: f(x,a,mr,c)
	f(x,a,mr,c)=a*cosh((x-L/2)/mr)/mr+c
fitted parameters initialized with current variable values

iter      chisq       delta/lim  lambda   a             mr            c            
   0 8.6567473459e+12   0.00e+00  4.58e+06    8.000000e-01   8.000000e-01   6.915786e-04
  10 1.1571814080e+01  -9.21e-04  4.58e-04    7.852144e-04   1.107957e+00   6.640473e-04

After 10 iterations the fit converged.
final sum of squares of residuals : 11.5718
rel. change during last iteration : -9.20823e-09

degrees of freedom    (FIT_NDF)                        : 13
rms of residuals      (FIT_STDFIT) = sqrt(WSSR/ndf)    : 0.943472
variance of residuals (reduced chisquare) = WSSR/ndf   : 0.89014
p-value of the Chisq distribution (FIT_P)              : 0.563028

Final set of parameters            Asymptotic Standard Error
=======================            ==========================
a               = 0.000785214      +/- 9.46e-05     (12.05%)
mr              = 1.10796          +/- 0.01657      (1.496%)
c               = 0.000664047      +/- 0.001126     (169.5%)

correlation matrix of the fit parameters:
                a      mr     c      
a               1.000 
mr              0.998  1.000 
c              -0.610 -0.589  1.000 


*******************************************************************************
Tue Jan 27 15:28:31 2026


FIT:    data read from '../data/corrfunc.dat' u 1:column2[i]:column3[i] every ::0::(L-1)
        format = x:z:s
        #datapoints = 16
function used for fitting: f(x,a,mr,c)
	f(x,a,mr,c)=a*cosh((x-L/2)/mr)/mr+c
fitted parameters initialized with current variable values

iter      chisq       delta/lim  lambda   a             mr            c            
   0 6.6834253339e+12   0.00e+00  4.00e+06    8.000000e-01   8.000000e-01   6.640473e-04
  11 1.0455109669e+01  -1.16e-05  4.00e+00    2.425031e-03   1.259045e+00   8.691617e-04

After 11 iterations the fit converged.
final sum of squares of residuals : 10.4551
rel. change during last iteration : -1.16431e-10

degrees of freedom    (FIT_NDF)                        : 13
rms of residuals      (FIT_STDFIT) = sqrt(WSSR/ndf)    : 0.896794
variance of residuals (reduced chisquare) = WSSR/ndf   : 0.804239
p-value of the Chisq distribution (FIT_P)              : 0.656362

Final set of parameters            Asymptotic Standard Error
=======================            ==========================
a               = 0.00242503       +/- 0.0002426    (10%)
mr              = 1.25904          +/- 0.01762      (1.399%)
c               = 0.000869162      +/- 0.001324     (152.3%)

correlation matrix of the fit parameters:
                a      mr     c      
a               1.000 
mr              0.998  1.000 
c              -0.682 -0.658  1.000 


*******************************************************************************
Tue Jan 27 15:28:31 2026


FIT:    data read from '../data/corrfunc.dat' u 1:column2[i]:column3[i] every ::0::(L-1)
        format = x:z:s
        #datapoints = 16
function used for fitting: f(x,a,mr,c)
	f(x,a,mr,c)=a*cosh((x-L/2)/mr)/mr+c
fitted parameters initialized with current variable values

iter      chisq       delta/lim  lambda   a             mr            c            
   0 5.1072825208e+12   0.00e+00  3.47e+06    8.000000e-01   8.000000e-01   8.691617e-04
  12 7.4120687110e+00  -7.09e-05  3.47e-06    7.683938e-03   1.453095e+00   5.070995e-04

After 12 iterations the fit converged.
final sum of squares of residuals : 7.41207
rel. change during last iteration : -7.09048e-10

degrees of freedom    (FIT_NDF)                        : 13
rms of residuals      (FIT_STDFIT) = sqrt(WSSR/ndf)    : 0.755089
variance of residuals (reduced chisquare) = WSSR/ndf   : 0.570159
p-value of the Chisq distribution (FIT_P)              : 0.879687

Final set of parameters            Asymptotic Standard Error
=======================            ==========================
a               = 0.00768394       +/- 0.0005531    (7.198%)
mr              = 1.4531           +/- 0.01658      (1.141%)
c               = 0.000507099      +/- 0.001559     (307.3%)

correlation matrix of the fit parameters:
                a      mr     c      
a               1.000 
mr              0.997  1.000 
c              -0.782 -0.754  1.000 


*******************************************************************************
Tue Jan 27 15:28:31 2026


FIT:    data read from '../data/corrfunc.dat' u 1:column2[i]:column3[i] every ::0::(L-1)
        format = x:z:s
        #datapoints = 16
function used for fitting: f(x,a,mr,c)
	f(x,a,mr,c)=a*cosh((x-L/2)/mr)/mr+c
fitted parameters initialized with current variable values

iter      chisq       delta/lim  lambda   a             mr            c            
   0 5.2705498966e+12   0.00e+00  3.59e+06    8.000000e-01   8.000000e-01   5.070995e-04
  12 5.9386719075e+00  -1.17e-05  3.59e-06    2.574642e-02   1.726648e+00   3.192759e-03

After 12 iterations the fit converged.
final sum of squares of residuals : 5.93867
rel. change during last iteration : -1.16514e-10

degrees of freedom    (FIT_NDF)                        : 13
rms of residuals      (FIT_STDFIT) = sqrt(WSSR/ndf)    : 0.675885
variance of residuals (reduced chisquare) = WSSR/ndf   : 0.456821
p-value of the Chisq distribution (FIT_P)              : 0.948356

Final set of parameters            Asymptotic Standard Error
=======================            ==========================
a               = 0.0257464        +/- 0.001584     (6.151%)
mr              = 1.72665          +/- 0.01883      (1.091%)
c               = 0.00319276       +/- 0.002215     (69.37%)

correlation matrix of the fit parameters:
                a      mr     c      
a               1.000 
mr              0.997  1.000 
c              -0.855 -0.831  1.000 


*******************************************************************************
Tue Jan 27 15:28:31 2026


FIT:    data read from '../data/corrfunc.dat' u 1:column2[i]:column3[i] every ::0::(L-1)
        format = x:z:s
        #datapoints = 16
function used for fitting: f(x,a,mr,c)
	f(x,a,mr,c)=a*cosh((x-L/2)/mr)/mr+c
fitted parameters initialized with current variable values

iter      chisq       delta/lim  lambda   a             mr            c            
   0 6.2981668904e+12   0.00e+00  3.92e+06    8.000000e-01   8.000000e-01   3.192759e-03
  14 3.8995950773e+00  -3.48e-02  3.92e-05    8.290510e-02   2.079843e+00   8.322259e-04

After 14 iterations the fit converged.
final sum of squares of residuals : 3.8996
rel. change during last iteration : -3.47938e-07

degrees of freedom    (FIT_NDF)                        : 13
rms of residuals      (FIT_STDFIT) = sqrt(WSSR/ndf)    : 0.547694
variance of residuals (reduced chisquare) = WSSR/ndf   : 0.299969
p-value of the Chisq distribution (FIT_P)              : 0.992213

Final set of parameters            Asymptotic Standard Error
=======================            ==========================
a               = 0.0829051        +/- 0.00381      (4.596%)
mr              = 2.07984          +/- 0.01914      (0.9203%)
c               = 0.000832226      +/- 0.002961     (355.8%)

correlation matrix of the fit parameters:
                a      mr     c      
a               1.000 
mr              0.998  1.000 
c              -0.910 -0.889  1.000 


*******************************************************************************
Tue Jan 27 15:28:31 2026


FIT:    data read from '../data/corrfunc.dat' u 1:column2[i]:column3[i] every ::0::(L-1)
        format = x:z:s
        #datapoints = 16
function used for fitting: f(x,a,mr,c)
	f(x,a,mr,c)=a*cosh((x-L/2)/mr)/mr+c
fitted parameters initialized with current variable values

iter      chisq       delta/lim  lambda   a             mr            c            
   0 2.4627569095e+12   0.00e+00  2.45e+06    8.000000e-01   8.000000e-01   8.322259e-04
  20 4.7219961929e+00  -3.02e-05  2.45e-06    3.088570e-01   2.673760e+00   9.032111e-03

After 20 iterations the fit converged.
final sum of squares of residuals : 4.722
rel. change during last iteration : -3.02377e-10

degrees of freedom    (FIT_NDF)                        : 13
rms of residuals      (FIT_STDFIT) = sqrt(WSSR/ndf)    : 0.602686
variance of residuals (reduced chisquare) = WSSR/ndf   : 0.36323
p-value of the Chisq distribution (FIT_P)              : 0.980814

Final set of parameters            Asymptotic Standard Error
=======================            ==========================
a               = 0.308857         +/- 0.02118      (6.856%)
mr              = 2.67376          +/- 0.04294      (1.606%)
c               = 0.00903211       +/- 0.008256     (91.41%)

correlation matrix of the fit parameters:
                a      mr     c      
a               1.000 
mr              0.998  1.000 
c              -0.971 -0.958  1.000 


*******************************************************************************
Tue Jan 27 15:28:31 2026


FIT:    data read from '../data/corrfunc.dat' u 1:column2[i]:column3[i] every ::0::(L-1)
        format = x:z:s
        #datapoints = 16
function used for fitting: f(x,a,mr,c)
	f(x,a,mr,c)=a*cosh((x-L/2)/mr)/mr+c
fitted parameters initialized with current variable values

iter      chisq       delta/lim  lambda   a             mr            c            
   0 1.8138367654e+12   0.00e+00  2.09e+06    8.000000e-01   8.000000e-01   9.032111e-03
  93 9.1465629994e+00  -2.01e-01  2.09e-05    9.959014e-01   3.509263e+00   4.304912e-02

After 93 iterations the fit converged.
final sum of squares of residuals : 9.14656
rel. change during last iteration : -2.00745e-06

degrees of freedom    (FIT_NDF)                        : 13
rms of residuals      (FIT_STDFIT) = sqrt(WSSR/ndf)    : 0.838798
variance of residuals (reduced chisquare) = WSSR/ndf   : 0.703582
p-value of the Chisq distribution (FIT_P)              : 0.761786

Final set of parameters            Asymptotic Standard Error
=======================            ==========================
a               = 0.995901         +/- 0.147        (14.76%)
mr              = 3.50926          +/- 0.1372       (3.909%)
c               = 0.0430491        +/- 0.03502      (81.34%)

correlation matrix of the fit parameters:
                a      mr     c      
a               1.000 
mr              0.999  1.000 
c              -0.992 -0.985  1.000 


*******************************************************************************
Tue Jan 27 15:28:31 2026


FIT:    data read from '../data/corrfunc.dat' u 1:column2[i]:column3[i] every ::0::(L-1)
        format = x:z:s
        #datapoints = 16
function used for fitting: f(x,a,mr,c)
	f(x,a,mr,c)=a*cosh((x-L/2)/mr)/mr+c
fitted parameters initialized with current variable values

iter      chisq       delta/lim  lambda   a             mr            c            
   0 7.5333873360e+11   0.00e+00  1.36e+06    8.000000e-01   8.000000e-01   4.304912e-02
 179 5.7435308863e+00  -5.45e-05  1.36e-05    1.760625e+00   4.136162e+00   2.958265e-01

After 179 iterations the fit converged.
final sum of squares of residuals : 5.74353
rel. change during last iteration : -5.45385e-10

degrees of freedom    (FIT_NDF)                        : 13
rms of residuals      (FIT_STDFIT) = sqrt(WSSR/ndf)    : 0.664688
variance of residuals (reduced chisquare) = WSSR/ndf   : 0.44181
p-value of the Chisq distribution (FIT_P)              : 0.954991

Final set of parameters            Asymptotic Standard Error
=======================            ==========================
a               = 1.76062          +/- 0.5489       (31.18%)
mr              = 4.13616          +/- 0.3552       (8.587%)
c               = 0.295827         +/- 0.1059       (35.8%)

correlation matrix of the fit parameters:
                a      mr     c      
a               1.000 
mr              0.999  1.000 
c              -0.996 -0.993  1.000 


*******************************************************************************
Tue Jan 27 15:28:31 2026


FIT:    data read from '../data/corrfunc.dat' u 1:column2[i]:column3[i] every ::0::(L-1)
        format = x:z:s
        #datapoints = 16
function used for fitting: f(x,a,mr,c)
	f(x,a,mr,c)=a*cosh((x-L/2)/mr)/mr+c
fitted parameters initialized with current variable values

iter      chisq       delta/lim  lambda   a             mr            c            
   0 1.4533758520e+12   0.00e+00  1.88e+06    8.000000e-01   8.000000e-01   2.958265e-01
 101 6.9367992812e+00  -1.18e-01  1.88e-04    6.625893e-01   3.465318e+00   1.222821e+00

After 101 iterations the fit converged.
final sum of squares of residuals : 6.9368
rel. change during last iteration : -1.18379e-06

degrees of freedom    (FIT_NDF)                        : 13
rms of residuals      (FIT_STDFIT) = sqrt(WSSR/ndf)    : 0.730479
variance of residuals (reduced chisquare) = WSSR/ndf   : 0.5336
p-value of the Chisq distribution (FIT_P)              : 0.905379

Final set of parameters            Asymptotic Standard Error
=======================            ==========================
a               = 0.662589         +/- 0.156        (23.54%)
mr              = 3.46532          +/- 0.2131       (6.15%)
c               = 1.22282          +/- 0.03858      (3.155%)

correlation matrix of the fit parameters:
                a      mr     c      
a               1.000 
mr              0.999  1.000 
c              -0.990 -0.983  1.000 


*******************************************************************************
Tue Jan 27 15:28:31 2026


FIT:    data read from '../data/corrfunc.dat' u 1:column2[i]:column3[i] every ::0::(L-1)
        format = x:z:s
        #datapoints = 16
function used for fitting: f(x,a,mr,c)
	f(x,a,mr,c)=a*cosh((x-L/2)/mr)/mr+c
fitted parameters initialized with current variable values

iter      chisq       delta/lim  lambda   a             mr            c            
   0 1.2490548153e+12   0.00e+00  1.73e+06    8.000000e-01   8.000000e-01   1.222821e+00
  44 7.7657237769e+00  -4.59e-03  1.73e-04    4.235084e-02   2.110849e+00   2.143718e+00

After 44 iterations the fit converged.
final sum of squares of residuals : 7.76572
rel. change during last iteration : -4.59468e-08

degrees of freedom    (FIT_NDF)                        : 13
rms of residuals      (FIT_STDFIT) = sqrt(WSSR/ndf)    : 0.772893
variance of residuals (reduced chisquare) = WSSR/ndf   : 0.597363
p-value of the Chisq distribution (FIT_P)              : 0.858521

Final set of parameters            Asymptotic Standard Error
=======================            ==========================
a               = 0.0423508        +/- 0.01483      (35.02%)
mr              = 2.11085          +/- 0.1481       (7.016%)
c               = 2.14372          +/- 0.01268      (0.5916%)

correlation matrix of the fit parameters:
                a      mr     c      
a               1.000 
mr              0.998  1.000 
c              -0.914 -0.890  1.000 


*******************************************************************************
Tue Jan 27 15:29:00 2026


FIT:    data read from '../data/corrfunc.dat' u 1:column2[i]:column3[i] every ::0::(L-1)
        format = x:z:s
        #datapoints = 16
function used for fitting: f(x,a,mr,c)
	f(x,a,mr,c)=a*cosh((x-L/2)/mr)/mr+c
fitted parameters initialized with current variable values

iter      chisq       delta/lim  lambda   a             mr            c            
   0 1.0233938305e+13   0.00e+00  4.96e+06    8.000000e-01   8.000000e-01   1.000000e+00
  11 2.0195128028e+01  -3.26e-03  4.96e-05    3.266821e-04   1.013152e+00   6.915786e-04

After 11 iterations the fit converged.
final sum of squares of residuals : 20.1951
rel. change during last iteration : -3.26179e-08

degrees of freedom    (FIT_NDF)                        : 13
rms of residuals      (FIT_STDFIT) = sqrt(WSSR/ndf)    : 1.24638
variance of residuals (reduced chisquare) = WSSR/ndf   : 1.55347
p-value of the Chisq distribution (FIT_P)              : 0.0904504

Final set of parameters            Asymptotic Standard Error
=======================            ==========================
a               = 0.000326682      +/- 5.407e-05    (16.55%)
mr              = 1.01315          +/- 0.0193       (1.905%)
c               = 0.000691579      +/- 0.001274     (184.1%)

correlation matrix of the fit parameters:
                a      mr     c      
a               1.000 
mr              0.998  1.000 
c              -0.595 -0.573  1.000 


*******************************************************************************
Tue Jan 27 15:29:00 2026


FIT:    data read from '../data/corrfunc.dat' u 1:column2[i]:column3[i] every ::0::(L-1)
        format = x:z:s
        #datapoints = 16
function used for fitting: f(x,a,mr,c)
	f(x,a,mr,c)=a*cosh((x-L/2)/mr)/mr+c
fitted parameters initialized with current variable values

iter      chisq       delta/lim  lambda   a             mr            c            
   0 8.6567473459e+12   0.00e+00  4.58e+06    8.000000e-01   8.000000e-01   6.915786e-04
  10 1.1571814080e+01  -9.21e-04  4.58e-04    7.852144e-04   1.107957e+00   6.640473e-04

After 10 iterations the fit converged.
final sum of squares of residuals : 11.5718
rel. change during last iteration : -9.20823e-09

degrees of freedom    (FIT_NDF)                        : 13
rms of residuals      (FIT_STDFIT) = sqrt(WSSR/ndf)    : 0.943472
variance of residuals (reduced chisquare) = WSSR/ndf   : 0.89014
p-value of the Chisq distribution (FIT_P)              : 0.563028

Final set of parameters            Asymptotic Standard Error
=======================            ==========================
a               = 0.000785214      +/- 9.46e-05     (12.05%)
mr              = 1.10796          +/- 0.01657      (1.496%)
c               = 0.000664047      +/- 0.001126     (169.5%)

correlation matrix of the fit parameters:
                a      mr     c      
a               1.000 
mr              0.998  1.000 
c              -0.610 -0.589  1.000 


*******************************************************************************
Tue Jan 27 15:29:00 2026


FIT:    data read from '../data/corrfunc.dat' u 1:column2[i]:column3[i] every ::0::(L-1)
        format = x:z:s
        #datapoints = 16
function used for fitting: f(x,a,mr,c)
	f(x,a,mr,c)=a*cosh((x-L/2)/mr)/mr+c
fitted parameters initialized with current variable values

iter      chisq       delta/lim  lambda   a             mr            c            
   0 6.6834253339e+12   0.00e+00  4.00e+06    8.000000e-01   8.000000e-01   6.640473e-04
  11 1.0455109669e+01  -1.16e-05  4.00e+00    2.425031e-03   1.259045e+00   8.691617e-04

After 11 iterations the fit converged.
final sum of squares of residuals : 10.4551
rel. change during last iteration : -1.16431e-10

degrees of freedom    (FIT_NDF)                        : 13
rms of residuals      (FIT_STDFIT) = sqrt(WSSR/ndf)    : 0.896794
variance of residuals (reduced chisquare) = WSSR/ndf   : 0.804239
p-value of the Chisq distribution (FIT_P)              : 0.656362

Final set of parameters            Asymptotic Standard Error
=======================            ==========================
a               = 0.00242503       +/- 0.0002426    (10%)
mr              = 1.25904          +/- 0.01762      (1.399%)
c               = 0.000869162      +/- 0.001324     (152.3%)

correlation matrix of the fit parameters:
                a      mr     c      
a               1.000 
mr              0.998  1.000 
c              -0.682 -0.658  1.000 


*******************************************************************************
Tue Jan 27 15:29:00 2026


FIT:    data read from '../data/corrfunc.dat' u 1:column2[i]:column3[i] every ::0::(L-1)
        format = x:z:s
        #datapoints = 16
function used for fitting: f(x,a,mr,c)
	f(x,a,mr,c)=a*cosh((x-L/2)/mr)/mr+c
fitted parameters initialized with current variable values

iter      chisq       delta/lim  lambda   a             mr            c            
   0 5.1072825208e+12   0.00e+00  3.47e+06    8.000000e-01   8.000000e-01   8.691617e-04
  12 7.4120687110e+00  -7.09e-05  3.47e-06    7.683938e-03   1.453095e+00   5.070995e-04

After 12 iterations the fit converged.
final sum of squares of residuals : 7.41207
rel. change during last iteration : -7.09048e-10

degrees of freedom    (FIT_NDF)                        : 13
rms of residuals      (FIT_STDFIT) = sqrt(WSSR/ndf)    : 0.755089
variance of residuals (reduced chisquare) = WSSR/ndf   : 0.570159
p-value of the Chisq distribution (FIT_P)              : 0.879687

Final set of parameters            Asymptotic Standard Error
=======================            ==========================
a               = 0.00768394       +/- 0.0005531    (7.198%)
mr              = 1.4531           +/- 0.01658      (1.141%)
c               = 0.000507099      +/- 0.001559     (307.3%)

correlation matrix of the fit parameters:
                a      mr     c      
a               1.000 
mr              0.997  1.000 
c              -0.782 -0.754  1.000 


*******************************************************************************
Tue Jan 27 15:29:00 2026


FIT:    data read from '../data/corrfunc.dat' u 1:column2[i]:column3[i] every ::0::(L-1)
        format = x:z:s
        #datapoints = 16
function used for fitting: f(x,a,mr,c)
	f(x,a,mr,c)=a*cosh((x-L/2)/mr)/mr+c
fitted parameters initialized with current variable values

iter      chisq       delta/lim  lambda   a             mr            c            
   0 5.2705498966e+12   0.00e+00  3.59e+06    8.000000e-01   8.000000e-01   5.070995e-04
  12 5.9386719075e+00  -1.17e-05  3.59e-06    2.574642e-02   1.726648e+00   3.192759e-03

After 12 iterations the fit converged.
final sum of squares of residuals : 5.93867
rel. change during last iteration : -1.16514e-10

degrees of freedom    (FIT_NDF)                        : 13
rms of residuals      (FIT_STDFIT) = sqrt(WSSR/ndf)    : 0.675885
variance of residuals (reduced chisquare) = WSSR/ndf   : 0.456821
p-value of the Chisq distribution (FIT_P)              : 0.948356

Final set of parameters            Asymptotic Standard Error
=======================            ==========================
a               = 0.0257464        +/- 0.001584     (6.151%)
mr              = 1.72665          +/- 0.01883      (1.091%)
c               = 0.00319276       +/- 0.002215     (69.37%)

correlation matrix of the fit parameters:
                a      mr     c      
a               1.000 
mr              0.997  1.000 
c              -0.855 -0.831  1.000 


*******************************************************************************
Tue Jan 27 15:29:00 2026


FIT:    data read from '../data/corrfunc.dat' u 1:column2[i]:column3[i] every ::0::(L-1)
        format = x:z:s
        #datapoints = 16
function used for fitting: f(x,a,mr,c)
	f(x,a,mr,c)=a*cosh((x-L/2)/mr)/mr+c
fitted parameters initialized with current variable values

iter      chisq       delta/lim  lambda   a             mr            c            
   0 6.2981668904e+12   0.00e+00  3.92e+06    8.000000e-01   8.000000e-01   3.192759e-03
  14 3.8995950773e+00  -3.48e-02  3.92e-05    8.290510e-02   2.079843e+00   8.322259e-04

After 14 iterations the fit converged.
final sum of squares of residuals : 3.8996
rel. change during last iteration : -3.47938e-07

degrees of freedom    (FIT_NDF)                        : 13
rms of residuals      (FIT_STDFIT) = sqrt(WSSR/ndf)    : 0.547694
variance of residuals (reduced chisquare) = WSSR/ndf   : 0.299969
p-value of the Chisq distribution (FIT_P)              : 0.992213

Final set of parameters            Asymptotic Standard Error
=======================            ==========================
a               = 0.0829051        +/- 0.00381      (4.596%)
mr              = 2.07984          +/- 0.01914      (0.9203%)
c               = 0.000832226      +/- 0.002961     (355.8%)

correlation matrix of the fit parameters:
                a      mr     c      
a               1.000 
mr              0.998  1.000 
c              -0.910 -0.889  1.000 


*******************************************************************************
Tue Jan 27 15:29:00 2026


FIT:    data read from '../data/corrfunc.dat' u 1:column2[i]:column3[i] every ::0::(L-1)
        format = x:z:s
        #datapoints = 16
function used for fitting: f(x,a,mr,c)
	f(x,a,mr,c)=a*cosh((x-L/2)/mr)/mr+c
fitted parameters initialized with current variable values

iter      chisq       delta/lim  lambda   a             mr            c            
   0 2.4627569095e+12   0.00e+00  2.45e+06    8.000000e-01   8.000000e-01   8.322259e-04
  20 4.7219961929e+00  -3.02e-05  2.45e-06    3.088570e-01   2.673760e+00   9.032111e-03

After 20 iterations the fit converged.
final sum of squares of residuals : 4.722
rel. change during last iteration : -3.02377e-10

degrees of freedom    (FIT_NDF)                        : 13
rms of residuals      (FIT_STDFIT) = sqrt(WSSR/ndf)    : 0.602686
variance of residuals (reduced chisquare) = WSSR/ndf   : 0.36323
p-value of the Chisq distribution (FIT_P)              : 0.980814

Final set of parameters            Asymptotic Standard Error
=======================            ==========================
a               = 0.308857         +/- 0.02118      (6.856%)
mr              = 2.67376          +/- 0.04294      (1.606%)
c               = 0.00903211       +/- 0.008256     (91.41%)

correlation matrix of the fit parameters:
                a      mr     c      
a               1.000 
mr              0.998  1.000 
c              -0.971 -0.958  1.000 


*******************************************************************************
Tue Jan 27 15:29:00 2026


FIT:    data read from '../data/corrfunc.dat' u 1:column2[i]:column3[i] every ::0::(L-1)
        format = x:z:s
        #datapoints = 16
function used for fitting: f(x,a,mr,c)
	f(x,a,mr,c)=a*cosh((x-L/2)/mr)/mr+c
fitted parameters initialized with current variable values

iter      chisq       delta/lim  lambda   a             mr            c            
   0 1.8138367654e+12   0.00e+00  2.09e+06    8.000000e-01   8.000000e-01   9.032111e-03
  93 9.1465629994e+00  -2.01e-01  2.09e-05    9.959014e-01   3.509263e+00   4.304912e-02

After 93 iterations the fit converged.
final sum of squares of residuals : 9.14656
rel. change during last iteration : -2.00745e-06

degrees of freedom    (FIT_NDF)                        : 13
rms of residuals      (FIT_STDFIT) = sqrt(WSSR/ndf)    : 0.838798
variance of residuals (reduced chisquare) = WSSR/ndf   : 0.703582
p-value of the Chisq distribution (FIT_P)              : 0.761786

Final set of parameters            Asymptotic Standard Error
=======================            ==========================
a               = 0.995901         +/- 0.147        (14.76%)
mr              = 3.50926          +/- 0.1372       (3.909%)
c               = 0.0430491        +/- 0.03502      (81.34%)

correlation matrix of the fit parameters:
                a      mr     c      
a               1.000 
mr              0.999  1.000 
c              -0.992 -0.985  1.000 


*******************************************************************************
Tue Jan 27 15:29:00 2026


FIT:    data read from '../data/corrfunc.dat' u 1:column2[i]:column3[i] every ::0::(L-1)
        format = x:z:s
        #datapoints = 16
function used for fitting: f(x,a,mr,c)
	f(x,a,mr,c)=a*cosh((x-L/2)/mr)/mr+c
fitted parameters initialized with current variable values

iter      chisq       delta/lim  lambda   a             mr            c            
   0 7.5333873360e+11   0.00e+00  1.36e+06    8.000000e-01   8.000000e-01   4.304912e-02
 179 5.7435308863e+00  -5.45e-05  1.36e-05    1.760625e+00   4.136162e+00   2.958265e-01

After 179 iterations the fit converged.
final sum of squares of residuals : 5.74353
rel. change during last iteration : -5.45385e-10

degrees of freedom    (FIT_NDF)                        : 13
rms of residuals      (FIT_STDFIT) = sqrt(WSSR/ndf)    : 0.664688
variance of residuals (reduced chisquare) = WSSR/ndf   : 0.44181
p-value of the Chisq distribution (FIT_P)              : 0.954991

Final set of parameters            Asymptotic Standard Error
=======================            ==========================
a               = 1.76062          +/- 0.5489       (31.18%)
mr              = 4.13616          +/- 0.3552       (8.587%)
c               = 0.295827         +/- 0.1059       (35.8%)

correlation matrix of the fit parameters:
                a      mr     c      
a               1.000 
mr              0.999  1.000 
c              -0.996 -0.993  1.000 


*******************************************************************************
Tue Jan 27 15:29:01 2026


FIT:    data read from '../data/corrfunc.dat' u 1:column2[i]:column3[i] every ::0::(L-1)
        format = x:z:s
        #datapoints = 16
function used for fitting: f(x,a,mr,c)
	f(x,a,mr,c)=a*cosh((x-L/2)/mr)/mr+c
fitted parameters initialized with current variable values

iter      chisq       delta/lim  lambda   a             mr            c            
   0 1.4533758520e+12   0.00e+00  1.88e+06    8.000000e-01   8.000000e-01   2.958265e-01
 101 6.9367992812e+00  -1.18e-01  1.88e-04    6.625893e-01   3.465318e+00   1.222821e+00

After 101 iterations the fit converged.
final sum of squares of residuals : 6.9368
rel. change during last iteration : -1.18379e-06

degrees of freedom    (FIT_NDF)                        : 13
rms of residuals      (FIT_STDFIT) = sqrt(WSSR/ndf)    : 0.730479
variance of residuals (reduced chisquare) = WSSR/ndf   : 0.5336
p-value of the Chisq distribution (FIT_P)              : 0.905379

Final set of parameters            Asymptotic Standard Error
=======================            ==========================
a               = 0.662589         +/- 0.156        (23.54%)
mr              = 3.46532          +/- 0.2131       (6.15%)
c               = 1.22282          +/- 0.03858      (3.155%)

correlation matrix of the fit parameters:
                a      mr     c      
a               1.000 
mr              0.999  1.000 
c              -0.990 -0.983  1.000 


*******************************************************************************
Tue Jan 27 15:29:01 2026


FIT:    data read from '../data/corrfunc.dat' u 1:column2[i]:column3[i] every ::0::(L-1)
        format = x:z:s
        #datapoints = 16
function used for fitting: f(x,a,mr,c)
	f(x,a,mr,c)=a*cosh((x-L/2)/mr)/mr+c
fitted parameters initialized with current variable values

iter      chisq       delta/lim  lambda   a             mr            c            
   0 1.2490548153e+12   0.00e+00  1.73e+06    8.000000e-01   8.000000e-01   1.222821e+00
  44 7.7657237769e+00  -4.59e-03  1.73e-04    4.235084e-02   2.110849e+00   2.143718e+00

After 44 iterations the fit converged.
final sum of squares of residuals : 7.76572
rel. change during last iteration : -4.59468e-08

degrees of freedom    (FIT_NDF)                        : 13
rms of residuals      (FIT_STDFIT) = sqrt(WSSR/ndf)    : 0.772893
variance of residuals (reduced chisquare) = WSSR/ndf   : 0.597363
p-value of the Chisq distribution (FIT_P)              : 0.858521

Final set of parameters            Asymptotic Standard Error
=======================            ==========================
a               = 0.0423508        +/- 0.01483      (35.02%)
mr              = 2.11085          +/- 0.1481       (7.016%)
c               = 2.14372          +/- 0.01268      (0.5916%)

correlation matrix of the fit parameters:
                a      mr     c      
a               1.000 
mr              0.998  1.000 
c              -0.914 -0.890  1.000 


*******************************************************************************
Tue Jan 27 16:16:11 2026


FIT:    data read from '../data/corrfunc.dat' u 1:column2[i]:column3[i] every ::0::(L-1)
        format = x:z:s
        #datapoints = 16
function used for fitting: f(x,a,mr,c)
	f(x,a,mr,c)=a*cosh((x-L/2)/mr)/mr+c
fitted parameters initialized with current variable values

iter      chisq       delta/lim  lambda   a             mr            c            
   0 1.0233938305e+13   0.00e+00  4.96e+06    8.000000e-01   8.000000e-01   1.000000e+00
  11 2.0195128028e+01  -3.26e-03  4.96e-05    3.266821e-04   1.013152e+00   6.915786e-04

After 11 iterations the fit converged.
final sum of squares of residuals : 20.1951
rel. change during last iteration : -3.26179e-08

degrees of freedom    (FIT_NDF)                        : 13
rms of residuals      (FIT_STDFIT) = sqrt(WSSR/ndf)    : 1.24638
variance of residuals (reduced chisquare) = WSSR/ndf   : 1.55347
p-value of the Chisq distribution (FIT_P)              : 0.0904504

Final set of parameters            Asymptotic Standard Error
=======================            ==========================
a               = 0.000326682      +/- 5.407e-05    (16.55%)
mr              = 1.01315          +/- 0.0193       (1.905%)
c               = 0.000691579      +/- 0.001274     (184.1%)

correlation matrix of the fit parameters:
                a      mr     c      
a               1.000 
mr              0.998  1.000 
c              -0.595 -0.573  1.000 


*******************************************************************************
Tue Jan 27 16:16:11 2026


FIT:    data read from '../data/corrfunc.dat' u 1:column2[i]:column3[i] every ::0::(L-1)
        format = x:z:s
        #datapoints = 16
function used for fitting: f(x,a,mr,c)
	f(x,a,mr,c)=a*cosh((x-L/2)/mr)/mr+c
fitted parameters initialized with current variable values

iter      chisq       delta/lim  lambda   a             mr            c            
   0 8.6567473459e+12   0.00e+00  4.58e+06    8.000000e-01   8.000000e-01   6.915786e-04
  10 1.1571814080e+01  -9.21e-04  4.58e-04    7.852144e-04   1.107957e+00   6.640473e-04

After 10 iterations the fit converged.
final sum of squares of residuals : 11.5718
rel. change during last iteration : -9.20823e-09

degrees of freedom    (FIT_NDF)                        : 13
rms of residuals      (FIT_STDFIT) = sqrt(WSSR/ndf)    : 0.943472
variance of residuals (reduced chisquare) = WSSR/ndf   : 0.89014
p-value of the Chisq distribution (FIT_P)              : 0.563028

Final set of parameters            Asymptotic Standard Error
=======================            ==========================
a               = 0.000785214      +/- 9.46e-05     (12.05%)
mr              = 1.10796          +/- 0.01657      (1.496%)
c               = 0.000664047      +/- 0.001126     (169.5%)

correlation matrix of the fit parameters:
                a      mr     c      
a               1.000 
mr              0.998  1.000 
c              -0.610 -0.589  1.000 


*******************************************************************************
Tue Jan 27 16:16:11 2026


FIT:    data read from '../data/corrfunc.dat' u 1:column2[i]:column3[i] every ::0::(L-1)
        format = x:z:s
        #datapoints = 16
function used for fitting: f(x,a,mr,c)
	f(x,a,mr,c)=a*cosh((x-L/2)/mr)/mr+c
fitted parameters initialized with current variable values

iter      chisq       delta/lim  lambda   a             mr            c            
   0 6.6834253339e+12   0.00e+00  4.00e+06    8.000000e-01   8.000000e-01   6.640473e-04
  11 1.0455109669e+01  -1.16e-05  4.00e+00    2.425031e-03   1.259045e+00   8.691617e-04

After 11 iterations the fit converged.
final sum of squares of residuals : 10.4551
rel. change during last iteration : -1.16431e-10

degrees of freedom    (FIT_NDF)                        : 13
rms of residuals      (FIT_STDFIT) = sqrt(WSSR/ndf)    : 0.896794
variance of residuals (reduced chisquare) = WSSR/ndf   : 0.804239
p-value of the Chisq distribution (FIT_P)              : 0.656362

Final set of parameters            Asymptotic Standard Error
=======================            ==========================
a               = 0.00242503       +/- 0.0002426    (10%)
mr              = 1.25904          +/- 0.01762      (1.399%)
c               = 0.000869162      +/- 0.001324     (152.3%)

correlation matrix of the fit parameters:
                a      mr     c      
a               1.000 
mr              0.998  1.000 
c              -0.682 -0.658  1.000 


*******************************************************************************
Tue Jan 27 16:16:11 2026


FIT:    data read from '../data/corrfunc.dat' u 1:column2[i]:column3[i] every ::0::(L-1)
        format = x:z:s
        #datapoints = 16
function used for fitting: f(x,a,mr,c)
	f(x,a,mr,c)=a*cosh((x-L/2)/mr)/mr+c
fitted parameters initialized with current variable values

iter      chisq       delta/lim  lambda   a             mr            c            
   0 5.1072825208e+12   0.00e+00  3.47e+06    8.000000e-01   8.000000e-01   8.691617e-04
  12 7.4120687110e+00  -7.09e-05  3.47e-06    7.683938e-03   1.453095e+00   5.070995e-04

After 12 iterations the fit converged.
final sum of squares of residuals : 7.41207
rel. change during last iteration : -7.09048e-10

degrees of freedom    (FIT_NDF)                        : 13
rms of residuals      (FIT_STDFIT) = sqrt(WSSR/ndf)    : 0.755089
variance of residuals (reduced chisquare) = WSSR/ndf   : 0.570159
p-value of the Chisq distribution (FIT_P)              : 0.879687

Final set of parameters            Asymptotic Standard Error
=======================            ==========================
a               = 0.00768394       +/- 0.0005531    (7.198%)
mr              = 1.4531           +/- 0.01658      (1.141%)
c               = 0.000507099      +/- 0.001559     (307.3%)

correlation matrix of the fit parameters:
                a      mr     c      
a               1.000 
mr              0.997  1.000 
c              -0.782 -0.754  1.000 


*******************************************************************************
Tue Jan 27 16:16:11 2026


FIT:    data read from '../data/corrfunc.dat' u 1:column2[i]:column3[i] every ::0::(L-1)
        format = x:z:s
        #datapoints = 16
function used for fitting: f(x,a,mr,c)
	f(x,a,mr,c)=a*cosh((x-L/2)/mr)/mr+c
fitted parameters initialized with current variable values

iter      chisq       delta/lim  lambda   a             mr            c            
   0 5.2705498966e+12   0.00e+00  3.59e+06    8.000000e-01   8.000000e-01   5.070995e-04
  12 5.9386719075e+00  -1.17e-05  3.59e-06    2.574642e-02   1.726648e+00   3.192759e-03

After 12 iterations the fit converged.
final sum of squares of residuals : 5.93867
rel. change during last iteration : -1.16514e-10

degrees of freedom    (FIT_NDF)                        : 13
rms of residuals      (FIT_STDFIT) = sqrt(WSSR/ndf)    : 0.675885
variance of residuals (reduced chisquare) = WSSR/ndf   : 0.456821
p-value of the Chisq distribution (FIT_P)              : 0.948356

Final set of parameters            Asymptotic Standard Error
=======================            ==========================
a               = 0.0257464        +/- 0.001584     (6.151%)
mr              = 1.72665          +/- 0.01883      (1.091%)
c               = 0.00319276       +/- 0.002215     (69.37%)

correlation matrix of the fit parameters:
                a      mr     c      
a               1.000 
mr              0.997  1.000 
c              -0.855 -0.831  1.000 


*******************************************************************************
Tue Jan 27 16:16:11 2026


FIT:    data read from '../data/corrfunc.dat' u 1:column2[i]:column3[i] every ::0::(L-1)
        format = x:z:s
        #datapoints = 16
function used for fitting: f(x,a,mr,c)
	f(x,a,mr,c)=a*cosh((x-L/2)/mr)/mr+c
fitted parameters initialized with current variable values

iter      chisq       delta/lim  lambda   a             mr            c            
   0 6.2981668904e+12   0.00e+00  3.92e+06    8.000000e-01   8.000000e-01   3.192759e-03
  14 3.8995950773e+00  -3.48e-02  3.92e-05    8.290510e-02   2.079843e+00   8.322259e-04

After 14 iterations the fit converged.
final sum of squares of residuals : 3.8996
rel. change during last iteration : -3.47938e-07

degrees of freedom    (FIT_NDF)                        : 13
rms of residuals      (FIT_STDFIT) = sqrt(WSSR/ndf)    : 0.547694
variance of residuals (reduced chisquare) = WSSR/ndf   : 0.299969
p-value of the Chisq distribution (FIT_P)              : 0.992213

Final set of parameters            Asymptotic Standard Error
=======================            ==========================
a               = 0.0829051        +/- 0.00381      (4.596%)
mr              = 2.07984          +/- 0.01914      (0.9203%)
c               = 0.000832226      +/- 0.002961     (355.8%)

correlation matrix of the fit parameters:
                a      mr     c      
a               1.000 
mr              0.998  1.000 
c              -0.910 -0.889  1.000 


*******************************************************************************
Tue Jan 27 16:16:11 2026


FIT:    data read from '../data/corrfunc.dat' u 1:column2[i]:column3[i] every ::0::(L-1)
        format = x:z:s
        #datapoints = 16
function used for fitting: f(x,a,mr,c)
	f(x,a,mr,c)=a*cosh((x-L/2)/mr)/mr+c
fitted parameters initialized with current variable values

iter      chisq       delta/lim  lambda   a             mr            c            
   0 2.4627569095e+12   0.00e+00  2.45e+06    8.000000e-01   8.000000e-01   8.322259e-04
  20 4.7219961929e+00  -3.02e-05  2.45e-06    3.088570e-01   2.673760e+00   9.032111e-03

After 20 iterations the fit converged.
final sum of squares of residuals : 4.722
rel. change during last iteration : -3.02377e-10

degrees of freedom    (FIT_NDF)                        : 13
rms of residuals      (FIT_STDFIT) = sqrt(WSSR/ndf)    : 0.602686
variance of residuals (reduced chisquare) = WSSR/ndf   : 0.36323
p-value of the Chisq distribution (FIT_P)              : 0.980814

Final set of parameters            Asymptotic Standard Error
=======================            ==========================
a               = 0.308857         +/- 0.02118      (6.856%)
mr              = 2.67376          +/- 0.04294      (1.606%)
c               = 0.00903211       +/- 0.008256     (91.41%)

correlation matrix of the fit parameters:
                a      mr     c      
a               1.000 
mr              0.998  1.000 
c              -0.971 -0.958  1.000 


*******************************************************************************
Tue Jan 27 16:16:11 2026


FIT:    data read from '../data/corrfunc.dat' u 1:column2[i]:column3[i] every ::0::(L-1)
        format = x:z:s
        #datapoints = 16
function used for fitting: f(x,a,mr,c)
	f(x,a,mr,c)=a*cosh((x-L/2)/mr)/mr+c
fitted parameters initialized with current variable values

iter      chisq       delta/lim  lambda   a             mr            c            
   0 1.8138367654e+12   0.00e+00  2.09e+06    8.000000e-01   8.000000e-01   9.032111e-03
  93 9.1465629994e+00  -2.01e-01  2.09e-05    9.959014e-01   3.509263e+00   4.304912e-02

After 93 iterations the fit converged.
final sum of squares of residuals : 9.14656
rel. change during last iteration : -2.00745e-06

degrees of freedom    (FIT_NDF)                        : 13
rms of residuals      (FIT_STDFIT) = sqrt(WSSR/ndf)    : 0.838798
variance of residuals (reduced chisquare) = WSSR/ndf   : 0.703582
p-value of the Chisq distribution (FIT_P)              : 0.761786

Final set of parameters            Asymptotic Standard Error
=======================            ==========================
a               = 0.995901         +/- 0.147        (14.76%)
mr              = 3.50926          +/- 0.1372       (3.909%)
c               = 0.0430491        +/- 0.03502      (81.34%)

correlation matrix of the fit parameters:
                a      mr     c      
a               1.000 
mr              0.999  1.000 
c              -0.992 -0.985  1.000 


*******************************************************************************
Tue Jan 27 16:16:11 2026


FIT:    data read from '../data/corrfunc.dat' u 1:column2[i]:column3[i] every ::0::(L-1)
        format = x:z:s
        #datapoints = 16
function used for fitting: f(x,a,mr,c)
	f(x,a,mr,c)=a*cosh((x-L/2)/mr)/mr+c
fitted parameters initialized with current variable values

iter      chisq       delta/lim  lambda   a             mr            c            
   0 7.5333873360e+11   0.00e+00  1.36e+06    8.000000e-01   8.000000e-01   4.304912e-02
 179 5.7435308863e+00  -5.45e-05  1.36e-05    1.760625e+00   4.136162e+00   2.958265e-01

After 179 iterations the fit converged.
final sum of squares of residuals : 5.74353
rel. change during last iteration : -5.45385e-10

degrees of freedom    (FIT_NDF)                        : 13
rms of residuals      (FIT_STDFIT) = sqrt(WSSR/ndf)    : 0.664688
variance of residuals (reduced chisquare) = WSSR/ndf   : 0.44181
p-value of the Chisq distribution (FIT_P)              : 0.954991

Final set of parameters            Asymptotic Standard Error
=======================            ==========================
a               = 1.76062          +/- 0.5489       (31.18%)
mr              = 4.13616          +/- 0.3552       (8.587%)
c               = 0.295827         +/- 0.1059       (35.8%)

correlation matrix of the fit parameters:
                a      mr     c      
a               1.000 
mr              0.999  1.000 
c              -0.996 -0.993  1.000 


*******************************************************************************
Tue Jan 27 16:16:11 2026


FIT:    data read from '../data/corrfunc.dat' u 1:column2[i]:column3[i] every ::0::(L-1)
        format = x:z:s
        #datapoints = 16
function used for fitting: f(x,a,mr,c)
	f(x,a,mr,c)=a*cosh((x-L/2)/mr)/mr+c
fitted parameters initialized with current variable values

iter      chisq       delta/lim  lambda   a             mr            c            
   0 1.4533758520e+12   0.00e+00  1.88e+06    8.000000e-01   8.000000e-01   2.958265e-01
 101 6.9367992812e+00  -1.18e-01  1.88e-04    6.625893e-01   3.465318e+00   1.222821e+00

After 101 iterations the fit converged.
final sum of squares of residuals : 6.9368
rel. change during last iteration : -1.18379e-06

degrees of freedom    (FIT_NDF)                        : 13
rms of residuals      (FIT_STDFIT) = sqrt(WSSR/ndf)    : 0.730479
variance of residuals (reduced chisquare) = WSSR/ndf   : 0.5336
p-value of the Chisq distribution (FIT_P)              : 0.905379

Final set of parameters            Asymptotic Standard Error
=======================            ==========================
a               = 0.662589         +/- 0.156        (23.54%)
mr              = 3.46532          +/- 0.2131       (6.15%)
c               = 1.22282          +/- 0.03858      (3.155%)

correlation matrix of the fit parameters:
                a      mr     c      
a               1.000 
mr              0.999  1.000 
c              -0.990 -0.983  1.000 


*******************************************************************************
Tue Jan 27 16:16:11 2026


FIT:    data read from '../data/corrfunc.dat' u 1:column2[i]:column3[i] every ::0::(L-1)
        format = x:z:s
        #datapoints = 16
function used for fitting: f(x,a,mr,c)
	f(x,a,mr,c)=a*cosh((x-L/2)/mr)/mr+c
fitted parameters initialized with current variable values

iter      chisq       delta/lim  lambda   a             mr            c            
   0 1.2490548153e+12   0.00e+00  1.73e+06    8.000000e-01   8.000000e-01   1.222821e+00
  44 7.7657237769e+00  -4.59e-03  1.73e-04    4.235084e-02   2.110849e+00   2.143718e+00

After 44 iterations the fit converged.
final sum of squares of residuals : 7.76572
rel. change during last iteration : -4.59468e-08

degrees of freedom    (FIT_NDF)                        : 13
rms of residuals      (FIT_STDFIT) = sqrt(WSSR/ndf)    : 0.772893
variance of residuals (reduced chisquare) = WSSR/ndf   : 0.597363
p-value of the Chisq distribution (FIT_P)              : 0.858521

Final set of parameters            Asymptotic Standard Error
=======================            ==========================
a               = 0.0423508        +/- 0.01483      (35.02%)
mr              = 2.11085          +/- 0.1481       (7.016%)
c               = 2.14372          +/- 0.01268      (0.5916%)

correlation matrix of the fit parameters:
                a      mr     c      
a               1.000 
mr              0.998  1.000 
c              -0.914 -0.890  1.000 


*******************************************************************************
Tue Jan 27 16:16:55 2026


FIT:    data read from '../data/corrfunc.dat' u 1:column2[i]:column3[i] every ::0::(L-1)
        format = x:z:s
        #datapoints = 16
function used for fitting: f(x,a,mr,c)
	f(x,a,mr,c)=a*cosh((x-L/2)/mr)/mr+c
fitted parameters initialized with current variable values

iter      chisq       delta/lim  lambda   a             mr            c            
   0 1.0233938305e+13   0.00e+00  4.96e+06    8.000000e-01   8.000000e-01   1.000000e+00
  11 2.0195128028e+01  -3.26e-03  4.96e-05    3.266821e-04   1.013152e+00   6.915786e-04

After 11 iterations the fit converged.
final sum of squares of residuals : 20.1951
rel. change during last iteration : -3.26179e-08

degrees of freedom    (FIT_NDF)                        : 13
rms of residuals      (FIT_STDFIT) = sqrt(WSSR/ndf)    : 1.24638
variance of residuals (reduced chisquare) = WSSR/ndf   : 1.55347
p-value of the Chisq distribution (FIT_P)              : 0.0904504

Final set of parameters            Asymptotic Standard Error
=======================            ==========================
a               = 0.000326682      +/- 5.407e-05    (16.55%)
mr              = 1.01315          +/- 0.0193       (1.905%)
c               = 0.000691579      +/- 0.001274     (184.1%)

correlation matrix of the fit parameters:
                a      mr     c      
a               1.000 
mr              0.998  1.000 
c              -0.595 -0.573  1.000 


*******************************************************************************
Tue Jan 27 16:16:55 2026


FIT:    data read from '../data/corrfunc.dat' u 1:column2[i]:column3[i] every ::0::(L-1)
        format = x:z:s
        #datapoints = 16
function used for fitting: f(x,a,mr,c)
	f(x,a,mr,c)=a*cosh((x-L/2)/mr)/mr+c
fitted parameters initialized with current variable values

iter      chisq       delta/lim  lambda   a             mr            c            
   0 8.6567473459e+12   0.00e+00  4.58e+06    8.000000e-01   8.000000e-01   6.915786e-04
  10 1.1571814080e+01  -9.21e-04  4.58e-04    7.852144e-04   1.107957e+00   6.640473e-04

After 10 iterations the fit converged.
final sum of squares of residuals : 11.5718
rel. change during last iteration : -9.20823e-09

degrees of freedom    (FIT_NDF)                        : 13
rms of residuals      (FIT_STDFIT) = sqrt(WSSR/ndf)    : 0.943472
variance of residuals (reduced chisquare) = WSSR/ndf   : 0.89014
p-value of the Chisq distribution (FIT_P)              : 0.563028

Final set of parameters            Asymptotic Standard Error
=======================            ==========================
a               = 0.000785214      +/- 9.46e-05     (12.05%)
mr              = 1.10796          +/- 0.01657      (1.496%)
c               = 0.000664047      +/- 0.001126     (169.5%)

correlation matrix of the fit parameters:
                a      mr     c      
a               1.000 
mr              0.998  1.000 
c              -0.610 -0.589  1.000 


*******************************************************************************
Tue Jan 27 16:16:55 2026


FIT:    data read from '../data/corrfunc.dat' u 1:column2[i]:column3[i] every ::0::(L-1)
        format = x:z:s
        #datapoints = 16
function used for fitting: f(x,a,mr,c)
	f(x,a,mr,c)=a*cosh((x-L/2)/mr)/mr+c
fitted parameters initialized with current variable values

iter      chisq       delta/lim  lambda   a             mr            c            
   0 6.6834253339e+12   0.00e+00  4.00e+06    8.000000e-01   8.000000e-01   6.640473e-04
  11 1.0455109669e+01  -1.16e-05  4.00e+00    2.425031e-03   1.259045e+00   8.691617e-04

After 11 iterations the fit converged.
final sum of squares of residuals : 10.4551
rel. change during last iteration : -1.16431e-10

degrees of freedom    (FIT_NDF)                        : 13
rms of residuals      (FIT_STDFIT) = sqrt(WSSR/ndf)    : 0.896794
variance of residuals (reduced chisquare) = WSSR/ndf   : 0.804239
p-value of the Chisq distribution (FIT_P)              : 0.656362

Final set of parameters            Asymptotic Standard Error
=======================            ==========================
a               = 0.00242503       +/- 0.0002426    (10%)
mr              = 1.25904          +/- 0.01762      (1.399%)
c               = 0.000869162      +/- 0.001324     (152.3%)

correlation matrix of the fit parameters:
                a      mr     c      
a               1.000 
mr              0.998  1.000 
c              -0.682 -0.658  1.000 


*******************************************************************************
Tue Jan 27 16:16:55 2026


FIT:    data read from '../data/corrfunc.dat' u 1:column2[i]:column3[i] every ::0::(L-1)
        format = x:z:s
        #datapoints = 16
function used for fitting: f(x,a,mr,c)
	f(x,a,mr,c)=a*cosh((x-L/2)/mr)/mr+c
fitted parameters initialized with current variable values

iter      chisq       delta/lim  lambda   a             mr            c            
   0 5.1072825208e+12   0.00e+00  3.47e+06    8.000000e-01   8.000000e-01   8.691617e-04
  12 7.4120687110e+00  -7.09e-05  3.47e-06    7.683938e-03   1.453095e+00   5.070995e-04

After 12 iterations the fit converged.
final sum of squares of residuals : 7.41207
rel. change during last iteration : -7.09048e-10

degrees of freedom    (FIT_NDF)                        : 13
rms of residuals      (FIT_STDFIT) = sqrt(WSSR/ndf)    : 0.755089
variance of residuals (reduced chisquare) = WSSR/ndf   : 0.570159
p-value of the Chisq distribution (FIT_P)              : 0.879687

Final set of parameters            Asymptotic Standard Error
=======================            ==========================
a               = 0.00768394       +/- 0.0005531    (7.198%)
mr              = 1.4531           +/- 0.01658      (1.141%)
c               = 0.000507099      +/- 0.001559     (307.3%)

correlation matrix of the fit parameters:
                a      mr     c      
a               1.000 
mr              0.997  1.000 
c              -0.782 -0.754  1.000 


*******************************************************************************
Tue Jan 27 16:16:55 2026


FIT:    data read from '../data/corrfunc.dat' u 1:column2[i]:column3[i] every ::0::(L-1)
        format = x:z:s
        #datapoints = 16
function used for fitting: f(x,a,mr,c)
	f(x,a,mr,c)=a*cosh((x-L/2)/mr)/mr+c
fitted parameters initialized with current variable values

iter      chisq       delta/lim  lambda   a             mr            c            
   0 5.2705498966e+12   0.00e+00  3.59e+06    8.000000e-01   8.000000e-01   5.070995e-04
  12 5.9386719075e+00  -1.17e-05  3.59e-06    2.574642e-02   1.726648e+00   3.192759e-03

After 12 iterations the fit converged.
final sum of squares of residuals : 5.93867
rel. change during last iteration : -1.16514e-10

degrees of freedom    (FIT_NDF)                        : 13
rms of residuals      (FIT_STDFIT) = sqrt(WSSR/ndf)    : 0.675885
variance of residuals (reduced chisquare) = WSSR/ndf   : 0.456821
p-value of the Chisq distribution (FIT_P)              : 0.948356

Final set of parameters            Asymptotic Standard Error
=======================            ==========================
a               = 0.0257464        +/- 0.001584     (6.151%)
mr              = 1.72665          +/- 0.01883      (1.091%)
c               = 0.00319276       +/- 0.002215     (69.37%)

correlation matrix of the fit parameters:
                a      mr     c      
a               1.000 
mr              0.997  1.000 
c              -0.855 -0.831  1.000 


*******************************************************************************
Tue Jan 27 16:16:55 2026


FIT:    data read from '../data/corrfunc.dat' u 1:column2[i]:column3[i] every ::0::(L-1)
        format = x:z:s
        #datapoints = 16
function used for fitting: f(x,a,mr,c)
	f(x,a,mr,c)=a*cosh((x-L/2)/mr)/mr+c
fitted parameters initialized with current variable values

iter      chisq       delta/lim  lambda   a             mr            c            
   0 6.2981668904e+12   0.00e+00  3.92e+06    8.000000e-01   8.000000e-01   3.192759e-03
  14 3.8995950773e+00  -3.48e-02  3.92e-05    8.290510e-02   2.079843e+00   8.322259e-04

After 14 iterations the fit converged.
final sum of squares of residuals : 3.8996
rel. change during last iteration : -3.47938e-07

degrees of freedom    (FIT_NDF)                        : 13
rms of residuals      (FIT_STDFIT) = sqrt(WSSR/ndf)    : 0.547694
variance of residuals (reduced chisquare) = WSSR/ndf   : 0.299969
p-value of the Chisq distribution (FIT_P)              : 0.992213

Final set of parameters            Asymptotic Standard Error
=======================            ==========================
a               = 0.0829051        +/- 0.00381      (4.596%)
mr              = 2.07984          +/- 0.01914      (0.9203%)
c               = 0.000832226      +/- 0.002961     (355.8%)

correlation matrix of the fit parameters:
                a      mr     c      
a               1.000 
mr              0.998  1.000 
c              -0.910 -0.889  1.000 


*******************************************************************************
Tue Jan 27 16:16:55 2026


FIT:    data read from '../data/corrfunc.dat' u 1:column2[i]:column3[i] every ::0::(L-1)
        format = x:z:s
        #datapoints = 16
function used for fitting: f(x,a,mr,c)
	f(x,a,mr,c)=a*cosh((x-L/2)/mr)/mr+c
fitted parameters initialized with current variable values

iter      chisq       delta/lim  lambda   a             mr            c            
   0 2.4627569095e+12   0.00e+00  2.45e+06    8.000000e-01   8.000000e-01   8.322259e-04
  20 4.7219961929e+00  -3.02e-05  2.45e-06    3.088570e-01   2.673760e+00   9.032111e-03

After 20 iterations the fit converged.
final sum of squares of residuals : 4.722
rel. change during last iteration : -3.02377e-10

degrees of freedom    (FIT_NDF)                        : 13
rms of residuals      (FIT_STDFIT) = sqrt(WSSR/ndf)    : 0.602686
variance of residuals (reduced chisquare) = WSSR/ndf   : 0.36323
p-value of the Chisq distribution (FIT_P)              : 0.980814

Final set of parameters            Asymptotic Standard Error
=======================            ==========================
a               = 0.308857         +/- 0.02118      (6.856%)
mr              = 2.67376          +/- 0.04294      (1.606%)
c               = 0.00903211       +/- 0.008256     (91.41%)

correlation matrix of the fit parameters:
                a      mr     c      
a               1.000 
mr              0.998  1.000 
c              -0.971 -0.958  1.000 


*******************************************************************************
Tue Jan 27 16:16:55 2026


FIT:    data read from '../data/corrfunc.dat' u 1:column2[i]:column3[i] every ::0::(L-1)
        format = x:z:s
        #datapoints = 16
function used for fitting: f(x,a,mr,c)
	f(x,a,mr,c)=a*cosh((x-L/2)/mr)/mr+c
fitted parameters initialized with current variable values

iter      chisq       delta/lim  lambda   a             mr            c            
   0 1.8138367654e+12   0.00e+00  2.09e+06    8.000000e-01   8.000000e-01   9.032111e-03
  93 9.1465629994e+00  -2.01e-01  2.09e-05    9.959014e-01   3.509263e+00   4.304912e-02

After 93 iterations the fit converged.
final sum of squares of residuals : 9.14656
rel. change during last iteration : -2.00745e-06

degrees of freedom    (FIT_NDF)                        : 13
rms of residuals      (FIT_STDFIT) = sqrt(WSSR/ndf)    : 0.838798
variance of residuals (reduced chisquare) = WSSR/ndf   : 0.703582
p-value of the Chisq distribution (FIT_P)              : 0.761786

Final set of parameters            Asymptotic Standard Error
=======================            ==========================
a               = 0.995901         +/- 0.147        (14.76%)
mr              = 3.50926          +/- 0.1372       (3.909%)
c               = 0.0430491        +/- 0.03502      (81.34%)

correlation matrix of the fit parameters:
                a      mr     c      
a               1.000 
mr              0.999  1.000 
c              -0.992 -0.985  1.000 


*******************************************************************************
Tue Jan 27 16:16:55 2026


FIT:    data read from '../data/corrfunc.dat' u 1:column2[i]:column3[i] every ::0::(L-1)
        format = x:z:s
        #datapoints = 16
function used for fitting: f(x,a,mr,c)
	f(x,a,mr,c)=a*cosh((x-L/2)/mr)/mr+c
fitted parameters initialized with current variable values

iter      chisq       delta/lim  lambda   a             mr            c            
   0 7.5333873360e+11   0.00e+00  1.36e+06    8.000000e-01   8.000000e-01   4.304912e-02
 179 5.7435308863e+00  -5.45e-05  1.36e-05    1.760625e+00   4.136162e+00   2.958265e-01

After 179 iterations the fit converged.
final sum of squares of residuals : 5.74353
rel. change during last iteration : -5.45385e-10

degrees of freedom    (FIT_NDF)                        : 13
rms of residuals      (FIT_STDFIT) = sqrt(WSSR/ndf)    : 0.664688
variance of residuals (reduced chisquare) = WSSR/ndf   : 0.44181
p-value of the Chisq distribution (FIT_P)              : 0.954991

Final set of parameters            Asymptotic Standard Error
=======================            ==========================
a               = 1.76062          +/- 0.5489       (31.18%)
mr              = 4.13616          +/- 0.3552       (8.587%)
c               = 0.295827         +/- 0.1059       (35.8%)

correlation matrix of the fit parameters:
                a      mr     c      
a               1.000 
mr              0.999  1.000 
c              -0.996 -0.993  1.000 


*******************************************************************************
Tue Jan 27 16:16:55 2026


FIT:    data read from '../data/corrfunc.dat' u 1:column2[i]:column3[i] every ::0::(L-1)
        format = x:z:s
        #datapoints = 16
function used for fitting: f(x,a,mr,c)
	f(x,a,mr,c)=a*cosh((x-L/2)/mr)/mr+c
fitted parameters initialized with current variable values

iter      chisq       delta/lim  lambda   a             mr            c            
   0 1.4533758520e+12   0.00e+00  1.88e+06    8.000000e-01   8.000000e-01   2.958265e-01
 101 6.9367992812e+00  -1.18e-01  1.88e-04    6.625893e-01   3.465318e+00   1.222821e+00

After 101 iterations the fit converged.
final sum of squares of residuals : 6.9368
rel. change during last iteration : -1.18379e-06

degrees of freedom    (FIT_NDF)                        : 13
rms of residuals      (FIT_STDFIT) = sqrt(WSSR/ndf)    : 0.730479
variance of residuals (reduced chisquare) = WSSR/ndf   : 0.5336
p-value of the Chisq distribution (FIT_P)              : 0.905379

Final set of parameters            Asymptotic Standard Error
=======================            ==========================
a               = 0.662589         +/- 0.156        (23.54%)
mr              = 3.46532          +/- 0.2131       (6.15%)
c               = 1.22282          +/- 0.03858      (3.155%)

correlation matrix of the fit parameters:
                a      mr     c      
a               1.000 
mr              0.999  1.000 
c              -0.990 -0.983  1.000 


*******************************************************************************
Tue Jan 27 16:16:55 2026


FIT:    data read from '../data/corrfunc.dat' u 1:column2[i]:column3[i] every ::0::(L-1)
        format = x:z:s
        #datapoints = 16
function used for fitting: f(x,a,mr,c)
	f(x,a,mr,c)=a*cosh((x-L/2)/mr)/mr+c
fitted parameters initialized with current variable values

iter      chisq       delta/lim  lambda   a             mr            c            
   0 1.2490548153e+12   0.00e+00  1.73e+06    8.000000e-01   8.000000e-01   1.222821e+00
  44 7.7657237769e+00  -4.59e-03  1.73e-04    4.235084e-02   2.110849e+00   2.143718e+00

After 44 iterations the fit converged.
final sum of squares of residuals : 7.76572
rel. change during last iteration : -4.59468e-08

degrees of freedom    (FIT_NDF)                        : 13
rms of residuals      (FIT_STDFIT) = sqrt(WSSR/ndf)    : 0.772893
variance of residuals (reduced chisquare) = WSSR/ndf   : 0.597363
p-value of the Chisq distribution (FIT_P)              : 0.858521

Final set of parameters            Asymptotic Standard Error
=======================            ==========================
a               = 0.0423508        +/- 0.01483      (35.02%)
mr              = 2.11085          +/- 0.1481       (7.016%)
c               = 2.14372          +/- 0.01268      (0.5916%)

correlation matrix of the fit parameters:
                a      mr     c      
a               1.000 
mr              0.998  1.000 
c              -0.914 -0.890  1.000 


*******************************************************************************
Tue Jan 27 16:17:17 2026


FIT:    data read from '../data/corrfunc.dat' u 1:column2[i]:column3[i] every ::0::(L-1)
        format = x:z:s
        #datapoints = 16
function used for fitting: f(x,a,mr,c)
	f(x,a,mr,c)=a*cosh((x-L/2)/mr)/mr+c
fitted parameters initialized with current variable values

iter      chisq       delta/lim  lambda   a             mr            c            
   0 1.0233938305e+13   0.00e+00  4.96e+06    8.000000e-01   8.000000e-01   1.000000e+00
  11 2.0195128028e+01  -3.26e-03  4.96e-05    3.266821e-04   1.013152e+00   6.915786e-04

After 11 iterations the fit converged.
final sum of squares of residuals : 20.1951
rel. change during last iteration : -3.26179e-08

degrees of freedom    (FIT_NDF)                        : 13
rms of residuals      (FIT_STDFIT) = sqrt(WSSR/ndf)    : 1.24638
variance of residuals (reduced chisquare) = WSSR/ndf   : 1.55347
p-value of the Chisq distribution (FIT_P)              : 0.0904504

Final set of parameters            Asymptotic Standard Error
=======================            ==========================
a               = 0.000326682      +/- 5.407e-05    (16.55%)
mr              = 1.01315          +/- 0.0193       (1.905%)
c               = 0.000691579      +/- 0.001274     (184.1%)

correlation matrix of the fit parameters:
                a      mr     c      
a               1.000 
mr              0.998  1.000 
c              -0.595 -0.573  1.000 


*******************************************************************************
Tue Jan 27 16:17:17 2026


FIT:    data read from '../data/corrfunc.dat' u 1:column2[i]:column3[i] every ::0::(L-1)
        format = x:z:s
        #datapoints = 16
function used for fitting: f(x,a,mr,c)
	f(x,a,mr,c)=a*cosh((x-L/2)/mr)/mr+c
fitted parameters initialized with current variable values

iter      chisq       delta/lim  lambda   a             mr            c            
   0 8.6567473459e+12   0.00e+00  4.58e+06    8.000000e-01   8.000000e-01   6.915786e-04
  10 1.1571814080e+01  -9.21e-04  4.58e-04    7.852144e-04   1.107957e+00   6.640473e-04

After 10 iterations the fit converged.
final sum of squares of residuals : 11.5718
rel. change during last iteration : -9.20823e-09

degrees of freedom    (FIT_NDF)                        : 13
rms of residuals      (FIT_STDFIT) = sqrt(WSSR/ndf)    : 0.943472
variance of residuals (reduced chisquare) = WSSR/ndf   : 0.89014
p-value of the Chisq distribution (FIT_P)              : 0.563028

Final set of parameters            Asymptotic Standard Error
=======================            ==========================
a               = 0.000785214      +/- 9.46e-05     (12.05%)
mr              = 1.10796          +/- 0.01657      (1.496%)
c               = 0.000664047      +/- 0.001126     (169.5%)

correlation matrix of the fit parameters:
                a      mr     c      
a               1.000 
mr              0.998  1.000 
c              -0.610 -0.589  1.000 


*******************************************************************************
Tue Jan 27 16:17:17 2026


FIT:    data read from '../data/corrfunc.dat' u 1:column2[i]:column3[i] every ::0::(L-1)
        format = x:z:s
        #datapoints = 16
function used for fitting: f(x,a,mr,c)
	f(x,a,mr,c)=a*cosh((x-L/2)/mr)/mr+c
fitted parameters initialized with current variable values

iter      chisq       delta/lim  lambda   a             mr            c            
   0 6.6834253339e+12   0.00e+00  4.00e+06    8.000000e-01   8.000000e-01   6.640473e-04
  11 1.0455109669e+01  -1.16e-05  4.00e+00    2.425031e-03   1.259045e+00   8.691617e-04

After 11 iterations the fit converged.
final sum of squares of residuals : 10.4551
rel. change during last iteration : -1.16431e-10

degrees of freedom    (FIT_NDF)                        : 13
rms of residuals      (FIT_STDFIT) = sqrt(WSSR/ndf)    : 0.896794
variance of residuals (reduced chisquare) = WSSR/ndf   : 0.804239
p-value of the Chisq distribution (FIT_P)              : 0.656362

Final set of parameters            Asymptotic Standard Error
=======================            ==========================
a               = 0.00242503       +/- 0.0002426    (10%)
mr              = 1.25904          +/- 0.01762      (1.399%)
c               = 0.000869162      +/- 0.001324     (152.3%)

correlation matrix of the fit parameters:
                a      mr     c      
a               1.000 
mr              0.998  1.000 
c              -0.682 -0.658  1.000 


*******************************************************************************
Tue Jan 27 16:17:17 2026


FIT:    data read from '../data/corrfunc.dat' u 1:column2[i]:column3[i] every ::0::(L-1)
        format = x:z:s
        #datapoints = 16
function used for fitting: f(x,a,mr,c)
	f(x,a,mr,c)=a*cosh((x-L/2)/mr)/mr+c
fitted parameters initialized with current variable values

iter      chisq       delta/lim  lambda   a             mr            c            
   0 5.1072825208e+12   0.00e+00  3.47e+06    8.000000e-01   8.000000e-01   8.691617e-04
  12 7.4120687110e+00  -7.09e-05  3.47e-06    7.683938e-03   1.453095e+00   5.070995e-04

After 12 iterations the fit converged.
final sum of squares of residuals : 7.41207
rel. change during last iteration : -7.09048e-10

degrees of freedom    (FIT_NDF)                        : 13
rms of residuals      (FIT_STDFIT) = sqrt(WSSR/ndf)    : 0.755089
variance of residuals (reduced chisquare) = WSSR/ndf   : 0.570159
p-value of the Chisq distribution (FIT_P)              : 0.879687

Final set of parameters            Asymptotic Standard Error
=======================            ==========================
a               = 0.00768394       +/- 0.0005531    (7.198%)
mr              = 1.4531           +/- 0.01658      (1.141%)
c               = 0.000507099      +/- 0.001559     (307.3%)

correlation matrix of the fit parameters:
                a      mr     c      
a               1.000 
mr              0.997  1.000 
c              -0.782 -0.754  1.000 


*******************************************************************************
Tue Jan 27 16:17:17 2026


FIT:    data read from '../data/corrfunc.dat' u 1:column2[i]:column3[i] every ::0::(L-1)
        format = x:z:s
        #datapoints = 16
function used for fitting: f(x,a,mr,c)
	f(x,a,mr,c)=a*cosh((x-L/2)/mr)/mr+c
fitted parameters initialized with current variable values

iter      chisq       delta/lim  lambda   a             mr            c            
   0 5.2705498966e+12   0.00e+00  3.59e+06    8.000000e-01   8.000000e-01   5.070995e-04
  12 5.9386719075e+00  -1.17e-05  3.59e-06    2.574642e-02   1.726648e+00   3.192759e-03

After 12 iterations the fit converged.
final sum of squares of residuals : 5.93867
rel. change during last iteration : -1.16514e-10

degrees of freedom    (FIT_NDF)                        : 13
rms of residuals      (FIT_STDFIT) = sqrt(WSSR/ndf)    : 0.675885
variance of residuals (reduced chisquare) = WSSR/ndf   : 0.456821
p-value of the Chisq distribution (FIT_P)              : 0.948356

Final set of parameters            Asymptotic Standard Error
=======================            ==========================
a               = 0.0257464        +/- 0.001584     (6.151%)
mr              = 1.72665          +/- 0.01883      (1.091%)
c               = 0.00319276       +/- 0.002215     (69.37%)

correlation matrix of the fit parameters:
                a      mr     c      
a               1.000 
mr              0.997  1.000 
c              -0.855 -0.831  1.000 


*******************************************************************************
Tue Jan 27 16:17:17 2026


FIT:    data read from '../data/corrfunc.dat' u 1:column2[i]:column3[i] every ::0::(L-1)
        format = x:z:s
        #datapoints = 16
function used for fitting: f(x,a,mr,c)
	f(x,a,mr,c)=a*cosh((x-L/2)/mr)/mr+c
fitted parameters initialized with current variable values

iter      chisq       delta/lim  lambda   a             mr            c            
   0 6.2981668904e+12   0.00e+00  3.92e+06    8.000000e-01   8.000000e-01   3.192759e-03
  14 3.8995950773e+00  -3.48e-02  3.92e-05    8.290510e-02   2.079843e+00   8.322259e-04

After 14 iterations the fit converged.
final sum of squares of residuals : 3.8996
rel. change during last iteration : -3.47938e-07

degrees of freedom    (FIT_NDF)                        : 13
rms of residuals      (FIT_STDFIT) = sqrt(WSSR/ndf)    : 0.547694
variance of residuals (reduced chisquare) = WSSR/ndf   : 0.299969
p-value of the Chisq distribution (FIT_P)              : 0.992213

Final set of parameters            Asymptotic Standard Error
=======================            ==========================
a               = 0.0829051        +/- 0.00381      (4.596%)
mr              = 2.07984          +/- 0.01914      (0.9203%)
c               = 0.000832226      +/- 0.002961     (355.8%)

correlation matrix of the fit parameters:
                a      mr     c      
a               1.000 
mr              0.998  1.000 
c              -0.910 -0.889  1.000 


*******************************************************************************
Tue Jan 27 16:17:17 2026


FIT:    data read from '../data/corrfunc.dat' u 1:column2[i]:column3[i] every ::0::(L-1)
        format = x:z:s
        #datapoints = 16
function used for fitting: f(x,a,mr,c)
	f(x,a,mr,c)=a*cosh((x-L/2)/mr)/mr+c
fitted parameters initialized with current variable values

iter      chisq       delta/lim  lambda   a             mr            c            
   0 2.4627569095e+12   0.00e+00  2.45e+06    8.000000e-01   8.000000e-01   8.322259e-04
  20 4.7219961929e+00  -3.02e-05  2.45e-06    3.088570e-01   2.673760e+00   9.032111e-03

After 20 iterations the fit converged.
final sum of squares of residuals : 4.722
rel. change during last iteration : -3.02377e-10

degrees of freedom    (FIT_NDF)                        : 13
rms of residuals      (FIT_STDFIT) = sqrt(WSSR/ndf)    : 0.602686
variance of residuals (reduced chisquare) = WSSR/ndf   : 0.36323
p-value of the Chisq distribution (FIT_P)              : 0.980814

Final set of parameters            Asymptotic Standard Error
=======================            ==========================
a               = 0.308857         +/- 0.02118      (6.856%)
mr              = 2.67376          +/- 0.04294      (1.606%)
c               = 0.00903211       +/- 0.008256     (91.41%)

correlation matrix of the fit parameters:
                a      mr     c      
a               1.000 
mr              0.998  1.000 
c              -0.971 -0.958  1.000 


*******************************************************************************
Tue Jan 27 16:17:17 2026


FIT:    data read from '../data/corrfunc.dat' u 1:column2[i]:column3[i] every ::0::(L-1)
        format = x:z:s
        #datapoints = 16
function used for fitting: f(x,a,mr,c)
	f(x,a,mr,c)=a*cosh((x-L/2)/mr)/mr+c
fitted parameters initialized with current variable values

iter      chisq       delta/lim  lambda   a             mr            c            
   0 1.8138367654e+12   0.00e+00  2.09e+06    8.000000e-01   8.000000e-01   9.032111e-03
  93 9.1465629994e+00  -2.01e-01  2.09e-05    9.959014e-01   3.509263e+00   4.304912e-02

After 93 iterations the fit converged.
final sum of squares of residuals : 9.14656
rel. change during last iteration : -2.00745e-06

degrees of freedom    (FIT_NDF)                        : 13
rms of residuals      (FIT_STDFIT) = sqrt(WSSR/ndf)    : 0.838798
variance of residuals (reduced chisquare) = WSSR/ndf   : 0.703582
p-value of the Chisq distribution (FIT_P)              : 0.761786

Final set of parameters            Asymptotic Standard Error
=======================            ==========================
a               = 0.995901         +/- 0.147        (14.76%)
mr              = 3.50926          +/- 0.1372       (3.909%)
c               = 0.0430491        +/- 0.03502      (81.34%)

correlation matrix of the fit parameters:
                a      mr     c      
a               1.000 
mr              0.999  1.000 
c              -0.992 -0.985  1.000 


*******************************************************************************
Tue Jan 27 16:17:17 2026


FIT:    data read from '../data/corrfunc.dat' u 1:column2[i]:column3[i] every ::0::(L-1)
        format = x:z:s
        #datapoints = 16
function used for fitting: f(x,a,mr,c)
	f(x,a,mr,c)=a*cosh((x-L/2)/mr)/mr+c
fitted parameters initialized with current variable values

iter      chisq       delta/lim  lambda   a             mr            c            
   0 7.5333873360e+11   0.00e+00  1.36e+06    8.000000e-01   8.000000e-01   4.304912e-02
 179 5.7435308863e+00  -5.45e-05  1.36e-05    1.760625e+00   4.136162e+00   2.958265e-01

After 179 iterations the fit converged.
final sum of squares of residuals : 5.74353
rel. change during last iteration : -5.45385e-10

degrees of freedom    (FIT_NDF)                        : 13
rms of residuals      (FIT_STDFIT) = sqrt(WSSR/ndf)    : 0.664688
variance of residuals (reduced chisquare) = WSSR/ndf   : 0.44181
p-value of the Chisq distribution (FIT_P)              : 0.954991

Final set of parameters            Asymptotic Standard Error
=======================            ==========================
a               = 1.76062          +/- 0.5489       (31.18%)
mr              = 4.13616          +/- 0.3552       (8.587%)
c               = 0.295827         +/- 0.1059       (35.8%)

correlation matrix of the fit parameters:
                a      mr     c      
a               1.000 
mr              0.999  1.000 
c              -0.996 -0.993  1.000 


*******************************************************************************
Tue Jan 27 16:17:17 2026


FIT:    data read from '../data/corrfunc.dat' u 1:column2[i]:column3[i] every ::0::(L-1)
        format = x:z:s
        #datapoints = 16
function used for fitting: f(x,a,mr,c)
	f(x,a,mr,c)=a*cosh((x-L/2)/mr)/mr+c
fitted parameters initialized with current variable values

iter      chisq       delta/lim  lambda   a             mr            c            
   0 1.4533758520e+12   0.00e+00  1.88e+06    8.000000e-01   8.000000e-01   2.958265e-01
 101 6.9367992812e+00  -1.18e-01  1.88e-04    6.625893e-01   3.465318e+00   1.222821e+00

After 101 iterations the fit converged.
final sum of squares of residuals : 6.9368
rel. change during last iteration : -1.18379e-06

degrees of freedom    (FIT_NDF)                        : 13
rms of residuals      (FIT_STDFIT) = sqrt(WSSR/ndf)    : 0.730479
variance of residuals (reduced chisquare) = WSSR/ndf   : 0.5336
p-value of the Chisq distribution (FIT_P)              : 0.905379

Final set of parameters            Asymptotic Standard Error
=======================            ==========================
a               = 0.662589         +/- 0.156        (23.54%)
mr              = 3.46532          +/- 0.2131       (6.15%)
c               = 1.22282          +/- 0.03858      (3.155%)

correlation matrix of the fit parameters:
                a      mr     c      
a               1.000 
mr              0.999  1.000 
c              -0.990 -0.983  1.000 


*******************************************************************************
Tue Jan 27 16:17:17 2026


FIT:    data read from '../data/corrfunc.dat' u 1:column2[i]:column3[i] every ::0::(L-1)
        format = x:z:s
        #datapoints = 16
function used for fitting: f(x,a,mr,c)
	f(x,a,mr,c)=a*cosh((x-L/2)/mr)/mr+c
fitted parameters initialized with current variable values

iter      chisq       delta/lim  lambda   a             mr            c            
   0 1.2490548153e+12   0.00e+00  1.73e+06    8.000000e-01   8.000000e-01   1.222821e+00
  44 7.7657237769e+00  -4.59e-03  1.73e-04    4.235084e-02   2.110849e+00   2.143718e+00

After 44 iterations the fit converged.
final sum of squares of residuals : 7.76572
rel. change during last iteration : -4.59468e-08

degrees of freedom    (FIT_NDF)                        : 13
rms of residuals      (FIT_STDFIT) = sqrt(WSSR/ndf)    : 0.772893
variance of residuals (reduced chisquare) = WSSR/ndf   : 0.597363
p-value of the Chisq distribution (FIT_P)              : 0.858521

Final set of parameters            Asymptotic Standard Error
=======================            ==========================
a               = 0.0423508        +/- 0.01483      (35.02%)
mr              = 2.11085          +/- 0.1481       (7.016%)
c               = 2.14372          +/- 0.01268      (0.5916%)

correlation matrix of the fit parameters:
                a      mr     c      
a               1.000 
mr              0.998  1.000 
c              -0.914 -0.890  1.000 


*******************************************************************************
Tue Jan 27 16:18:06 2026


FIT:    data read from '../data/corrfunc.dat' u 1:column2[i]:column3[i] every ::0::(L-1)
        format = x:z:s
        #datapoints = 16
function used for fitting: f(x,a,mr,c)
	f(x,a,mr,c)=a*cosh((x-L/2)/mr)/mr+c
fitted parameters initialized with current variable values

iter      chisq       delta/lim  lambda   a             mr            c            
   0 1.0233938305e+13   0.00e+00  4.96e+06    8.000000e-01   8.000000e-01   1.000000e+00
  11 2.0195128028e+01  -3.26e-03  4.96e-05    3.266821e-04   1.013152e+00   6.915786e-04

After 11 iterations the fit converged.
final sum of squares of residuals : 20.1951
rel. change during last iteration : -3.26179e-08

degrees of freedom    (FIT_NDF)                        : 13
rms of residuals      (FIT_STDFIT) = sqrt(WSSR/ndf)    : 1.24638
variance of residuals (reduced chisquare) = WSSR/ndf   : 1.55347
p-value of the Chisq distribution (FIT_P)              : 0.0904504

Final set of parameters            Asymptotic Standard Error
=======================            ==========================
a               = 0.000326682      +/- 5.407e-05    (16.55%)
mr              = 1.01315          +/- 0.0193       (1.905%)
c               = 0.000691579      +/- 0.001274     (184.1%)

correlation matrix of the fit parameters:
                a      mr     c      
a               1.000 
mr              0.998  1.000 
c              -0.595 -0.573  1.000 


*******************************************************************************
Tue Jan 27 16:18:06 2026


FIT:    data read from '../data/corrfunc.dat' u 1:column2[i]:column3[i] every ::0::(L-1)
        format = x:z:s
        #datapoints = 16
function used for fitting: f(x,a,mr,c)
	f(x,a,mr,c)=a*cosh((x-L/2)/mr)/mr+c
fitted parameters initialized with current variable values

iter      chisq       delta/lim  lambda   a             mr            c            
   0 8.6567473459e+12   0.00e+00  4.58e+06    8.000000e-01   8.000000e-01   6.915786e-04
  10 1.1571814080e+01  -9.21e-04  4.58e-04    7.852144e-04   1.107957e+00   6.640473e-04

After 10 iterations the fit converged.
final sum of squares of residuals : 11.5718
rel. change during last iteration : -9.20823e-09

degrees of freedom    (FIT_NDF)                        : 13
rms of residuals      (FIT_STDFIT) = sqrt(WSSR/ndf)    : 0.943472
variance of residuals (reduced chisquare) = WSSR/ndf   : 0.89014
p-value of the Chisq distribution (FIT_P)              : 0.563028

Final set of parameters            Asymptotic Standard Error
=======================            ==========================
a               = 0.000785214      +/- 9.46e-05     (12.05%)
mr              = 1.10796          +/- 0.01657      (1.496%)
c               = 0.000664047      +/- 0.001126     (169.5%)

correlation matrix of the fit parameters:
                a      mr     c      
a               1.000 
mr              0.998  1.000 
c              -0.610 -0.589  1.000 


*******************************************************************************
Tue Jan 27 16:18:06 2026


FIT:    data read from '../data/corrfunc.dat' u 1:column2[i]:column3[i] every ::0::(L-1)
        format = x:z:s
        #datapoints = 16
function used for fitting: f(x,a,mr,c)
	f(x,a,mr,c)=a*cosh((x-L/2)/mr)/mr+c
fitted parameters initialized with current variable values

iter      chisq       delta/lim  lambda   a             mr            c            
   0 6.6834253339e+12   0.00e+00  4.00e+06    8.000000e-01   8.000000e-01   6.640473e-04
  11 1.0455109669e+01  -1.16e-05  4.00e+00    2.425031e-03   1.259045e+00   8.691617e-04

After 11 iterations the fit converged.
final sum of squares of residuals : 10.4551
rel. change during last iteration : -1.16431e-10

degrees of freedom    (FIT_NDF)                        : 13
rms of residuals      (FIT_STDFIT) = sqrt(WSSR/ndf)    : 0.896794
variance of residuals (reduced chisquare) = WSSR/ndf   : 0.804239
p-value of the Chisq distribution (FIT_P)              : 0.656362

Final set of parameters            Asymptotic Standard Error
=======================            ==========================
a               = 0.00242503       +/- 0.0002426    (10%)
mr              = 1.25904          +/- 0.01762      (1.399%)
c               = 0.000869162      +/- 0.001324     (152.3%)

correlation matrix of the fit parameters:
                a      mr     c      
a               1.000 
mr              0.998  1.000 
c              -0.682 -0.658  1.000 


*******************************************************************************
Tue Jan 27 16:18:06 2026


FIT:    data read from '../data/corrfunc.dat' u 1:column2[i]:column3[i] every ::0::(L-1)
        format = x:z:s
        #datapoints = 16
function used for fitting: f(x,a,mr,c)
	f(x,a,mr,c)=a*cosh((x-L/2)/mr)/mr+c
fitted parameters initialized with current variable values

iter      chisq       delta/lim  lambda   a             mr            c            
   0 5.1072825208e+12   0.00e+00  3.47e+06    8.000000e-01   8.000000e-01   8.691617e-04
  12 7.4120687110e+00  -7.09e-05  3.47e-06    7.683938e-03   1.453095e+00   5.070995e-04

After 12 iterations the fit converged.
final sum of squares of residuals : 7.41207
rel. change during last iteration : -7.09048e-10

degrees of freedom    (FIT_NDF)                        : 13
rms of residuals      (FIT_STDFIT) = sqrt(WSSR/ndf)    : 0.755089
variance of residuals (reduced chisquare) = WSSR/ndf   : 0.570159
p-value of the Chisq distribution (FIT_P)              : 0.879687

Final set of parameters            Asymptotic Standard Error
=======================            ==========================
a               = 0.00768394       +/- 0.0005531    (7.198%)
mr              = 1.4531           +/- 0.01658      (1.141%)
c               = 0.000507099      +/- 0.001559     (307.3%)

correlation matrix of the fit parameters:
                a      mr     c      
a               1.000 
mr              0.997  1.000 
c              -0.782 -0.754  1.000 


*******************************************************************************
Tue Jan 27 16:18:06 2026


FIT:    data read from '../data/corrfunc.dat' u 1:column2[i]:column3[i] every ::0::(L-1)
        format = x:z:s
        #datapoints = 16
function used for fitting: f(x,a,mr,c)
	f(x,a,mr,c)=a*cosh((x-L/2)/mr)/mr+c
fitted parameters initialized with current variable values

iter      chisq       delta/lim  lambda   a             mr            c            
   0 5.2705498966e+12   0.00e+00  3.59e+06    8.000000e-01   8.000000e-01   5.070995e-04
  12 5.9386719075e+00  -1.17e-05  3.59e-06    2.574642e-02   1.726648e+00   3.192759e-03

After 12 iterations the fit converged.
final sum of squares of residuals : 5.93867
rel. change during last iteration : -1.16514e-10

degrees of freedom    (FIT_NDF)                        : 13
rms of residuals      (FIT_STDFIT) = sqrt(WSSR/ndf)    : 0.675885
variance of residuals (reduced chisquare) = WSSR/ndf   : 0.456821
p-value of the Chisq distribution (FIT_P)              : 0.948356

Final set of parameters            Asymptotic Standard Error
=======================            ==========================
a               = 0.0257464        +/- 0.001584     (6.151%)
mr              = 1.72665          +/- 0.01883      (1.091%)
c               = 0.00319276       +/- 0.002215     (69.37%)

correlation matrix of the fit parameters:
                a      mr     c      
a               1.000 
mr              0.997  1.000 
c              -0.855 -0.831  1.000 


*******************************************************************************
Tue Jan 27 16:18:06 2026


FIT:    data read from '../data/corrfunc.dat' u 1:column2[i]:column3[i] every ::0::(L-1)
        format = x:z:s
        #datapoints = 16
function used for fitting: f(x,a,mr,c)
	f(x,a,mr,c)=a*cosh((x-L/2)/mr)/mr+c
fitted parameters initialized with current variable values

iter      chisq       delta/lim  lambda   a             mr            c            
   0 6.2981668904e+12   0.00e+00  3.92e+06    8.000000e-01   8.000000e-01   3.192759e-03
  14 3.8995950773e+00  -3.48e-02  3.92e-05    8.290510e-02   2.079843e+00   8.322259e-04

After 14 iterations the fit converged.
final sum of squares of residuals : 3.8996
rel. change during last iteration : -3.47938e-07

degrees of freedom    (FIT_NDF)                        : 13
rms of residuals      (FIT_STDFIT) = sqrt(WSSR/ndf)    : 0.547694
variance of residuals (reduced chisquare) = WSSR/ndf   : 0.299969
p-value of the Chisq distribution (FIT_P)              : 0.992213

Final set of parameters            Asymptotic Standard Error
=======================            ==========================
a               = 0.0829051        +/- 0.00381      (4.596%)
mr              = 2.07984          +/- 0.01914      (0.9203%)
c               = 0.000832226      +/- 0.002961     (355.8%)

correlation matrix of the fit parameters:
                a      mr     c      
a               1.000 
mr              0.998  1.000 
c              -0.910 -0.889  1.000 


*******************************************************************************
Tue Jan 27 16:18:06 2026


FIT:    data read from '../data/corrfunc.dat' u 1:column2[i]:column3[i] every ::0::(L-1)
        format = x:z:s
        #datapoints = 16
function used for fitting: f(x,a,mr,c)
	f(x,a,mr,c)=a*cosh((x-L/2)/mr)/mr+c
fitted parameters initialized with current variable values

iter      chisq       delta/lim  lambda   a             mr            c            
   0 2.4627569095e+12   0.00e+00  2.45e+06    8.000000e-01   8.000000e-01   8.322259e-04
  20 4.7219961929e+00  -3.02e-05  2.45e-06    3.088570e-01   2.673760e+00   9.032111e-03

After 20 iterations the fit converged.
final sum of squares of residuals : 4.722
rel. change during last iteration : -3.02377e-10

degrees of freedom    (FIT_NDF)                        : 13
rms of residuals      (FIT_STDFIT) = sqrt(WSSR/ndf)    : 0.602686
variance of residuals (reduced chisquare) = WSSR/ndf   : 0.36323
p-value of the Chisq distribution (FIT_P)              : 0.980814

Final set of parameters            Asymptotic Standard Error
=======================            ==========================
a               = 0.308857         +/- 0.02118      (6.856%)
mr              = 2.67376          +/- 0.04294      (1.606%)
c               = 0.00903211       +/- 0.008256     (91.41%)

correlation matrix of the fit parameters:
                a      mr     c      
a               1.000 
mr              0.998  1.000 
c              -0.971 -0.958  1.000 


*******************************************************************************
Tue Jan 27 16:18:06 2026


FIT:    data read from '../data/corrfunc.dat' u 1:column2[i]:column3[i] every ::0::(L-1)
        format = x:z:s
        #datapoints = 16
function used for fitting: f(x,a,mr,c)
	f(x,a,mr,c)=a*cosh((x-L/2)/mr)/mr+c
fitted parameters initialized with current variable values

iter      chisq       delta/lim  lambda   a             mr            c            
   0 1.8138367654e+12   0.00e+00  2.09e+06    8.000000e-01   8.000000e-01   9.032111e-03
  93 9.1465629994e+00  -2.01e-01  2.09e-05    9.959014e-01   3.509263e+00   4.304912e-02

After 93 iterations the fit converged.
final sum of squares of residuals : 9.14656
rel. change during last iteration : -2.00745e-06

degrees of freedom    (FIT_NDF)                        : 13
rms of residuals      (FIT_STDFIT) = sqrt(WSSR/ndf)    : 0.838798
variance of residuals (reduced chisquare) = WSSR/ndf   : 0.703582
p-value of the Chisq distribution (FIT_P)              : 0.761786

Final set of parameters            Asymptotic Standard Error
=======================            ==========================
a               = 0.995901         +/- 0.147        (14.76%)
mr              = 3.50926          +/- 0.1372       (3.909%)
c               = 0.0430491        +/- 0.03502      (81.34%)

correlation matrix of the fit parameters:
                a      mr     c      
a               1.000 
mr              0.999  1.000 
c              -0.992 -0.985  1.000 


*******************************************************************************
Tue Jan 27 16:18:06 2026


FIT:    data read from '../data/corrfunc.dat' u 1:column2[i]:column3[i] every ::0::(L-1)
        format = x:z:s
        #datapoints = 16
function used for fitting: f(x,a,mr,c)
	f(x,a,mr,c)=a*cosh((x-L/2)/mr)/mr+c
fitted parameters initialized with current variable values

iter      chisq       delta/lim  lambda   a             mr            c            
   0 7.5333873360e+11   0.00e+00  1.36e+06    8.000000e-01   8.000000e-01   4.304912e-02
 179 5.7435308863e+00  -5.45e-05  1.36e-05    1.760625e+00   4.136162e+00   2.958265e-01

After 179 iterations the fit converged.
final sum of squares of residuals : 5.74353
rel. change during last iteration : -5.45385e-10

degrees of freedom    (FIT_NDF)                        : 13
rms of residuals      (FIT_STDFIT) = sqrt(WSSR/ndf)    : 0.664688
variance of residuals (reduced chisquare) = WSSR/ndf   : 0.44181
p-value of the Chisq distribution (FIT_P)              : 0.954991

Final set of parameters            Asymptotic Standard Error
=======================            ==========================
a               = 1.76062          +/- 0.5489       (31.18%)
mr              = 4.13616          +/- 0.3552       (8.587%)
c               = 0.295827         +/- 0.1059       (35.8%)

correlation matrix of the fit parameters:
                a      mr     c      
a               1.000 
mr              0.999  1.000 
c              -0.996 -0.993  1.000 


*******************************************************************************
Tue Jan 27 16:18:06 2026


FIT:    data read from '../data/corrfunc.dat' u 1:column2[i]:column3[i] every ::0::(L-1)
        format = x:z:s
        #datapoints = 16
function used for fitting: f(x,a,mr,c)
	f(x,a,mr,c)=a*cosh((x-L/2)/mr)/mr+c
fitted parameters initialized with current variable values

iter      chisq       delta/lim  lambda   a             mr            c            
   0 1.4533758520e+12   0.00e+00  1.88e+06    8.000000e-01   8.000000e-01   2.958265e-01
 101 6.9367992812e+00  -1.18e-01  1.88e-04    6.625893e-01   3.465318e+00   1.222821e+00

After 101 iterations the fit converged.
final sum of squares of residuals : 6.9368
rel. change during last iteration : -1.18379e-06

degrees of freedom    (FIT_NDF)                        : 13
rms of residuals      (FIT_STDFIT) = sqrt(WSSR/ndf)    : 0.730479
variance of residuals (reduced chisquare) = WSSR/ndf   : 0.5336
p-value of the Chisq distribution (FIT_P)              : 0.905379

Final set of parameters            Asymptotic Standard Error
=======================            ==========================
a               = 0.662589         +/- 0.156        (23.54%)
mr              = 3.46532          +/- 0.2131       (6.15%)
c               = 1.22282          +/- 0.03858      (3.155%)

correlation matrix of the fit parameters:
                a      mr     c      
a               1.000 
mr              0.999  1.000 
c              -0.990 -0.983  1.000 


*******************************************************************************
Tue Jan 27 16:18:06 2026


FIT:    data read from '../data/corrfunc.dat' u 1:column2[i]:column3[i] every ::0::(L-1)
        format = x:z:s
        #datapoints = 16
function used for fitting: f(x,a,mr,c)
	f(x,a,mr,c)=a*cosh((x-L/2)/mr)/mr+c
fitted parameters initialized with current variable values

iter      chisq       delta/lim  lambda   a             mr            c            
   0 1.2490548153e+12   0.00e+00  1.73e+06    8.000000e-01   8.000000e-01   1.222821e+00
  44 7.7657237769e+00  -4.59e-03  1.73e-04    4.235084e-02   2.110849e+00   2.143718e+00

After 44 iterations the fit converged.
final sum of squares of residuals : 7.76572
rel. change during last iteration : -4.59468e-08

degrees of freedom    (FIT_NDF)                        : 13
rms of residuals      (FIT_STDFIT) = sqrt(WSSR/ndf)    : 0.772893
variance of residuals (reduced chisquare) = WSSR/ndf   : 0.597363
p-value of the Chisq distribution (FIT_P)              : 0.858521

Final set of parameters            Asymptotic Standard Error
=======================            ==========================
a               = 0.0423508        +/- 0.01483      (35.02%)
mr              = 2.11085          +/- 0.1481       (7.016%)
c               = 2.14372          +/- 0.01268      (0.5916%)

correlation matrix of the fit parameters:
                a      mr     c      
a               1.000 
mr              0.998  1.000 
c              -0.914 -0.890  1.000 


*******************************************************************************
Tue Jan 27 16:24:41 2026


FIT:    data read from '../data/corrfunc.dat' u 1:column2[i]:column3[i] every ::0::(L-1)
        format = x:z:s
        #datapoints = 16
function used for fitting: f(x,a,mr,c)
	f(x,a,mr,c)=a*cosh((x-L/2)/mr)/mr+c
fitted parameters initialized with current variable values

iter      chisq       delta/lim  lambda   a             mr            c            
   0 5.8481527898e+14   0.00e+00  3.71e+07    8.000000e-01   8.000000e-01   1.000000e+00
  11 5.1734363848e+00  -4.95e-02  3.71e-04    8.769203e-05   1.177573e+00  -3.242575e-03

After 11 iterations the fit converged.
final sum of squares of residuals : 5.17344
rel. change during last iteration : -4.94607e-07

degrees of freedom    (FIT_NDF)                        : 13
rms of residuals      (FIT_STDFIT) = sqrt(WSSR/ndf)    : 0.630838
variance of residuals (reduced chisquare) = WSSR/ndf   : 0.397957
p-value of the Chisq distribution (FIT_P)              : 0.971174

Final set of parameters            Asymptotic Standard Error
=======================            ==========================
a               = 8.7692e-05       +/- 9.19e-06     (10.48%)
mr              = 1.17757          +/- 0.01651      (1.402%)
c               = -0.00324257      +/- 7.625e-05    (2.352%)

correlation matrix of the fit parameters:
                a      mr     c      
a               1.000 
mr              0.997  1.000 
c              -0.680 -0.652  1.000 


*******************************************************************************
Tue Jan 27 16:24:41 2026


FIT:    data read from '../data/corrfunc.dat' u 1:column2[i]:column3[i] every ::0::(L-1)
        format = x:z:s
        #datapoints = 16
function used for fitting: f(x,a,mr,c)
	f(x,a,mr,c)=a*cosh((x-L/2)/mr)/mr+c
fitted parameters initialized with current variable values

iter      chisq       delta/lim  lambda   a             mr            c            
   0 4.3480750478e+14   0.00e+00  3.16e+07    8.000000e-01   8.000000e-01  -3.242575e-03
  18 1.1177175755e+01  -3.60e-04  3.16e-04    2.993613e-04   1.356105e+00  -4.559734e-03

After 18 iterations the fit converged.
final sum of squares of residuals : 11.1772
rel. change during last iteration : -3.59745e-09

degrees of freedom    (FIT_NDF)                        : 13
rms of residuals      (FIT_STDFIT) = sqrt(WSSR/ndf)    : 0.927245
variance of residuals (reduced chisquare) = WSSR/ndf   : 0.859783
p-value of the Chisq distribution (FIT_P)              : 0.595978

Final set of parameters            Asymptotic Standard Error
=======================            ==========================
a               = 0.000299361      +/- 4.282e-05    (14.3%)
mr              = 1.3561           +/- 0.02933      (2.163%)
c               = -0.00455973      +/- 0.0001853    (4.063%)

correlation matrix of the fit parameters:
                a      mr     c      
a               1.000 
mr              0.997  1.000 
c              -0.770 -0.737  1.000 


*******************************************************************************
Tue Jan 27 16:24:41 2026


FIT:    data read from '../data/corrfunc.dat' u 1:column2[i]:column3[i] every ::0::(L-1)
        format = x:z:s
        #datapoints = 16
function used for fitting: f(x,a,mr,c)
	f(x,a,mr,c)=a*cosh((x-L/2)/mr)/mr+c
fitted parameters initialized with current variable values

iter      chisq       delta/lim  lambda   a             mr            c            
   0 2.6436385864e+14   0.00e+00  2.52e+07    8.000000e-01   8.000000e-01  -4.559734e-03
  48 1.0958499353e+01  -6.35e-06  2.52e+01    2.735643e-03   1.866985e+00  -8.080933e-03

After 48 iterations the fit converged.
final sum of squares of residuals : 10.9585
rel. change during last iteration : -6.35421e-11

degrees of freedom    (FIT_NDF)                        : 13
rms of residuals      (FIT_STDFIT) = sqrt(WSSR/ndf)    : 0.918129
variance of residuals (reduced chisquare) = WSSR/ndf   : 0.842961
p-value of the Chisq distribution (FIT_P)              : 0.614294

Final set of parameters            Asymptotic Standard Error
=======================            ==========================
a               = 0.00273564       +/- 0.0003358    (12.28%)
mr              = 1.86698          +/- 0.04432      (2.374%)
c               = -0.00808093      +/- 0.0002998    (3.71%)

correlation matrix of the fit parameters:
                a      mr     c      
a               1.000 
mr              0.996  1.000 
c              -0.867 -0.840  1.000 


*******************************************************************************
Tue Jan 27 16:24:41 2026


FIT:    data read from '../data/corrfunc.dat' u 1:column2[i]:column3[i] every ::0::(L-1)
        format = x:z:s
        #datapoints = 16
function used for fitting: f(x,a,mr,c)
	f(x,a,mr,c)=a*cosh((x-L/2)/mr)/mr+c
fitted parameters initialized with current variable values

iter      chisq       delta/lim  lambda   a             mr            c            
   0 7.4113967427e+13   0.00e+00  1.32e+07    8.000000e-01   8.000000e-01  -8.080933e-03
  36 2.3826960289e+00  -1.48e-04  1.32e-04    3.599015e-02   2.996841e+00  -2.145789e-02

After 36 iterations the fit converged.
final sum of squares of residuals : 2.3827
rel. change during last iteration : -1.47604e-09

degrees of freedom    (FIT_NDF)                        : 13
rms of residuals      (FIT_STDFIT) = sqrt(WSSR/ndf)    : 0.428117
variance of residuals (reduced chisquare) = WSSR/ndf   : 0.183284
p-value of the Chisq distribution (FIT_P)              : 0.9994

Final set of parameters            Asymptotic Standard Error
=======================            ==========================
a               = 0.0359901        +/- 0.003245     (9.017%)
mr              = 2.99684          +/- 0.06922      (2.31%)
c               = -0.0214579       +/- 0.000933     (4.348%)

correlation matrix of the fit parameters:
                a      mr     c      
a               1.000 
mr              0.998  1.000 
c              -0.987 -0.978  1.000 


*******************************************************************************
Tue Jan 27 16:24:41 2026


FIT:    data read from '../data/corrfunc.dat' u 1:column2[i]:column3[i] every ::0::(L-1)
        format = x:z:s
        #datapoints = 16
function used for fitting: f(x,a,mr,c)
	f(x,a,mr,c)=a*cosh((x-L/2)/mr)/mr+c
fitted parameters initialized with current variable values

iter      chisq       delta/lim  lambda   a             mr            c            
   0 2.8845346581e+13   0.00e+00  8.31e+06    8.000000e-01   8.000000e-01  -2.145789e-02
  63 1.6279446190e+00  -8.29e-07  8.31e-05    1.175821e-01   3.891891e+00  -1.820829e-02

After 63 iterations the fit converged.
final sum of squares of residuals : 1.62794
rel. change during last iteration : -8.29381e-12

degrees of freedom    (FIT_NDF)                        : 13
rms of residuals      (FIT_STDFIT) = sqrt(WSSR/ndf)    : 0.353874
variance of residuals (reduced chisquare) = WSSR/ndf   : 0.125227
p-value of the Chisq distribution (FIT_P)              : 0.99993

Final set of parameters            Asymptotic Standard Error
=======================            ==========================
a               = 0.117582         +/- 0.0173       (14.71%)
mr              = 3.89189          +/- 0.1609       (4.135%)
c               = -0.0182083       +/- 0.003367     (18.49%)

correlation matrix of the fit parameters:
                a      mr     c      
a               1.000 
mr              0.999  1.000 
c              -0.997 -0.994  1.000 


*******************************************************************************
Tue Jan 27 16:24:41 2026


FIT:    data read from '../data/corrfunc.dat' u 1:column2[i]:column3[i] every ::0::(L-1)
        format = x:z:s
        #datapoints = 16
function used for fitting: f(x,a,mr,c)
	f(x,a,mr,c)=a*cosh((x-L/2)/mr)/mr+c
fitted parameters initialized with current variable values

iter      chisq       delta/lim  lambda   a             mr            c            
   0 1.9563669959e+13   0.00e+00  6.88e+06    8.000000e-01   8.000000e-01  -1.820829e-02
  13 4.7442881000e+00  -5.42e-04  6.88e-01    2.491611e-04   1.356220e+00   1.553141e-03

After 13 iterations the fit converged.
final sum of squares of residuals : 4.74429
rel. change during last iteration : -5.41956e-09

degrees of freedom    (FIT_NDF)                        : 13
rms of residuals      (FIT_STDFIT) = sqrt(WSSR/ndf)    : 0.604107
variance of residuals (reduced chisquare) = WSSR/ndf   : 0.364945
p-value of the Chisq distribution (FIT_P)              : 0.980399

Final set of parameters            Asymptotic Standard Error
=======================            ==========================
a               = 0.000249161      +/- 0.000145     (58.21%)
mr              = 1.35622          +/- 0.1173       (8.651%)
c               = 0.00155314       +/- 0.000519     (33.42%)

correlation matrix of the fit parameters:
                a      mr     c      
a               1.000 
mr              0.997  1.000 
c              -0.721 -0.695  1.000 


*******************************************************************************
Tue Jan 27 16:24:41 2026


FIT:    data read from '../data/corrfunc.dat' u 1:column2[i]:column3[i] every ::0::(L-1)
        format = x:z:s
        #datapoints = 16
function used for fitting: f(x,a,mr,c)
	f(x,a,mr,c)=a*cosh((x-L/2)/mr)/mr+c
fitted parameters initialized with current variable values

iter      chisq       delta/lim  lambda   a             mr            c            
   0 2.7416624401e+13   0.00e+00  8.12e+06    8.000000e-01   8.000000e-01   1.553141e-03
  11 7.8859480504e+00  -2.21e-01  8.12e-05    2.381257e-05   1.057755e+00   5.446597e-04

After 11 iterations the fit converged.
final sum of squares of residuals : 7.88595
rel. change during last iteration : -2.21163e-06

degrees of freedom    (FIT_NDF)                        : 13
rms of residuals      (FIT_STDFIT) = sqrt(WSSR/ndf)    : 0.778853
variance of residuals (reduced chisquare) = WSSR/ndf   : 0.606611
p-value of the Chisq distribution (FIT_P)              : 0.85095

Final set of parameters            Asymptotic Standard Error
=======================            ==========================
a               = 2.38126e-05      +/- 2.945e-05    (123.7%)
mr              = 1.05776          +/- 0.157        (14.84%)
c               = 0.00054466       +/- 0.0004463    (81.94%)

correlation matrix of the fit parameters:
                a      mr     c      
a               1.000 
mr              0.998  1.000 
c              -0.565 -0.545  1.000 


*******************************************************************************
Tue Jan 27 16:24:41 2026


FIT:    data read from '../data/corrfunc.dat' u 1:column2[i]:column3[i] every ::0::(L-1)
        format = x:z:s
        #datapoints = 16
function used for fitting: f(x,a,mr,c)
	f(x,a,mr,c)=a*cosh((x-L/2)/mr)/mr+c
fitted parameters initialized with current variable values

iter      chisq       delta/lim  lambda   a             mr            c            
   0 1.2154960946e+13   0.00e+00  5.38e+06    8.000000e-01   8.000000e-01   5.446597e-04
  23 6.5215591252e+00  -8.13e-03  5.38e-05    8.912057e-07   7.826715e-01  -3.499462e-04

After 23 iterations the fit converged.
final sum of squares of residuals : 6.52156
rel. change during last iteration : -8.12753e-08

degrees of freedom    (FIT_NDF)                        : 13
rms of residuals      (FIT_STDFIT) = sqrt(WSSR/ndf)    : 0.708278
variance of residuals (reduced chisquare) = WSSR/ndf   : 0.501658
p-value of the Chisq distribution (FIT_P)              : 0.925098

Final set of parameters            Asymptotic Standard Error
=======================            ==========================
a               = 8.91206e-07      +/- 2.564e-06    (287.7%)
mr              = 0.782671         +/- 0.2055       (26.26%)
c               = -0.000349946     +/- 0.0004154    (118.7%)

correlation matrix of the fit parameters:
                a      mr     c      
a               1.000 
mr              0.999  1.000 
c              -0.431 -0.418  1.000 


*******************************************************************************
Tue Jan 27 16:24:41 2026


FIT:    data read from '../data/corrfunc.dat' u 1:column2[i]:column3[i] every ::0::(L-1)
        format = x:z:s
        #datapoints = 16
function used for fitting: f(x,a,mr,c)
	f(x,a,mr,c)=a*cosh((x-L/2)/mr)/mr+c
fitted parameters initialized with current variable values

iter      chisq       delta/lim  lambda   a             mr            c            
   0 1.3887295190e+13   0.00e+00  5.67e+06    8.000000e-01   8.000000e-01  -3.499462e-04
 314 1.6133654135e+00  -5.87e-01  5.67e-05    3.344438e-10   4.582212e-01   1.176547e-03

After 314 iterations the fit converged.
final sum of squares of residuals : 1.61337
rel. change during last iteration : -5.87405e-06

degrees of freedom    (FIT_NDF)                        : 13
rms of residuals      (FIT_STDFIT) = sqrt(WSSR/ndf)    : 0.352285
variance of residuals (reduced chisquare) = WSSR/ndf   : 0.124105
p-value of the Chisq distribution (FIT_P)              : 0.999934

Final set of parameters            Asymptotic Standard Error
=======================            ==========================
a               = 3.34444e-10      +/- 1.063e-09    (317.8%)
mr              = 0.458221         +/- 0.08008      (17.48%)
c               = 0.00117655       +/- 0.0002163    (18.38%)

correlation matrix of the fit parameters:
                a      mr     c      
a               1.000 
mr              1.000  1.000 
c              -0.417 -0.410  1.000 


*******************************************************************************
Tue Jan 27 16:24:41 2026


FIT:    data read from '../data/corrfunc.dat' u 1:column2[i]:column3[i] every ::0::(L-1)
        format = x:z:s
        #datapoints = 16
function used for fitting: f(x,a,mr,c)
	f(x,a,mr,c)=a*cosh((x-L/2)/mr)/mr+c
fitted parameters initialized with current variable values

iter      chisq       delta/lim  lambda   a             mr            c            
   0 1.0188251657e+13   0.00e+00  4.84e+06    8.000000e-01   8.000000e-01   1.176547e-03
  16 1.3949784096e+00  -3.76e-03  4.84e-06    7.174193e-07   7.926154e-01  -6.083094e-04

After 16 iterations the fit converged.
final sum of squares of residuals : 1.39498
rel. change during last iteration : -3.76266e-08

degrees of freedom    (FIT_NDF)                        : 13
rms of residuals      (FIT_STDFIT) = sqrt(WSSR/ndf)    : 0.327576
variance of residuals (reduced chisquare) = WSSR/ndf   : 0.107306
p-value of the Chisq distribution (FIT_P)              : 0.999972

Final set of parameters            Asymptotic Standard Error
=======================            ==========================
a               = 7.17419e-07      +/- 1.317e-06    (183.6%)
mr              = 0.792615         +/- 0.1362       (17.19%)
c               = -0.000608309     +/- 0.0002487    (40.89%)

correlation matrix of the fit parameters:
                a      mr     c      
a               1.000 
mr              0.998  1.000 
c              -0.470 -0.449  1.000 


*******************************************************************************
Tue Jan 27 16:24:41 2026


FIT:    data read from '../data/corrfunc.dat' u 1:column2[i]:column3[i] every ::0::(L-1)
        format = x:z:s
        #datapoints = 16
function used for fitting: f(x,a,mr,c)
	f(x,a,mr,c)=a*cosh((x-L/2)/mr)/mr+c
fitted parameters initialized with current variable values

iter      chisq       delta/lim  lambda   a             mr            c            
   0 2.3860116527e+13   0.00e+00  7.48e+06    8.000000e-01   8.000000e-01  -6.083094e-04
 271 7.6241399392e+00  -9.60e-01  7.48e-01    6.884888e-11   4.250630e-01   2.247465e-03

After 271 iterations the fit converged.
final sum of squares of residuals : 7.62414
rel. change during last iteration : -9.60289e-06

degrees of freedom    (FIT_NDF)                        : 13
rms of residuals      (FIT_STDFIT) = sqrt(WSSR/ndf)    : 0.765815
variance of residuals (reduced chisquare) = WSSR/ndf   : 0.586472
p-value of the Chisq distribution (FIT_P)              : 0.867196

Final set of parameters            Asymptotic Standard Error
=======================            ==========================
a               = 6.88489e-11      +/- 5.608e-10    (814.5%)
mr              = 0.425063         +/- 0.1768       (41.61%)
c               = 0.00224746       +/- 0.0004121    (18.33%)

correlation matrix of the fit parameters:
                a      mr     c      
a               1.000 
mr              1.000  1.000 
c              -0.440 -0.435  1.000 


*******************************************************************************
Tue Jan 27 16:34:09 2026


FIT:    data read from '../data/corrfunc.dat' u 1:column2[i]:column3[i] every ::0::(L-1)
        format = x:z:s
        #datapoints = 16
function used for fitting: f(x,a,mr,c)
	f(x,a,mr,c)=a*cosh((x-L/2)/mr)/mr+c
fitted parameters initialized with current variable values

iter      chisq       delta/lim  lambda   a             mr            c            
   0 6.0264652620e+14   0.00e+00  3.77e+07    8.000000e-01   8.000000e-01   1.000000e+00
  13 5.1211096972e+00  -6.53e-02  3.77e-03    1.089163e-04   1.213855e+00  -7.404835e-05

After 13 iterations the fit converged.
final sum of squares of residuals : 5.12111
rel. change during last iteration : -6.52817e-07

degrees of freedom    (FIT_NDF)                        : 13
rms of residuals      (FIT_STDFIT) = sqrt(WSSR/ndf)    : 0.62764
variance of residuals (reduced chisquare) = WSSR/ndf   : 0.393932
p-value of the Chisq distribution (FIT_P)              : 0.972429

Final set of parameters            Asymptotic Standard Error
=======================            ==========================
a               = 0.000108916      +/- 1.321e-05    (12.13%)
mr              = 1.21385          +/- 0.02         (1.648%)
c               = -7.40483e-05     +/- 0.0001005    (135.7%)

correlation matrix of the fit parameters:
                a      mr     c      
a               1.000 
mr              0.997  1.000 
c              -0.729 -0.703  1.000 


*******************************************************************************
Tue Jan 27 16:34:09 2026


FIT:    data read from '../data/corrfunc.dat' u 1:column2[i]:column3[i] every ::0::(L-1)
        format = x:z:s
        #datapoints = 16
function used for fitting: f(x,a,mr,c)
	f(x,a,mr,c)=a*cosh((x-L/2)/mr)/mr+c
fitted parameters initialized with current variable values

iter      chisq       delta/lim  lambda   a             mr            c            
   0 8.1441266275e+14   0.00e+00  4.43e+07    8.000000e-01   8.000000e-01  -7.404835e-05
  14 7.2844653318e+00  -1.32e-04  4.43e-05    4.552740e-04   1.440525e+00  -1.242250e-04

After 14 iterations the fit converged.
final sum of squares of residuals : 7.28447
rel. change during last iteration : -1.31759e-09

degrees of freedom    (FIT_NDF)                        : 13
rms of residuals      (FIT_STDFIT) = sqrt(WSSR/ndf)    : 0.748561
variance of residuals (reduced chisquare) = WSSR/ndf   : 0.560343
p-value of the Chisq distribution (FIT_P)              : 0.886903

Final set of parameters            Asymptotic Standard Error
=======================            ==========================
a               = 0.000455274      +/- 4.605e-05    (10.12%)
mr              = 1.44053          +/- 0.02271      (1.577%)
c               = -0.000124225     +/- 0.0001346    (108.4%)

correlation matrix of the fit parameters:
                a      mr     c      
a               1.000 
mr              0.997  1.000 
c              -0.723 -0.694  1.000 


*******************************************************************************
Tue Jan 27 16:34:09 2026


FIT:    data read from '../data/corrfunc.dat' u 1:column2[i]:column3[i] every ::0::(L-1)
        format = x:z:s
        #datapoints = 16
function used for fitting: f(x,a,mr,c)
	f(x,a,mr,c)=a*cosh((x-L/2)/mr)/mr+c
fitted parameters initialized with current variable values

iter      chisq       delta/lim  lambda   a             mr            c            
   0 2.9217078173e+14   0.00e+00  2.65e+07    8.000000e-01   8.000000e-01  -1.242250e-04
  14 7.4197756292e+00  -7.96e-04  2.65e-05    2.679263e-03   1.859405e+00  -3.790843e-04

After 14 iterations the fit converged.
final sum of squares of residuals : 7.41978
rel. change during last iteration : -7.96055e-09

degrees of freedom    (FIT_NDF)                        : 13
rms of residuals      (FIT_STDFIT) = sqrt(WSSR/ndf)    : 0.755481
variance of residuals (reduced chisquare) = WSSR/ndf   : 0.570752
p-value of the Chisq distribution (FIT_P)              : 0.879244

Final set of parameters            Asymptotic Standard Error
=======================            ==========================
a               = 0.00267926       +/- 0.0003155    (11.77%)
mr              = 1.8594           +/- 0.04177      (2.246%)
c               = -0.000379084     +/- 0.0003068    (80.94%)

correlation matrix of the fit parameters:
                a      mr     c      
a               1.000 
mr              0.997  1.000 
c              -0.856 -0.829  1.000 


*******************************************************************************
Tue Jan 27 16:34:09 2026


FIT:    data read from '../data/corrfunc.dat' u 1:column2[i]:column3[i] every ::0::(L-1)
        format = x:z:s
        #datapoints = 16
function used for fitting: f(x,a,mr,c)
	f(x,a,mr,c)=a*cosh((x-L/2)/mr)/mr+c
fitted parameters initialized with current variable values

iter      chisq       delta/lim  lambda   a             mr            c            
   0 1.2868209189e+14   0.00e+00  1.75e+07    8.000000e-01   8.000000e-01  -3.790843e-04
  17 8.8830974468e+00  -5.84e-02  1.75e-05    3.659736e-02   3.009712e+00  -1.056195e-03

After 17 iterations the fit converged.
final sum of squares of residuals : 8.8831
rel. change during last iteration : -5.83644e-07

degrees of freedom    (FIT_NDF)                        : 13
rms of residuals      (FIT_STDFIT) = sqrt(WSSR/ndf)    : 0.826629
variance of residuals (reduced chisquare) = WSSR/ndf   : 0.683315
p-value of the Chisq distribution (FIT_P)              : 0.781714

Final set of parameters            Asymptotic Standard Error
=======================            ==========================
a               = 0.0365974        +/- 0.006251     (17.08%)
mr              = 3.00971          +/- 0.13         (4.32%)
c               = -0.0010562       +/- 0.001827     (173%)

correlation matrix of the fit parameters:
                a      mr     c      
a               1.000 
mr              0.998  1.000 
c              -0.984 -0.975  1.000 


*******************************************************************************
Tue Jan 27 16:34:09 2026


FIT:    data read from '../data/corrfunc.dat' u 1:column2[i]:column3[i] every ::0::(L-1)
        format = x:z:s
        #datapoints = 16
function used for fitting: f(x,a,mr,c)
	f(x,a,mr,c)=a*cosh((x-L/2)/mr)/mr+c
fitted parameters initialized with current variable values

iter      chisq       delta/lim  lambda   a             mr            c            
   0 1.7958707509e+13   0.00e+00  6.57e+06    8.000000e-01   8.000000e-01  -1.056195e-03
 170 1.0219199703e+00  -1.26e-02  6.57e-06    2.728773e-01   4.936629e+00   1.343923e-01

After 170 iterations the fit converged.
final sum of squares of residuals : 1.02192
rel. change during last iteration : -1.26425e-07

degrees of freedom    (FIT_NDF)                        : 13
rms of residuals      (FIT_STDFIT) = sqrt(WSSR/ndf)    : 0.280373
variance of residuals (reduced chisquare) = WSSR/ndf   : 0.0786092
p-value of the Chisq distribution (FIT_P)              : 0.999996

Final set of parameters            Asymptotic Standard Error
=======================            ==========================
a               = 0.272877         +/- 0.05905      (21.64%)
mr              = 4.93663          +/- 0.3181       (6.443%)
c               = 0.134392         +/- 0.008598     (6.397%)

correlation matrix of the fit parameters:
                a      mr     c      
a               1.000 
mr              1.000  1.000 
c              -0.999 -0.998  1.000 


*******************************************************************************
Tue Jan 27 16:34:10 2026


FIT:    data read from '../data/corrfunc.dat' u 1:column2[i]:column3[i] every ::0::(L-1)
        format = x:z:s
        #datapoints = 16
function used for fitting: f(x,a,mr,c)
	f(x,a,mr,c)=a*cosh((x-L/2)/mr)/mr+c
fitted parameters initialized with current variable values

iter      chisq       delta/lim  lambda   a             mr            c            
   0 1.3022610745e+13   0.00e+00  5.57e+06    8.000000e-01   8.000000e-01   1.343923e-01
  12 6.2521390936e+00  -5.99e-04  5.57e-06    1.524741e-04   1.274609e+00   8.125487e-01

After 12 iterations the fit converged.
final sum of squares of residuals : 6.25214
rel. change during last iteration : -5.98746e-09

degrees of freedom    (FIT_NDF)                        : 13
rms of residuals      (FIT_STDFIT) = sqrt(WSSR/ndf)    : 0.693494
variance of residuals (reduced chisquare) = WSSR/ndf   : 0.480934
p-value of the Chisq distribution (FIT_P)              : 0.936493

Final set of parameters            Asymptotic Standard Error
=======================            ==========================
a               = 0.000152474      +/- 0.0001312    (86.05%)
mr              = 1.27461          +/- 0.1557       (12.22%)
c               = 0.812549         +/- 0.0007025    (0.08645%)

correlation matrix of the fit parameters:
                a      mr     c      
a               1.000 
mr              0.997  1.000 
c              -0.680 -0.652  1.000 


*******************************************************************************
Tue Jan 27 16:34:10 2026


FIT:    data read from '../data/corrfunc.dat' u 1:column2[i]:column3[i] every ::0::(L-1)
        format = x:z:s
        #datapoints = 16
function used for fitting: f(x,a,mr,c)
	f(x,a,mr,c)=a*cosh((x-L/2)/mr)/mr+c
fitted parameters initialized with current variable values

iter      chisq       delta/lim  lambda   a             mr            c            
   0 1.6024749955e+13   0.00e+00  6.11e+06    8.000000e-01   8.000000e-01   8.125487e-01
 439 6.8900450293e+00  -2.53e-02  6.11e-04    9.738845e-07   7.777179e-01   1.234107e+00

After 439 iterations the fit converged.
final sum of squares of residuals : 6.89005
rel. change during last iteration : -2.53022e-07

degrees of freedom    (FIT_NDF)                        : 13
rms of residuals      (FIT_STDFIT) = sqrt(WSSR/ndf)    : 0.728013
variance of residuals (reduced chisquare) = WSSR/ndf   : 0.530003
p-value of the Chisq distribution (FIT_P)              : 0.907729

Final set of parameters            Asymptotic Standard Error
=======================            ==========================
a               = 9.73884e-07      +/- 2.045e-06    (209.9%)
mr              = 0.777718         +/- 0.149        (19.16%)
c               = 1.23411          +/- 0.0004881    (0.03955%)

correlation matrix of the fit parameters:
                a      mr     c      
a               1.000 
mr              0.998  1.000 
c              -0.487 -0.468  1.000 


*******************************************************************************
Tue Jan 27 16:34:10 2026


FIT:    data read from '../data/corrfunc.dat' u 1:column2[i]:column3[i] every ::0::(L-1)
        format = x:z:s
        #datapoints = 16
function used for fitting: f(x,a,mr,c)
	f(x,a,mr,c)=a*cosh((x-L/2)/mr)/mr+c
fitted parameters initialized with current variable values

iter      chisq       delta/lim  lambda   a             mr            c            
   0 1.8602864559e+13   0.00e+00  6.65e+06    8.000000e-01   8.000000e-01   1.234107e+00
  28 7.0561254099e+00  -9.60e-02  6.65e-04    3.794717e-06   9.065768e-01   1.609663e+00

After 28 iterations the fit converged.
final sum of squares of residuals : 7.05613
rel. change during last iteration : -9.5985e-07

degrees of freedom    (FIT_NDF)                        : 13
rms of residuals      (FIT_STDFIT) = sqrt(WSSR/ndf)    : 0.736735
variance of residuals (reduced chisquare) = WSSR/ndf   : 0.542779
p-value of the Chisq distribution (FIT_P)              : 0.899236

Final set of parameters            Asymptotic Standard Error
=======================            ==========================
a               = 3.79472e-06      +/- 8.962e-06    (236.2%)
mr              = 0.906577         +/- 0.2238       (24.68%)
c               = 1.60966          +/- 0.0005198    (0.03229%)

correlation matrix of the fit parameters:
                a      mr     c      
a               1.000 
mr              0.998  1.000 
c              -0.546 -0.525  1.000 


*******************************************************************************
Tue Jan 27 16:34:10 2026


FIT:    data read from '../data/corrfunc.dat' u 1:column2[i]:column3[i] every ::0::(L-1)
        format = x:z:s
        #datapoints = 16
function used for fitting: f(x,a,mr,c)
	f(x,a,mr,c)=a*cosh((x-L/2)/mr)/mr+c
fitted parameters initialized with current variable values

iter      chisq       delta/lim  lambda   a             mr            c            
   0 1.2766493761e+13   0.00e+00  5.48e+06    8.000000e-01   8.000000e-01   1.609663e+00
  26 6.6973811641e+00  -2.26e-01  5.48e-07    2.923184e-05   1.174568e+00   1.964598e+00

After 26 iterations the fit converged.
final sum of squares of residuals : 6.69738
rel. change during last iteration : -2.25731e-06

degrees of freedom    (FIT_NDF)                        : 13
rms of residuals      (FIT_STDFIT) = sqrt(WSSR/ndf)    : 0.717763
variance of residuals (reduced chisquare) = WSSR/ndf   : 0.515183
p-value of the Chisq distribution (FIT_P)              : 0.917066

Final set of parameters            Asymptotic Standard Error
=======================            ==========================
a               = 2.92318e-05      +/- 7.411e-05    (253.5%)
mr              = 1.17457          +/- 0.3967       (33.77%)
c               = 1.9646           +/- 0.0006219    (0.03165%)

correlation matrix of the fit parameters:
                a      mr     c      
a               1.000 
mr              0.997  1.000 
c              -0.642 -0.614  1.000 


*******************************************************************************
Tue Jan 27 16:34:10 2026


FIT:    data read from '../data/corrfunc.dat' u 1:column2[i]:column3[i] every ::0::(L-1)
        format = x:z:s
        #datapoints = 16
function used for fitting: f(x,a,mr,c)
	f(x,a,mr,c)=a*cosh((x-L/2)/mr)/mr+c
fitted parameters initialized with current variable values

iter      chisq       delta/lim  lambda   a             mr            c            
   0 1.0465325853e+13   0.00e+00  4.92e+06    8.000000e-01   8.000000e-01   1.964598e+00
  13 1.0073728129e+01  -1.88e-01  4.92e-02    1.262139e+00   1.997562e+01   2.244022e+00

After 13 iterations the fit converged.
final sum of squares of residuals : 10.0737
rel. change during last iteration : -1.87869e-06

degrees of freedom    (FIT_NDF)                        : 13
rms of residuals      (FIT_STDFIT) = sqrt(WSSR/ndf)    : 0.880285
variance of residuals (reduced chisquare) = WSSR/ndf   : 0.774902
p-value of the Chisq distribution (FIT_P)              : 0.687895

Final set of parameters            Asymptotic Standard Error
=======================            ==========================
a               = 1.26214          +/- 234.3        (1.857e+04%)
mr              = 19.9756          +/- 1230         (6156%)
c               = 2.24402          +/- 7.847        (349.7%)

correlation matrix of the fit parameters:
                a      mr     c      
a               1.000 
mr              1.000  1.000 
c              -1.000 -1.000  1.000 


*******************************************************************************
Tue Jan 27 16:34:10 2026


FIT:    data read from '../data/corrfunc.dat' u 1:column2[i]:column3[i] every ::0::(L-1)
        format = x:z:s
        #datapoints = 16
function used for fitting: f(x,a,mr,c)
	f(x,a,mr,c)=a*cosh((x-L/2)/mr)/mr+c
fitted parameters initialized with current variable values

iter      chisq       delta/lim  lambda   a             mr            c            
   0 1.5690517802e+13   0.00e+00  6.13e+06    8.000000e-01   8.000000e-01   2.244022e+00
  12 1.4373641757e+01  -9.43e-01  6.13e-02    1.990944e-01   1.277123e+01   2.625135e+00

After 12 iterations the fit converged.
final sum of squares of residuals : 14.3736
rel. change during last iteration : -9.43384e-06

degrees of freedom    (FIT_NDF)                        : 13
rms of residuals      (FIT_STDFIT) = sqrt(WSSR/ndf)    : 1.05151
variance of residuals (reduced chisquare) = WSSR/ndf   : 1.10566
p-value of the Chisq distribution (FIT_P)              : 0.348066

Final set of parameters            Asymptotic Standard Error
=======================            ==========================
a               = 0.199094         +/- 22.56        (1.133e+04%)
mr              = 12.7712          +/- 475          (3719%)
c               = 2.62513          +/- 1.188        (45.25%)

correlation matrix of the fit parameters:
                a      mr     c      
a               1.000 
mr              1.000  1.000 
c              -1.000 -1.000  1.000 


*******************************************************************************
Tue Jan 27 16:42:19 2026


FIT:    data read from '../data/corrfunc.dat' u 1:column2[i]:column3[i] every ::0::(L-1)
        format = x:z:s
        #datapoints = 16
function used for fitting: f(x,a,mr,c)
	f(x,a,mr,c)=a*cosh((x-L/2)/mr)/mr+c
fitted parameters initialized with current variable values

iter      chisq       delta/lim  lambda   a             mr            c            
   0 6.0264652620e+14   0.00e+00  3.77e+07    8.000000e-01   8.000000e-01   1.000000e+00
  13 5.1211096972e+00  -6.53e-02  3.77e-03    1.089163e-04   1.213855e+00  -7.404835e-05

After 13 iterations the fit converged.
final sum of squares of residuals : 5.12111
rel. change during last iteration : -6.52817e-07

degrees of freedom    (FIT_NDF)                        : 13
rms of residuals      (FIT_STDFIT) = sqrt(WSSR/ndf)    : 0.62764
variance of residuals (reduced chisquare) = WSSR/ndf   : 0.393932
p-value of the Chisq distribution (FIT_P)              : 0.972429

Final set of parameters            Asymptotic Standard Error
=======================            ==========================
a               = 0.000108916      +/- 1.321e-05    (12.13%)
mr              = 1.21385          +/- 0.02         (1.648%)
c               = -7.40483e-05     +/- 0.0001005    (135.7%)

correlation matrix of the fit parameters:
                a      mr     c      
a               1.000 
mr              0.997  1.000 
c              -0.729 -0.703  1.000 


*******************************************************************************
Tue Jan 27 16:42:19 2026


FIT:    data read from '../data/corrfunc.dat' u 1:column2[i]:column3[i] every ::0::(L-1)
        format = x:z:s
        #datapoints = 16
function used for fitting: f(x,a,mr,c)
	f(x,a,mr,c)=a*cosh((x-L/2)/mr)/mr+c
fitted parameters initialized with current variable values

iter      chisq       delta/lim  lambda   a             mr            c            
   0 8.1441266275e+14   0.00e+00  4.43e+07    8.000000e-01   8.000000e-01  -7.404835e-05
  14 7.2844653318e+00  -1.32e-04  4.43e-05    4.552740e-04   1.440525e+00  -1.242250e-04

After 14 iterations the fit converged.
final sum of squares of residuals : 7.28447
rel. change during last iteration : -1.31759e-09

degrees of freedom    (FIT_NDF)                        : 13
rms of residuals      (FIT_STDFIT) = sqrt(WSSR/ndf)    : 0.748561
variance of residuals (reduced chisquare) = WSSR/ndf   : 0.560343
p-value of the Chisq distribution (FIT_P)              : 0.886903

Final set of parameters            Asymptotic Standard Error
=======================            ==========================
a               = 0.000455274      +/- 4.605e-05    (10.12%)
mr              = 1.44053          +/- 0.02271      (1.577%)
c               = -0.000124225     +/- 0.0001346    (108.4%)

correlation matrix of the fit parameters:
                a      mr     c      
a               1.000 
mr              0.997  1.000 
c              -0.723 -0.694  1.000 


*******************************************************************************
Tue Jan 27 16:42:19 2026


FIT:    data read from '../data/corrfunc.dat' u 1:column2[i]:column3[i] every ::0::(L-1)
        format = x:z:s
        #datapoints = 16
function used for fitting: f(x,a,mr,c)
	f(x,a,mr,c)=a*cosh((x-L/2)/mr)/mr+c
fitted parameters initialized with current variable values

iter      chisq       delta/lim  lambda   a             mr            c            
   0 2.9217078173e+14   0.00e+00  2.65e+07    8.000000e-01   8.000000e-01  -1.242250e-04
  14 7.4197756292e+00  -7.96e-04  2.65e-05    2.679263e-03   1.859405e+00  -3.790843e-04

After 14 iterations the fit converged.
final sum of squares of residuals : 7.41978
rel. change during last iteration : -7.96055e-09

degrees of freedom    (FIT_NDF)                        : 13
rms of residuals      (FIT_STDFIT) = sqrt(WSSR/ndf)    : 0.755481
variance of residuals (reduced chisquare) = WSSR/ndf   : 0.570752
p-value of the Chisq distribution (FIT_P)              : 0.879244

Final set of parameters            Asymptotic Standard Error
=======================            ==========================
a               = 0.00267926       +/- 0.0003155    (11.77%)
mr              = 1.8594           +/- 0.04177      (2.246%)
c               = -0.000379084     +/- 0.0003068    (80.94%)

correlation matrix of the fit parameters:
                a      mr     c      
a               1.000 
mr              0.997  1.000 
c              -0.856 -0.829  1.000 


*******************************************************************************
Tue Jan 27 16:42:19 2026


FIT:    data read from '../data/corrfunc.dat' u 1:column2[i]:column3[i] every ::0::(L-1)
        format = x:z:s
        #datapoints = 16
function used for fitting: f(x,a,mr,c)
	f(x,a,mr,c)=a*cosh((x-L/2)/mr)/mr+c
fitted parameters initialized with current variable values

iter      chisq       delta/lim  lambda   a             mr            c            
   0 1.2868209189e+14   0.00e+00  1.75e+07    8.000000e-01   8.000000e-01  -3.790843e-04
  17 8.8830974468e+00  -5.84e-02  1.75e-05    3.659736e-02   3.009712e+00  -1.056195e-03

After 17 iterations the fit converged.
final sum of squares of residuals : 8.8831
rel. change during last iteration : -5.83644e-07

degrees of freedom    (FIT_NDF)                        : 13
rms of residuals      (FIT_STDFIT) = sqrt(WSSR/ndf)    : 0.826629
variance of residuals (reduced chisquare) = WSSR/ndf   : 0.683315
p-value of the Chisq distribution (FIT_P)              : 0.781714

Final set of parameters            Asymptotic Standard Error
=======================            ==========================
a               = 0.0365974        +/- 0.006251     (17.08%)
mr              = 3.00971          +/- 0.13         (4.32%)
c               = -0.0010562       +/- 0.001827     (173%)

correlation matrix of the fit parameters:
                a      mr     c      
a               1.000 
mr              0.998  1.000 
c              -0.984 -0.975  1.000 


*******************************************************************************
Tue Jan 27 16:42:19 2026


FIT:    data read from '../data/corrfunc.dat' u 1:column2[i]:column3[i] every ::0::(L-1)
        format = x:z:s
        #datapoints = 16
function used for fitting: f(x,a,mr,c)
	f(x,a,mr,c)=a*cosh((x-L/2)/mr)/mr+c
fitted parameters initialized with current variable values

iter      chisq       delta/lim  lambda   a             mr            c            
   0 1.7958707509e+13   0.00e+00  6.57e+06    8.000000e-01   8.000000e-01  -1.056195e-03
 170 1.0219199703e+00  -1.26e-02  6.57e-06    2.728773e-01   4.936629e+00   1.343923e-01

After 170 iterations the fit converged.
final sum of squares of residuals : 1.02192
rel. change during last iteration : -1.26425e-07

degrees of freedom    (FIT_NDF)                        : 13
rms of residuals      (FIT_STDFIT) = sqrt(WSSR/ndf)    : 0.280373
variance of residuals (reduced chisquare) = WSSR/ndf   : 0.0786092
p-value of the Chisq distribution (FIT_P)              : 0.999996

Final set of parameters            Asymptotic Standard Error
=======================            ==========================
a               = 0.272877         +/- 0.05905      (21.64%)
mr              = 4.93663          +/- 0.3181       (6.443%)
c               = 0.134392         +/- 0.008598     (6.397%)

correlation matrix of the fit parameters:
                a      mr     c      
a               1.000 
mr              1.000  1.000 
c              -0.999 -0.998  1.000 


*******************************************************************************
Tue Jan 27 16:42:19 2026


FIT:    data read from '../data/corrfunc.dat' u 1:column2[i]:column3[i] every ::0::(L-1)
        format = x:z:s
        #datapoints = 16
function used for fitting: f(x,a,mr,c)
	f(x,a,mr,c)=a*cosh((x-L/2)/mr)/mr+c
fitted parameters initialized with current variable values

iter      chisq       delta/lim  lambda   a             mr            c            
   0 1.3022610745e+13   0.00e+00  5.57e+06    8.000000e-01   8.000000e-01   1.343923e-01
  12 6.2521390936e+00  -5.99e-04  5.57e-06    1.524741e-04   1.274609e+00   8.125487e-01

After 12 iterations the fit converged.
final sum of squares of residuals : 6.25214
rel. change during last iteration : -5.98746e-09

degrees of freedom    (FIT_NDF)                        : 13
rms of residuals      (FIT_STDFIT) = sqrt(WSSR/ndf)    : 0.693494
variance of residuals (reduced chisquare) = WSSR/ndf   : 0.480934
p-value of the Chisq distribution (FIT_P)              : 0.936493

Final set of parameters            Asymptotic Standard Error
=======================            ==========================
a               = 0.000152474      +/- 0.0001312    (86.05%)
mr              = 1.27461          +/- 0.1557       (12.22%)
c               = 0.812549         +/- 0.0007025    (0.08645%)

correlation matrix of the fit parameters:
                a      mr     c      
a               1.000 
mr              0.997  1.000 
c              -0.680 -0.652  1.000 


*******************************************************************************
Tue Jan 27 16:42:19 2026


FIT:    data read from '../data/corrfunc.dat' u 1:column2[i]:column3[i] every ::0::(L-1)
        format = x:z:s
        #datapoints = 16
function used for fitting: f(x,a,mr,c)
	f(x,a,mr,c)=a*cosh((x-L/2)/mr)/mr+c
fitted parameters initialized with current variable values

iter      chisq       delta/lim  lambda   a             mr            c            
   0 1.6024749955e+13   0.00e+00  6.11e+06    8.000000e-01   8.000000e-01   8.125487e-01
 439 6.8900450293e+00  -2.53e-02  6.11e-04    9.738845e-07   7.777179e-01   1.234107e+00

After 439 iterations the fit converged.
final sum of squares of residuals : 6.89005
rel. change during last iteration : -2.53022e-07

degrees of freedom    (FIT_NDF)                        : 13
rms of residuals      (FIT_STDFIT) = sqrt(WSSR/ndf)    : 0.728013
variance of residuals (reduced chisquare) = WSSR/ndf   : 0.530003
p-value of the Chisq distribution (FIT_P)              : 0.907729

Final set of parameters            Asymptotic Standard Error
=======================            ==========================
a               = 9.73884e-07      +/- 2.045e-06    (209.9%)
mr              = 0.777718         +/- 0.149        (19.16%)
c               = 1.23411          +/- 0.0004881    (0.03955%)

correlation matrix of the fit parameters:
                a      mr     c      
a               1.000 
mr              0.998  1.000 
c              -0.487 -0.468  1.000 


*******************************************************************************
Tue Jan 27 16:42:19 2026


FIT:    data read from '../data/corrfunc.dat' u 1:column2[i]:column3[i] every ::0::(L-1)
        format = x:z:s
        #datapoints = 16
function used for fitting: f(x,a,mr,c)
	f(x,a,mr,c)=a*cosh((x-L/2)/mr)/mr+c
fitted parameters initialized with current variable values

iter      chisq       delta/lim  lambda   a             mr            c            
   0 1.8602864559e+13   0.00e+00  6.65e+06    8.000000e-01   8.000000e-01   1.234107e+00
  28 7.0561254099e+00  -9.60e-02  6.65e-04    3.794717e-06   9.065768e-01   1.609663e+00

After 28 iterations the fit converged.
final sum of squares of residuals : 7.05613
rel. change during last iteration : -9.5985e-07

degrees of freedom    (FIT_NDF)                        : 13
rms of residuals      (FIT_STDFIT) = sqrt(WSSR/ndf)    : 0.736735
variance of residuals (reduced chisquare) = WSSR/ndf   : 0.542779
p-value of the Chisq distribution (FIT_P)              : 0.899236

Final set of parameters            Asymptotic Standard Error
=======================            ==========================
a               = 3.79472e-06      +/- 8.962e-06    (236.2%)
mr              = 0.906577         +/- 0.2238       (24.68%)
c               = 1.60966          +/- 0.0005198    (0.03229%)

correlation matrix of the fit parameters:
                a      mr     c      
a               1.000 
mr              0.998  1.000 
c              -0.546 -0.525  1.000 


*******************************************************************************
Tue Jan 27 16:42:19 2026


FIT:    data read from '../data/corrfunc.dat' u 1:column2[i]:column3[i] every ::0::(L-1)
        format = x:z:s
        #datapoints = 16
function used for fitting: f(x,a,mr,c)
	f(x,a,mr,c)=a*cosh((x-L/2)/mr)/mr+c
fitted parameters initialized with current variable values

iter      chisq       delta/lim  lambda   a             mr            c            
   0 1.2766493761e+13   0.00e+00  5.48e+06    8.000000e-01   8.000000e-01   1.609663e+00
  26 6.6973811641e+00  -2.26e-01  5.48e-07    2.923184e-05   1.174568e+00   1.964598e+00

After 26 iterations the fit converged.
final sum of squares of residuals : 6.69738
rel. change during last iteration : -2.25731e-06

degrees of freedom    (FIT_NDF)                        : 13
rms of residuals      (FIT_STDFIT) = sqrt(WSSR/ndf)    : 0.717763
variance of residuals (reduced chisquare) = WSSR/ndf   : 0.515183
p-value of the Chisq distribution (FIT_P)              : 0.917066

Final set of parameters            Asymptotic Standard Error
=======================            ==========================
a               = 2.92318e-05      +/- 7.411e-05    (253.5%)
mr              = 1.17457          +/- 0.3967       (33.77%)
c               = 1.9646           +/- 0.0006219    (0.03165%)

correlation matrix of the fit parameters:
                a      mr     c      
a               1.000 
mr              0.997  1.000 
c              -0.642 -0.614  1.000 


*******************************************************************************
Tue Jan 27 16:42:19 2026


FIT:    data read from '../data/corrfunc.dat' u 1:column2[i]:column3[i] every ::0::(L-1)
        format = x:z:s
        #datapoints = 16
function used for fitting: f(x,a,mr,c)
	f(x,a,mr,c)=a*cosh((x-L/2)/mr)/mr+c
fitted parameters initialized with current variable values

iter      chisq       delta/lim  lambda   a             mr            c            
   0 1.0465325853e+13   0.00e+00  4.92e+06    8.000000e-01   8.000000e-01   1.964598e+00
  13 1.0073728129e+01  -1.88e-01  4.92e-02    1.262139e+00   1.997562e+01   2.244022e+00

After 13 iterations the fit converged.
final sum of squares of residuals : 10.0737
rel. change during last iteration : -1.87869e-06

degrees of freedom    (FIT_NDF)                        : 13
rms of residuals      (FIT_STDFIT) = sqrt(WSSR/ndf)    : 0.880285
variance of residuals (reduced chisquare) = WSSR/ndf   : 0.774902
p-value of the Chisq distribution (FIT_P)              : 0.687895

Final set of parameters            Asymptotic Standard Error
=======================            ==========================
a               = 1.26214          +/- 234.3        (1.857e+04%)
mr              = 19.9756          +/- 1230         (6156%)
c               = 2.24402          +/- 7.847        (349.7%)

correlation matrix of the fit parameters:
                a      mr     c      
a               1.000 
mr              1.000  1.000 
c              -1.000 -1.000  1.000 


*******************************************************************************
Tue Jan 27 16:42:19 2026


FIT:    data read from '../data/corrfunc.dat' u 1:column2[i]:column3[i] every ::0::(L-1)
        format = x:z:s
        #datapoints = 16
function used for fitting: f(x,a,mr,c)
	f(x,a,mr,c)=a*cosh((x-L/2)/mr)/mr+c
fitted parameters initialized with current variable values

iter      chisq       delta/lim  lambda   a             mr            c            
   0 1.5690517802e+13   0.00e+00  6.13e+06    8.000000e-01   8.000000e-01   2.244022e+00
  12 1.4373641757e+01  -9.43e-01  6.13e-02    1.990944e-01   1.277123e+01   2.625135e+00

After 12 iterations the fit converged.
final sum of squares of residuals : 14.3736
rel. change during last iteration : -9.43384e-06

degrees of freedom    (FIT_NDF)                        : 13
rms of residuals      (FIT_STDFIT) = sqrt(WSSR/ndf)    : 1.05151
variance of residuals (reduced chisquare) = WSSR/ndf   : 1.10566
p-value of the Chisq distribution (FIT_P)              : 0.348066

Final set of parameters            Asymptotic Standard Error
=======================            ==========================
a               = 0.199094         +/- 22.56        (1.133e+04%)
mr              = 12.7712          +/- 475          (3719%)
c               = 2.62513          +/- 1.188        (45.25%)

correlation matrix of the fit parameters:
                a      mr     c      
a               1.000 
mr              1.000  1.000 
c              -1.000 -1.000  1.000 


*******************************************************************************
Tue Jan 27 16:42:45 2026


FIT:    data read from '../data/corrfunc.dat' u 1:column2[i]:column3[i] every ::0::(L-1)
        format = x:z:s
        #datapoints = 16
function used for fitting: f(x,a,mr,c)
	f(x,a,mr,c)=a*cosh((x-L/2)/mr)/mr+c
fitted parameters initialized with current variable values

iter      chisq       delta/lim  lambda   a             mr            c            
   0 6.0264652620e+14   0.00e+00  3.77e+07    8.000000e-01   8.000000e-01   1.000000e+00
  13 5.1211096972e+00  -6.53e-02  3.77e-03    1.089163e-04   1.213855e+00  -7.404835e-05

After 13 iterations the fit converged.
final sum of squares of residuals : 5.12111
rel. change during last iteration : -6.52817e-07

degrees of freedom    (FIT_NDF)                        : 13
rms of residuals      (FIT_STDFIT) = sqrt(WSSR/ndf)    : 0.62764
variance of residuals (reduced chisquare) = WSSR/ndf   : 0.393932
p-value of the Chisq distribution (FIT_P)              : 0.972429

Final set of parameters            Asymptotic Standard Error
=======================            ==========================
a               = 0.000108916      +/- 1.321e-05    (12.13%)
mr              = 1.21385          +/- 0.02         (1.648%)
c               = -7.40483e-05     +/- 0.0001005    (135.7%)

correlation matrix of the fit parameters:
                a      mr     c      
a               1.000 
mr              0.997  1.000 
c              -0.729 -0.703  1.000 


*******************************************************************************
Tue Jan 27 16:42:45 2026


FIT:    data read from '../data/corrfunc.dat' u 1:column2[i]:column3[i] every ::0::(L-1)
        format = x:z:s
        #datapoints = 16
function used for fitting: f(x,a,mr,c)
	f(x,a,mr,c)=a*cosh((x-L/2)/mr)/mr+c
fitted parameters initialized with current variable values

iter      chisq       delta/lim  lambda   a             mr            c            
   0 8.1441266275e+14   0.00e+00  4.43e+07    8.000000e-01   8.000000e-01  -7.404835e-05
  14 7.2844653318e+00  -1.32e-04  4.43e-05    4.552740e-04   1.440525e+00  -1.242250e-04

After 14 iterations the fit converged.
final sum of squares of residuals : 7.28447
rel. change during last iteration : -1.31759e-09

degrees of freedom    (FIT_NDF)                        : 13
rms of residuals      (FIT_STDFIT) = sqrt(WSSR/ndf)    : 0.748561
variance of residuals (reduced chisquare) = WSSR/ndf   : 0.560343
p-value of the Chisq distribution (FIT_P)              : 0.886903

Final set of parameters            Asymptotic Standard Error
=======================            ==========================
a               = 0.000455274      +/- 4.605e-05    (10.12%)
mr              = 1.44053          +/- 0.02271      (1.577%)
c               = -0.000124225     +/- 0.0001346    (108.4%)

correlation matrix of the fit parameters:
                a      mr     c      
a               1.000 
mr              0.997  1.000 
c              -0.723 -0.694  1.000 


*******************************************************************************
Tue Jan 27 16:42:45 2026


FIT:    data read from '../data/corrfunc.dat' u 1:column2[i]:column3[i] every ::0::(L-1)
        format = x:z:s
        #datapoints = 16
function used for fitting: f(x,a,mr,c)
	f(x,a,mr,c)=a*cosh((x-L/2)/mr)/mr+c
fitted parameters initialized with current variable values

iter      chisq       delta/lim  lambda   a             mr            c            
   0 2.9217078173e+14   0.00e+00  2.65e+07    8.000000e-01   8.000000e-01  -1.242250e-04
  14 7.4197756292e+00  -7.96e-04  2.65e-05    2.679263e-03   1.859405e+00  -3.790843e-04

After 14 iterations the fit converged.
final sum of squares of residuals : 7.41978
rel. change during last iteration : -7.96055e-09

degrees of freedom    (FIT_NDF)                        : 13
rms of residuals      (FIT_STDFIT) = sqrt(WSSR/ndf)    : 0.755481
variance of residuals (reduced chisquare) = WSSR/ndf   : 0.570752
p-value of the Chisq distribution (FIT_P)              : 0.879244

Final set of parameters            Asymptotic Standard Error
=======================            ==========================
a               = 0.00267926       +/- 0.0003155    (11.77%)
mr              = 1.8594           +/- 0.04177      (2.246%)
c               = -0.000379084     +/- 0.0003068    (80.94%)

correlation matrix of the fit parameters:
                a      mr     c      
a               1.000 
mr              0.997  1.000 
c              -0.856 -0.829  1.000 


*******************************************************************************
Tue Jan 27 16:42:45 2026


FIT:    data read from '../data/corrfunc.dat' u 1:column2[i]:column3[i] every ::0::(L-1)
        format = x:z:s
        #datapoints = 16
function used for fitting: f(x,a,mr,c)
	f(x,a,mr,c)=a*cosh((x-L/2)/mr)/mr+c
fitted parameters initialized with current variable values

iter      chisq       delta/lim  lambda   a             mr            c            
   0 1.2868209189e+14   0.00e+00  1.75e+07    8.000000e-01   8.000000e-01  -3.790843e-04
  17 8.8830974468e+00  -5.84e-02  1.75e-05    3.659736e-02   3.009712e+00  -1.056195e-03

After 17 iterations the fit converged.
final sum of squares of residuals : 8.8831
rel. change during last iteration : -5.83644e-07

degrees of freedom    (FIT_NDF)                        : 13
rms of residuals      (FIT_STDFIT) = sqrt(WSSR/ndf)    : 0.826629
variance of residuals (reduced chisquare) = WSSR/ndf   : 0.683315
p-value of the Chisq distribution (FIT_P)              : 0.781714

Final set of parameters            Asymptotic Standard Error
=======================            ==========================
a               = 0.0365974        +/- 0.006251     (17.08%)
mr              = 3.00971          +/- 0.13         (4.32%)
c               = -0.0010562       +/- 0.001827     (173%)

correlation matrix of the fit parameters:
                a      mr     c      
a               1.000 
mr              0.998  1.000 
c              -0.984 -0.975  1.000 


*******************************************************************************
Tue Jan 27 16:42:45 2026


FIT:    data read from '../data/corrfunc.dat' u 1:column2[i]:column3[i] every ::0::(L-1)
        format = x:z:s
        #datapoints = 16
function used for fitting: f(x,a,mr,c)
	f(x,a,mr,c)=a*cosh((x-L/2)/mr)/mr+c
fitted parameters initialized with current variable values

iter      chisq       delta/lim  lambda   a             mr            c            
   0 1.7958707509e+13   0.00e+00  6.57e+06    8.000000e-01   8.000000e-01  -1.056195e-03
 170 1.0219199703e+00  -1.26e-02  6.57e-06    2.728773e-01   4.936629e+00   1.343923e-01

After 170 iterations the fit converged.
final sum of squares of residuals : 1.02192
rel. change during last iteration : -1.26425e-07

degrees of freedom    (FIT_NDF)                        : 13
rms of residuals      (FIT_STDFIT) = sqrt(WSSR/ndf)    : 0.280373
variance of residuals (reduced chisquare) = WSSR/ndf   : 0.0786092
p-value of the Chisq distribution (FIT_P)              : 0.999996

Final set of parameters            Asymptotic Standard Error
=======================            ==========================
a               = 0.272877         +/- 0.05905      (21.64%)
mr              = 4.93663          +/- 0.3181       (6.443%)
c               = 0.134392         +/- 0.008598     (6.397%)

correlation matrix of the fit parameters:
                a      mr     c      
a               1.000 
mr              1.000  1.000 
c              -0.999 -0.998  1.000 


*******************************************************************************
Tue Jan 27 16:42:45 2026


FIT:    data read from '../data/corrfunc.dat' u 1:column2[i]:column3[i] every ::0::(L-1)
        format = x:z:s
        #datapoints = 16
function used for fitting: f(x,a,mr,c)
	f(x,a,mr,c)=a*cosh((x-L/2)/mr)/mr+c
fitted parameters initialized with current variable values

iter      chisq       delta/lim  lambda   a             mr            c            
   0 1.3022610745e+13   0.00e+00  5.57e+06    8.000000e-01   8.000000e-01   1.343923e-01
  12 6.2521390936e+00  -5.99e-04  5.57e-06    1.524741e-04   1.274609e+00   8.125487e-01

After 12 iterations the fit converged.
final sum of squares of residuals : 6.25214
rel. change during last iteration : -5.98746e-09

degrees of freedom    (FIT_NDF)                        : 13
rms of residuals      (FIT_STDFIT) = sqrt(WSSR/ndf)    : 0.693494
variance of residuals (reduced chisquare) = WSSR/ndf   : 0.480934
p-value of the Chisq distribution (FIT_P)              : 0.936493

Final set of parameters            Asymptotic Standard Error
=======================            ==========================
a               = 0.000152474      +/- 0.0001312    (86.05%)
mr              = 1.27461          +/- 0.1557       (12.22%)
c               = 0.812549         +/- 0.0007025    (0.08645%)

correlation matrix of the fit parameters:
                a      mr     c      
a               1.000 
mr              0.997  1.000 
c              -0.680 -0.652  1.000 


*******************************************************************************
Tue Jan 27 16:42:45 2026


FIT:    data read from '../data/corrfunc.dat' u 1:column2[i]:column3[i] every ::0::(L-1)
        format = x:z:s
        #datapoints = 16
function used for fitting: f(x,a,mr,c)
	f(x,a,mr,c)=a*cosh((x-L/2)/mr)/mr+c
fitted parameters initialized with current variable values

iter      chisq       delta/lim  lambda   a             mr            c            
   0 1.6024749955e+13   0.00e+00  6.11e+06    8.000000e-01   8.000000e-01   8.125487e-01
 439 6.8900450293e+00  -2.53e-02  6.11e-04    9.738845e-07   7.777179e-01   1.234107e+00

After 439 iterations the fit converged.
final sum of squares of residuals : 6.89005
rel. change during last iteration : -2.53022e-07

degrees of freedom    (FIT_NDF)                        : 13
rms of residuals      (FIT_STDFIT) = sqrt(WSSR/ndf)    : 0.728013
variance of residuals (reduced chisquare) = WSSR/ndf   : 0.530003
p-value of the Chisq distribution (FIT_P)              : 0.907729

Final set of parameters            Asymptotic Standard Error
=======================            ==========================
a               = 9.73884e-07      +/- 2.045e-06    (209.9%)
mr              = 0.777718         +/- 0.149        (19.16%)
c               = 1.23411          +/- 0.0004881    (0.03955%)

correlation matrix of the fit parameters:
                a      mr     c      
a               1.000 
mr              0.998  1.000 
c              -0.487 -0.468  1.000 


*******************************************************************************
Tue Jan 27 16:42:45 2026


FIT:    data read from '../data/corrfunc.dat' u 1:column2[i]:column3[i] every ::0::(L-1)
        format = x:z:s
        #datapoints = 16
function used for fitting: f(x,a,mr,c)
	f(x,a,mr,c)=a*cosh((x-L/2)/mr)/mr+c
fitted parameters initialized with current variable values

iter      chisq       delta/lim  lambda   a             mr            c            
   0 1.8602864559e+13   0.00e+00  6.65e+06    8.000000e-01   8.000000e-01   1.234107e+00
  28 7.0561254099e+00  -9.60e-02  6.65e-04    3.794717e-06   9.065768e-01   1.609663e+00

After 28 iterations the fit converged.
final sum of squares of residuals : 7.05613
rel. change during last iteration : -9.5985e-07

degrees of freedom    (FIT_NDF)                        : 13
rms of residuals      (FIT_STDFIT) = sqrt(WSSR/ndf)    : 0.736735
variance of residuals (reduced chisquare) = WSSR/ndf   : 0.542779
p-value of the Chisq distribution (FIT_P)              : 0.899236

Final set of parameters            Asymptotic Standard Error
=======================            ==========================
a               = 3.79472e-06      +/- 8.962e-06    (236.2%)
mr              = 0.906577         +/- 0.2238       (24.68%)
c               = 1.60966          +/- 0.0005198    (0.03229%)

correlation matrix of the fit parameters:
                a      mr     c      
a               1.000 
mr              0.998  1.000 
c              -0.546 -0.525  1.000 


*******************************************************************************
Tue Jan 27 16:42:45 2026


FIT:    data read from '../data/corrfunc.dat' u 1:column2[i]:column3[i] every ::0::(L-1)
        format = x:z:s
        #datapoints = 16
function used for fitting: f(x,a,mr,c)
	f(x,a,mr,c)=a*cosh((x-L/2)/mr)/mr+c
fitted parameters initialized with current variable values

iter      chisq       delta/lim  lambda   a             mr            c            
   0 1.2766493761e+13   0.00e+00  5.48e+06    8.000000e-01   8.000000e-01   1.609663e+00
  26 6.6973811641e+00  -2.26e-01  5.48e-07    2.923184e-05   1.174568e+00   1.964598e+00

After 26 iterations the fit converged.
final sum of squares of residuals : 6.69738
rel. change during last iteration : -2.25731e-06

degrees of freedom    (FIT_NDF)                        : 13
rms of residuals      (FIT_STDFIT) = sqrt(WSSR/ndf)    : 0.717763
variance of residuals (reduced chisquare) = WSSR/ndf   : 0.515183
p-value of the Chisq distribution (FIT_P)              : 0.917066

Final set of parameters            Asymptotic Standard Error
=======================            ==========================
a               = 2.92318e-05      +/- 7.411e-05    (253.5%)
mr              = 1.17457          +/- 0.3967       (33.77%)
c               = 1.9646           +/- 0.0006219    (0.03165%)

correlation matrix of the fit parameters:
                a      mr     c      
a               1.000 
mr              0.997  1.000 
c              -0.642 -0.614  1.000 


*******************************************************************************
Tue Jan 27 16:42:45 2026


FIT:    data read from '../data/corrfunc.dat' u 1:column2[i]:column3[i] every ::0::(L-1)
        format = x:z:s
        #datapoints = 16
function used for fitting: f(x,a,mr,c)
	f(x,a,mr,c)=a*cosh((x-L/2)/mr)/mr+c
fitted parameters initialized with current variable values

iter      chisq       delta/lim  lambda   a             mr            c            
   0 1.0465325853e+13   0.00e+00  4.92e+06    8.000000e-01   8.000000e-01   1.964598e+00
  13 1.0073728129e+01  -1.88e-01  4.92e-02    1.262139e+00   1.997562e+01   2.244022e+00

After 13 iterations the fit converged.
final sum of squares of residuals : 10.0737
rel. change during last iteration : -1.87869e-06

degrees of freedom    (FIT_NDF)                        : 13
rms of residuals      (FIT_STDFIT) = sqrt(WSSR/ndf)    : 0.880285
variance of residuals (reduced chisquare) = WSSR/ndf   : 0.774902
p-value of the Chisq distribution (FIT_P)              : 0.687895

Final set of parameters            Asymptotic Standard Error
=======================            ==========================
a               = 1.26214          +/- 234.3        (1.857e+04%)
mr              = 19.9756          +/- 1230         (6156%)
c               = 2.24402          +/- 7.847        (349.7%)

correlation matrix of the fit parameters:
                a      mr     c      
a               1.000 
mr              1.000  1.000 
c              -1.000 -1.000  1.000 


*******************************************************************************
Tue Jan 27 16:42:45 2026


FIT:    data read from '../data/corrfunc.dat' u 1:column2[i]:column3[i] every ::0::(L-1)
        format = x:z:s
        #datapoints = 16
function used for fitting: f(x,a,mr,c)
	f(x,a,mr,c)=a*cosh((x-L/2)/mr)/mr+c
fitted parameters initialized with current variable values

iter      chisq       delta/lim  lambda   a             mr            c            
   0 1.5690517802e+13   0.00e+00  6.13e+06    8.000000e-01   8.000000e-01   2.244022e+00
  12 1.4373641757e+01  -9.43e-01  6.13e-02    1.990944e-01   1.277123e+01   2.625135e+00

After 12 iterations the fit converged.
final sum of squares of residuals : 14.3736
rel. change during last iteration : -9.43384e-06

degrees of freedom    (FIT_NDF)                        : 13
rms of residuals      (FIT_STDFIT) = sqrt(WSSR/ndf)    : 1.05151
variance of residuals (reduced chisquare) = WSSR/ndf   : 1.10566
p-value of the Chisq distribution (FIT_P)              : 0.348066

Final set of parameters            Asymptotic Standard Error
=======================            ==========================
a               = 0.199094         +/- 22.56        (1.133e+04%)
mr              = 12.7712          +/- 475          (3719%)
c               = 2.62513          +/- 1.188        (45.25%)

correlation matrix of the fit parameters:
                a      mr     c      
a               1.000 
mr              1.000  1.000 
c              -1.000 -1.000  1.000 


*******************************************************************************
Tue Jan 27 16:43:47 2026


FIT:    data read from '../data/corrfunc.dat' u 1:column2[i]:column3[i] every ::0::(L-1)
        format = x:z:s
        #datapoints = 16
function used for fitting: f(x,a,mr,c)
	f(x,a,mr,c)=a*cosh((x-L/2)/mr)/mr+c
fitted parameters initialized with current variable values

iter      chisq       delta/lim  lambda   a             mr            c            
   0 6.0264652620e+14   0.00e+00  3.77e+07    8.000000e-01   8.000000e-01   1.000000e+00
  13 5.1211096972e+00  -6.53e-02  3.77e-03    1.089163e-04   1.213855e+00  -7.404835e-05

After 13 iterations the fit converged.
final sum of squares of residuals : 5.12111
rel. change during last iteration : -6.52817e-07

degrees of freedom    (FIT_NDF)                        : 13
rms of residuals      (FIT_STDFIT) = sqrt(WSSR/ndf)    : 0.62764
variance of residuals (reduced chisquare) = WSSR/ndf   : 0.393932
p-value of the Chisq distribution (FIT_P)              : 0.972429

Final set of parameters            Asymptotic Standard Error
=======================            ==========================
a               = 0.000108916      +/- 1.321e-05    (12.13%)
mr              = 1.21385          +/- 0.02         (1.648%)
c               = -7.40483e-05     +/- 0.0001005    (135.7%)

correlation matrix of the fit parameters:
                a      mr     c      
a               1.000 
mr              0.997  1.000 
c              -0.729 -0.703  1.000 


*******************************************************************************
Tue Jan 27 16:43:47 2026


FIT:    data read from '../data/corrfunc.dat' u 1:column2[i]:column3[i] every ::0::(L-1)
        format = x:z:s
        #datapoints = 16
function used for fitting: f(x,a,mr,c)
	f(x,a,mr,c)=a*cosh((x-L/2)/mr)/mr+c
fitted parameters initialized with current variable values

iter      chisq       delta/lim  lambda   a             mr            c            
   0 8.1441266275e+14   0.00e+00  4.43e+07    8.000000e-01   8.000000e-01  -7.404835e-05
  14 7.2844653318e+00  -1.32e-04  4.43e-05    4.552740e-04   1.440525e+00  -1.242250e-04

After 14 iterations the fit converged.
final sum of squares of residuals : 7.28447
rel. change during last iteration : -1.31759e-09

degrees of freedom    (FIT_NDF)                        : 13
rms of residuals      (FIT_STDFIT) = sqrt(WSSR/ndf)    : 0.748561
variance of residuals (reduced chisquare) = WSSR/ndf   : 0.560343
p-value of the Chisq distribution (FIT_P)              : 0.886903

Final set of parameters            Asymptotic Standard Error
=======================            ==========================
a               = 0.000455274      +/- 4.605e-05    (10.12%)
mr              = 1.44053          +/- 0.02271      (1.577%)
c               = -0.000124225     +/- 0.0001346    (108.4%)

correlation matrix of the fit parameters:
                a      mr     c      
a               1.000 
mr              0.997  1.000 
c              -0.723 -0.694  1.000 


*******************************************************************************
Tue Jan 27 16:43:47 2026


FIT:    data read from '../data/corrfunc.dat' u 1:column2[i]:column3[i] every ::0::(L-1)
        format = x:z:s
        #datapoints = 16
function used for fitting: f(x,a,mr,c)
	f(x,a,mr,c)=a*cosh((x-L/2)/mr)/mr+c
fitted parameters initialized with current variable values

iter      chisq       delta/lim  lambda   a             mr            c            
   0 2.9217078173e+14   0.00e+00  2.65e+07    8.000000e-01   8.000000e-01  -1.242250e-04
  14 7.4197756292e+00  -7.96e-04  2.65e-05    2.679263e-03   1.859405e+00  -3.790843e-04

After 14 iterations the fit converged.
final sum of squares of residuals : 7.41978
rel. change during last iteration : -7.96055e-09

degrees of freedom    (FIT_NDF)                        : 13
rms of residuals      (FIT_STDFIT) = sqrt(WSSR/ndf)    : 0.755481
variance of residuals (reduced chisquare) = WSSR/ndf   : 0.570752
p-value of the Chisq distribution (FIT_P)              : 0.879244

Final set of parameters            Asymptotic Standard Error
=======================            ==========================
a               = 0.00267926       +/- 0.0003155    (11.77%)
mr              = 1.8594           +/- 0.04177      (2.246%)
c               = -0.000379084     +/- 0.0003068    (80.94%)

correlation matrix of the fit parameters:
                a      mr     c      
a               1.000 
mr              0.997  1.000 
c              -0.856 -0.829  1.000 


*******************************************************************************
Tue Jan 27 16:43:47 2026


FIT:    data read from '../data/corrfunc.dat' u 1:column2[i]:column3[i] every ::0::(L-1)
        format = x:z:s
        #datapoints = 16
function used for fitting: f(x,a,mr,c)
	f(x,a,mr,c)=a*cosh((x-L/2)/mr)/mr+c
fitted parameters initialized with current variable values

iter      chisq       delta/lim  lambda   a             mr            c            
   0 1.2868209189e+14   0.00e+00  1.75e+07    8.000000e-01   8.000000e-01  -3.790843e-04
  17 8.8830974468e+00  -5.84e-02  1.75e-05    3.659736e-02   3.009712e+00  -1.056195e-03

After 17 iterations the fit converged.
final sum of squares of residuals : 8.8831
rel. change during last iteration : -5.83644e-07

degrees of freedom    (FIT_NDF)                        : 13
rms of residuals      (FIT_STDFIT) = sqrt(WSSR/ndf)    : 0.826629
variance of residuals (reduced chisquare) = WSSR/ndf   : 0.683315
p-value of the Chisq distribution (FIT_P)              : 0.781714

Final set of parameters            Asymptotic Standard Error
=======================            ==========================
a               = 0.0365974        +/- 0.006251     (17.08%)
mr              = 3.00971          +/- 0.13         (4.32%)
c               = -0.0010562       +/- 0.001827     (173%)

correlation matrix of the fit parameters:
                a      mr     c      
a               1.000 
mr              0.998  1.000 
c              -0.984 -0.975  1.000 


*******************************************************************************
Tue Jan 27 16:43:47 2026


FIT:    data read from '../data/corrfunc.dat' u 1:column2[i]:column3[i] every ::0::(L-1)
        format = x:z:s
        #datapoints = 16
function used for fitting: f(x,a,mr,c)
	f(x,a,mr,c)=a*cosh((x-L/2)/mr)/mr+c
fitted parameters initialized with current variable values

iter      chisq       delta/lim  lambda   a             mr            c            
   0 1.7958707509e+13   0.00e+00  6.57e+06    8.000000e-01   8.000000e-01  -1.056195e-03
 170 1.0219199703e+00  -1.26e-02  6.57e-06    2.728773e-01   4.936629e+00   1.343923e-01

After 170 iterations the fit converged.
final sum of squares of residuals : 1.02192
rel. change during last iteration : -1.26425e-07

degrees of freedom    (FIT_NDF)                        : 13
rms of residuals      (FIT_STDFIT) = sqrt(WSSR/ndf)    : 0.280373
variance of residuals (reduced chisquare) = WSSR/ndf   : 0.0786092
p-value of the Chisq distribution (FIT_P)              : 0.999996

Final set of parameters            Asymptotic Standard Error
=======================            ==========================
a               = 0.272877         +/- 0.05905      (21.64%)
mr              = 4.93663          +/- 0.3181       (6.443%)
c               = 0.134392         +/- 0.008598     (6.397%)

correlation matrix of the fit parameters:
                a      mr     c      
a               1.000 
mr              1.000  1.000 
c              -0.999 -0.998  1.000 


*******************************************************************************
Tue Jan 27 16:43:47 2026


FIT:    data read from '../data/corrfunc.dat' u 1:column2[i]:column3[i] every ::0::(L-1)
        format = x:z:s
        #datapoints = 16
function used for fitting: f(x,a,mr,c)
	f(x,a,mr,c)=a*cosh((x-L/2)/mr)/mr+c
fitted parameters initialized with current variable values

iter      chisq       delta/lim  lambda   a             mr            c            
   0 1.3022610745e+13   0.00e+00  5.57e+06    8.000000e-01   8.000000e-01   1.343923e-01
  12 6.2521390936e+00  -5.99e-04  5.57e-06    1.524741e-04   1.274609e+00   8.125487e-01

After 12 iterations the fit converged.
final sum of squares of residuals : 6.25214
rel. change during last iteration : -5.98746e-09

degrees of freedom    (FIT_NDF)                        : 13
rms of residuals      (FIT_STDFIT) = sqrt(WSSR/ndf)    : 0.693494
variance of residuals (reduced chisquare) = WSSR/ndf   : 0.480934
p-value of the Chisq distribution (FIT_P)              : 0.936493

Final set of parameters            Asymptotic Standard Error
=======================            ==========================
a               = 0.000152474      +/- 0.0001312    (86.05%)
mr              = 1.27461          +/- 0.1557       (12.22%)
c               = 0.812549         +/- 0.0007025    (0.08645%)

correlation matrix of the fit parameters:
                a      mr     c      
a               1.000 
mr              0.997  1.000 
c              -0.680 -0.652  1.000 


*******************************************************************************
Tue Jan 27 16:43:47 2026


FIT:    data read from '../data/corrfunc.dat' u 1:column2[i]:column3[i] every ::0::(L-1)
        format = x:z:s
        #datapoints = 16
function used for fitting: f(x,a,mr,c)
	f(x,a,mr,c)=a*cosh((x-L/2)/mr)/mr+c
fitted parameters initialized with current variable values

iter      chisq       delta/lim  lambda   a             mr            c            
   0 1.6024749955e+13   0.00e+00  6.11e+06    8.000000e-01   8.000000e-01   8.125487e-01
 439 6.8900450293e+00  -2.53e-02  6.11e-04    9.738845e-07   7.777179e-01   1.234107e+00

After 439 iterations the fit converged.
final sum of squares of residuals : 6.89005
rel. change during last iteration : -2.53022e-07

degrees of freedom    (FIT_NDF)                        : 13
rms of residuals      (FIT_STDFIT) = sqrt(WSSR/ndf)    : 0.728013
variance of residuals (reduced chisquare) = WSSR/ndf   : 0.530003
p-value of the Chisq distribution (FIT_P)              : 0.907729

Final set of parameters            Asymptotic Standard Error
=======================            ==========================
a               = 9.73884e-07      +/- 2.045e-06    (209.9%)
mr              = 0.777718         +/- 0.149        (19.16%)
c               = 1.23411          +/- 0.0004881    (0.03955%)

correlation matrix of the fit parameters:
                a      mr     c      
a               1.000 
mr              0.998  1.000 
c              -0.487 -0.468  1.000 


*******************************************************************************
Tue Jan 27 16:43:48 2026


FIT:    data read from '../data/corrfunc.dat' u 1:column2[i]:column3[i] every ::0::(L-1)
        format = x:z:s
        #datapoints = 16
function used for fitting: f(x,a,mr,c)
	f(x,a,mr,c)=a*cosh((x-L/2)/mr)/mr+c
fitted parameters initialized with current variable values

iter      chisq       delta/lim  lambda   a             mr            c            
   0 1.8602864559e+13   0.00e+00  6.65e+06    8.000000e-01   8.000000e-01   1.234107e+00
  28 7.0561254099e+00  -9.60e-02  6.65e-04    3.794717e-06   9.065768e-01   1.609663e+00

After 28 iterations the fit converged.
final sum of squares of residuals : 7.05613
rel. change during last iteration : -9.5985e-07

degrees of freedom    (FIT_NDF)                        : 13
rms of residuals      (FIT_STDFIT) = sqrt(WSSR/ndf)    : 0.736735
variance of residuals (reduced chisquare) = WSSR/ndf   : 0.542779
p-value of the Chisq distribution (FIT_P)              : 0.899236

Final set of parameters            Asymptotic Standard Error
=======================            ==========================
a               = 3.79472e-06      +/- 8.962e-06    (236.2%)
mr              = 0.906577         +/- 0.2238       (24.68%)
c               = 1.60966          +/- 0.0005198    (0.03229%)

correlation matrix of the fit parameters:
                a      mr     c      
a               1.000 
mr              0.998  1.000 
c              -0.546 -0.525  1.000 


*******************************************************************************
Tue Jan 27 16:43:48 2026


FIT:    data read from '../data/corrfunc.dat' u 1:column2[i]:column3[i] every ::0::(L-1)
        format = x:z:s
        #datapoints = 16
function used for fitting: f(x,a,mr,c)
	f(x,a,mr,c)=a*cosh((x-L/2)/mr)/mr+c
fitted parameters initialized with current variable values

iter      chisq       delta/lim  lambda   a             mr            c            
   0 1.2766493761e+13   0.00e+00  5.48e+06    8.000000e-01   8.000000e-01   1.609663e+00
  26 6.6973811641e+00  -2.26e-01  5.48e-07    2.923184e-05   1.174568e+00   1.964598e+00

After 26 iterations the fit converged.
final sum of squares of residuals : 6.69738
rel. change during last iteration : -2.25731e-06

degrees of freedom    (FIT_NDF)                        : 13
rms of residuals      (FIT_STDFIT) = sqrt(WSSR/ndf)    : 0.717763
variance of residuals (reduced chisquare) = WSSR/ndf   : 0.515183
p-value of the Chisq distribution (FIT_P)              : 0.917066

Final set of parameters            Asymptotic Standard Error
=======================            ==========================
a               = 2.92318e-05      +/- 7.411e-05    (253.5%)
mr              = 1.17457          +/- 0.3967       (33.77%)
c               = 1.9646           +/- 0.0006219    (0.03165%)

correlation matrix of the fit parameters:
                a      mr     c      
a               1.000 
mr              0.997  1.000 
c              -0.642 -0.614  1.000 


*******************************************************************************
Tue Jan 27 16:43:48 2026


FIT:    data read from '../data/corrfunc.dat' u 1:column2[i]:column3[i] every ::0::(L-1)
        format = x:z:s
        #datapoints = 16
function used for fitting: f(x,a,mr,c)
	f(x,a,mr,c)=a*cosh((x-L/2)/mr)/mr+c
fitted parameters initialized with current variable values

iter      chisq       delta/lim  lambda   a             mr            c            
   0 1.0465325853e+13   0.00e+00  4.92e+06    8.000000e-01   8.000000e-01   1.964598e+00
  13 1.0073728129e+01  -1.88e-01  4.92e-02    1.262139e+00   1.997562e+01   2.244022e+00

After 13 iterations the fit converged.
final sum of squares of residuals : 10.0737
rel. change during last iteration : -1.87869e-06

degrees of freedom    (FIT_NDF)                        : 13
rms of residuals      (FIT_STDFIT) = sqrt(WSSR/ndf)    : 0.880285
variance of residuals (reduced chisquare) = WSSR/ndf   : 0.774902
p-value of the Chisq distribution (FIT_P)              : 0.687895

Final set of parameters            Asymptotic Standard Error
=======================            ==========================
a               = 1.26214          +/- 234.3        (1.857e+04%)
mr              = 19.9756          +/- 1230         (6156%)
c               = 2.24402          +/- 7.847        (349.7%)

correlation matrix of the fit parameters:
                a      mr     c      
a               1.000 
mr              1.000  1.000 
c              -1.000 -1.000  1.000 


*******************************************************************************
Tue Jan 27 16:43:48 2026


FIT:    data read from '../data/corrfunc.dat' u 1:column2[i]:column3[i] every ::0::(L-1)
        format = x:z:s
        #datapoints = 16
function used for fitting: f(x,a,mr,c)
	f(x,a,mr,c)=a*cosh((x-L/2)/mr)/mr+c
fitted parameters initialized with current variable values

iter      chisq       delta/lim  lambda   a             mr            c            
   0 1.5690517802e+13   0.00e+00  6.13e+06    8.000000e-01   8.000000e-01   2.244022e+00
  12 1.4373641757e+01  -9.43e-01  6.13e-02    1.990944e-01   1.277123e+01   2.625135e+00

After 12 iterations the fit converged.
final sum of squares of residuals : 14.3736
rel. change during last iteration : -9.43384e-06

degrees of freedom    (FIT_NDF)                        : 13
rms of residuals      (FIT_STDFIT) = sqrt(WSSR/ndf)    : 1.05151
variance of residuals (reduced chisquare) = WSSR/ndf   : 1.10566
p-value of the Chisq distribution (FIT_P)              : 0.348066

Final set of parameters            Asymptotic Standard Error
=======================            ==========================
a               = 0.199094         +/- 22.56        (1.133e+04%)
mr              = 12.7712          +/- 475          (3719%)
c               = 2.62513          +/- 1.188        (45.25%)

correlation matrix of the fit parameters:
                a      mr     c      
a               1.000 
mr              1.000  1.000 
c              -1.000 -1.000  1.000 


*******************************************************************************
Tue Jan 27 16:44:19 2026


FIT:    data read from '../data/corrfunc.dat' u 1:column2[i]:column3[i] every ::0::(L-1)
        format = x:z:s
        #datapoints = 16
function used for fitting: f(x,a,mr,c)
	f(x,a,mr,c)=a*cosh((x-L/2)/mr)/mr+c
fitted parameters initialized with current variable values

iter      chisq       delta/lim  lambda   a             mr            c            
   0 6.0264652620e+14   0.00e+00  3.77e+07    8.000000e-01   8.000000e-01   1.000000e+00
  13 5.1211096972e+00  -6.53e-02  3.77e-03    1.089163e-04   1.213855e+00  -7.404835e-05

After 13 iterations the fit converged.
final sum of squares of residuals : 5.12111
rel. change during last iteration : -6.52817e-07

degrees of freedom    (FIT_NDF)                        : 13
rms of residuals      (FIT_STDFIT) = sqrt(WSSR/ndf)    : 0.62764
variance of residuals (reduced chisquare) = WSSR/ndf   : 0.393932
p-value of the Chisq distribution (FIT_P)              : 0.972429

Final set of parameters            Asymptotic Standard Error
=======================            ==========================
a               = 0.000108916      +/- 1.321e-05    (12.13%)
mr              = 1.21385          +/- 0.02         (1.648%)
c               = -7.40483e-05     +/- 0.0001005    (135.7%)

correlation matrix of the fit parameters:
                a      mr     c      
a               1.000 
mr              0.997  1.000 
c              -0.729 -0.703  1.000 


*******************************************************************************
Tue Jan 27 16:44:19 2026


FIT:    data read from '../data/corrfunc.dat' u 1:column2[i]:column3[i] every ::0::(L-1)
        format = x:z:s
        #datapoints = 16
function used for fitting: f(x,a,mr,c)
	f(x,a,mr,c)=a*cosh((x-L/2)/mr)/mr+c
fitted parameters initialized with current variable values

iter      chisq       delta/lim  lambda   a             mr            c            
   0 8.1441266275e+14   0.00e+00  4.43e+07    8.000000e-01   8.000000e-01  -7.404835e-05
  14 7.2844653318e+00  -1.32e-04  4.43e-05    4.552740e-04   1.440525e+00  -1.242250e-04

After 14 iterations the fit converged.
final sum of squares of residuals : 7.28447
rel. change during last iteration : -1.31759e-09

degrees of freedom    (FIT_NDF)                        : 13
rms of residuals      (FIT_STDFIT) = sqrt(WSSR/ndf)    : 0.748561
variance of residuals (reduced chisquare) = WSSR/ndf   : 0.560343
p-value of the Chisq distribution (FIT_P)              : 0.886903

Final set of parameters            Asymptotic Standard Error
=======================            ==========================
a               = 0.000455274      +/- 4.605e-05    (10.12%)
mr              = 1.44053          +/- 0.02271      (1.577%)
c               = -0.000124225     +/- 0.0001346    (108.4%)

correlation matrix of the fit parameters:
                a      mr     c      
a               1.000 
mr              0.997  1.000 
c              -0.723 -0.694  1.000 


*******************************************************************************
Tue Jan 27 16:44:19 2026


FIT:    data read from '../data/corrfunc.dat' u 1:column2[i]:column3[i] every ::0::(L-1)
        format = x:z:s
        #datapoints = 16
function used for fitting: f(x,a,mr,c)
	f(x,a,mr,c)=a*cosh((x-L/2)/mr)/mr+c
fitted parameters initialized with current variable values

iter      chisq       delta/lim  lambda   a             mr            c            
   0 2.9217078173e+14   0.00e+00  2.65e+07    8.000000e-01   8.000000e-01  -1.242250e-04
  14 7.4197756292e+00  -7.96e-04  2.65e-05    2.679263e-03   1.859405e+00  -3.790843e-04

After 14 iterations the fit converged.
final sum of squares of residuals : 7.41978
rel. change during last iteration : -7.96055e-09

degrees of freedom    (FIT_NDF)                        : 13
rms of residuals      (FIT_STDFIT) = sqrt(WSSR/ndf)    : 0.755481
variance of residuals (reduced chisquare) = WSSR/ndf   : 0.570752
p-value of the Chisq distribution (FIT_P)              : 0.879244

Final set of parameters            Asymptotic Standard Error
=======================            ==========================
a               = 0.00267926       +/- 0.0003155    (11.77%)
mr              = 1.8594           +/- 0.04177      (2.246%)
c               = -0.000379084     +/- 0.0003068    (80.94%)

correlation matrix of the fit parameters:
                a      mr     c      
a               1.000 
mr              0.997  1.000 
c              -0.856 -0.829  1.000 


*******************************************************************************
Tue Jan 27 16:44:19 2026


FIT:    data read from '../data/corrfunc.dat' u 1:column2[i]:column3[i] every ::0::(L-1)
        format = x:z:s
        #datapoints = 16
function used for fitting: f(x,a,mr,c)
	f(x,a,mr,c)=a*cosh((x-L/2)/mr)/mr+c
fitted parameters initialized with current variable values

iter      chisq       delta/lim  lambda   a             mr            c            
   0 1.2868209189e+14   0.00e+00  1.75e+07    8.000000e-01   8.000000e-01  -3.790843e-04
  17 8.8830974468e+00  -5.84e-02  1.75e-05    3.659736e-02   3.009712e+00  -1.056195e-03

After 17 iterations the fit converged.
final sum of squares of residuals : 8.8831
rel. change during last iteration : -5.83644e-07

degrees of freedom    (FIT_NDF)                        : 13
rms of residuals      (FIT_STDFIT) = sqrt(WSSR/ndf)    : 0.826629
variance of residuals (reduced chisquare) = WSSR/ndf   : 0.683315
p-value of the Chisq distribution (FIT_P)              : 0.781714

Final set of parameters            Asymptotic Standard Error
=======================            ==========================
a               = 0.0365974        +/- 0.006251     (17.08%)
mr              = 3.00971          +/- 0.13         (4.32%)
c               = -0.0010562       +/- 0.001827     (173%)

correlation matrix of the fit parameters:
                a      mr     c      
a               1.000 
mr              0.998  1.000 
c              -0.984 -0.975  1.000 


*******************************************************************************
Tue Jan 27 16:44:19 2026


FIT:    data read from '../data/corrfunc.dat' u 1:column2[i]:column3[i] every ::0::(L-1)
        format = x:z:s
        #datapoints = 16
function used for fitting: f(x,a,mr,c)
	f(x,a,mr,c)=a*cosh((x-L/2)/mr)/mr+c
fitted parameters initialized with current variable values

iter      chisq       delta/lim  lambda   a             mr            c            
   0 1.7958707509e+13   0.00e+00  6.57e+06    8.000000e-01   8.000000e-01  -1.056195e-03
 170 1.0219199703e+00  -1.26e-02  6.57e-06    2.728773e-01   4.936629e+00   1.343923e-01

After 170 iterations the fit converged.
final sum of squares of residuals : 1.02192
rel. change during last iteration : -1.26425e-07

degrees of freedom    (FIT_NDF)                        : 13
rms of residuals      (FIT_STDFIT) = sqrt(WSSR/ndf)    : 0.280373
variance of residuals (reduced chisquare) = WSSR/ndf   : 0.0786092
p-value of the Chisq distribution (FIT_P)              : 0.999996

Final set of parameters            Asymptotic Standard Error
=======================            ==========================
a               = 0.272877         +/- 0.05905      (21.64%)
mr              = 4.93663          +/- 0.3181       (6.443%)
c               = 0.134392         +/- 0.008598     (6.397%)

correlation matrix of the fit parameters:
                a      mr     c      
a               1.000 
mr              1.000  1.000 
c              -0.999 -0.998  1.000 


*******************************************************************************
Tue Jan 27 16:44:19 2026


FIT:    data read from '../data/corrfunc.dat' u 1:column2[i]:column3[i] every ::0::(L-1)
        format = x:z:s
        #datapoints = 16
function used for fitting: f(x,a,mr,c)
	f(x,a,mr,c)=a*cosh((x-L/2)/mr)/mr+c
fitted parameters initialized with current variable values

iter      chisq       delta/lim  lambda   a             mr            c            
   0 1.3022610745e+13   0.00e+00  5.57e+06    8.000000e-01   8.000000e-01   1.343923e-01
  12 6.2521390936e+00  -5.99e-04  5.57e-06    1.524741e-04   1.274609e+00   8.125487e-01

After 12 iterations the fit converged.
final sum of squares of residuals : 6.25214
rel. change during last iteration : -5.98746e-09

degrees of freedom    (FIT_NDF)                        : 13
rms of residuals      (FIT_STDFIT) = sqrt(WSSR/ndf)    : 0.693494
variance of residuals (reduced chisquare) = WSSR/ndf   : 0.480934
p-value of the Chisq distribution (FIT_P)              : 0.936493

Final set of parameters            Asymptotic Standard Error
=======================            ==========================
a               = 0.000152474      +/- 0.0001312    (86.05%)
mr              = 1.27461          +/- 0.1557       (12.22%)
c               = 0.812549         +/- 0.0007025    (0.08645%)

correlation matrix of the fit parameters:
                a      mr     c      
a               1.000 
mr              0.997  1.000 
c              -0.680 -0.652  1.000 


*******************************************************************************
Tue Jan 27 16:44:19 2026


FIT:    data read from '../data/corrfunc.dat' u 1:column2[i]:column3[i] every ::0::(L-1)
        format = x:z:s
        #datapoints = 16
function used for fitting: f(x,a,mr,c)
	f(x,a,mr,c)=a*cosh((x-L/2)/mr)/mr+c
fitted parameters initialized with current variable values

iter      chisq       delta/lim  lambda   a             mr            c            
   0 1.6024749955e+13   0.00e+00  6.11e+06    8.000000e-01   8.000000e-01   8.125487e-01
 439 6.8900450293e+00  -2.53e-02  6.11e-04    9.738845e-07   7.777179e-01   1.234107e+00

After 439 iterations the fit converged.
final sum of squares of residuals : 6.89005
rel. change during last iteration : -2.53022e-07

degrees of freedom    (FIT_NDF)                        : 13
rms of residuals      (FIT_STDFIT) = sqrt(WSSR/ndf)    : 0.728013
variance of residuals (reduced chisquare) = WSSR/ndf   : 0.530003
p-value of the Chisq distribution (FIT_P)              : 0.907729

Final set of parameters            Asymptotic Standard Error
=======================            ==========================
a               = 9.73884e-07      +/- 2.045e-06    (209.9%)
mr              = 0.777718         +/- 0.149        (19.16%)
c               = 1.23411          +/- 0.0004881    (0.03955%)

correlation matrix of the fit parameters:
                a      mr     c      
a               1.000 
mr              0.998  1.000 
c              -0.487 -0.468  1.000 


*******************************************************************************
Tue Jan 27 16:44:19 2026


FIT:    data read from '../data/corrfunc.dat' u 1:column2[i]:column3[i] every ::0::(L-1)
        format = x:z:s
        #datapoints = 16
function used for fitting: f(x,a,mr,c)
	f(x,a,mr,c)=a*cosh((x-L/2)/mr)/mr+c
fitted parameters initialized with current variable values

iter      chisq       delta/lim  lambda   a             mr            c            
   0 1.8602864559e+13   0.00e+00  6.65e+06    8.000000e-01   8.000000e-01   1.234107e+00
  28 7.0561254099e+00  -9.60e-02  6.65e-04    3.794717e-06   9.065768e-01   1.609663e+00

After 28 iterations the fit converged.
final sum of squares of residuals : 7.05613
rel. change during last iteration : -9.5985e-07

degrees of freedom    (FIT_NDF)                        : 13
rms of residuals      (FIT_STDFIT) = sqrt(WSSR/ndf)    : 0.736735
variance of residuals (reduced chisquare) = WSSR/ndf   : 0.542779
p-value of the Chisq distribution (FIT_P)              : 0.899236

Final set of parameters            Asymptotic Standard Error
=======================            ==========================
a               = 3.79472e-06      +/- 8.962e-06    (236.2%)
mr              = 0.906577         +/- 0.2238       (24.68%)
c               = 1.60966          +/- 0.0005198    (0.03229%)

correlation matrix of the fit parameters:
                a      mr     c      
a               1.000 
mr              0.998  1.000 
c              -0.546 -0.525  1.000 


*******************************************************************************
Tue Jan 27 16:44:19 2026


FIT:    data read from '../data/corrfunc.dat' u 1:column2[i]:column3[i] every ::0::(L-1)
        format = x:z:s
        #datapoints = 16
function used for fitting: f(x,a,mr,c)
	f(x,a,mr,c)=a*cosh((x-L/2)/mr)/mr+c
fitted parameters initialized with current variable values

iter      chisq       delta/lim  lambda   a             mr            c            
   0 1.2766493761e+13   0.00e+00  5.48e+06    8.000000e-01   8.000000e-01   1.609663e+00
  26 6.6973811641e+00  -2.26e-01  5.48e-07    2.923184e-05   1.174568e+00   1.964598e+00

After 26 iterations the fit converged.
final sum of squares of residuals : 6.69738
rel. change during last iteration : -2.25731e-06

degrees of freedom    (FIT_NDF)                        : 13
rms of residuals      (FIT_STDFIT) = sqrt(WSSR/ndf)    : 0.717763
variance of residuals (reduced chisquare) = WSSR/ndf   : 0.515183
p-value of the Chisq distribution (FIT_P)              : 0.917066

Final set of parameters            Asymptotic Standard Error
=======================            ==========================
a               = 2.92318e-05      +/- 7.411e-05    (253.5%)
mr              = 1.17457          +/- 0.3967       (33.77%)
c               = 1.9646           +/- 0.0006219    (0.03165%)

correlation matrix of the fit parameters:
                a      mr     c      
a               1.000 
mr              0.997  1.000 
c              -0.642 -0.614  1.000 


*******************************************************************************
Tue Jan 27 16:44:19 2026


FIT:    data read from '../data/corrfunc.dat' u 1:column2[i]:column3[i] every ::0::(L-1)
        format = x:z:s
        #datapoints = 16
function used for fitting: f(x,a,mr,c)
	f(x,a,mr,c)=a*cosh((x-L/2)/mr)/mr+c
fitted parameters initialized with current variable values

iter      chisq       delta/lim  lambda   a             mr            c            
   0 1.0465325853e+13   0.00e+00  4.92e+06    8.000000e-01   8.000000e-01   1.964598e+00
  13 1.0073728129e+01  -1.88e-01  4.92e-02    1.262139e+00   1.997562e+01   2.244022e+00

After 13 iterations the fit converged.
final sum of squares of residuals : 10.0737
rel. change during last iteration : -1.87869e-06

degrees of freedom    (FIT_NDF)                        : 13
rms of residuals      (FIT_STDFIT) = sqrt(WSSR/ndf)    : 0.880285
variance of residuals (reduced chisquare) = WSSR/ndf   : 0.774902
p-value of the Chisq distribution (FIT_P)              : 0.687895

Final set of parameters            Asymptotic Standard Error
=======================            ==========================
a               = 1.26214          +/- 234.3        (1.857e+04%)
mr              = 19.9756          +/- 1230         (6156%)
c               = 2.24402          +/- 7.847        (349.7%)

correlation matrix of the fit parameters:
                a      mr     c      
a               1.000 
mr              1.000  1.000 
c              -1.000 -1.000  1.000 


*******************************************************************************
Tue Jan 27 16:44:19 2026


FIT:    data read from '../data/corrfunc.dat' u 1:column2[i]:column3[i] every ::0::(L-1)
        format = x:z:s
        #datapoints = 16
function used for fitting: f(x,a,mr,c)
	f(x,a,mr,c)=a*cosh((x-L/2)/mr)/mr+c
fitted parameters initialized with current variable values

iter      chisq       delta/lim  lambda   a             mr            c            
   0 1.5690517802e+13   0.00e+00  6.13e+06    8.000000e-01   8.000000e-01   2.244022e+00
  12 1.4373641757e+01  -9.43e-01  6.13e-02    1.990944e-01   1.277123e+01   2.625135e+00

After 12 iterations the fit converged.
final sum of squares of residuals : 14.3736
rel. change during last iteration : -9.43384e-06

degrees of freedom    (FIT_NDF)                        : 13
rms of residuals      (FIT_STDFIT) = sqrt(WSSR/ndf)    : 1.05151
variance of residuals (reduced chisquare) = WSSR/ndf   : 1.10566
p-value of the Chisq distribution (FIT_P)              : 0.348066

Final set of parameters            Asymptotic Standard Error
=======================            ==========================
a               = 0.199094         +/- 22.56        (1.133e+04%)
mr              = 12.7712          +/- 475          (3719%)
c               = 2.62513          +/- 1.188        (45.25%)

correlation matrix of the fit parameters:
                a      mr     c      
a               1.000 
mr              1.000  1.000 
c              -1.000 -1.000  1.000 


*******************************************************************************
Tue Jan 27 16:45:14 2026


FIT:    data read from '../data/corrfunc.dat' u 1:column2[i]:column3[i] every ::0::(L-1)
        format = x:z:s
        #datapoints = 16
function used for fitting: f(x,a,mr,c)
	f(x,a,mr,c)=a*cosh((x-L/2)/mr)/mr+c
fitted parameters initialized with current variable values

iter      chisq       delta/lim  lambda   a             mr            c            
   0 6.0243555777e+14   0.00e+00  3.77e+07    8.000000e-01   8.000000e-01   1.000000e-06
  15 5.1211096962e+00  -1.54e-04  3.77e-07    1.089164e-04   1.213855e+00  -7.404852e-05

After 15 iterations the fit converged.
final sum of squares of residuals : 5.12111
rel. change during last iteration : -1.54221e-09

degrees of freedom    (FIT_NDF)                        : 13
rms of residuals      (FIT_STDFIT) = sqrt(WSSR/ndf)    : 0.62764
variance of residuals (reduced chisquare) = WSSR/ndf   : 0.393932
p-value of the Chisq distribution (FIT_P)              : 0.972429

Final set of parameters            Asymptotic Standard Error
=======================            ==========================
a               = 0.000108916      +/- 1.321e-05    (12.13%)
mr              = 1.21386          +/- 0.02         (1.648%)
c               = -7.40485e-05     +/- 0.0001005    (135.7%)

correlation matrix of the fit parameters:
                a      mr     c      
a               1.000 
mr              0.997  1.000 
c              -0.729 -0.703  1.000 


*******************************************************************************
Tue Jan 27 16:45:14 2026


FIT:    data read from '../data/corrfunc.dat' u 1:column2[i]:column3[i] every ::0::(L-1)
        format = x:z:s
        #datapoints = 16
function used for fitting: f(x,a,mr,c)
	f(x,a,mr,c)=a*cosh((x-L/2)/mr)/mr+c
fitted parameters initialized with current variable values

iter      chisq       delta/lim  lambda   a             mr            c            
   0 8.1441266275e+14   0.00e+00  4.43e+07    8.000000e-01   8.000000e-01  -7.404852e-05
  14 7.2844653318e+00  -1.32e-04  4.43e-05    4.552740e-04   1.440525e+00  -1.242250e-04

After 14 iterations the fit converged.
final sum of squares of residuals : 7.28447
rel. change during last iteration : -1.31761e-09

degrees of freedom    (FIT_NDF)                        : 13
rms of residuals      (FIT_STDFIT) = sqrt(WSSR/ndf)    : 0.748561
variance of residuals (reduced chisquare) = WSSR/ndf   : 0.560343
p-value of the Chisq distribution (FIT_P)              : 0.886903

Final set of parameters            Asymptotic Standard Error
=======================            ==========================
a               = 0.000455274      +/- 4.605e-05    (10.12%)
mr              = 1.44053          +/- 0.02271      (1.577%)
c               = -0.000124225     +/- 0.0001346    (108.4%)

correlation matrix of the fit parameters:
                a      mr     c      
a               1.000 
mr              0.997  1.000 
c              -0.723 -0.694  1.000 


*******************************************************************************
Tue Jan 27 16:45:14 2026


FIT:    data read from '../data/corrfunc.dat' u 1:column2[i]:column3[i] every ::0::(L-1)
        format = x:z:s
        #datapoints = 16
function used for fitting: f(x,a,mr,c)
	f(x,a,mr,c)=a*cosh((x-L/2)/mr)/mr+c
fitted parameters initialized with current variable values

iter      chisq       delta/lim  lambda   a             mr            c            
   0 2.9217078173e+14   0.00e+00  2.65e+07    8.000000e-01   8.000000e-01  -1.242250e-04
  14 7.4197756292e+00  -7.96e-04  2.65e-05    2.679263e-03   1.859405e+00  -3.790843e-04

After 14 iterations the fit converged.
final sum of squares of residuals : 7.41978
rel. change during last iteration : -7.96056e-09

degrees of freedom    (FIT_NDF)                        : 13
rms of residuals      (FIT_STDFIT) = sqrt(WSSR/ndf)    : 0.755481
variance of residuals (reduced chisquare) = WSSR/ndf   : 0.570752
p-value of the Chisq distribution (FIT_P)              : 0.879244

Final set of parameters            Asymptotic Standard Error
=======================            ==========================
a               = 0.00267926       +/- 0.0003155    (11.77%)
mr              = 1.8594           +/- 0.04177      (2.246%)
c               = -0.000379084     +/- 0.0003068    (80.94%)

correlation matrix of the fit parameters:
                a      mr     c      
a               1.000 
mr              0.997  1.000 
c              -0.856 -0.829  1.000 


*******************************************************************************
Tue Jan 27 16:45:14 2026


FIT:    data read from '../data/corrfunc.dat' u 1:column2[i]:column3[i] every ::0::(L-1)
        format = x:z:s
        #datapoints = 16
function used for fitting: f(x,a,mr,c)
	f(x,a,mr,c)=a*cosh((x-L/2)/mr)/mr+c
fitted parameters initialized with current variable values

iter      chisq       delta/lim  lambda   a             mr            c            
   0 1.2868209189e+14   0.00e+00  1.75e+07    8.000000e-01   8.000000e-01  -3.790843e-04
  17 8.8830974468e+00  -5.84e-02  1.75e-05    3.659736e-02   3.009712e+00  -1.056195e-03

After 17 iterations the fit converged.
final sum of squares of residuals : 8.8831
rel. change during last iteration : -5.83644e-07

degrees of freedom    (FIT_NDF)                        : 13
rms of residuals      (FIT_STDFIT) = sqrt(WSSR/ndf)    : 0.826629
variance of residuals (reduced chisquare) = WSSR/ndf   : 0.683315
p-value of the Chisq distribution (FIT_P)              : 0.781714

Final set of parameters            Asymptotic Standard Error
=======================            ==========================
a               = 0.0365974        +/- 0.006251     (17.08%)
mr              = 3.00971          +/- 0.13         (4.32%)
c               = -0.0010562       +/- 0.001827     (173%)

correlation matrix of the fit parameters:
                a      mr     c      
a               1.000 
mr              0.998  1.000 
c              -0.984 -0.975  1.000 


*******************************************************************************
Tue Jan 27 16:45:14 2026


FIT:    data read from '../data/corrfunc.dat' u 1:column2[i]:column3[i] every ::0::(L-1)
        format = x:z:s
        #datapoints = 16
function used for fitting: f(x,a,mr,c)
	f(x,a,mr,c)=a*cosh((x-L/2)/mr)/mr+c
fitted parameters initialized with current variable values

iter      chisq       delta/lim  lambda   a             mr            c            
   0 1.7958707509e+13   0.00e+00  6.57e+06    8.000000e-01   8.000000e-01  -1.056195e-03
 170 1.0219199703e+00  -1.26e-02  6.57e-06    2.728773e-01   4.936629e+00   1.343923e-01

After 170 iterations the fit converged.
final sum of squares of residuals : 1.02192
rel. change during last iteration : -1.26425e-07

degrees of freedom    (FIT_NDF)                        : 13
rms of residuals      (FIT_STDFIT) = sqrt(WSSR/ndf)    : 0.280373
variance of residuals (reduced chisquare) = WSSR/ndf   : 0.0786092
p-value of the Chisq distribution (FIT_P)              : 0.999996

Final set of parameters            Asymptotic Standard Error
=======================            ==========================
a               = 0.272877         +/- 0.05905      (21.64%)
mr              = 4.93663          +/- 0.3181       (6.443%)
c               = 0.134392         +/- 0.008598     (6.397%)

correlation matrix of the fit parameters:
                a      mr     c      
a               1.000 
mr              1.000  1.000 
c              -0.999 -0.998  1.000 


*******************************************************************************
Tue Jan 27 16:45:14 2026


FIT:    data read from '../data/corrfunc.dat' u 1:column2[i]:column3[i] every ::0::(L-1)
        format = x:z:s
        #datapoints = 16
function used for fitting: f(x,a,mr,c)
	f(x,a,mr,c)=a*cosh((x-L/2)/mr)/mr+c
fitted parameters initialized with current variable values

iter      chisq       delta/lim  lambda   a             mr            c            
   0 1.3022610745e+13   0.00e+00  5.57e+06    8.000000e-01   8.000000e-01   1.343923e-01
  12 6.2521390936e+00  -5.99e-04  5.57e-06    1.524741e-04   1.274609e+00   8.125487e-01

After 12 iterations the fit converged.
final sum of squares of residuals : 6.25214
rel. change during last iteration : -5.98745e-09

degrees of freedom    (FIT_NDF)                        : 13
rms of residuals      (FIT_STDFIT) = sqrt(WSSR/ndf)    : 0.693494
variance of residuals (reduced chisquare) = WSSR/ndf   : 0.480934
p-value of the Chisq distribution (FIT_P)              : 0.936493

Final set of parameters            Asymptotic Standard Error
=======================            ==========================
a               = 0.000152474      +/- 0.0001312    (86.05%)
mr              = 1.27461          +/- 0.1557       (12.22%)
c               = 0.812549         +/- 0.0007025    (0.08645%)

correlation matrix of the fit parameters:
                a      mr     c      
a               1.000 
mr              0.997  1.000 
c              -0.680 -0.652  1.000 


*******************************************************************************
Tue Jan 27 16:45:14 2026


FIT:    data read from '../data/corrfunc.dat' u 1:column2[i]:column3[i] every ::0::(L-1)
        format = x:z:s
        #datapoints = 16
function used for fitting: f(x,a,mr,c)
	f(x,a,mr,c)=a*cosh((x-L/2)/mr)/mr+c
fitted parameters initialized with current variable values

iter      chisq       delta/lim  lambda   a             mr            c            
   0 1.6024749955e+13   0.00e+00  6.11e+06    8.000000e-01   8.000000e-01   8.125487e-01
 439 6.8900450293e+00  -2.53e-02  6.11e-04    9.738845e-07   7.777179e-01   1.234107e+00

After 439 iterations the fit converged.
final sum of squares of residuals : 6.89005
rel. change during last iteration : -2.53022e-07

degrees of freedom    (FIT_NDF)                        : 13
rms of residuals      (FIT_STDFIT) = sqrt(WSSR/ndf)    : 0.728013
variance of residuals (reduced chisquare) = WSSR/ndf   : 0.530003
p-value of the Chisq distribution (FIT_P)              : 0.907729

Final set of parameters            Asymptotic Standard Error
=======================            ==========================
a               = 9.73884e-07      +/- 2.045e-06    (209.9%)
mr              = 0.777718         +/- 0.149        (19.16%)
c               = 1.23411          +/- 0.0004881    (0.03955%)

correlation matrix of the fit parameters:
                a      mr     c      
a               1.000 
mr              0.998  1.000 
c              -0.487 -0.468  1.000 


*******************************************************************************
Tue Jan 27 16:45:14 2026


FIT:    data read from '../data/corrfunc.dat' u 1:column2[i]:column3[i] every ::0::(L-1)
        format = x:z:s
        #datapoints = 16
function used for fitting: f(x,a,mr,c)
	f(x,a,mr,c)=a*cosh((x-L/2)/mr)/mr+c
fitted parameters initialized with current variable values

iter      chisq       delta/lim  lambda   a             mr            c            
   0 1.8602864559e+13   0.00e+00  6.65e+06    8.000000e-01   8.000000e-01   1.234107e+00
  28 7.0561254099e+00  -9.60e-02  6.65e-04    3.794717e-06   9.065768e-01   1.609663e+00

After 28 iterations the fit converged.
final sum of squares of residuals : 7.05613
rel. change during last iteration : -9.5985e-07

degrees of freedom    (FIT_NDF)                        : 13
rms of residuals      (FIT_STDFIT) = sqrt(WSSR/ndf)    : 0.736735
variance of residuals (reduced chisquare) = WSSR/ndf   : 0.542779
p-value of the Chisq distribution (FIT_P)              : 0.899236

Final set of parameters            Asymptotic Standard Error
=======================            ==========================
a               = 3.79472e-06      +/- 8.962e-06    (236.2%)
mr              = 0.906577         +/- 0.2238       (24.68%)
c               = 1.60966          +/- 0.0005198    (0.03229%)

correlation matrix of the fit parameters:
                a      mr     c      
a               1.000 
mr              0.998  1.000 
c              -0.546 -0.525  1.000 


*******************************************************************************
Tue Jan 27 16:45:14 2026


FIT:    data read from '../data/corrfunc.dat' u 1:column2[i]:column3[i] every ::0::(L-1)
        format = x:z:s
        #datapoints = 16
function used for fitting: f(x,a,mr,c)
	f(x,a,mr,c)=a*cosh((x-L/2)/mr)/mr+c
fitted parameters initialized with current variable values

iter      chisq       delta/lim  lambda   a             mr            c            
   0 1.2766493761e+13   0.00e+00  5.48e+06    8.000000e-01   8.000000e-01   1.609663e+00
  26 6.6973811641e+00  -2.26e-01  5.48e-07    2.923184e-05   1.174568e+00   1.964598e+00

After 26 iterations the fit converged.
final sum of squares of residuals : 6.69738
rel. change during last iteration : -2.25731e-06

degrees of freedom    (FIT_NDF)                        : 13
rms of residuals      (FIT_STDFIT) = sqrt(WSSR/ndf)    : 0.717763
variance of residuals (reduced chisquare) = WSSR/ndf   : 0.515183
p-value of the Chisq distribution (FIT_P)              : 0.917066

Final set of parameters            Asymptotic Standard Error
=======================            ==========================
a               = 2.92318e-05      +/- 7.411e-05    (253.5%)
mr              = 1.17457          +/- 0.3967       (33.77%)
c               = 1.9646           +/- 0.0006219    (0.03165%)

correlation matrix of the fit parameters:
                a      mr     c      
a               1.000 
mr              0.997  1.000 
c              -0.642 -0.614  1.000 


*******************************************************************************
Tue Jan 27 16:45:14 2026


FIT:    data read from '../data/corrfunc.dat' u 1:column2[i]:column3[i] every ::0::(L-1)
        format = x:z:s
        #datapoints = 16
function used for fitting: f(x,a,mr,c)
	f(x,a,mr,c)=a*cosh((x-L/2)/mr)/mr+c
fitted parameters initialized with current variable values

iter      chisq       delta/lim  lambda   a             mr            c            
   0 1.0465325853e+13   0.00e+00  4.92e+06    8.000000e-01   8.000000e-01   1.964598e+00
  13 1.0073728134e+01  -1.88e-01  4.92e-02    1.262139e+00   1.997562e+01   2.244022e+00

After 13 iterations the fit converged.
final sum of squares of residuals : 10.0737
rel. change during last iteration : -1.87869e-06

degrees of freedom    (FIT_NDF)                        : 13
rms of residuals      (FIT_STDFIT) = sqrt(WSSR/ndf)    : 0.880285
variance of residuals (reduced chisquare) = WSSR/ndf   : 0.774902
p-value of the Chisq distribution (FIT_P)              : 0.687895

Final set of parameters            Asymptotic Standard Error
=======================            ==========================
a               = 1.26214          +/- 234.3        (1.857e+04%)
mr              = 19.9756          +/- 1230         (6156%)
c               = 2.24402          +/- 7.847        (349.7%)

correlation matrix of the fit parameters:
                a      mr     c      
a               1.000 
mr              1.000  1.000 
c              -1.000 -1.000  1.000 


*******************************************************************************
Tue Jan 27 16:45:14 2026


FIT:    data read from '../data/corrfunc.dat' u 1:column2[i]:column3[i] every ::0::(L-1)
        format = x:z:s
        #datapoints = 16
function used for fitting: f(x,a,mr,c)
	f(x,a,mr,c)=a*cosh((x-L/2)/mr)/mr+c
fitted parameters initialized with current variable values

iter      chisq       delta/lim  lambda   a             mr            c            
   0 1.5690517801e+13   0.00e+00  6.13e+06    8.000000e-01   8.000000e-01   2.244022e+00
  12 1.4373641753e+01  -9.43e-01  6.13e-02    1.990944e-01   1.277123e+01   2.625135e+00

After 12 iterations the fit converged.
final sum of squares of residuals : 14.3736
rel. change during last iteration : -9.43384e-06

degrees of freedom    (FIT_NDF)                        : 13
rms of residuals      (FIT_STDFIT) = sqrt(WSSR/ndf)    : 1.05151
variance of residuals (reduced chisquare) = WSSR/ndf   : 1.10566
p-value of the Chisq distribution (FIT_P)              : 0.348066

Final set of parameters            Asymptotic Standard Error
=======================            ==========================
a               = 0.199094         +/- 22.56        (1.133e+04%)
mr              = 12.7712          +/- 475          (3719%)
c               = 2.62513          +/- 1.188        (45.25%)

correlation matrix of the fit parameters:
                a      mr     c      
a               1.000 
mr              1.000  1.000 
c              -1.000 -1.000  1.000 


*******************************************************************************
Tue Jan 27 16:45:45 2026


FIT:    data read from '../data/corrfunc.dat' u 1:column2[i]:column3[i] every ::0::(L-1)
        format = x:z:s
        #datapoints = 16
function used for fitting: f(x,a,mr,c)
	f(x,a,mr,c)=a*cosh((x-L/2)/mr)+c
fitted parameters initialized with current variable values

iter      chisq       delta/lim  lambda   a             mr            c            
   0 3.8555809714e+14   0.00e+00  2.74e+07    8.000000e-01   8.000000e-01   1.000000e-06
  13 5.1211096991e+00  -5.64e-01  2.74e-06    8.972758e-05   1.213855e+00  -7.404806e-05

After 13 iterations the fit converged.
final sum of squares of residuals : 5.12111
rel. change during last iteration : -5.64062e-06

degrees of freedom    (FIT_NDF)                        : 13
rms of residuals      (FIT_STDFIT) = sqrt(WSSR/ndf)    : 0.62764
variance of residuals (reduced chisquare) = WSSR/ndf   : 0.393932
p-value of the Chisq distribution (FIT_P)              : 0.972429

Final set of parameters            Asymptotic Standard Error
=======================            ==========================
a               = 8.97276e-05      +/- 9.408e-06    (10.48%)
mr              = 1.21385          +/- 0.01998      (1.646%)
c               = -7.40481e-05     +/- 0.0001005    (135.7%)

correlation matrix of the fit parameters:
                a      mr     c      
a               1.000 
mr              0.997  1.000 
c              -0.733 -0.703  1.000 


*******************************************************************************
Tue Jan 27 16:45:45 2026


FIT:    data read from '../data/corrfunc.dat' u 1:column2[i]:column3[i] every ::0::(L-1)
        format = x:z:s
        #datapoints = 16
function used for fitting: f(x,a,mr,c)
	f(x,a,mr,c)=a*cosh((x-L/2)/mr)+c
fitted parameters initialized with current variable values

iter      chisq       delta/lim  lambda   a             mr            c            
   0 5.2122299364e+14   0.00e+00  3.22e+07    8.000000e-01   8.000000e-01  -7.404806e-05
  12 7.2844653427e+00  -6.80e-01  3.22e-04    3.160467e-04   1.440525e+00  -1.242237e-04

After 12 iterations the fit converged.
final sum of squares of residuals : 7.28447
rel. change during last iteration : -6.797e-06

degrees of freedom    (FIT_NDF)                        : 13
rms of residuals      (FIT_STDFIT) = sqrt(WSSR/ndf)    : 0.748561
variance of residuals (reduced chisquare) = WSSR/ndf   : 0.560343
p-value of the Chisq distribution (FIT_P)              : 0.886903

Final set of parameters            Asymptotic Standard Error
=======================            ==========================
a               = 0.000316047      +/- 2.701e-05    (8.546%)
mr              = 1.44052          +/- 0.02269      (1.575%)
c               = -0.000124224     +/- 0.0001346    (108.4%)

correlation matrix of the fit parameters:
                a      mr     c      
a               1.000 
mr              0.996  1.000 
c              -0.728 -0.694  1.000 


*******************************************************************************
Tue Jan 27 16:45:45 2026


FIT:    data read from '../data/corrfunc.dat' u 1:column2[i]:column3[i] every ::0::(L-1)
        format = x:z:s
        #datapoints = 16
function used for fitting: f(x,a,mr,c)
	f(x,a,mr,c)=a*cosh((x-L/2)/mr)+c
fitted parameters initialized with current variable values

iter      chisq       delta/lim  lambda   a             mr            c            
   0 1.8698874373e+14   0.00e+00  1.92e+07    8.000000e-01   8.000000e-01  -1.242237e-04
  12 7.4197756266e+00  -7.78e-06  1.92e-01    1.440924e-03   1.859404e+00  -3.790817e-04

After 12 iterations the fit converged.
final sum of squares of residuals : 7.41978
rel. change during last iteration : -7.78407e-11

degrees of freedom    (FIT_NDF)                        : 13
rms of residuals      (FIT_STDFIT) = sqrt(WSSR/ndf)    : 0.755481
variance of residuals (reduced chisquare) = WSSR/ndf   : 0.570752
p-value of the Chisq distribution (FIT_P)              : 0.879244

Final set of parameters            Asymptotic Standard Error
=======================            ==========================
a               = 0.00144092       +/- 0.0001374    (9.538%)
mr              = 1.8594           +/- 0.04173      (2.244%)
c               = -0.000379082     +/- 0.0003068    (80.94%)

correlation matrix of the fit parameters:
                a      mr     c      
a               1.000 
mr              0.996  1.000 
c              -0.861 -0.829  1.000 


*******************************************************************************
Tue Jan 27 16:45:45 2026


FIT:    data read from '../data/corrfunc.dat' u 1:column2[i]:column3[i] every ::0::(L-1)
        format = x:z:s
        #datapoints = 16
function used for fitting: f(x,a,mr,c)
	f(x,a,mr,c)=a*cosh((x-L/2)/mr)+c
fitted parameters initialized with current variable values

iter      chisq       delta/lim  lambda   a             mr            c            
   0 8.2356089664e+13   0.00e+00  1.27e+07    8.000000e-01   8.000000e-01  -3.790817e-04
  13 8.8830974468e+00  -1.12e-02  1.27e-06    1.215976e-02   3.009712e+00  -1.056196e-03

After 13 iterations the fit converged.
final sum of squares of residuals : 8.8831
rel. change during last iteration : -1.11624e-07

degrees of freedom    (FIT_NDF)                        : 13
rms of residuals      (FIT_STDFIT) = sqrt(WSSR/ndf)    : 0.826629
variance of residuals (reduced chisquare) = WSSR/ndf   : 0.683315
p-value of the Chisq distribution (FIT_P)              : 0.781714

Final set of parameters            Asymptotic Standard Error
=======================            ==========================
a               = 0.0121598        +/- 0.001553     (12.78%)
mr              = 3.00971          +/- 0.1299       (4.316%)
c               = -0.0010562       +/- 0.001827     (173%)

correlation matrix of the fit parameters:
                a      mr     c      
a               1.000 
mr              0.997  1.000 
c              -0.986 -0.975  1.000 


*******************************************************************************
Tue Jan 27 16:45:45 2026


FIT:    data read from '../data/corrfunc.dat' u 1:column2[i]:column3[i] every ::0::(L-1)
        format = x:z:s
        #datapoints = 16
function used for fitting: f(x,a,mr,c)
	f(x,a,mr,c)=a*cosh((x-L/2)/mr)+c
fitted parameters initialized with current variable values

iter      chisq       delta/lim  lambda   a             mr            c            
   0 1.1493344344e+13   0.00e+00  4.78e+06    8.000000e-01   8.000000e-01  -1.056196e-03
  16 1.0219199703e+00  -4.94e-06  4.78e-10    5.527604e-02   4.936629e+00   1.343922e-01

After 16 iterations the fit converged.
final sum of squares of residuals : 1.02192
rel. change during last iteration : -4.94249e-11

degrees of freedom    (FIT_NDF)                        : 13
rms of residuals      (FIT_STDFIT) = sqrt(WSSR/ndf)    : 0.280373
variance of residuals (reduced chisquare) = WSSR/ndf   : 0.0786092
p-value of the Chisq distribution (FIT_P)              : 0.999996

Final set of parameters            Asymptotic Standard Error
=======================            ==========================
a               = 0.055276         +/- 0.008406     (15.21%)
mr              = 4.93663          +/- 0.3177       (6.436%)
c               = 0.134392         +/- 0.008598     (6.397%)

correlation matrix of the fit parameters:
                a      mr     c      
a               1.000 
mr              0.999  1.000 
c              -1.000 -0.998  1.000 


*******************************************************************************
Tue Jan 27 16:45:45 2026


FIT:    data read from '../data/corrfunc.dat' u 1:column2[i]:column3[i] every ::0::(L-1)
        format = x:z:s
        #datapoints = 16
function used for fitting: f(x,a,mr,c)
	f(x,a,mr,c)=a*cosh((x-L/2)/mr)+c
fitted parameters initialized with current variable values

iter      chisq       delta/lim  lambda   a             mr            c            
   0 8.3339955964e+12   0.00e+00  4.05e+06    8.000000e-01   8.000000e-01   1.343922e-01
  11 6.2521390943e+00  -6.44e-02  4.05e-05    1.196236e-04   1.274608e+00   8.125487e-01

After 11 iterations the fit converged.
final sum of squares of residuals : 6.25214
rel. change during last iteration : -6.44482e-07

degrees of freedom    (FIT_NDF)                        : 13
rms of residuals      (FIT_STDFIT) = sqrt(WSSR/ndf)    : 0.693494
variance of residuals (reduced chisquare) = WSSR/ndf   : 0.480934
p-value of the Chisq distribution (FIT_P)              : 0.936493

Final set of parameters            Asymptotic Standard Error
=======================            ==========================
a               = 0.000119624      +/- 8.838e-05    (73.88%)
mr              = 1.27461          +/- 0.1556       (12.21%)
c               = 0.812549         +/- 0.0007025    (0.08645%)

correlation matrix of the fit parameters:
                a      mr     c      
a               1.000 
mr              0.996  1.000 
c              -0.685 -0.652  1.000 


*******************************************************************************
Tue Jan 27 16:45:45 2026


FIT:    data read from '../data/corrfunc.dat' u 1:column2[i]:column3[i] every ::0::(L-1)
        format = x:z:s
        #datapoints = 16
function used for fitting: f(x,a,mr,c)
	f(x,a,mr,c)=a*cosh((x-L/2)/mr)+c
fitted parameters initialized with current variable values

iter      chisq       delta/lim  lambda   a             mr            c            
   0 1.0255429135e+13   0.00e+00  4.44e+06    8.000000e-01   8.000000e-01   8.125487e-01

Current data point
=========================
#               = 1 out of 16
x               = -0.00316144    
z               = 1.25217        

Current set of parameters
=========================
a               = -0.00316144    
mr              = 0.0075476      
c               = 1.23684        

BREAK: Undefined value during function evaluation

*******************************************************************************
Tue Jan 27 16:45:45 2026


FIT:    data read from '../data/corrfunc.dat' u 1:column2[i]:column3[i] every ::0::(L-1)
        format = x:z:s
        #datapoints = 16
function used for fitting: f(x,a,mr,c)
	f(x,a,mr,c)=a*cosh((x-L/2)/mr)+c
fitted parameters initialized with current variable values

iter      chisq       delta/lim  lambda   a             mr            c            
   0 1.1905469601e+13   0.00e+00  4.83e+06    8.000000e-01   8.000000e-01   1.236844e+00
  20 7.0561253903e+00  -9.15e-02  4.83e-04    4.185614e-06   9.065733e-01   1.609663e+00

After 20 iterations the fit converged.
final sum of squares of residuals : 7.05613
rel. change during last iteration : -9.15076e-07

degrees of freedom    (FIT_NDF)                        : 13
rms of residuals      (FIT_STDFIT) = sqrt(WSSR/ndf)    : 0.736735
variance of residuals (reduced chisquare) = WSSR/ndf   : 0.542779
p-value of the Chisq distribution (FIT_P)              : 0.899236

Final set of parameters            Asymptotic Standard Error
=======================            ==========================
a               = 4.18561e-06      +/- 8.855e-06    (211.5%)
mr              = 0.906573         +/- 0.2236       (24.66%)
c               = 1.60966          +/- 0.0005198    (0.03229%)

correlation matrix of the fit parameters:
                a      mr     c      
a               1.000 
mr              0.998  1.000 
c              -0.548 -0.525  1.000 


*******************************************************************************
Tue Jan 27 16:45:45 2026


FIT:    data read from '../data/corrfunc.dat' u 1:column2[i]:column3[i] every ::0::(L-1)
        format = x:z:s
        #datapoints = 16
function used for fitting: f(x,a,mr,c)
	f(x,a,mr,c)=a*cosh((x-L/2)/mr)+c
fitted parameters initialized with current variable values

iter      chisq       delta/lim  lambda   a             mr            c            
   0 8.1702919369e+12   0.00e+00  3.98e+06    8.000000e-01   8.000000e-01   1.609663e+00
  13 6.6973870831e+00  -5.14e-01  3.98e-07    2.475290e-05   1.173600e+00   1.964599e+00

After 13 iterations the fit converged.
final sum of squares of residuals : 6.69739
rel. change during last iteration : -5.13509e-06

degrees of freedom    (FIT_NDF)                        : 13
rms of residuals      (FIT_STDFIT) = sqrt(WSSR/ndf)    : 0.717763
variance of residuals (reduced chisquare) = WSSR/ndf   : 0.515184
p-value of the Chisq distribution (FIT_P)              : 0.917066

Final set of parameters            Asymptotic Standard Error
=======================            ==========================
a               = 2.47529e-05      +/- 5.446e-05    (220%)
mr              = 1.1736           +/- 0.3959       (33.73%)
c               = 1.9646           +/- 0.0006215    (0.03164%)

correlation matrix of the fit parameters:
                a      mr     c      
a               1.000 
mr              0.996  1.000 
c              -0.645 -0.614  1.000 


*******************************************************************************
Tue Jan 27 16:45:45 2026


FIT:    data read from '../data/corrfunc.dat' u 1:column2[i]:column3[i] every ::0::(L-1)
        format = x:z:s
        #datapoints = 16
function used for fitting: f(x,a,mr,c)
	f(x,a,mr,c)=a*cosh((x-L/2)/mr)+c
fitted parameters initialized with current variable values

iter      chisq       delta/lim  lambda   a             mr            c            
   0 6.6975788268e+12   0.00e+00  3.57e+06    8.000000e-01   8.000000e-01   1.964599e+00

Current data point
=========================
#               = 1 out of 16
x               = -0.00142688    
z               = 2.32133        

Current set of parameters
=========================
a               = -0.00142688    
mr              = -0.0110315     
c               = 2.30924        

BREAK: Undefined value during function evaluation

*******************************************************************************
Tue Jan 27 16:45:45 2026


FIT:    data read from '../data/corrfunc.dat' u 1:column2[i]:column3[i] every ::0::(L-1)
        format = x:z:s
        #datapoints = 16
function used for fitting: f(x,a,mr,c)
	f(x,a,mr,c)=a*cosh((x-L/2)/mr)+c
fitted parameters initialized with current variable values

iter      chisq       delta/lim  lambda   a             mr            c            
   0 1.0041868123e+13   0.00e+00  4.45e+06    8.000000e-01   8.000000e-01   2.309240e+00
1256 5.6984541573e+00  -9.98e-01  4.45e+00    9.926466e-11   4.175515e-01   2.641258e+00

After 1256 iterations the fit converged.
final sum of squares of residuals : 5.69845
rel. change during last iteration : -9.98149e-06

degrees of freedom    (FIT_NDF)                        : 13
rms of residuals      (FIT_STDFIT) = sqrt(WSSR/ndf)    : 0.662074
variance of residuals (reduced chisquare) = WSSR/ndf   : 0.438343
p-value of the Chisq distribution (FIT_P)              : 0.956442

Final set of parameters            Asymptotic Standard Error
=======================            ==========================
a               = 9.92647e-11      +/- 1.139e-09    (1148%)
mr              = 0.417551         +/- 0.2531       (60.61%)
c               = 2.64126          +/- 0.0003856    (0.0146%)

correlation matrix of the fit parameters:
                a      mr     c      
a               1.000 
mr              1.000  1.000 
c              -0.350 -0.347  1.000 


*******************************************************************************
Tue Jan 27 16:46:07 2026


FIT:    data read from '../data/corrfunc.dat' u 1:column2[i]:column3[i] every ::0::(L-1)
        format = x:z:s
        #datapoints = 16
function used for fitting: f(x,a,mr,c)
	f(x,a,mr,c)=a*cosh((x-L/2)/mr)+c
fitted parameters initialized with current variable values

iter      chisq       delta/lim  lambda   a             mr            c            
   0 3.8555809714e+14   0.00e+00  2.74e+07    8.000000e-01   8.000000e-01   1.000000e-06
  13 5.1211096991e+00  -5.64e-01  2.74e-06    8.972758e-05   1.213855e+00  -7.404806e-05

After 13 iterations the fit converged.
final sum of squares of residuals : 5.12111
rel. change during last iteration : -5.64062e-06

degrees of freedom    (FIT_NDF)                        : 13
rms of residuals      (FIT_STDFIT) = sqrt(WSSR/ndf)    : 0.62764
variance of residuals (reduced chisquare) = WSSR/ndf   : 0.393932
p-value of the Chisq distribution (FIT_P)              : 0.972429

Final set of parameters            Asymptotic Standard Error
=======================            ==========================
a               = 8.97276e-05      +/- 9.408e-06    (10.48%)
mr              = 1.21385          +/- 0.01998      (1.646%)
c               = -7.40481e-05     +/- 0.0001005    (135.7%)

correlation matrix of the fit parameters:
                a      mr     c      
a               1.000 
mr              0.997  1.000 
c              -0.733 -0.703  1.000 


*******************************************************************************
Tue Jan 27 16:46:07 2026


FIT:    data read from '../data/corrfunc.dat' u 1:column2[i]:column3[i] every ::0::(L-1)
        format = x:z:s
        #datapoints = 16
function used for fitting: f(x,a,mr,c)
	f(x,a,mr,c)=a*cosh((x-L/2)/mr)+c
fitted parameters initialized with current variable values

iter      chisq       delta/lim  lambda   a             mr            c            
   0 5.2122299364e+14   0.00e+00  3.22e+07    8.000000e-01   8.000000e-01  -7.404806e-05
  12 7.2844653427e+00  -6.80e-01  3.22e-04    3.160467e-04   1.440525e+00  -1.242237e-04

After 12 iterations the fit converged.
final sum of squares of residuals : 7.28447
rel. change during last iteration : -6.797e-06

degrees of freedom    (FIT_NDF)                        : 13
rms of residuals      (FIT_STDFIT) = sqrt(WSSR/ndf)    : 0.748561
variance of residuals (reduced chisquare) = WSSR/ndf   : 0.560343
p-value of the Chisq distribution (FIT_P)              : 0.886903

Final set of parameters            Asymptotic Standard Error
=======================            ==========================
a               = 0.000316047      +/- 2.701e-05    (8.546%)
mr              = 1.44052          +/- 0.02269      (1.575%)
c               = -0.000124224     +/- 0.0001346    (108.4%)

correlation matrix of the fit parameters:
                a      mr     c      
a               1.000 
mr              0.996  1.000 
c              -0.728 -0.694  1.000 


*******************************************************************************
Tue Jan 27 16:46:07 2026


FIT:    data read from '../data/corrfunc.dat' u 1:column2[i]:column3[i] every ::0::(L-1)
        format = x:z:s
        #datapoints = 16
function used for fitting: f(x,a,mr,c)
	f(x,a,mr,c)=a*cosh((x-L/2)/mr)+c
fitted parameters initialized with current variable values

iter      chisq       delta/lim  lambda   a             mr            c            
   0 1.8698874373e+14   0.00e+00  1.92e+07    8.000000e-01   8.000000e-01  -1.242237e-04
  12 7.4197756266e+00  -7.78e-06  1.92e-01    1.440924e-03   1.859404e+00  -3.790817e-04

After 12 iterations the fit converged.
final sum of squares of residuals : 7.41978
rel. change during last iteration : -7.78407e-11

degrees of freedom    (FIT_NDF)                        : 13
rms of residuals      (FIT_STDFIT) = sqrt(WSSR/ndf)    : 0.755481
variance of residuals (reduced chisquare) = WSSR/ndf   : 0.570752
p-value of the Chisq distribution (FIT_P)              : 0.879244

Final set of parameters            Asymptotic Standard Error
=======================            ==========================
a               = 0.00144092       +/- 0.0001374    (9.538%)
mr              = 1.8594           +/- 0.04173      (2.244%)
c               = -0.000379082     +/- 0.0003068    (80.94%)

correlation matrix of the fit parameters:
                a      mr     c      
a               1.000 
mr              0.996  1.000 
c              -0.861 -0.829  1.000 


*******************************************************************************
Tue Jan 27 16:46:07 2026


FIT:    data read from '../data/corrfunc.dat' u 1:column2[i]:column3[i] every ::0::(L-1)
        format = x:z:s
        #datapoints = 16
function used for fitting: f(x,a,mr,c)
	f(x,a,mr,c)=a*cosh((x-L/2)/mr)+c
fitted parameters initialized with current variable values

iter      chisq       delta/lim  lambda   a             mr            c            
   0 8.2356089664e+13   0.00e+00  1.27e+07    8.000000e-01   8.000000e-01  -3.790817e-04
  13 8.8830974468e+00  -1.12e-02  1.27e-06    1.215976e-02   3.009712e+00  -1.056196e-03

After 13 iterations the fit converged.
final sum of squares of residuals : 8.8831
rel. change during last iteration : -1.11624e-07

degrees of freedom    (FIT_NDF)                        : 13
rms of residuals      (FIT_STDFIT) = sqrt(WSSR/ndf)    : 0.826629
variance of residuals (reduced chisquare) = WSSR/ndf   : 0.683315
p-value of the Chisq distribution (FIT_P)              : 0.781714

Final set of parameters            Asymptotic Standard Error
=======================            ==========================
a               = 0.0121598        +/- 0.001553     (12.78%)
mr              = 3.00971          +/- 0.1299       (4.316%)
c               = -0.0010562       +/- 0.001827     (173%)

correlation matrix of the fit parameters:
                a      mr     c      
a               1.000 
mr              0.997  1.000 
c              -0.986 -0.975  1.000 


*******************************************************************************
Tue Jan 27 16:46:07 2026


FIT:    data read from '../data/corrfunc.dat' u 1:column2[i]:column3[i] every ::0::(L-1)
        format = x:z:s
        #datapoints = 16
function used for fitting: f(x,a,mr,c)
	f(x,a,mr,c)=a*cosh((x-L/2)/mr)+c
fitted parameters initialized with current variable values

iter      chisq       delta/lim  lambda   a             mr            c            
   0 1.1493344344e+13   0.00e+00  4.78e+06    8.000000e-01   8.000000e-01  -1.056196e-03
  16 1.0219199703e+00  -4.94e-06  4.78e-10    5.527604e-02   4.936629e+00   1.343922e-01

After 16 iterations the fit converged.
final sum of squares of residuals : 1.02192
rel. change during last iteration : -4.94249e-11

degrees of freedom    (FIT_NDF)                        : 13
rms of residuals      (FIT_STDFIT) = sqrt(WSSR/ndf)    : 0.280373
variance of residuals (reduced chisquare) = WSSR/ndf   : 0.0786092
p-value of the Chisq distribution (FIT_P)              : 0.999996

Final set of parameters            Asymptotic Standard Error
=======================            ==========================
a               = 0.055276         +/- 0.008406     (15.21%)
mr              = 4.93663          +/- 0.3177       (6.436%)
c               = 0.134392         +/- 0.008598     (6.397%)

correlation matrix of the fit parameters:
                a      mr     c      
a               1.000 
mr              0.999  1.000 
c              -1.000 -0.998  1.000 


*******************************************************************************
Tue Jan 27 16:46:07 2026


FIT:    data read from '../data/corrfunc.dat' u 1:column2[i]:column3[i] every ::0::(L-1)
        format = x:z:s
        #datapoints = 16
function used for fitting: f(x,a,mr,c)
	f(x,a,mr,c)=a*cosh((x-L/2)/mr)+c
fitted parameters initialized with current variable values

iter      chisq       delta/lim  lambda   a             mr            c            
   0 8.3339955964e+12   0.00e+00  4.05e+06    8.000000e-01   8.000000e-01   1.343922e-01
  11 6.2521390943e+00  -6.44e-02  4.05e-05    1.196236e-04   1.274608e+00   8.125487e-01

After 11 iterations the fit converged.
final sum of squares of residuals : 6.25214
rel. change during last iteration : -6.44482e-07

degrees of freedom    (FIT_NDF)                        : 13
rms of residuals      (FIT_STDFIT) = sqrt(WSSR/ndf)    : 0.693494
variance of residuals (reduced chisquare) = WSSR/ndf   : 0.480934
p-value of the Chisq distribution (FIT_P)              : 0.936493

Final set of parameters            Asymptotic Standard Error
=======================            ==========================
a               = 0.000119624      +/- 8.838e-05    (73.88%)
mr              = 1.27461          +/- 0.1556       (12.21%)
c               = 0.812549         +/- 0.0007025    (0.08645%)

correlation matrix of the fit parameters:
                a      mr     c      
a               1.000 
mr              0.996  1.000 
c              -0.685 -0.652  1.000 


*******************************************************************************
Tue Jan 27 16:46:07 2026


FIT:    data read from '../data/corrfunc.dat' u 1:column2[i]:column3[i] every ::0::(L-1)
        format = x:z:s
        #datapoints = 16
function used for fitting: f(x,a,mr,c)
	f(x,a,mr,c)=a*cosh((x-L/2)/mr)+c
fitted parameters initialized with current variable values

iter      chisq       delta/lim  lambda   a             mr            c            
   0 1.0255429135e+13   0.00e+00  4.44e+06    8.000000e-01   8.000000e-01   8.125487e-01

Current data point
=========================
#               = 1 out of 16
x               = -0.00316144    
z               = 1.25217        

Current set of parameters
=========================
a               = -0.00316144    
mr              = 0.0075476      
c               = 1.23684        

BREAK: Undefined value during function evaluation

*******************************************************************************
Tue Jan 27 16:46:07 2026


FIT:    data read from '../data/corrfunc.dat' u 1:column2[i]:column3[i] every ::0::(L-1)
        format = x:z:s
        #datapoints = 16
function used for fitting: f(x,a,mr,c)
	f(x,a,mr,c)=a*cosh((x-L/2)/mr)+c
fitted parameters initialized with current variable values

iter      chisq       delta/lim  lambda   a             mr            c            
   0 1.1905469601e+13   0.00e+00  4.83e+06    8.000000e-01   8.000000e-01   1.236844e+00
  20 7.0561253903e+00  -9.15e-02  4.83e-04    4.185614e-06   9.065733e-01   1.609663e+00

After 20 iterations the fit converged.
final sum of squares of residuals : 7.05613
rel. change during last iteration : -9.15076e-07

degrees of freedom    (FIT_NDF)                        : 13
rms of residuals      (FIT_STDFIT) = sqrt(WSSR/ndf)    : 0.736735
variance of residuals (reduced chisquare) = WSSR/ndf   : 0.542779
p-value of the Chisq distribution (FIT_P)              : 0.899236

Final set of parameters            Asymptotic Standard Error
=======================            ==========================
a               = 4.18561e-06      +/- 8.855e-06    (211.5%)
mr              = 0.906573         +/- 0.2236       (24.66%)
c               = 1.60966          +/- 0.0005198    (0.03229%)

correlation matrix of the fit parameters:
                a      mr     c      
a               1.000 
mr              0.998  1.000 
c              -0.548 -0.525  1.000 


*******************************************************************************
Tue Jan 27 16:46:07 2026


FIT:    data read from '../data/corrfunc.dat' u 1:column2[i]:column3[i] every ::0::(L-1)
        format = x:z:s
        #datapoints = 16
function used for fitting: f(x,a,mr,c)
	f(x,a,mr,c)=a*cosh((x-L/2)/mr)+c
fitted parameters initialized with current variable values

iter      chisq       delta/lim  lambda   a             mr            c            
   0 8.1702919369e+12   0.00e+00  3.98e+06    8.000000e-01   8.000000e-01   1.609663e+00
  13 6.6973870831e+00  -5.14e-01  3.98e-07    2.475290e-05   1.173600e+00   1.964599e+00

After 13 iterations the fit converged.
final sum of squares of residuals : 6.69739
rel. change during last iteration : -5.13509e-06

degrees of freedom    (FIT_NDF)                        : 13
rms of residuals      (FIT_STDFIT) = sqrt(WSSR/ndf)    : 0.717763
variance of residuals (reduced chisquare) = WSSR/ndf   : 0.515184
p-value of the Chisq distribution (FIT_P)              : 0.917066

Final set of parameters            Asymptotic Standard Error
=======================            ==========================
a               = 2.47529e-05      +/- 5.446e-05    (220%)
mr              = 1.1736           +/- 0.3959       (33.73%)
c               = 1.9646           +/- 0.0006215    (0.03164%)

correlation matrix of the fit parameters:
                a      mr     c      
a               1.000 
mr              0.996  1.000 
c              -0.645 -0.614  1.000 


*******************************************************************************
Tue Jan 27 16:46:07 2026


FIT:    data read from '../data/corrfunc.dat' u 1:column2[i]:column3[i] every ::0::(L-1)
        format = x:z:s
        #datapoints = 16
function used for fitting: f(x,a,mr,c)
	f(x,a,mr,c)=a*cosh((x-L/2)/mr)+c
fitted parameters initialized with current variable values

iter      chisq       delta/lim  lambda   a             mr            c            
   0 6.6975788268e+12   0.00e+00  3.57e+06    8.000000e-01   8.000000e-01   1.964599e+00

Current data point
=========================
#               = 1 out of 16
x               = -0.00142688    
z               = 2.32133        

Current set of parameters
=========================
a               = -0.00142688    
mr              = -0.0110315     
c               = 2.30924        

BREAK: Undefined value during function evaluation

*******************************************************************************
Tue Jan 27 16:46:07 2026


FIT:    data read from '../data/corrfunc.dat' u 1:column2[i]:column3[i] every ::0::(L-1)
        format = x:z:s
        #datapoints = 16
function used for fitting: f(x,a,mr,c)
	f(x,a,mr,c)=a*cosh((x-L/2)/mr)+c
fitted parameters initialized with current variable values

iter      chisq       delta/lim  lambda   a             mr            c            
   0 1.0041868123e+13   0.00e+00  4.45e+06    8.000000e-01   8.000000e-01   2.309240e+00
1256 5.6984541573e+00  -9.98e-01  4.45e+00    9.926466e-11   4.175515e-01   2.641258e+00

After 1256 iterations the fit converged.
final sum of squares of residuals : 5.69845
rel. change during last iteration : -9.98149e-06

degrees of freedom    (FIT_NDF)                        : 13
rms of residuals      (FIT_STDFIT) = sqrt(WSSR/ndf)    : 0.662074
variance of residuals (reduced chisquare) = WSSR/ndf   : 0.438343
p-value of the Chisq distribution (FIT_P)              : 0.956442

Final set of parameters            Asymptotic Standard Error
=======================            ==========================
a               = 9.92647e-11      +/- 1.139e-09    (1148%)
mr              = 0.417551         +/- 0.2531       (60.61%)
c               = 2.64126          +/- 0.0003856    (0.0146%)

correlation matrix of the fit parameters:
                a      mr     c      
a               1.000 
mr              1.000  1.000 
c              -0.350 -0.347  1.000 


*******************************************************************************
Tue Jan 27 16:46:56 2026


FIT:    data read from '../data/corrfunc.dat' u 1:column2[i]:column3[i] every ::0::(L-1)
        format = x:z:s
        #datapoints = 16
function used for fitting: f(x,a,mr,c)
	f(x,a,mr,c)=a*cosh((x-L/2)/mr)/mr+c
fitted parameters initialized with current variable values

iter      chisq       delta/lim  lambda   a             mr            c            
   0 6.0243555777e+14   0.00e+00  3.77e+07    8.000000e-01   8.000000e-01   1.000000e-06
  15 5.1211096962e+00  -1.54e-04  3.77e-07    1.089164e-04   1.213855e+00  -7.404852e-05

After 15 iterations the fit converged.
final sum of squares of residuals : 5.12111
rel. change during last iteration : -1.54221e-09

degrees of freedom    (FIT_NDF)                        : 13
rms of residuals      (FIT_STDFIT) = sqrt(WSSR/ndf)    : 0.62764
variance of residuals (reduced chisquare) = WSSR/ndf   : 0.393932
p-value of the Chisq distribution (FIT_P)              : 0.972429

Final set of parameters            Asymptotic Standard Error
=======================            ==========================
a               = 0.000108916      +/- 1.321e-05    (12.13%)
mr              = 1.21386          +/- 0.02         (1.648%)
c               = -7.40485e-05     +/- 0.0001005    (135.7%)

correlation matrix of the fit parameters:
                a      mr     c      
a               1.000 
mr              0.997  1.000 
c              -0.729 -0.703  1.000 


*******************************************************************************
Tue Jan 27 16:46:56 2026


FIT:    data read from '../data/corrfunc.dat' u 1:column2[i]:column3[i] every ::0::(L-1)
        format = x:z:s
        #datapoints = 16
function used for fitting: f(x,a,mr,c)
	f(x,a,mr,c)=a*cosh((x-L/2)/mr)/mr+c
fitted parameters initialized with current variable values

iter      chisq       delta/lim  lambda   a             mr            c            
   0 8.1441266275e+14   0.00e+00  4.43e+07    8.000000e-01   8.000000e-01  -7.404852e-05
  14 7.2844653318e+00  -1.32e-04  4.43e-05    4.552740e-04   1.440525e+00  -1.242250e-04

After 14 iterations the fit converged.
final sum of squares of residuals : 7.28447
rel. change during last iteration : -1.31761e-09

degrees of freedom    (FIT_NDF)                        : 13
rms of residuals      (FIT_STDFIT) = sqrt(WSSR/ndf)    : 0.748561
variance of residuals (reduced chisquare) = WSSR/ndf   : 0.560343
p-value of the Chisq distribution (FIT_P)              : 0.886903

Final set of parameters            Asymptotic Standard Error
=======================            ==========================
a               = 0.000455274      +/- 4.605e-05    (10.12%)
mr              = 1.44053          +/- 0.02271      (1.577%)
c               = -0.000124225     +/- 0.0001346    (108.4%)

correlation matrix of the fit parameters:
                a      mr     c      
a               1.000 
mr              0.997  1.000 
c              -0.723 -0.694  1.000 


*******************************************************************************
Tue Jan 27 16:46:56 2026


FIT:    data read from '../data/corrfunc.dat' u 1:column2[i]:column3[i] every ::0::(L-1)
        format = x:z:s
        #datapoints = 16
function used for fitting: f(x,a,mr,c)
	f(x,a,mr,c)=a*cosh((x-L/2)/mr)/mr+c
fitted parameters initialized with current variable values

iter      chisq       delta/lim  lambda   a             mr            c            
   0 2.9217078173e+14   0.00e+00  2.65e+07    8.000000e-01   8.000000e-01  -1.242250e-04
  14 7.4197756292e+00  -7.96e-04  2.65e-05    2.679263e-03   1.859405e+00  -3.790843e-04

After 14 iterations the fit converged.
final sum of squares of residuals : 7.41978
rel. change during last iteration : -7.96056e-09

degrees of freedom    (FIT_NDF)                        : 13
rms of residuals      (FIT_STDFIT) = sqrt(WSSR/ndf)    : 0.755481
variance of residuals (reduced chisquare) = WSSR/ndf   : 0.570752
p-value of the Chisq distribution (FIT_P)              : 0.879244

Final set of parameters            Asymptotic Standard Error
=======================            ==========================
a               = 0.00267926       +/- 0.0003155    (11.77%)
mr              = 1.8594           +/- 0.04177      (2.246%)
c               = -0.000379084     +/- 0.0003068    (80.94%)

correlation matrix of the fit parameters:
                a      mr     c      
a               1.000 
mr              0.997  1.000 
c              -0.856 -0.829  1.000 


*******************************************************************************
Tue Jan 27 16:46:56 2026


FIT:    data read from '../data/corrfunc.dat' u 1:column2[i]:column3[i] every ::0::(L-1)
        format = x:z:s
        #datapoints = 16
function used for fitting: f(x,a,mr,c)
	f(x,a,mr,c)=a*cosh((x-L/2)/mr)/mr+c
fitted parameters initialized with current variable values

iter      chisq       delta/lim  lambda   a             mr            c            
   0 1.2868209189e+14   0.00e+00  1.75e+07    8.000000e-01   8.000000e-01  -3.790843e-04
  17 8.8830974468e+00  -5.84e-02  1.75e-05    3.659736e-02   3.009712e+00  -1.056195e-03

After 17 iterations the fit converged.
final sum of squares of residuals : 8.8831
rel. change during last iteration : -5.83644e-07

degrees of freedom    (FIT_NDF)                        : 13
rms of residuals      (FIT_STDFIT) = sqrt(WSSR/ndf)    : 0.826629
variance of residuals (reduced chisquare) = WSSR/ndf   : 0.683315
p-value of the Chisq distribution (FIT_P)              : 0.781714

Final set of parameters            Asymptotic Standard Error
=======================            ==========================
a               = 0.0365974        +/- 0.006251     (17.08%)
mr              = 3.00971          +/- 0.13         (4.32%)
c               = -0.0010562       +/- 0.001827     (173%)

correlation matrix of the fit parameters:
                a      mr     c      
a               1.000 
mr              0.998  1.000 
c              -0.984 -0.975  1.000 


*******************************************************************************
Tue Jan 27 16:46:56 2026


FIT:    data read from '../data/corrfunc.dat' u 1:column2[i]:column3[i] every ::0::(L-1)
        format = x:z:s
        #datapoints = 16
function used for fitting: f(x,a,mr,c)
	f(x,a,mr,c)=a*cosh((x-L/2)/mr)/mr+c
fitted parameters initialized with current variable values

iter      chisq       delta/lim  lambda   a             mr            c            
   0 1.7958707509e+13   0.00e+00  6.57e+06    8.000000e-01   8.000000e-01  -1.056195e-03
 170 1.0219199703e+00  -1.26e-02  6.57e-06    2.728773e-01   4.936629e+00   1.343923e-01

After 170 iterations the fit converged.
final sum of squares of residuals : 1.02192
rel. change during last iteration : -1.26425e-07

degrees of freedom    (FIT_NDF)                        : 13
rms of residuals      (FIT_STDFIT) = sqrt(WSSR/ndf)    : 0.280373
variance of residuals (reduced chisquare) = WSSR/ndf   : 0.0786092
p-value of the Chisq distribution (FIT_P)              : 0.999996

Final set of parameters            Asymptotic Standard Error
=======================            ==========================
a               = 0.272877         +/- 0.05905      (21.64%)
mr              = 4.93663          +/- 0.3181       (6.443%)
c               = 0.134392         +/- 0.008598     (6.397%)

correlation matrix of the fit parameters:
                a      mr     c      
a               1.000 
mr              1.000  1.000 
c              -0.999 -0.998  1.000 


*******************************************************************************
Tue Jan 27 16:46:56 2026


FIT:    data read from '../data/corrfunc.dat' u 1:column2[i]:column3[i] every ::0::(L-1)
        format = x:z:s
        #datapoints = 16
function used for fitting: f(x,a,mr,c)
	f(x,a,mr,c)=a*cosh((x-L/2)/mr)/mr+c
fitted parameters initialized with current variable values

iter      chisq       delta/lim  lambda   a             mr            c            
   0 1.3022610745e+13   0.00e+00  5.57e+06    8.000000e-01   8.000000e-01   1.343923e-01
  12 6.2521390936e+00  -5.99e-04  5.57e-06    1.524741e-04   1.274609e+00   8.125487e-01

After 12 iterations the fit converged.
final sum of squares of residuals : 6.25214
rel. change during last iteration : -5.98745e-09

degrees of freedom    (FIT_NDF)                        : 13
rms of residuals      (FIT_STDFIT) = sqrt(WSSR/ndf)    : 0.693494
variance of residuals (reduced chisquare) = WSSR/ndf   : 0.480934
p-value of the Chisq distribution (FIT_P)              : 0.936493

Final set of parameters            Asymptotic Standard Error
=======================            ==========================
a               = 0.000152474      +/- 0.0001312    (86.05%)
mr              = 1.27461          +/- 0.1557       (12.22%)
c               = 0.812549         +/- 0.0007025    (0.08645%)

correlation matrix of the fit parameters:
                a      mr     c      
a               1.000 
mr              0.997  1.000 
c              -0.680 -0.652  1.000 


*******************************************************************************
Tue Jan 27 16:46:56 2026


FIT:    data read from '../data/corrfunc.dat' u 1:column2[i]:column3[i] every ::0::(L-1)
        format = x:z:s
        #datapoints = 16
function used for fitting: f(x,a,mr,c)
	f(x,a,mr,c)=a*cosh((x-L/2)/mr)/mr+c
fitted parameters initialized with current variable values

iter      chisq       delta/lim  lambda   a             mr            c            
   0 1.6024749955e+13   0.00e+00  6.11e+06    8.000000e-01   8.000000e-01   8.125487e-01
 439 6.8900450293e+00  -2.53e-02  6.11e-04    9.738845e-07   7.777179e-01   1.234107e+00

After 439 iterations the fit converged.
final sum of squares of residuals : 6.89005
rel. change during last iteration : -2.53022e-07

degrees of freedom    (FIT_NDF)                        : 13
rms of residuals      (FIT_STDFIT) = sqrt(WSSR/ndf)    : 0.728013
variance of residuals (reduced chisquare) = WSSR/ndf   : 0.530003
p-value of the Chisq distribution (FIT_P)              : 0.907729

Final set of parameters            Asymptotic Standard Error
=======================            ==========================
a               = 9.73884e-07      +/- 2.045e-06    (209.9%)
mr              = 0.777718         +/- 0.149        (19.16%)
c               = 1.23411          +/- 0.0004881    (0.03955%)

correlation matrix of the fit parameters:
                a      mr     c      
a               1.000 
mr              0.998  1.000 
c              -0.487 -0.468  1.000 


*******************************************************************************
Tue Jan 27 16:46:56 2026


FIT:    data read from '../data/corrfunc.dat' u 1:column2[i]:column3[i] every ::0::(L-1)
        format = x:z:s
        #datapoints = 16
function used for fitting: f(x,a,mr,c)
	f(x,a,mr,c)=a*cosh((x-L/2)/mr)/mr+c
fitted parameters initialized with current variable values

iter      chisq       delta/lim  lambda   a             mr            c            
   0 1.8602864559e+13   0.00e+00  6.65e+06    8.000000e-01   8.000000e-01   1.234107e+00
  28 7.0561254099e+00  -9.60e-02  6.65e-04    3.794717e-06   9.065768e-01   1.609663e+00

After 28 iterations the fit converged.
final sum of squares of residuals : 7.05613
rel. change during last iteration : -9.5985e-07

degrees of freedom    (FIT_NDF)                        : 13
rms of residuals      (FIT_STDFIT) = sqrt(WSSR/ndf)    : 0.736735
variance of residuals (reduced chisquare) = WSSR/ndf   : 0.542779
p-value of the Chisq distribution (FIT_P)              : 0.899236

Final set of parameters            Asymptotic Standard Error
=======================            ==========================
a               = 3.79472e-06      +/- 8.962e-06    (236.2%)
mr              = 0.906577         +/- 0.2238       (24.68%)
c               = 1.60966          +/- 0.0005198    (0.03229%)

correlation matrix of the fit parameters:
                a      mr     c      
a               1.000 
mr              0.998  1.000 
c              -0.546 -0.525  1.000 


*******************************************************************************
Tue Jan 27 16:46:56 2026


FIT:    data read from '../data/corrfunc.dat' u 1:column2[i]:column3[i] every ::0::(L-1)
        format = x:z:s
        #datapoints = 16
function used for fitting: f(x,a,mr,c)
	f(x,a,mr,c)=a*cosh((x-L/2)/mr)/mr+c
fitted parameters initialized with current variable values

iter      chisq       delta/lim  lambda   a             mr            c            
   0 1.2766493761e+13   0.00e+00  5.48e+06    8.000000e-01   8.000000e-01   1.609663e+00
  26 6.6973811641e+00  -2.26e-01  5.48e-07    2.923184e-05   1.174568e+00   1.964598e+00

After 26 iterations the fit converged.
final sum of squares of residuals : 6.69738
rel. change during last iteration : -2.25731e-06

degrees of freedom    (FIT_NDF)                        : 13
rms of residuals      (FIT_STDFIT) = sqrt(WSSR/ndf)    : 0.717763
variance of residuals (reduced chisquare) = WSSR/ndf   : 0.515183
p-value of the Chisq distribution (FIT_P)              : 0.917066

Final set of parameters            Asymptotic Standard Error
=======================            ==========================
a               = 2.92318e-05      +/- 7.411e-05    (253.5%)
mr              = 1.17457          +/- 0.3967       (33.77%)
c               = 1.9646           +/- 0.0006219    (0.03165%)

correlation matrix of the fit parameters:
                a      mr     c      
a               1.000 
mr              0.997  1.000 
c              -0.642 -0.614  1.000 


*******************************************************************************
Tue Jan 27 16:46:56 2026


FIT:    data read from '../data/corrfunc.dat' u 1:column2[i]:column3[i] every ::0::(L-1)
        format = x:z:s
        #datapoints = 16
function used for fitting: f(x,a,mr,c)
	f(x,a,mr,c)=a*cosh((x-L/2)/mr)/mr+c
fitted parameters initialized with current variable values

iter      chisq       delta/lim  lambda   a             mr            c            
   0 1.0465325853e+13   0.00e+00  4.92e+06    8.000000e-01   8.000000e-01   1.964598e+00
  13 1.0073728134e+01  -1.88e-01  4.92e-02    1.262139e+00   1.997562e+01   2.244022e+00

After 13 iterations the fit converged.
final sum of squares of residuals : 10.0737
rel. change during last iteration : -1.87869e-06

degrees of freedom    (FIT_NDF)                        : 13
rms of residuals      (FIT_STDFIT) = sqrt(WSSR/ndf)    : 0.880285
variance of residuals (reduced chisquare) = WSSR/ndf   : 0.774902
p-value of the Chisq distribution (FIT_P)              : 0.687895

Final set of parameters            Asymptotic Standard Error
=======================            ==========================
a               = 1.26214          +/- 234.3        (1.857e+04%)
mr              = 19.9756          +/- 1230         (6156%)
c               = 2.24402          +/- 7.847        (349.7%)

correlation matrix of the fit parameters:
                a      mr     c      
a               1.000 
mr              1.000  1.000 
c              -1.000 -1.000  1.000 


*******************************************************************************
Tue Jan 27 16:46:56 2026


FIT:    data read from '../data/corrfunc.dat' u 1:column2[i]:column3[i] every ::0::(L-1)
        format = x:z:s
        #datapoints = 16
function used for fitting: f(x,a,mr,c)
	f(x,a,mr,c)=a*cosh((x-L/2)/mr)/mr+c
fitted parameters initialized with current variable values

iter      chisq       delta/lim  lambda   a             mr            c            
   0 1.5690517801e+13   0.00e+00  6.13e+06    8.000000e-01   8.000000e-01   2.244022e+00
  12 1.4373641753e+01  -9.43e-01  6.13e-02    1.990944e-01   1.277123e+01   2.625135e+00

After 12 iterations the fit converged.
final sum of squares of residuals : 14.3736
rel. change during last iteration : -9.43384e-06

degrees of freedom    (FIT_NDF)                        : 13
rms of residuals      (FIT_STDFIT) = sqrt(WSSR/ndf)    : 1.05151
variance of residuals (reduced chisquare) = WSSR/ndf   : 1.10566
p-value of the Chisq distribution (FIT_P)              : 0.348066

Final set of parameters            Asymptotic Standard Error
=======================            ==========================
a               = 0.199094         +/- 22.56        (1.133e+04%)
mr              = 12.7712          +/- 475          (3719%)
c               = 2.62513          +/- 1.188        (45.25%)

correlation matrix of the fit parameters:
                a      mr     c      
a               1.000 
mr              1.000  1.000 
c              -1.000 -1.000  1.000 
