           1   1.2758945705078588     
           2   1.8235434816441010     
           3   2.0043399111282438     
           4   1.7119527459743415     
           5   3.0105342894144504     
           6   3.9043866622897547     
           7   4.3765625836244784     
           8   5.4191682383604078     
           9   6.1683438929854510     
          10   4.5748145873912351     
          11   6.4283427995449465     
          12   5.9818141695539051     
          13   7.2499907098368954     
          14   6.9372013730564115     
          15   8.8754001789802572     
          16   5.2746169257182114     
          17   4.5475876593437023     
          18   5.2547233881701558     
          19   6.3629410520892744     
          20   4.7107586834437827     
          21   5.2908356539288421     
          22   4.5892112493448849     
          23   4.2671413024166203     
          24   5.7667929280407941     
          25   4.3523037737144836     
          26   4.9196329594396806     
          27   5.2506364521126931     
          28   5.0553727811312923     
          29   7.3387305852176352     
          30   9.2404811565250871     
          31   9.3589138345574074     
          32   15.545719888173604     
          33   16.505522775629540     
          34   12.269274065415262     
          35   8.5142947125773816     
          36   6.3434895204427164     
          37   4.7071269054599210     
          38   4.1929492755028273     
          39   3.8196534879428450     
          40   3.9487076237793675     
          41   2.9330317869113181     
          42   4.2652528097115701     
          43   5.0941402437487735     
          44   9.3444891003159150     
          45   8.7577168675447812     
          46   9.6621364750556076     
          47   7.0983379610573172     
          48   5.7778309531437557     
          49   6.8860806787272697     
          50   4.0712940747568709     
          51   3.9902727497772372     
          52   4.4592583624731823     
          53   3.3514735188100193     
          54   3.0509878685895311     
          55   5.0418651496128088     
          56   6.5143576177752438     
          57   5.6198309335913681     
          58   6.4905611531770937     
          59   7.6622344711182357     
          60   4.6466519248119340     
          61   3.7867009924957662     
          62   3.6603445909910861     
          63   3.5287736668752796     
          64   3.9097865400930409     
          65   6.1202747151981587     
          66   6.7452818274908992     
          67   7.5642325663881023     
          68   6.0664778133449575     
          69   4.8610353547125662     
          70   5.9666914267346733     
          71   6.4411426895423798     
          72   6.5962170029916711     
          73   6.8509042709486803     
          74   3.2958619306214754     
          75   5.8362590640420686     
          76   4.8674312674063867     
          77   4.2886589804076323     
          78   4.5898172118952472     
          79   4.4820132830876798     
          80   2.8298188857204569     
          81   3.4539604620986424     
          82   4.2806200611143268     
          83   3.3373046381392841     
          84   4.1560861261169419     
          85   2.7680970290459501     
          86   3.5484293690686952     
          87   3.7796023436426678     
          88   4.4731923164246314     
          89   6.2061365263235331     
          90   4.0866945913116242     
          91   2.6983021404687970     
          92   1.7987507132325657     
          93   3.9459113504905234     
          94   4.8725461114149322     
          95   7.1682682589215272     
          96   5.6735401372308099     
          97   5.5086892477092455     
          98   3.9829927507548071     
          99   4.8482537728070856     
         100   5.0530058865354182     
         101   5.5952663463026653     
         102   6.3095799291275636     
         103   9.3419509845679602     
         104   8.4594647721972898     
         105   8.6650084585610507     
         106   9.9086474399235129     
         107   10.616579933486744     
         108   10.056904005793863     
         109   10.039592457386657     
         110   9.9945706655100714     
         111   9.2747726609925429     
         112   5.2963800924496240     
         113   3.2343888677600452     
         114   2.7863241586044238     
         115   3.7491170979775701     
         116   2.9726999886088503     
         117   4.5082847574251694     
         118   4.7166262166966018     
         119   3.8655011997932789     
         120   3.6331773909757783     
         121   3.3673723450586079     
         122   3.9558107898586301     
         123   2.7230199637427726     
         124   2.0873980393952678     
         125   1.2611743897477823     
         126   2.3313055575700954     
         127   2.5177988950910226     
         128   3.3564015544122192     
         129   3.6741746512946900     
         130   3.0933758455295588     
         131   2.1511385684889208     
         132   3.8610022845202754     
         133   3.7537780204593454     
         134   3.7376616882205180     
         135   4.2027373578013849     
         136   2.7633406181694795     
         137   2.7476896833474593     
         138   2.8279745420834548     
         139   4.2557538961147783     
         140   3.7763372940051831     
         141   3.4028168635740546     
         142   4.6717787883991724     
         143   3.6214429915162758     
         144   3.3555902107327835     
         145   4.7663629336093667     
         146   5.7541077469019868     
         147   10.617885237139300     
         148   10.769645063102590     
         149   12.866140885410745     
         150   12.958975253569781     
         151   8.6863728896579140     
         152   12.106716032653953     
         153   11.421740502554364     
         154   9.2852614739529749     
         155   6.7459713115783240     
         156   9.1292689647864140     
         157   9.7627512163799075     
         158   6.9524564916065286     
         159   7.6097505025582661     
         160   5.7560385049902179     
         161   6.6762206597535956     
         162   6.2307062441404275     
         163   5.0744651346404375     
         164   4.9963935161362070     
         165   7.4935553529371317     
         166   7.1911408721413155     
         167   7.0348781087637198     
         168   6.8803690681336764     
         169   9.1503842547182224     
         170   7.5030457324222173     
         171   7.0189624297578792     
         172   5.8303195327761816     
         173   5.9884816521274242     
         174   5.1881087047016932     
         175   4.7050232505327845     
         176   3.1862306599696364     
         177   4.0754928405162758     
         178   8.4370808139958982     
         179   8.2744590970517073     
         180   6.4925302407560563     
         181   6.0396368276637178     
         182   5.0839674525435807     
         183   4.2469277223219333     
         184   4.2443314041313851     
         185   5.4865155174272582     
         186   8.9569615178287503     
         187   10.746827311314121     
         188   8.6787340502376562     
         189   6.9324620364939262     
         190   7.5106203122569690     
         191   7.6662684315606064     
         192   7.8183778824500818     
         193   7.6155158580864235     
         194   4.5449960932508793     
         195   5.7378390760840965     
         196   7.1393067407336632     
         197   6.3925853556732077     
         198   4.2780584097783221     
         199   2.3748317313046861     
         200   2.5058048952698915     
         201   4.3673335578348143     
         202   4.7234021014187579     
         203   5.5107302746546099     
         204   5.2649398571325543     
         205   3.8343295024320967     
         206   3.9140308264001353     
         207   9.3538347127356758     
         208   9.3327419942968461     
         209   6.7429460975061657     
         210   6.7029719516846695     
         211   4.4742704733292609     
         212   4.3668126336285980     
         213   3.4573548479624305     
         214   2.9240717793717166     
         215   5.1773769650605939     
         216   6.8212482807574482     
         217   7.9304009722240076     
         218   7.0544880622493062     
         219   8.0303845176677644     
         220   8.7877133015280773     
         221   7.4335039929934155     
         222   5.8731044288719101     
         223   7.2931566401721399     
         224   6.4803006594825945     
         225   9.1225406812468481     
         226   10.616907286097032     
         227   7.7636255818160844     
         228   8.8838609316819532     
         229   6.9440039997988556     
         230   8.1200883032141817     
         231   8.7283653903626117     
         232   10.201871394546126     
         233   9.6766945496056227     
         234   10.586902864783236     
         235   11.465863693114567     
         236   7.4174095992861480     
         237   4.5793657725020145     
         238   5.2353132785310788     
         239   5.7322315357352345     
         240   5.7175828987938289     
         241   5.7069778610579300     
         242   4.9173603148090566     
         243   3.1355040568175760     
         244   2.5289518526547456     
         245   2.8766503375246759     
         246   5.2162961545698305     
         247   4.0188805581903919     
         248   4.8553261069183655     
         249   6.1335586379951277     
         250   4.9100658652870894     
         251   7.7036363376464134     
         252   8.6037732133327971     
         253   5.3900189802974445     
         254   3.9960820588224637     
         255   3.1382188814355150     
         256   3.2856720412995513     
         257   4.0570035350964764     
         258   2.7812637661924340     
         259   3.6511301146117718     
         260   7.3564655824227332     
         261   10.258957595023958     
         262   11.825313724465421     
         263   12.897495319504820     
         264   10.110031618920694     
         265   9.9367396902439431     
         266   10.459767129111411     
         267   9.2917535233140818     
         268   7.1646439880885859     
         269   5.2043737712781581     
         270   5.2429668731037484     
         271   4.4222600626743267     
         272   3.7355663829790804     
         273   6.4064508874638095     
         274   5.3315181082505765     
         275   5.0544182211787811     
         276   4.5600732143495479     
         277   3.7917549503904331     
         278   5.4931736919273586     
         279   5.1438038065060416     
         280   4.9930239750312859     
         281   3.9772144101055704     
         282   4.9469121809127650     
         283   6.5687873427446064     
         284   7.5275765995589676     
         285   7.0147316580304162     
         286   8.0689202672290072     
         287   5.9652036844046101     
         288   5.8730529081305960     
         289   5.8126076010264232     
         290   6.0346784510452229     
         291   6.8366756617690934     
         292   6.4270929239724621     
         293   4.7969462648748022     
         294   6.4629954173345974     
         295   8.5468764791175893     
         296   12.263573698921659     
         297   8.3626393459567012     
         298   7.8088063581919052     
         299   6.0837368170985711     
         300   5.3428235778805364     
         301   4.8958275545172905     
         302   4.8083308934710640     
         303   6.3920191361010374     
         304   7.3532717767892795     
         305   7.0901124169729410     
         306   9.2963317894683488     
         307   5.7184432272114707     
         308   7.1233728366176843     
         309   6.6240543453732998     
         310   6.6471069121520205     
         311   6.1945253193679743     
         312   5.6247385589638084     
         313   3.6876887633698576     
         314   4.8124018289651938     
         315   5.4262199178883010     
         316   4.9129859675126459     
         317   3.3776315941875330     
         318   4.5624982841024941     
         319   5.0169031668034210     
         320   4.4736557718008525     
         321   2.7911439692524778     
         322   2.5770792490961889     
         323   2.9136016774016600     
         324   3.3293938270405983     
         325   1.5832666428933566     
         326   3.0191304045673997     
         327   3.2315015872593413     
         328   1.4604115361704557     
         329   1.3012021538505159     
         330   2.1600529182935615     
         331   2.7828102558648671     
         332   2.3262208100340369     
         333   3.0736233552533583     
         334   4.1112943060035985     
         335   5.6012155246175039     
         336   4.8374782826717535     
         337   4.3796221076009196     
         338   3.8924381873143714     
         339   6.0876477614050835     
         340   5.7968915411484989     
         341   5.1844068093666626     
         342   7.4477145335640635     
         343   8.3068645065087257     
         344   7.4449594622728430     
         345   4.8680681067329861     
         346   5.8805353254650203     
         347   5.9321046659111003     
         348   8.0624932185503830     
         349   5.6875931136518316     
         350   7.2678659228789551     
         351   6.8816461532739481     
         352   5.6469330990379172     
         353   6.8072544869818685     
         354   5.9260979194910250     
         355   5.4517365490545355     
         356   5.7912210407114628     
         357   6.2171619694920999     
         358   6.7627487799488595     
         359   8.7177669497765784     
         360   7.5246068871772547     
         361   9.7633416484522861     
         362   10.707755906387009     
         363   10.792347492910940     
         364   12.263959683156935     
         365   13.982945573576155     
         366   14.229429297483950     
         367   15.627841419711782     
         368   11.358115589254082     
         369   9.4651030245270622     
         370   11.482032561207125     
         371   7.9732587006370998     
         372   8.4002577739690505     
         373   10.699824259446956     
         374   10.912593923310649     
         375   9.6590274379213827     
         376   7.0705461228518276     
         377   6.9514477747080790     
         378   8.6372125156038990     
         379   10.820695943248596     
         380   8.5894740340751543     
         381   5.5694858850442337     
         382   2.9202207893958994     
         383   3.3786944346775831     
         384   3.8359099741946459     
         385   2.8161046764330329     
         386   1.9999051788626114     
         387   3.1450193225146217     
         388   2.1828711062434389     
         389   2.2667158427413687     
         390   2.3494053358335019     
         391   1.3095518878072321     
         392   2.0856671913928828     
         393   2.8404056994469795     
         394   3.1588819390410943     
         395   4.9441847409604431     
         396   5.0564595602795599     
         397   6.0620785691175740     
         398   6.5620040335954943     
         399   7.2838247739466677     
         400   9.7765188470117046     
         401   9.1462708698029846     
         402   7.5129741613961141     
         403   9.9620008193507026     
         404   7.5734936034134179     
         405   10.004201008023234     
         406   12.601018019434223     
         407   12.037969153113348     
         408   16.561592233653414     
         409   15.049633790508812     
         410   13.752156399935744     
         411   11.486131655799541     
         412   8.7828534956866928     
         413   8.1662997100309518     
         414   9.9514772571681149     
         415   8.9655821577274519     
         416   5.0629678147654751     
         417   4.5322476364769821     
         418   5.6902198726041222     
         419   5.7918014506477089     
         420   3.6018650968753967     
         421   4.1834444157890847     
         422   4.8998173463286578     
         423   4.5070178946293717     
         424   4.7051716583575320     
         425   6.7826267734807484     
         426   6.5775132001994727     
         427   9.0713014202707090     
         428   9.1042725147390797     
         429   10.515732783739958     
         430   13.374765609915158     
         431   11.080988526342130     
         432   11.428247784982551     
         433   10.340677090687324     
         434   9.1105981641616101     
         435   9.7828253339581934     
         436   8.0369297001758220     
         437   8.6600002211715843     
         438   10.105892984575313     
         439   10.379247555441479     
         440   5.7521942340704477     
         441   7.6832618860477968     
         442   7.5173087053685581     
         443   6.4726081148105417     
         444   7.9802384262439219     
         445   8.5490844254879139     
         446   5.0379775694197386     
         447   2.7138253049424979     
         448   3.2652554918104855     
         449   3.4202999508458753     
         450   2.7556282627345876     
         451   2.1377136720508045     
         452   4.3364711649200460     
         453   5.0851241215616190     
         454   6.4099318955684543     
         455   6.2349953051471259     
         456   5.6019122430292967     
         457   7.6867278358618538     
         458   6.6717384843250356     
         459   5.1370073050363194     
         460   6.3646092646945354     
         461   5.3830889005000691     
         462   6.8820453913517046     
         463   4.6778850255030227     
         464   3.3080440954329156     
         465   4.5640089415072271     
         466   7.8275984168269552     
         467   12.796220519599789     
         468   13.350873882773548     
         469   11.133727877013291     
         470   11.017721238515159     
         471   7.7498600432454614     
         472   6.5248406238112668     
         473   6.4424755977611134     
         474   7.4792863397116491     
         475   10.359320521945994     
         476   7.3203991388876517     
         477   4.0372098986262106     
         478   5.9788751200116215     
         479   5.1239949836558178     
         480   4.0607530788433763     
         481   4.1609302739305640     
         482   4.8506198677976391     
         483   5.1267148355485155     
         484   6.5739635253620650     
         485   9.7185578694889738     
         486   8.0322516127430550     
         487   9.5827421163265569     
         488   9.2173745582308655     
         489   8.1070485295004424     
         490   10.819160222217278     
         491   9.6959283409890045     
         492   11.814415001640477     
         493   10.468353121387180     
         494   16.197178552620588     
         495   10.678053784859719     
         496   8.7149250032205945     
         497   8.6783276690967472     
         498   9.2560433073873956     
         499   7.9451253842662926     
         500   8.4885917743518409     
         501   10.896784597565503     
         502   9.7994720494667202     
         503   10.818521041932694     
         504   8.7962959391062725     
         505   11.276435861303133     
         506   9.1613818006552119     
         507   7.4061307957744766     
         508   7.8002624880273395     
         509   8.5242663880142473     
         510   7.2524168181034154     
         511   7.1621026246266277     
         512   6.7233420721138373     
         513   6.4097617527146333     
         514   5.2396034645436806     
         515   7.7874823070338532     
         516   10.165132242217569     
         517   9.1840465124535697     
         518   9.6881382270216942     
         519   6.9061515913237459     
         520   7.2961997278433612     
         521   7.8562948608824046     
         522   7.3676092932963844     
         523   7.8530871597995668     
         524   8.6652581853863619     
         525   6.6532321084807018     
         526   6.4485533432162434     
         527   7.0635757154335517     
         528   5.5033196365747932     
         529   7.6653059611815566     
         530   7.1381249480863671     
         531   7.8949782313034023     
         532   7.8366189753676982     
         533   7.2362326876172816     
         534   6.9674485570931317     
         535   7.5053671989160184     
         536   7.0935725260008633     
         537   2.8590547265703501     
         538   3.9393249274714743     
         539   3.0999365756533606     
         540   4.2380938592941311     
         541   3.9773638289471971     
         542   4.8910808446109462     
         543   5.0162186614475104     
         544   4.1188078102957846     
         545   3.2135927728473512     
         546   6.8244278898304911     
         547   5.8466085323666679     
         548   6.0674209156888086     
         549   8.2911750627936911     
         550   8.0792392933812831     
         551   5.2088219598491694     
         552   4.7016556214044218     
         553   6.1688810392383058     
         554   5.0498563470646181     
         555   2.7674998156770259     
         556   2.7667614218468493     
         557   4.8419920679846324     
         558   7.4855189918628051     
         559   7.3643987237798587     
         560   4.3286202849102811     
         561   5.6034422922458713     
         562   7.5047213484355222     
         563   7.8959777883685662     
         564   8.1251589748438118     
         565   10.875485088139909     
         566   10.542947381394860     
         567   9.3172610156617779     
         568   11.045034945905817     
         569   12.104350853905787     
         570   8.9322186391687755     
         571   7.1080764216041574     
         572   6.7041024023408511     
         573   6.3560569704765211     
         574   6.9562599777102276     
         575   9.9439364842262847     
         576   13.253390939402689     
         577   14.325513628999822     
         578   12.073601143854388     
         579   11.518172207892210     
         580   10.328970108652173     
         581   11.013699970567831     
         582   10.621828598938391     
         583   8.6230602545467772     
         584   8.2859209569224959     
         585   8.0565792271111825     
         586   6.3568760782905933     
         587   6.4138312574110374     
         588   7.3262247169883477     
         589   7.9383685326720110     
         590   9.0026943374377151     
         591   5.3779658002031514     
         592   4.0420401288447048     
         593   2.2929313968523002     
         594   3.0396705142293623     
         595   2.2413649375599456     
         596   5.1272123714109776     
         597   6.2257437073852797     
         598   5.9679070392116733     
         599   5.5871400098886435     
         600   8.2347173777881260     
         601   7.8088714999444031     
         602   7.8935832132393342     
         603   10.676509389715484     
         604   10.924181446539359     
         605   9.0589000492897149     
         606   8.8238255813600297     
         607   6.5831920091321319     
         608   5.5505540011111094     
         609   5.3384766834617023     
         610   2.1832195473752760     
         611   4.0202270224549377     
         612   3.6957776302957837     
         613   3.4746425758059587     
         614   4.6504143169767520     
         615   4.6335627832343942     
         616   5.4415460305774568     
         617   5.1222904674704495     
         618   4.8370814923983803     
         619   4.5288624074836470     
         620   3.1495692927105612     
         621   4.0572680129228713     
         622   5.2330305681357236     
         623   5.9757241902751410     
         624   6.5478797729226921     
         625   6.6162916782599348     
         626   6.6351635355706025     
         627   6.3326410775775424     
         628   4.9850700181670637     
         629   5.9604900398395353     
         630   5.4572062978820854     
         631   6.1075891042420558     
         632   5.4678486920734466     
         633   6.0306988051396502     
         634   6.4109066867505033     
         635   7.0559111224294773     
         636   6.0868732490042294     
         637   4.5591594588011848     
         638   4.8362026151794932     
         639   5.6790839033104135     
         640   5.5610533186817337     
         641   6.1367575780385142     
         642   6.3759392341106764     
         643   5.3149254055009170     
         644   7.0650129336371528     
         645   7.2766401182363083     
         646   7.1009537593924676     
         647   8.0138427831901780     
         648   6.3194094726048169     
         649   5.1390288113334375     
         650   4.9576276291979733     
         651   5.5806292280940388     
         652   6.7242777343735227     
         653   7.0411121039134041     
         654   7.0105570161934425     
         655   7.0363697597064112     
         656   6.1250176933466012     
         657   4.5328167233457952     
         658   3.6650978934202372     
         659   3.1425206503749519     
         660   2.5633877150615967     
         661   5.9098085427755862     
         662   5.9665158973072936     
         663   4.8735192636659646     
         664   4.7850412697926954     
         665   5.5147953210432030     
         666   5.8566680753516520     
         667   5.9409043208965260     
         668   4.8394451942671761     
         669   7.1320648689378814     
         670   5.5929093430741696     
         671   7.2980001901591729     
         672   6.7602590916914984     
         673   8.4410358811399782     
         674   7.7623543417792789     
         675   4.0008532203677145     
         676   4.1665648057237448     
         677   3.7431573401966101     
         678   2.8091524072525549     
         679   1.6562665263558791     
         680   2.2562088691906950     
         681   2.9796455963591693     
         682   3.4151367041996794     
         683   2.9348863650136492     
         684   4.8714232326876346     
         685   6.5458502540083057     
         686   8.6774763624413715     
         687   8.3365483917555068     
         688   7.4305775700355854     
         689   8.1522444524249877     
         690   10.965551235237420     
         691   9.9724972184838219     
         692   9.0030905222347428     
         693   8.2263528020816761     
         694   8.8765237669268515     
         695   5.6473751201025140     
         696   4.1101102967895846     
         697   7.0345369871939569     
         698   4.6956223280244744     
         699   5.2925265984235326     
         700   5.7344863327792819     
         701   8.0765971241401520     
         702   5.7014944619428700     
         703   4.3537394864309524     
         704   5.4881228700677296     
         705   5.1437084930629462     
         706   4.1589050126492015     
         707   7.8386561307269744     
         708   8.4751320747586654     
         709   8.4782049433697786     
         710   8.3252746595468583     
         711   7.9354903750980990     
         712   8.5735414236701306     
         713   12.792144537798158     
         714   8.6545351791135232     
         715   8.5076354500490101     
         716   5.4488680365964326     
         717   3.6296036333140371     
         718   3.3336219811932093     
         719   5.6834373883605505     
         720   5.4596249015146832     
         721   5.0340401717498064     
         722   4.4446124042205613     
         723   4.1513166113169016     
         724   3.5835898486220246     
         725   3.2988470818766364     
         726   4.5458907108573365     
         727   3.7083557977285224     
         728   2.7676504347559434     
         729   6.1836376464885801     
         730   6.7971297145459868     
         731   7.2597721037294907     
         732   4.9212306828201111     
         733   5.5394226006715295     
         734   5.2410837536576036     
         735   3.6281323424237972     
         736   3.5968298548520412     
         737   3.6503614962608690     
         738   2.3151085677547267     
         739   1.3440229453584240     
         740   2.4244161280393053     
         741   2.8311740624673152     
         742   4.2168733369371827     
         743   6.4707768005499497     
         744   6.5013917592623054     
         745   6.9340639791251926     
         746   5.7005795994891599     
         747   4.0066042974898028     
         748   3.2671593042707348     
         749   2.9176284259117780     
         750   2.9732678235393766     
         751   1.9935059656865555     
         752   4.1182420014685039     
         753   5.6564029347625269     
         754   3.5995760222470965     
         755   4.8649336613976768     
         756   3.9443883003111875     
         757   4.3645253504703350     
         758   7.7603841094771573     
         759   5.0867469494143300     
         760   7.1022668393473634     
         761   9.9291557365694629     
         762   10.669164333767194     
         763   9.5703914860908910     
         764   12.131839932693683     
         765   8.8477666167268154     
         766   5.4163090322069642     
         767   6.9771204574973247     
         768   4.9846314481139773     
         769   3.5749617965337905     
         770   4.3706483519669508     
         771   6.2512283693113497     
         772   7.3044321293849848     
         773   5.8911913476579176     
         774   6.1013662137602847     
         775   5.9377517709860923     
         776   5.5281322822557346     
         777   4.3137053657451627     
         778   5.2002754374442821     
         779   5.2281652197813040     
         780   4.3321386661509358     
         781   7.2354824954481138     
         782   7.8681312636095306     
         783   6.4180048369400513     
         784   6.0475718136445336     
         785   5.1979051044414266     
         786   5.5045311207534224     
         787   4.7918726240914173     
         788   5.3177394759240686     
         789   5.1153976776868806     
         790   5.3489470534947632     
         791   5.1741624655639447     
         792   6.1857065768759414     
         793   7.6304372819333564     
         794   7.2869799895171150     
         795   6.2563895820434876     
         796   5.5221791905110216     
         797   5.8149243961529757     
         798   7.3855589664444681     
         799   8.9913637829963609     
         800   7.9219659698908558     
         801   4.7773113951374171     
         802   4.2063892059670467     
         803   5.3540935859270133     
         804   5.7339371045330632     
         805   6.7066204559890181     
         806   4.1518745817630212     
         807   7.4475264757659385     
         808   8.1207124881076318     
         809   8.4404420289821775     
         810   8.5004538042081723     
         811   8.3479571566022948     
         812   8.2408538058850613     
         813   9.6932013908891719     
         814   9.7446813054840291     
         815   10.876902079075688     
         816   8.7262169265089629     
         817   8.3245846525698290     
         818   7.1736116913001604     
         819   7.3651975555347580     
         820   6.6439956107667486     
         821   5.8399890247895243     
         822   6.7840762884420176     
         823   6.9241289304080764     
         824   7.8256724065856638     
         825   6.2699082969398434     
         826   6.8974985032344271     
         827   6.1121276682096513     
         828   8.0990281510588602     
         829   8.3942017991260727     
         830   8.8944510975428184     
         831   7.0893282064791654     
         832   8.2494676972997176     
         833   5.2129087212276435     
         834   6.0163715736028944     
         835   5.7246847761166455     
         836   4.2916245821086152     
         837   5.3453453750526094     
         838   6.6197818493658174     
         839   6.8539780116597520     
         840   6.8441000024510883     
         841   6.0649454884039651     
         842   5.8932451361782183     
         843   4.5685351778022980     
         844   7.3014877826720328     
         845   7.1506499738860603     
         846   13.290071378141601     
         847   10.407887231236810     
         848   10.269701244940855     
         849   10.409346847281659     
         850   14.397775157088358     
         851   11.175765788230249     
         852   9.0049724126072483     
         853   7.0130640782622722     
         854   3.9300250155032805     
         855   3.7121042386127265     
         856   3.4995371885372313     
         857   5.2836350870581121     
         858   8.8514307642742125     
         859   7.5079017657238696     
         860   5.4993417040099146     
         861   4.1363147118291952     
         862   5.2143739680225005     
         863   6.9993998885789894     
         864   7.8361592579622181     
         865   4.4718747729414599     
         866   8.6948186975046955     
         867   10.623970134186321     
         868   9.4952706897006376     
         869   9.2031770250057825     
         870   10.078442939993003     
         871   6.4232814588557714     
         872   5.1277647813694660     
         873   5.9483870157142400     
         874   9.4780225725589098     
         875   7.7907181194547430     
         876   7.3390562596419047     
         877   7.3267784752000020     
         878   5.9772997758833100     
         879   5.0854052034546244     
         880   4.5090084325523794     
         881   6.5475721291660500     
         882   5.3575749546839493     
         883   4.6087846816306133     
         884   4.4926565889351435     
         885   2.4272464509758991     
         886   1.7420965512105380     
         887   2.3306479258484640     
         888   2.7323981219123672     
         889   4.0864290927750311     
         890   4.6646503183345498     
         891   6.0429730752270538     
         892   6.8826587271828004     
         893   6.3315708295669086     
         894   8.6359015488547630     
         895   7.2768572719451612     
         896   10.957780105709629     
         897   12.273398943233181     
         898   11.991376283235198     
         899   12.748178970803258     
         900   16.592807706813232     
         901   13.424361764880455     
         902   13.917055729893852     
         903   11.412589057237028     
         904   11.394869133895380     
         905   10.830289596982142     
         906   10.446028492631100     
         907   9.3835802434337960     
         908   8.0113782845257973     
         909   10.356423958952860     
         910   11.108472610154713     
         911   7.4616273541694227     
         912   8.8637993054383575     
         913   10.713294107488284     
         914   9.6510936082485088     
         915   10.315206582851550     
         916   11.178816906937561     
         917   10.832813319459001     
         918   10.968728082588528     
         919   12.358373660915369     
         920   8.4907286763481267     
         921   6.4403314845472215     
         922   5.8508367473891312     
         923   3.8248696372704742     
         924   4.4227201559394693     
         925   3.9649136624749293     
         926   5.8902515190701283     
         927   4.8696601965442463     
         928   4.5632252186424411     
         929   3.9576575871181356     
         930   6.4519819782709948     
         931   3.9544366118472452     
         932   5.1737774165222632     
         933   6.5286559525553827     
         934   5.9579166292213479     
         935   4.9053277823772348     
         936   4.5701401861353483     
         937   3.7668507722534774     
         938   6.0984963956377332     
         939   7.4453513413724535     
         940   5.9537849188983767     
         941   6.6406099888938606     
         942   4.9293358263978257     
         943   5.2592302301946354     
         944   5.6365629805119362     
         945   4.1104575410681035     
         946   4.2040374727588787     
         947   3.8677190445720111     
         948   3.7059958898143806     
         949   8.7640295915767812     
         950   8.0782718796289554     
         951   8.2822150985454410     
         952   10.564829686057182     
         953   11.246211697234727     
         954   8.9382415781251670     
         955   7.9916656268073680     
         956   10.246798555852740     
         957   12.106091182252930     
         958   12.610352343510382     
         959   10.881231685185696     
         960   8.5012463407155483     
         961   8.9714231443493890     
         962   7.7484107251502339     
         963   7.4348593972706194     
         964   3.7326077019939881     
         965   9.3724218433769746     
         966   6.2178708712663431     
         967   4.3511037581454364     
         968   4.3433726543675348     
         969   5.5966834939832149     
         970   6.0716561549506363     
         971   7.3925019789247228     
         972   9.9392743299678035     
         973   11.079211512005879     
         974   12.572892920277521     
         975   11.764164406526946     
         976   10.969742082296246     
         977   10.201089538488052     
         978   10.688442147329530     
         979   11.652994000842661     
         980   10.507146002330334     
         981   8.4765123917648157     
         982   6.9384904943987333     
         983   4.1763757895703080     
         984   5.7063416915895617     
         985   8.9346236528436993     
         986   7.9540883428083919     
         987   8.1457052466510049     
         988   6.0128902308734498     
         989   6.3946457694340406     
         990   6.5758725990041835     
         991   7.4453019374876366     
         992   4.7281171210763846     
         993   4.8700530496503651     
         994   5.9426393211665722     
         995   5.2619680278716405     
         996   4.8708446892570922     
         997   5.0570024212210392     
         998   6.2928592530273795     
         999   4.8270484299406675     
        1000   5.1724594967387345     
           1   1.1136553215360809     
           2   2.7962612822147395     
           3   3.5729726576448209     
           4   2.7697957765922543     
           5   1.7190606714957992     
           6   2.2764779667224482     
           7   3.5188093679457744     
           8   2.7111611930271975     
           9   2.3134488950467818     
          10   2.3613790255814013     
          11   1.4541503251010530     
          12   2.1675214187770622     
          13   1.7081276189858501     
          14   2.3349790319334391     
          15   3.6678714710080333     
          16   3.0952513631463270     
          17   4.0786193723840540     
          18   4.1187494402192755     
          19   3.3918201806088741     
          20   3.6931737373690878     
          21   3.6055556101746458     
          22   5.1302468239241792     
          23   5.3542191615423329     
          24   6.0149912566088082     
          25   7.3802631025692849     
          26   8.4927094933458722     
          27   8.1192046602993706     
          28   6.4538098940186783     
          29   7.2166711929936689     
          30   5.2086810829575327     
          31   6.2322436574514439     
          32   7.1328892156821873     
          33   7.5734148518993250     
          34   7.6252916603908085     
          35   6.8631764949328478     
          36   8.3087967505331868     
          37   5.5083666157697424     
          38   5.8473599219528865     
          39   3.2980910541057620     
          40   4.0204952690002571     
          41   6.8089944878834432     
          42   7.3687783630027042     
          43   10.520685621507081     
          44   9.7100117603640150     
          45   8.7709298854689024     
          46   9.4764142742694570     
          47   9.7085949143368708     
          48   7.6708000661099067     
          49   10.094304856891421     
          50   9.4617198932164541     
          51   11.495513784030033     
          52   12.324538270667544     
          53   10.537113017536711     
          54   8.4893400216162789     
          55   6.5794718779058865     
          56   5.8856781109702885     
          57   4.7689537806608806     
          58   3.1504144607261355     
          59   3.2950086436161787     
          60   4.5660672553314949     
          61   4.9309681191146977     
          62   9.9111049397600439     
          63   7.8538506019969203     
          64   7.3414821958744128     
          65   3.9995090143578649     
          66   4.6375030993437587     
          67   5.9362477502623250     
          68   5.1763062835111171     
          69   5.1402130502617922     
          70   4.9478117552772565     
          71   6.4220933983839714     
          72   6.8143343514815449     
          73   7.6162364041047841     
          74   6.7744990197102410     
          75   4.4868670338680579     
          76   4.1007171756065564     
          77   7.7994465954363257     
          78   6.6279181666378184     
          79   5.0154338109527403     
          80   4.8028949908504073     
          81   5.6102767039456998     
          82   6.3340562758284413     
          83   5.0998201360737072     
          84   3.8743594651577151     
          85   3.2331578349885342     
          86   3.7055911988609682     
          87   3.6847227877208999     
          88   3.2686572772164624     
          89   4.6449295315877634     
          90   5.8474816579061057     
          91   6.0428550409521540     
          92   5.2990050841301102     
          93   6.4762259899477339     
          94   5.2349743023340745     
          95   5.1222070150551584     
          96   4.8171637485984338     
          97   5.8193119754744513     
          98   7.0037845141685802     
          99   9.0088295269027512     
         100   11.411447423458801     
         101   7.8166231377962303     
         102   6.2228063107334730     
         103   3.5801775977486008     
         104   5.4550403426878695     
         105   6.5143778090922346     
         106   8.1417993317935444     
         107   7.3427812488995023     
         108   8.5756493035107848     
         109   8.0577617252209084     
         110   7.4150340832988046     
         111   7.0474537405517843     
         112   4.8038407442526427     
         113   2.4067809590154896     
         114   4.4952260269493252     
         115   4.9620373078192781     
         116   3.7624384252980212     
         117   4.5023788080969700     
         118   4.9673556782483050     
         119   4.2421965748318051     
         120   2.3938476447412373     
         121   3.6542515792950896     
         122   3.9899435010635926     
         123   2.9819549872564712     
         124   2.5207632706553604     
         125   2.7029688892446786     
         126   3.5524795747182210     
         127   3.1808507875025338     
         128   4.1390413846017946     
         129   6.9612852623566406     
         130   5.6695182145820358     
         131   4.8102813654362002     
         132   5.0056389785368287     
         133   5.2038947172344434     
         134   7.2293691352087235     
         135   6.4577759239548529     
         136   8.3163827837011794     
         137   5.8036860728392483     
         138   3.5496221644034343     
         139   2.2260017196090174     
         140   3.2791196448159621     
         141   2.3060113767255888     
         142   3.9562905608781476     
         143   3.1813978541801924     
         144   3.5295759351896239     
         145   3.5242325144660285     
         146   4.2697146732331914     
         147   6.9162565120912296     
         148   8.4627398899621227     
         149   7.6205460654296644     
         150   7.0347690866277102     
         151   6.4352431263487739     
         152   10.048200318865627     
         153   9.6172597759119025     
         154   10.059264371301046     
         155   9.2891593946663402     
         156   8.6468929383775581     
         157   11.163751622017308     
         158   10.426131744067343     
         159   11.864397849866773     
         160   10.745416778242024     
         161   11.317663741136080     
         162   7.3619756186788452     
         163   7.0651533566936369     
         164   4.2417510341992806     
         165   5.4867600805820151     
         166   6.7178675679130206     
         167   6.1664665151570128     
         168   4.9263404308296224     
         169   4.3293753321745951     
         170   3.9467677898825340     
         171   4.0646650987046122     
         172   2.8424549825418448     
         173   2.9421234981598543     
         174   1.0275590089013344     
         175   1.6933111016809503     
         176   2.0510093874051400     
         177   4.7657662004538937     
         178   4.6404461579106107     
         179   6.4850009557962212     
         180   6.9845722034705160     
         181   4.3442347674530026     
         182   3.9867326349990941     
         183   5.5021882483108424     
         184   5.4465745627092899     
         185   2.5608285243915008     
         186   4.5016804854085670     
         187   5.4467232628216493     
         188   4.9063080920034157     
         189   4.2463160428699469     
         190   4.5069096591691142     
         191   4.9271971650424398     
         192   4.5811958139197815     
         193   5.9578330952104652     
         194   3.6664621348521362     
         195   3.9974802714281288     
         196   5.2129157187426793     
         197   5.4773944923415501     
         198   4.0567814297589377     
         199   5.2780655110119312     
         200   5.9049999593348446     
         201   8.0594070882373359     
         202   9.8556099324331310     
         203   10.100235640350451     
         204   9.0707295666946219     
         205   7.7135725592301005     
         206   6.7948352337975271     
         207   6.0716762894461835     
         208   3.3914752280844320     
         209   3.4322882337388956     
         210   2.9347617942417399     
         211   2.5123916066052758     
         212   3.8273382774004117     
         213   4.0283554322706516     
         214   5.1304757912815848     
         215   5.1069060266594661     
         216   4.8770853443621478     
         217   4.1768139875185746     
         218   3.4889105027839600     
         219   3.7449692136925683     
         220   4.0929871023210227     
         221   4.2157382350995158     
         222   2.4921864797555000     
         223   2.0993199089220349     
         224   2.2776083609703024     
         225   2.2461792083158754     
         226   2.9156341342426093     
         227   3.5746075118292371     
         228   1.9670014095651995     
         229   2.2103521970293420     
         230   2.9802878904421855     
         231   3.2286223358774300     
         232   3.8275973976405204     
         233   4.2502588847855689     
         234   6.9259799942266040     
         235   5.5375495116217701     
         236   7.2844849659457722     
         237   6.4736179273105723     
         238   4.5615846155109558     
         239   3.8012483191966009     
         240   3.7604408182610238     
         241   5.3276217933627183     
         242   5.6143315189094958     
         243   5.2954141157567580     
         244   7.0520628696400669     
         245   9.3153766041614325     
         246   7.6351988058643947     
         247   6.2965847151073229     
         248   6.3407472573230619     
         249   5.3693107968780902     
         250   5.7877321084672078     
         251   4.6807432670669407     
         252   3.9350782765096088     
         253   1.8795804364885851     
         254   1.5105823629236710     
         255   3.9247746379880888     
         256   4.7638375595966744     
         257   4.8442131277496765     
         258   5.2371292722157285     
         259   3.9001517879661716     
         260   2.7425028444106676     
         261   4.1346768860657122     
         262   3.8541553645961253     
         263   5.8515282622274256     
         264   6.5259050207074631     
         265   5.5277800654888285     
         266   5.8921861133269804     
         267   5.6603742490429116     
         268   4.5507879185884823     
         269   4.4694071173538932     
         270   3.8676646284925065     
         271   3.7644336699728571     
         272   4.3330186619470608     
         273   3.6014836894772824     
         274   3.2170516203093902     
         275   6.5245128099995933     
         276   7.1938443384419273     
         277   9.8381529212141512     
         278   7.6094245010640202     
         279   7.1565394352089680     
         280   8.2686013917005674     
         281   6.9344401900912302     
         282   4.6210287894231499     
         283   4.9283483557003125     
         284   6.4955193167205412     
         285   5.3277776383502520     
         286   5.6594270609050872     
         287   4.2057925699791534     
         288   5.6678753054636575     
         289   7.3036679622395306     
         290   4.5099466524236744     
         291   4.6105225970200037     
         292   6.3615406228474427     
         293   7.5564719073176425     
         294   7.1660030159810004     
         295   4.7351543557199127     
         296   5.0124929743530631     
         297   6.5682406686416996     
         298   7.6199564506740076     
         299   10.449525926705842     
         300   8.6451160140210757     
         301   6.5877392863303825     
         302   5.7410597033991930     
         303   7.2909449029766016     
         304   9.8612439342219265     
         305   7.2306454025778262     
         306   6.9201961709859621     
         307   5.5828291773611989     
         308   4.3729063720117640     
         309   5.3715991341425093     
         310   4.8825484854811592     
         311   5.0013833952981894     
         312   4.2833556017747227     
         313   8.1519787221519184     
         314   9.9895889436703218     
         315   12.147632499315081     
         316   11.092476233367552     
         317   11.356514744350866     
         318   8.7309499093367329     
         319   11.781720502621432     
         320   6.9617912432290119     
         321   7.2492805682096986     
         322   9.5222310151637384     
         323   10.440973768060221     
         324   9.0565687189799267     
         325   9.1578544405710005     
         326   5.8539723228838305     
         327   4.4743509232256642     
         328   7.5285732983053526     
         329   7.1212373050199833     
         330   6.1247036231992702     
         331   5.2964829554130537     
         332   3.9342585159546783     
         333   5.2515767838317791     
         334   5.6494341064184983     
         335   6.5944104781211861     
         336   6.2646448799776646     
         337   5.9531034467161250     
         338   6.1507650748065821     
         339   3.6469957595864080     
         340   4.6522512035134191     
         341   3.9333202771194471     
         342   4.9022950755849397     
         343   7.4121398619300551     
         344   5.1870996296744520     
         345   4.3156931425022753     
         346   5.4419469443243056     
         347   5.4404725961419329     
         348   6.8809684996039158     
         349   3.5184814149071202     
         350   4.7024552812589020     
         351   3.5346945216747065     
         352   3.7333627826773950     
         353   3.9349834817488500     
         354   3.9461994280243120     
         355   4.4284080896637379     
         356   2.6562338868681321     
         357   2.5577760064832371     
         358   2.9812856827395704     
         359   2.8411981218819240     
         360   3.1152607239852905     
         361   3.3143352551784773     
         362   5.5870431515402323     
         363   4.9556708962881766     
         364   5.0852237005063845     
         365   7.1869763987043962     
         366   5.1795943224032133     
         367   4.8070492820692827     
         368   5.5394047194975737     
         369   4.8689107639112068     
         370   4.8960149733499243     
         371   6.0134193226000834     
         372   6.6925312449951377     
         373   8.1287738213438541     
         374   6.7288279791132917     
         375   7.8843384068758393     
         376   8.1774018692702821     
         377   6.1761242335783084     
         378   5.1271098924449552     
         379   6.8808160958602391     
         380   9.6847005625300380     
         381   11.425999833084022     
         382   13.635063539565840     
         383   11.877571417817947     
         384   11.927859413311705     
         385   10.355105985746453     
         386   9.5322790710973546     
         387   9.9974826064825795     
         388   10.299056756301281     
         389   8.4808396884424209     
         390   7.6611776906418028     
         391   6.1460324172420968     
         392   5.4150408200314422     
         393   4.5377589464002073     
         394   4.9388367834546809     
         395   4.9861272552090679     
         396   5.4661389909863116     
         397   6.3894721199028295     
         398   7.1363550066297901     
         399   4.5305417707130804     
         400   3.9205975466208054     
         401   4.4201882724707833     
         402   5.3777998098221111     
         403   6.0246450407765497     
         404   5.4626211290877524     
         405   4.5541958147762527     
         406   2.5238089344433154     
         407   5.4448041785298615     
         408   7.7068855756996149     
         409   11.558041379643448     
         410   10.062768490753832     
         411   11.987292277704917     
         412   12.024796688391310     
         413   9.3248298928391122     
         414   10.478104167837477     
         415   8.2175140709600392     
         416   6.2352953823592756     
         417   4.6447432092685226     
         418   5.6549522770666387     
         419   6.1751255290216474     
         420   8.9793137901691669     
         421   9.5880969411155750     
         422   7.3897512534479146     
         423   8.2419419642560836     
         424   6.8033430182625301     
         425   5.4476495821830824     
         426   3.0961462001259483     
         427   2.6915047256915883     
         428   5.5054854816237260     
         429   5.4353756256315977     
         430   5.8562587093310814     
         431   7.5625305533537057     
         432   6.0186095047470207     
         433   3.7304433965349131     
         434   1.6488895267390931     
         435   2.0897723929658540     
         436   2.5315368566808907     
         437   3.2201271028700931     
         438   3.1030462116052093     
         439   3.0676822300754045     
         440   3.6155448934012084     
         441   3.6387376943304544     
         442   3.4746692084092521     
         443   4.4827782445624162     
         444   5.2110006524010144     
         445   3.1488598464802111     
         446   3.2527159017969915     
         447   3.6650479115905958     
         448   4.3497933707096648     
         449   5.6522120515047645     
         450   6.9042013408944918     
         451   6.5190728234806148     
         452   7.3215794164305823     
         453   5.5587257448996548     
         454   4.4313586013184629     
         455   3.8109736405791672     
         456   5.1509838254387326     
         457   3.4632382264759305     
         458   2.7540194950275274     
         459   3.8759859652931192     
         460   5.1785710609495554     
         461   5.0763198969193377     
         462   4.3806124837973606     
         463   4.1435240546911718     
         464   5.6864102496046778     
         465   5.8094652902508157     
         466   5.3129049613881998     
         467   3.1244685209978020     
         468   3.4326591400797004     
         469   2.7872229692389401     
         470   4.3536900338277356     
         471   3.3518696612888124     
         472   3.5715056233582132     
         473   3.3254366644478148     
         474   5.1459207400370301     
         475   3.4893064047182354     
         476   2.7813789756442784     
         477   4.5982399196934560     
         478   4.4203166533089666     
         479   4.7653991969176461     
         480   5.9222291871530848     
         481   5.0214650237984602     
         482   1.9697417740898915     
         483   3.0088509739521148     
         484   3.3641775502391513     
         485   4.6862431464021590     
         486   4.1505979949669687     
         487   4.0775445294535597     
         488   5.3838163361581053     
         489   6.5284677589330968     
         490   5.6864682327618876     
         491   4.2267500140328513     
         492   2.9460054511789306     
         493   3.9496389304098614     
         494   6.0649729043451046     
         495   5.3383413582441470     
         496   7.6360600783620800     
         497   5.6123396073999068     
         498   6.4123106505034473     
         499   5.6698729085309250     
         500   8.4493981201919457     
         501   8.0447330960002823     
         502   7.9624237620505696     
         503   6.1444194954365043     
         504   6.1448593802995672     
         505   7.3247604877553893     
         506   4.7223938282369913     
         507   4.7785923963021864     
         508   4.3396831061243883     
         509   3.4178087077007357     
         510   4.9191094368535708     
         511   4.4256135164786423     
         512   4.2973866613420579     
         513   2.1765689214011399     
         514   2.2324072366851713     
         515   2.8139408689238188     
         516   4.1071436380072530     
         517   4.5585601031797207     
         518   3.5395955883887487     
         519   2.6662429230814042     
         520   2.9079495431230757     
         521   2.8049139298060579     
         522   5.0398604076520783     
         523   6.3307115255128670     
         524   5.8612372626621827     
         525   7.0296187189411992     
         526   6.4102702210452174     
         527   6.3737784442331744     
         528   5.2298238514450617     
         529   4.3500085305279805     
         530   5.6758189486121324     
         531   5.7036980296556496     
         532   5.3808881826178041     
         533   2.9977559611873219     
         534   5.7309137150612495     
         535   5.7596490380206511     
         536   5.2001953818912039     
         537   4.9120618286929334     
         538   6.0078796614308247     
         539   7.1290434545511889     
         540   6.5904734890825845     
         541   5.5785295053340791     
         542   8.1549003114098291     
         543   6.7237414397420903     
         544   5.6215460169347926     
         545   4.9527590725105011     
         546   5.0697701757512759     
         547   4.4440371775247183     
         548   4.1313863389438525     
         549   3.0372112958453492     
         550   2.5618627819388644     
         551   2.4122174009202930     
         552   4.0424406892423574     
         553   6.3987910355625193     
         554   8.2050102052956149     
         555   9.6693680971639697     
         556   6.6442536360263240     
         557   8.1881511365672495     
         558   6.5110842005669172     
         559   3.5723775362494656     
         560   7.1953651759095587     
         561   4.8988177879374177     
         562   3.1960766378263612     
         563   2.2196743330997384     
         564   3.7530194153119067     
         565   5.7065707411277833     
         566   4.5027968647733303     
         567   4.9085535212874198     
         568   6.8728299508108694     
         569   5.8479658264719445     
         570   4.4842341396230845     
         571   4.7147255596749487     
         572   5.3594564910505804     
         573   6.1955487680606005     
         574   5.8943121390850282     
         575   2.6221123743978829     
         576   2.8447068480897628     
         577   2.9483836551718823     
         578   4.2084852561501522     
         579   3.4435619496065484     
         580   4.4078226085495782     
         581   5.1640336258650388     
         582   5.6298039024957331     
         583   5.1785680549395998     
         584   4.3566703905300548     
         585   3.0804614754707211     
         586   5.4877759953441858     
         587   4.3835899550741928     
         588   5.0187038550487211     
         589   5.4209551497750406     
         590   5.9903390611081804     
         591   5.8216883416923872     
         592   8.3032181822054625     
         593   10.987054957614250     
         594   8.6484128859798499     
         595   13.118035024346543     
         596   12.812698629872131     
         597   13.474210171337997     
         598   14.274873713954628     
         599   11.412633186056587     
         600   9.4821016571637138     
         601   10.876371354400511     
         602   11.527133704870153     
         603   4.6511607093077165     
         604   5.2975758151802390     
         605   3.7090324482611914     
         606   6.1688297373655994     
         607   6.5494275631240182     
         608   4.6396276572653266     
         609   4.8260815879078960     
         610   5.3854207279736404     
         611   4.4636837117340420     
         612   4.5235372504799889     
         613   4.2254823316378518     
         614   5.2032862896096175     
         615   6.7828228294701187     
         616   5.9842402738885045     
         617   5.3935806395829005     
         618   8.1971304180808868     
         619   6.0624698674788950     
         620   5.9329632053967130     
         621   4.7890301656519663     
         622   3.7164620509659323     
         623   6.3829431159778292     
         624   4.3729166232667396     
         625   3.6535422207541770     
         626   4.2015265818288761     
         627   3.5950124190677957     
         628   4.6884669768834977     
         629   3.9014911492118611     
         630   3.5845648364839913     
         631   4.6981964506837901     
         632   5.7494420717774526     
         633   5.7669338057581099     
         634   4.9811467572813504     
         635   4.1904275404099538     
         636   4.5737979262594299     
         637   4.1687533836885740     
         638   6.3865992493773138     
         639   5.5330018583102847     
         640   5.8732638835615347     
         641   5.8710217597015406     
         642   5.5937868973788758     
         643   4.0941852034705510     
         644   6.1800663903980357     
         645   4.3977586192905989     
         646   2.7062193403412849     
         647   4.9455811497857969     
         648   5.5252240189676112     
         649   4.4565078872488835     
         650   4.7112689010544182     
         651   6.2696994157873558     
         652   7.9035636728998897     
         653   7.0139678569473469     
         654   5.7473144438827184     
         655   5.0596140033995178     
         656   5.3980198245247202     
         657   2.9751675622327873     
         658   1.9751566174889204     
         659   2.2733827632332515     
         660   1.5104264954539945     
         661   3.5172271808081366     
         662   4.2849532111518780     
         663   2.6526347420204188     
         664   1.2303049021987276     
         665   2.0045281833405415     
         666   1.6013409808089591     
         667   2.2378158819962235     
         668   2.6605963293344974     
         669   3.9662155510407247     
         670   4.6971107592817223     
         671   5.3275780960279970     
         672   4.6725749331784705     
         673   6.1935326255772711     
         674   6.7283125029789819     
         675   7.2092386855415507     
         676   7.5760851118821284     
         677   6.7639165616632315     
         678   5.7166165716298964     
         679   7.4185530963036017     
         680   3.8015732835593665     
         681   4.2568799343730062     
         682   6.4209997875507971     
         683   6.8256556191602726     
         684   7.1203823683211143     
         685   7.2456892641413519     
         686   7.1868928446545031     
         687   6.1783386389655393     
         688   7.3588124439159710     
         689   10.406807016560998     
         690   9.4647626682016170     
         691   7.7597127443181675     
         692   5.3283372436781917     
         693   4.7971991083475345     
         694   4.9255535765371459     
         695   5.0238685376103112     
         696   3.1637106278643885     
         697   6.2094727359297073     
         698   7.3789671778636521     
         699   10.220606011784835     
         700   9.1366547066787120     
         701   8.3949448378797076     
         702   8.1948137234702383     
         703   8.1452086227532856     
         704   9.1583724247586336     
         705   9.3258674849826129     
         706   7.7072367590467969     
         707   6.1446785641745700     
         708   5.6165025577867356     
         709   6.5286894050518152     
         710   7.9782311478750589     
         711   6.4835450704366639     
         712   5.3236504427280797     
         713   3.4679529356666356     
         714   3.6250728140758350     
         715   4.3087138234922850     
         716   7.2197462373672154     
         717   7.8573786703641257     
         718   7.7132785871005431     
         719   7.7534674910898476     
         720   8.1547374449903849     
         721   7.2511136962757137     
         722   5.1014629234699767     
         723   6.3554699763153994     
         724   6.8221598038955280     
         725   4.3330302022534166     
         726   5.2974492175435124     
         727   3.9949803623240534     
         728   3.2039562693442369     
         729   5.3309039194417780     
         730   4.7062566908607986     
         731   5.5863676703963598     
         732   4.0693205082524520     
         733   3.7709054794579506     
         734   4.4082467812534434     
         735   1.9648305834893667     
         736   2.4014252089289219     
         737   3.6509783373631945     
         738   4.2108600142050561     
         739   1.9915408822075182     
         740   3.1313829455671107     
         741   3.3416599971951157     
         742   3.9439011509435522     
         743   3.8536270417460354     
         744   3.9882123040474386     
         745   4.0561061554091102     
         746   3.8478819775694451     
         747   5.4800936149238755     
         748   3.7043672756650521     
         749   6.0201833505481268     
         750   7.5724831070133360     
         751   7.5684723423698950     
         752   6.6953245058419677     
         753   5.3286772632443995     
         754   6.0567041775289372     
         755   6.9423977555602541     
         756   5.7916105568924685     
         757   5.4129020063938746     
         758   10.382786143580626     
         759   8.1961450524901558     
         760   10.003658671459617     
         761   9.2225695860530248     
         762   9.2762904100430230     
         763   7.6957369336828663     
         764   5.5677014134538805     
         765   5.8811294603931623     
         766   4.2530007653663180     
         767   4.5148569884640342     
         768   3.3948732391993111     
         769   4.0543745546313099     
         770   5.5895902253270791     
         771   4.6590006948877205     
         772   4.8404995815015255     
         773   6.4378393669113620     
         774   6.7804303702163704     
         775   7.2947227126017893     
         776   5.1594524246719518     
         777   4.3154185330783612     
         778   6.5561378716305558     
         779   6.7674400978563662     
         780   5.6944933843031844     
         781   3.8155487447653513     
         782   4.0349147354225616     
         783   4.9457738512933522     
         784   6.2206956528708224     
         785   5.1830984124130914     
         786   6.3160373376535794     
         787   6.0066244121260715     
         788   6.1821527472795932     
         789   5.9453927074357482     
         790   4.6725244191162973     
         791   7.2417624973551513     
         792   8.3883339303682973     
         793   5.8776792632117374     
         794   8.5637821067286986     
         795   6.7984695355540818     
         796   5.2731191734078990     
         797   5.0391618275279946     
         798   5.7138557280171849     
         799   7.2698304087645003     
         800   5.5058717064202893     
         801   6.1797866358772282     
         802   8.1115788045275181     
         803   10.001329394044909     
         804   11.039494944303062     
         805   9.6095374710837511     
         806   9.6253832437683471     
         807   11.671190266173694     
         808   10.921752451638577     
         809   10.162108931552474     
         810   9.9688251828632897     
         811   10.108827376977384     
         812   6.4482339754985141     
         813   6.3822272028533344     
         814   5.9524210095754970     
         815   8.1940437690066634     
         816   8.0227666467313554     
         817   7.3245416738625435     
         818   4.7079643801937001     
         819   5.5205229099759956     
         820   3.4301771053898822     
         821   4.5549211849516702     
         822   5.6085539412638692     
         823   6.2756957038729215     
         824   5.1615562663109618     
         825   5.6518397264767106     
         826   7.9561966030762505     
         827   6.9625627792599607     
         828   7.6015808039305925     
         829   4.7939100704774402     
         830   6.3791665911908986     
         831   5.0401063488506308     
         832   8.4299611397519794     
         833   7.9992562977637025     
         834   9.1436227088536022     
         835   8.5288185525391000     
         836   7.3742254301191661     
         837   6.5734052266897081     
         838   8.7359413323320361     
         839   9.1387557927344432     
         840   6.6687005260597925     
         841   6.1758083209012158     
         842   7.0882079622809826     
         843   6.5829860011221975     
         844   4.0681730273613326     
         845   2.3930444132831639     
         846   3.3902334767082252     
         847   3.5927933308570710     
         848   4.9983069506407878     
         849   4.8969447533186763     
         850   4.6675524340805197     
         851   4.3627015912375366     
         852   5.0552392463549163     
         853   3.5447249966384211     
         854   2.4032544855632771     
         855   2.1171918714401330     
         856   4.2441752200354337     
         857   4.5674582111723021     
         858   4.0897339238698471     
         859   3.2980490085228191     
         860   2.8481119054404949     
         861   2.6234286207151376     
         862   2.9551902109324377     
         863   3.8253016090563352     
         864   4.0497626509325615     
         865   4.8614327887815056     
         866   6.9399570064764120     
         867   7.4338627796122019     
         868   7.6160554446948572     
         869   6.2735318804397187     
         870   5.2395392324902064     
         871   3.8497946450367801     
         872   3.6509262198450005     
         873   2.4593441288476194     
         874   3.6228311752942934     
         875   7.0082071587331454     
         876   9.4545806418314680     
         877   9.9925056206067762     
         878   11.046267398425803     
         879   9.9734138062148876     
         880   9.0898411761675604     
         881   7.6845266538879651     
         882   6.4323852304459352     
         883   6.3795958515868429     
         884   6.3514448962043213     
         885   7.8840457730990119     
         886   10.241555538647148     
         887   12.383258964584467     
         888   8.1547395050473579     
         889   8.0366583121737740     
         890   8.5030543389357867     
         891   11.018046524091819     
         892   7.8065213391980759     
         893   9.0070367877677810     
         894   8.1040397203140859     
         895   8.1689328292270957     
         896   9.8868867909791831     
         897   9.6290494091516265     
         898   10.778743306531094     
         899   10.271439290025455     
         900   10.080910389151992     
         901   10.789882838741050     
         902   12.511051022732783     
         903   10.586568652282892     
         904   8.5885701366936793     
         905   6.7776920664388758     
         906   6.5877368426594805     
         907   6.1405965591051554     
         908   4.6838311346941977     
         909   5.7799217547447377     
         910   5.1049250120157632     
         911   4.0824064068380430     
         912   4.9050484386717939     
         913   4.6047955339108420     
         914   5.3621379212895723     
         915   5.0415023336006834     
         916   5.0822089615309931     
         917   3.8075503975816121     
         918   3.0529540119342440     
         919   4.2396291172711944     
         920   4.3803293444922025     
         921   4.5925450636230210     
         922   5.2301726599468523     
         923   5.6108462960508421     
         924   5.2555773761252018     
         925   5.8188314428780528     
         926   5.3262269363411594     
         927   5.1732112771724834     
         928   4.3152538383499364     
         929   5.1504643390541966     
         930   5.3110780458255773     
         931   5.3152926021153704     
         932   5.7286581113009598     
         933   5.7238487749858660     
         934   4.1795791386490535     
         935   5.7176037143242704     
         936   4.5342907272647741     
         937   5.8649414427578908     
         938   5.5939811962783370     
         939   3.9773255037990807     
         940   2.1338258449366911     
         941   3.2854239038326680     
         942   4.5550650976092575     
         943   6.1188909544237902     
         944   8.8575145366025421     
         945   10.244144183208467     
         946   8.9777944792839186     
         947   9.9423277428711714     
         948   9.0709006045241090     
         949   5.7746877999994144     
         950   8.0450777616349818     
         951   8.4357862914235344     
         952   6.7477212488867178     
         953   11.532269563412124     
         954   11.243427321148431     
         955   12.959831775466029     
         956   9.2757844870324053     
         957   7.5698469903371093     
         958   8.9672457388290407     
         959   8.5045005701347005     
         960   5.4878733723281403     
         961   3.2155265743528210     
         962   5.3241123420841392     
         963   6.2865934028220716     
         964   6.8612350806553586     
         965   7.1092651342532855     
         966   6.3822760179900753     
         967   5.2273875705114641     
         968   6.2723422096336767     
         969   5.6614082849754812     
         970   4.9064418316062337     
         971   5.4570331914149719     
         972   3.9247845074779457     
         973   3.4842602698075611     
         974   4.0306836647508577     
         975   6.2474283170386693     
         976   4.6970180893331195     
         977   5.2169262290092693     
         978   5.6635747894785675     
         979   5.7946756473658665     
         980   6.7472080475301111     
         981   5.7566225477242252     
         982   9.5656113330002981     
         983   3.3928802966205089     
         984   2.9926483471356820     
         985   4.1435390223474773     
         986   4.0165183673037648     
         987   3.6848685634541782     
         988   5.6115422273580382     
         989   4.7380191744640046     
         990   2.9231718223083174     
         991   4.0004022907461021     
         992   2.2989666282773373     
         993   3.9219051732308374     
         994   3.8164573262097399     
         995   4.0705258629905288     
         996   5.3290655275966765     
         997   6.1374673843881435     
         998   8.8161758717804002     
         999   7.9055080307435839     
        1000   6.4346142482470770     
           1   1.3795559699257958     
           2   2.2021491622909877     
           3   3.6155485597193580     
           4   4.9608818702576700     
           5   6.2715545255423351     
           6   5.7934023567479169     
           7   6.4707126979291925     
           8   5.7439683959776628     
           9   5.8133365624420037     
          10   7.5912910412106323     
          11   6.2412046120665572     
          12   6.1835862950991425     
          13   5.0531986584119570     
          14   4.8462557841184006     
          15   5.3760101979272594     
          16   4.3272420236113263     
          17   2.9951726686228901     
          18   3.6840275819255037     
          19   6.7070291558068513     
          20   7.2410945476171156     
          21   6.5403920903565504     
          22   6.2127342613818444     
          23   7.1110158230066212     
          24   9.7725093749947902     
          25   7.8332464568372702     
          26   8.0898128107377758     
          27   6.3990269646831983     
          28   5.6223533485937596     
          29   6.0860973007866823     
          30   7.1504622617305413     
          31   4.9687325830638063     
          32   6.8773198646285714     
          33   7.6910404541051385     
          34   6.2843146679740816     
          35   4.9000592895628694     
          36   4.8674736327394221     
          37   5.7538114669700144     
          38   6.8675165845535497     
          39   7.1862382187068699     
          40   7.4291513197733368     
          41   7.8220724002026527     
          42   7.6004908226402419     
          43   6.1163013339300143     
          44   6.6753143614285664     
          45   7.3678159819658564     
          46   6.0208581864135651     
          47   5.5404514925175095     
          48   7.4126240025290464     
          49   8.1734202744031457     
          50   5.2774569479993403     
          51   1.8711510646428708     
          52   1.6492824856537287     
          53   2.0819610388318019     
          54   1.8382362352309012     
          55   1.5621332645806916     
          56   1.3315790611468108     
          57  0.68943853817087608     
          58   1.7111491235308547     
          59   1.6455450349383323     
          60   1.1115349940771386     
          61  0.69104334810977242     
          62  0.74644851879170182     
          63   1.0287493956672733     
          64   1.3953585441873135     
          65   1.6279865682679415     
          66   1.7946544384696248     
          67   1.2922290715817719     
          68   1.4674214247058357     
          69   2.9260590168831198     
          70   1.8679985417843306     
          71   2.4859412629380087     
          72   2.6501710187632246     
          73   1.7543616665685886     
          74  0.54195307554607708     
          75   1.3546046586052893     
          76   2.1325684105844340     
          77   2.2726940020347963     
          78   2.3332238052675947     
          79   4.0805375190368620     
          80   3.0880814106343109     
          81   1.6446984508864704     
          82   3.6424428989351050     
          83   7.9165095260621925     
          84   8.0978170667953826     
          85   9.8579397680235488     
          86   9.3919265889807271     
          87   6.7414567369947855     
          88   4.5566090083329733     
          89   4.9052571288195628     
          90   4.7699213439323316     
          91   5.7389286728807543     
          92   5.8412951349548301     
          93   7.6784298626549639     
          94   8.4133505204116847     
          95   6.3380439495631542     
          96   4.1044783372454434     
          97   4.5446095550160370     
          98   6.7435145498009401     
          99   8.5316180400059078     
         100   6.7796339735603084     
         101   5.0325228811107996     
         102   7.9519657487152848     
         103   7.7314681650742010     
         104   7.3639330872573794     
         105   5.4498710466144225     
         106   4.9422203994049125     
         107   6.3765386580026924     
         108   5.6904458835564480     
         109   3.3186313639990810     
         110   3.5271198578239966     
         111   4.4286946569407863     
         112   4.3889115326400985     
         113   7.0638657121418671     
         114   7.4491810112575090     
         115   7.5372708945458333     
         116   8.2600587610201792     
         117   9.3625842895324922     
         118   10.528975403915716     
         119   12.386906945281089     
         120   12.908606292650873     
         121   10.446092640658463     
         122   6.4285261468700172     
         123   8.2523229686473556     
         124   8.3268329011377542     
         125   7.6195481227165898     
         126   9.1100853898885070     
         127   9.0468017205718887     
         128   11.116947311169142     
         129   13.755334552770254     
         130   16.338019286663194     
         131   12.515060831515783     
         132   12.088810784539080     
         133   11.333878012974640     
         134   8.5038166800979553     
         135   12.051863791823118     
         136   12.803071313411708     
         137   9.8689243596044278     
         138   11.949885652831760     
         139   13.033885018668386     
         140   13.885762913239752     
         141   10.653661762317329     
         142   6.9644198578662531     
         143   9.7446125006860296     
         144   8.7954197593579106     
         145   9.9965373084111278     
         146   7.2279343878731339     
         147   4.4811258629583719     
         148   4.1040030413652513     
         149   3.9616790097127557     
         150   3.8460654485935377     
         151   3.6803198880416144     
         152   5.8303641941481583     
         153   3.1637647502589443     
         154   2.9158453059272476     
         155   2.9130615308709125     
         156   4.1131847854414714     
         157   2.9292052895353002     
         158   1.3708271476311673     
         159   1.3723984019075401     
         160   2.1923702453671838     
         161   3.4111934028229629     
         162   4.1444659609904830     
         163   3.0522907025809101     
         164   2.3633425832846799     
         165   3.7093916704742842     
         166   3.2514787409070793     
         167   3.7444771600246929     
         168   3.4675639880951348     
         169   2.6392164471678221     
         170   3.6151179323445128     
         171   4.4120608213318766     
         172   6.8868381711471551     
         173   5.6457914651714152     
         174   8.2352958139299819     
         175   9.8321171928973996     
         176   9.0341085273429655     
         177   7.6818074678109589     
         178   6.3444745555731341     
         179   5.2336736543186859     
         180   5.4118385129484361     
         181   7.0609365610317543     
         182   6.4136480839907364     
         183   6.1235552661983714     
         184   4.8748497042051762     
         185   4.0240615311131185     
         186   6.5046189743970748     
         187   4.8425389123119915     
         188   4.4837837344342661     
         189   4.7687409723853778     
         190   5.5474365605263642     
         191   6.0577597932721217     
         192   9.3024849211623852     
         193   10.003628130027284     
         194   11.067186129997339     
         195   8.6567333204851060     
         196   5.8528754366846591     
         197   4.2799388718319680     
         198   3.4016919114143707     
         199   2.6141553850382229     
         200   1.6401057672044919     
         201   2.2106773734183429     
         202   3.4040978291147734     
         203   2.3011442372135598     
         204   1.8489899593077226     
         205   1.5461102739942412     
         206   1.6594361394398260     
         207   1.3336876706798815     
         208   2.1943657706727291     
         209   2.1143523477696275     
         210   2.2373025168033731     
         211   1.3155171551265943     
         212   1.3055904636335103     
         213   2.1783719338236494     
         214   3.5208660192738259     
         215   5.0878011225902204     
         216   5.1877751887874659     
         217   8.0607906104352427     
         218   5.0517463356067349     
         219   3.1022760096939548     
         220   4.2241932053603097     
         221   2.4230936185032328     
         222   2.9039949215388896     
         223   4.0552842501404713     
         224   2.9466815122536225     
         225   4.0554432093035064     
         226   3.7015119008988573     
         227   6.1658405260222997     
         228   5.8024646945459715     
         229   5.1870007059217249     
         230   5.0389846868645876     
         231   6.2243749164285758     
         232   7.1962469793085635     
         233   9.2804825382640690     
         234   9.4188165189020072     
         235   8.4409364704639742     
         236   7.6850702393743688     
         237   6.2100538754183496     
         238   6.6046359340679537     
         239   6.1891585572729397     
         240   5.8104727505544913     
         241   3.7146187515569764     
         242   5.0614452475512097     
         243   4.9104967309909702     
         244   4.5353441094036677     
         245   3.5899713533257520     
         246   4.0111164638694641     
         247   4.8824286672531585     
         248   4.2442278642502291     
         249   4.7516578480495237     
         250   4.1413433803015920     
         251   6.0030675139052478     
         252   4.9990891725249753     
         253   3.7932280529050555     
         254   3.6595279434016761     
         255   3.9766175127357886     
         256   2.3879537920557214     
         257   2.5500685345071905     
         258   3.9888632343335613     
         259   3.0813098090171351     
         260   2.4382069536822040     
         261   2.5551134976598746     
         262   4.4114417414418376     
         263   3.8024128184411308     
         264   4.5366022909829766     
         265   4.1057533945055091     
         266   4.7752874159344874     
         267   5.2074707236781768     
         268   4.6565392789295963     
         269   4.5628593168654126     
         270   5.1574381200059891     
         271   3.0871513725325368     
         272   3.7363915262998217     
         273   4.0959825200035933     
         274   3.5159603249795550     
         275   2.4623999662044054     
         276   3.2132690280166512     
         277   3.9289683491422407     
         278   5.3981732528348765     
         279   4.9265045083082581     
         280   5.1725035473811385     
         281   4.0886258665424684     
         282   5.0242775838537321     
         283   7.5393924625517936     
         284   5.0886571916119658     
         285   3.5721594943453039     
         286   3.3160970500491858     
         287   2.3676787605341127     
         288   1.5381564876923226     
         289   1.1524370663949504     
         290   3.3464590160280863     
         291   4.6479220524907676     
         292   3.8627043419699580     
         293   4.4399047073498963     
         294   3.0892202377663613     
         295   5.7520993493119263     
         296   6.2877373186371273     
         297   7.7876570976138346     
         298   5.0551125254282283     
         299   6.0696729947787871     
         300   6.7995697747573889     
         301   6.0149590836215321     
         302   7.3983705320094426     
         303   6.0285041012935263     
         304   7.3773633751718624     
         305   6.7372740525553496     
         306   6.8136748563703975     
         307   5.4128417002809766     
         308   3.2974727988258508     
         309   3.3968129024468778     
         310   3.1445546885167515     
         311   2.3931940533025764     
         312   3.2882548457381087     
         313   3.6381525201086737     
         314   3.1245064947112615     
         315   4.4832860286041161     
         316   4.0543821436142595     
         317   6.9800056716961363     
         318   3.7719049992165190     
         319   5.0666525564328717     
         320   4.2868105039898099     
         321   3.4090939811443799     
         322   3.7783473287591973     
         323   7.7566037344710290     
         324   6.8291634350985477     
         325   6.7068905828625187     
         326   3.5519294304848690     
         327   2.6530375012630842     
         328   5.3016155143171240     
         329   5.9114027211504760     
         330   4.0172619004012065     
         331   2.9782535031543040     
         332   3.6157829677208859     
         333   2.1472186467011469     
         334   4.0447217067770218     
         335   3.0640529789778079     
         336   4.6272708925618380     
         337   4.1964903518526535     
         338   4.2264098241526371     
         339   5.7227508401355784     
         340   3.7669446089633949     
         341   3.6511648624373394     
         342   5.8958599109751582     
         343   5.3018057073488416     
         344   4.5770458922656339     
         345   3.8545000528562374     
         346   2.8445437736256438     
         347   3.7495418138049552     
         348   1.8658112347046474     
         349   2.7393582986417693     
         350   2.2165641698548022     
         351   3.4564496339772663     
         352   3.2698455010609835     
         353   3.4831709788864402     
         354   3.2969980507324088     
         355   2.4797396463345422     
         356   2.6097190723622159     
         357   2.3372993234570520     
         358   2.6470419231504589     
         359   3.1405725572398158     
         360   3.4983874690041445     
         361   4.6147244915337042     
         362   3.1264015776254297     
         363   3.2648664661917426     
         364   5.8043093058582444     
         365   7.2166650408252710     
         366   6.6781939879579273     
         367   7.1338720277827372     
         368   7.3755757184137858     
         369   6.8159141874011882     
         370   9.8778457191924378     
         371   10.300912461218642     
         372   7.8977024972002496     
         373   6.7328575668230322     
         374   7.6418458268034657     
         375   6.8083761626805526     
         376   7.3913349839046321     
         377   5.5403310453679602     
         378   7.4121336713394008     
         379   10.001188673125114     
         380   7.3306049059757203     
         381   7.5937536709852234     
         382   10.462910088715647     
         383   12.046403832127520     
         384   9.9397318177491076     
         385   8.8510320658639898     
         386   5.7914500815690744     
         387   5.1588620964839027     
         388   4.7861088900288040     
         389   5.1504591163475659     
         390   4.2135141977214152     
         391   3.1820422215219666     
         392   4.6328708497161708     
         393   4.6884186549809455     
         394   5.9508051054742479     
         395   6.2818077886494681     
         396   5.3489653610659360     
         397   8.1195899874926187     
         398   9.1570815476188638     
         399   6.4061260111986851     
         400   6.3254153614053639     
         401   5.3861895116753038     
         402   4.6143313321384323     
         403   4.1113114458372078     
         404   3.9216972936623877     
         405   3.3056494013977824     
         406   4.9048870174293446     
         407   4.8464218464712951     
         408   4.5181765724584180     
         409   5.7240452621422113     
         410   2.4566659470381906     
         411   4.9800899474383069     
         412   6.5269471195370556     
         413   4.2474223944728111     
         414   3.5689953574576565     
         415   3.3064787399607138     
         416   4.1793724299490149     
         417   8.6464737979199864     
         418   6.4452848712000081     
         419   9.1428087481564368     
         420   7.7503811211630058     
         421   5.5874180041060413     
         422   4.1586883958066858     
         423   2.0449517645184394     
         424   2.0183623561671915     
         425   2.3017346520043667     
         426   4.8512343609164290     
         427   3.6345800180806300     
         428   4.6992067395683481     
         429   4.4086598986481409     
         430   5.8594655966454035     
         431   8.5215348731880187     
         432   8.3419268328631322     
         433   10.240751501123714     
         434   11.955072805371071     
         435   11.538617077012916     
         436   13.177675262601490     
         437   9.3380698095689390     
         438   10.407751770391256     
         439   9.4974780566062762     
         440   9.1927171049256557     
         441   5.1547584587586979     
         442   6.9783002705380293     
         443   6.8548591047374892     
         444   8.5755044035504859     
         445   5.2723711444646888     
         446   5.7246877903474713     
         447   5.5367839684171143     
         448   5.9438104455376042     
         449   6.4023800308625827     
         450   6.2055569038685494     
         451   6.4787868001643263     
         452   7.4654687973929441     
         453   6.6166240632413746     
         454   6.2497754086537185     
         455   5.9137550066146138     
         456   5.3499671646119413     
         457   4.0220455330763372     
         458   4.8211882230390950     
         459   3.5594961657347803     
         460   3.4506112951214023     
         461   3.4499650582315939     
         462   3.7868657520602920     
         463   4.1794062793759572     
         464   3.1631513451401307     
         465   4.2012751165914528     
         466   5.7117531913959150     
         467   6.1795869922045146     
         468   4.9085763750986162     
         469   4.2156744358838534     
         470   3.9068875167722714     
         471   2.7118070148875297     
         472   1.2816165197049882     
         473   2.2531695993112262     
         474   1.0645416644538590     
         475   1.1857383639204861     
         476   2.1104890152310984     
         477   1.9187889168004244     
         478   3.1833184867316775     
         479   2.2886657021909778     
         480   4.8396735343535289     
         481   6.2640007991713915     
         482   4.7986852794725712     
         483   5.1037731712868082     
         484   6.2172206398285228     
         485   6.6117672570934660     
         486   6.5578983616101665     
         487   7.3069745923883449     
         488   7.1678285241019708     
         489   4.8504128152680872     
         490   5.1388712106720931     
         491   3.0126428002675398     
         492   4.7481715469959482     
         493   3.5054243490081567     
         494   2.8737523985602436     
         495   3.5218938692258432     
         496   2.9869494382585180     
         497   3.9241847196859028     
         498   3.1404923319660556     
         499   3.3280992937235840     
         500   2.5188364827187715     
         501   4.0948104618574179     
         502   4.3617082753048884     
         503   6.2768604727112045     
         504   7.0916021452032378     
         505   4.4972062730260252     
         506   6.4692787589702805     
         507   7.5022852655250318     
         508   4.7384121888603286     
         509   4.3892289422188311     
         510   5.5678919509277929     
         511   5.4013221301526393     
         512   5.4672912616198772     
         513   3.6039455462715768     
         514   3.6949229971442730     
         515   4.7432388225729536     
         516   3.8921729889890493     
         517   4.6916691451757186     
         518   3.0795926638260300     
         519   3.2737714135685074     
         520   4.5644188415922748     
         521   2.9798638057484288     
         522   1.7239907679198752     
         523  0.95583762164983710     
         524   2.5373681908207786     
         525   1.6682300883475620     
         526   2.7640251821292776     
         527   3.0245147778636978     
         528   3.8044547489800373     
         529   4.3703746968624673     
         530   4.5781743554654035     
         531   4.3778400196984375     
         532   2.9121567408262505     
         533   3.2542115649223100     
         534   3.9793902565975783     
         535   5.8342487529319076     
         536   5.8983583364421017     
         537   7.1607455676855336     
         538   6.1561196108505687     
         539   5.0422010585838883     
         540   4.8049315268248307     
         541   3.2958441085947316     
         542   4.2521779628147245     
         543   4.9355680598824581     
         544   4.8409107685071904     
         545   3.7704032880487222     
         546   4.2788721886047982     
         547   2.5898828795878335     
         548   3.3948420990041095     
         549   4.1666163508835323     
         550   3.5960895780454138     
         551   5.6500449353374380     
         552   8.7482642830926629     
         553   10.923900285679085     
         554   12.110775081793427     
         555   11.807272790711657     
         556   11.127122498719082     
         557   10.569974441964536     
         558   8.9091175437404573     
         559   10.052845794920431     
         560   10.618525773944349     
         561   15.886814797729130     
         562   13.381264434667793     
         563   13.846640100838174     
         564   10.325927792390402     
         565   7.5877443608564183     
         566   9.4099326093796911     
         567   5.8350426492228022     
         568   5.2196271845290712     
         569   6.7239472259555866     
         570   5.8921919132771396     
         571   7.6731923979226275     
         572   6.1644838169622291     
         573   6.1836105948167663     
         574   4.8360523819423804     
         575   6.8687820440618346     
         576   6.4247286999048372     
         577   8.6667736282829146     
         578   7.6485336200810385     
         579   8.1123128411260037     
         580   7.3081469544646014     
         581   5.4213229634616784     
         582   4.7889204733645023     
         583   3.8518541761602147     
         584   3.9703782989509282     
         585   6.6561019008574087     
         586   6.1747797464255241     
         587   4.7558446964953163     
         588   3.1044186684918040     
         589   3.3178095569700261     
         590   4.2248131458310372     
         591   3.6552839788525691     
         592   3.5406035537739173     
         593   3.5672167322505723     
         594   4.9402605403195210     
         595   9.2572435116655303     
         596   8.1324772801622682     
         597   9.5908302538078143     
         598   3.7216129367986710     
         599   2.9088666852104739     
         600   3.1692741293464923     
         601   5.9404696166011099     
         602   4.6216532397964007     
         603   5.9589790283557535     
         604   6.1207549310332201     
         605   7.9056654066395557     
         606   8.1678022822430414     
         607   6.5755343704949221     
         608   8.0313848184041827     
         609   5.2763266335864083     
         610   3.1087265912530646     
         611   2.0909819971704384     
         612   3.2991143000708614     
         613   3.8560951078911181     
         614   3.7166174270807417     
         615   6.0154750574701970     
         616   6.8365499069989273     
         617   10.384178596527770     
         618   7.6999297758094167     
         619   6.8087724281488722     
         620   5.2932908630733904     
         621   3.9916470374041579     
         622   5.3395882219659319     
         623   5.0122213849289512     
         624   8.0922114929741635     
         625   9.5761148757681056     
         626   8.6223487848276132     
         627   8.2950529436957439     
         628   10.873412726982322     
         629   10.982103546762454     
         630   12.035239091103479     
         631   9.3783973147870654     
         632   8.4807487618847492     
         633   4.9438280120650671     
         634   5.0560091341517523     
         635   3.9243190093563527     
         636   3.2901428936355330     
         637   2.6295608626760312     
         638   4.2301044718543430     
         639   4.5897904765837678     
         640   4.4676723938702647     
         641   3.4913772938997369     
         642   3.6364294925088485     
         643   2.6430696975915930     
         644   1.9297493870465465     
         645   3.2911840272246438     
         646   1.9635375248680051     
         647   1.9608027599540903     
         648   5.6206979060602071     
         649   4.6545918957302241     
         650   7.0745607652839864     
         651   5.9721203607006883     
         652   7.0717859140884922     
         653   12.056668656944456     
         654   11.763847227415429     
         655   9.0052966709039080     
         656   6.5496968379985701     
         657   7.2985602279501531     
         658   6.6410493326599775     
         659   7.2305565566905736     
         660   8.9640463826141339     
         661   7.8005965083833022     
         662   7.8477198024523283     
         663   5.9419792808346203     
         664   7.0721038388048356     
         665   7.1391331087711656     
         666   7.2949312865375076     
         667   6.8780157887568993     
         668   11.046375113649466     
         669   8.1119726810683535     
         670   7.3830013878687133     
         671   8.5418664776636994     
         672   7.9612334399463753     
         673   5.9987191742918400     
         674   5.0583994230695541     
         675   4.9834710143925118     
         676   3.3493230166314580     
         677   3.9788769223127405     
         678   4.5501172220385611     
         679   4.4780997609848203     
         680   2.8914606116875712     
         681   3.8081856795092093     
         682   5.2306032680189460     
         683   4.7731004498574547     
         684   3.4249210936756778     
         685   2.5880491739981575     
         686   2.6859053620234494     
         687   3.5706873656548037     
         688   2.1454290729191228     
         689   2.7662195260000551     
         690   3.8008246226636371     
         691   4.0642497271926468     
         692   3.8977325152842268     
         693   2.8605484485032462     
         694   2.5895814765409719     
         695   2.9602522004254652     
         696   3.8454839073813885     
         697   6.2799381457431016     
         698   4.6628557151688428     
         699   4.6967726448932012     
         700   6.6137966836384390     
         701   6.1730008452583824     
         702   1.1070154659001892     
         703   1.7241463348420858     
         704   1.1213078880330989     
         705   1.3392087142958649     
         706   4.0192156471491014     
         707   4.2336695154579163     
         708   3.7251646163735570     
         709   3.0931480078887796     
         710   4.7138146026358108     
         711   3.7894912596778552     
         712   5.0509925628197880     
         713   3.5176647001064616     
         714   3.6932210341367022     
         715   1.5849030238240569     
         716   1.5150964570923111     
         717   2.8541663128976191     
         718   1.7190577250670120     
         719   2.0811732519855473     
         720   3.4174403164553779     
         721   2.7756234123487733     
         722   3.3733674770864148     
         723   4.3276731920211535     
         724   6.4291084081458347     
         725   4.9764338658871328     
         726   3.7179283962288343     
         727   2.3195274048602199     
         728   3.6304830032091342     
         729   3.4391573149108838     
         730   1.5366778960189573     
         731   1.4019469183747622     
         732  0.75275791811670034     
         733   1.4059124095742983     
         734   1.7734724114985712     
         735   1.6034801192073573     
         736   1.7223227576704458     
         737   1.8045929321237624     
         738   4.3552595243972130     
         739   3.8693706225367999     
         740   3.4617336069540787     
         741   3.6909039284842242     
         742   2.0639097744828492     
         743   1.1593196731832378     
         744   2.8044738517215144     
         745   3.6968942660470905     
         746   4.0093038841923097     
         747   2.5865161731909874     
         748   2.6394949651422617     
         749   3.2148721532031983     
         750   3.0773448581308975     
         751   3.2935610748981108     
         752   3.4958101487266728     
         753   3.1490665386309917     
         754   5.3200416508347823     
         755   5.7610177824154247     
         756   5.7684758290131866     
         757   9.1822499751381184     
         758   8.3515927854833283     
         759   6.7644390709794413     
         760   5.1862221757400659     
         761   8.1181453568945106     
         762   7.9361360694349017     
         763   4.8060373602295750     
         764   3.9102398048110594     
         765   3.7646703245116289     
         766   3.9610275827007477     
         767   1.6424293296911794     
         768   4.4233945286549901     
         769   2.9095539927657335     
         770   2.8130026565613524     
         771   1.4900947718479252     
         772   2.4618932214168661     
         773   2.3597011324527704     
         774   3.0568069056185263     
         775   3.9250961340260484     
         776   5.7017745851347623     
         777   8.2667424064835782     
         778   6.3365742764040673     
         779   8.0505278022461724     
         780   8.4146041701150054     
         781   3.2043814318065906     
         782   1.5621495537324659     
         783   2.2604811123239466     
         784   3.7396696640293285     
         785   4.4776434863268353     
         786   3.8192329986479425     
         787   1.8738982411495677     
         788   1.8785600758317016     
         789   2.4762423144853574     
         790   3.3324272813835196     
         791   2.8906749204454969     
         792   2.5274069123134715     
         793   3.7754574309282560     
         794   1.5132858552362687     
         795   2.4752927225677288     
         796   2.4886788639281607     
         797   2.5851086525577736     
         798   2.3875181546078248     
         799   2.8871605001250589     
         800   2.1447977453262195     
         801   3.2636936165936374     
         802   2.3461507971334847     
         803   4.5096263583522855     
         804   5.1666026047611826     
         805   5.7456807583448342     
         806   2.9139264755271701     
         807   3.2792489044665807     
         808   3.2068993731355104     
         809   4.1501785858011386     
         810   2.9711836676048851     
         811   2.6288508928231948     
         812   1.7455284904561617     
         813   1.6849840675389927     
         814   1.8953142714402313     
         815   1.4580710937260810     
         816   3.2387512943527095     
         817   3.4149272627858225     
         818   3.7873866626347787     
         819   6.2101235990757733     
         820   4.4571040345372097     
         821   3.3581353679312138     
         822   3.8062104067910862     
         823   2.3710041570746814     
         824   5.3185101087606830     
         825   5.9902585627352298     
         826   6.5710465851144280     
         827   5.6264871769120273     
         828   5.3352380706872697     
         829   2.9210770937601533     
         830   4.9137594032571323     
         831   3.7635112865320108     
         832   5.6073483048655168     
         833   4.9390835358507941     
         834   6.8485262535593563     
         835   6.7956501251793400     
         836   5.8386629345106345     
         837   6.0581981082001919     
         838   3.4800044515547386     
         839   2.7252423545721376     
         840   3.6081659290140853     
         841   4.9818426541842813     
         842   2.8746827025464712     
         843   3.8379924176566340     
         844   2.8557828680575761     
         845   3.8713423781294889     
         846   2.0241670989098424     
         847   3.9435817443330117     
         848   3.2295323610861058     
         849   3.6076919784514412     
         850   3.9316486366328856     
         851   3.3875356525659530     
         852   2.8776427957765049     
         853   1.5443704401588874     
         854   1.7105772269701869     
         855   1.6513588024911674     
         856   1.7985981715376009     
         857   1.3484487039989930     
         858   2.8090989008841301     
         859   1.3830865424859629     
         860  0.59683629821454665     
         861  0.50302053978268824     
         862  0.64824107387142904     
         863   2.7103691397020055     
         864   3.2888395432680664     
         865   1.7566960406883358     
         866   5.0574627161372465     
         867   6.0122789578595315     
         868   4.7253208923541985     
         869   5.1811569816799832     
         870   5.3192933333092443     
         871   3.7314144989290918     
         872   4.2675560846530427     
         873   3.0468853412891543     
         874   3.4936860423290077     
         875   4.7246675285975099     
         876   2.4150172080591927     
         877   1.9937632391659856     
         878   2.5616082851471207     
         879   1.6903818968242676     
         880   1.7643601861758214     
         881   1.7033250361977719     
         882   1.9012657728333877     
         883   3.8352965476117196     
         884   4.1431661976425067     
         885   3.3754295215047088     
         886   3.9533897960347777     
         887   3.9720265862697413     
         888   4.8488052517555165     
         889   2.9981884172734414     
         890   2.5854691028575436     
         891   5.0945205810651677     
         892   5.4453696730097709     
         893   3.1853337292637747     
         894   4.3138096045897880     
         895   2.5869568095768107     
         896   3.9962068920056009     
         897   1.9623318147247539     
         898   3.2656308663617200     
         899   4.5287732746179987     
         900   3.8608736867757245     
         901   4.3815699099558891     
         902   3.2659024363444664     
         903   2.9691829874360329     
         904   3.8931622685701202     
         905   4.0049298776784399     
         906   4.7650826287154517     
         907   3.3728734919287047     
         908   5.2841875327375121     
         909   4.6363600353607639     
         910   4.2871404273484650     
         911   5.1635911748270757     
         912   5.5135123675395992     
         913   5.9437760685043113     
         914   6.1033478007745821     
         915   6.4346782516580028     
         916   5.2375087840887931     
         917   5.2207131806797493     
         918   3.7588315862648667     
         919   2.3651894879196655     
         920   3.3921097367730715     
         921   4.2748284778791001     
         922   4.7609658171035969     
         923   4.7917996386507751     
         924   5.1253801336670435     
         925   6.0240714219769824     
         926   7.3505758678518820     
         927   11.789082160337054     
         928   6.5837091479709935     
         929   6.9295334713040972     
         930   7.7410026772661524     
         931   7.7173712995542250     
         932   8.2375170064181749     
         933   6.8378076203909659     
         934   8.0830321359358290     
         935   9.8862686398133004     
         936   7.5014990821416436     
         937   7.1857534428107970     
         938   4.7311516427064904     
         939   5.9547385774794837     
         940   6.0739002256725358     
         941   4.7718034169010854     
         942   4.6466315054364733     
         943   4.8877667037944796     
         944   6.0674861325983427     
         945   5.2532608955127937     
         946   8.0781883669438255     
         947   11.100373511991972     
         948   9.8988980446815500     
         949   9.6633521976917347     
         950   8.5707648199995816     
         951   10.078679917054272     
         952   7.6666119258527310     
         953   3.7402313954216542     
         954   4.1913625870989115     
         955   4.4068929291992500     
         956   2.9612787036267103     
         957   2.3729600370623118     
         958   4.0420641397013348     
         959   4.8610356828160031     
         960   5.7378780301610224     
         961   3.9982928441830361     
         962   3.6356759994733800     
         963   3.3436915772892069     
         964   3.4771726450661351     
         965   3.1280380945542823     
         966   2.8407778295024162     
         967   3.9629824693469686     
         968   2.6822204858623793     
         969   3.6454599540862502     
         970   4.1083397746957280     
         971   3.7373124431328999     
         972   3.2791859861399080     
         973   1.1881817189706743     
         974   1.6343472367624055     
         975   2.6243338240919858     
         976   3.3425986793357403     
         977   4.6380680623038675     
         978   5.5212348865755008     
         979   4.0569284323647006     
         980   6.1229251869885601     
         981   5.6345921338704121     
         982   5.2276504463914151     
         983   3.7560399794116677     
         984   5.7032255911885965     
         985   4.2114251185314293     
         986   4.4569027722971919     
         987   4.9406250553080797     
         988   5.5556960959477273     
         989   5.5900040288186501     
         990   6.5554648175862837     
         991   8.1658286825509379     
         992   9.3741461845322434     
         993   8.2930792909202822     
         994   8.6662290421487906     
         995   8.9123796399895525     
         996   8.3412313619348541     
         997   6.2890999384765047     
         998   6.4601352408731492     
         999   7.0205822977146228     
        1000   7.5857837404448549     
           1  0.59928247012758185     
           2  0.92844998662806999     
           3  0.73236354966467909     
           4   1.6741983735769803     
           5   1.4872708484987751     
           6  0.85303136662484580     
           7  0.92897775753778800     
           8   1.5330637000215108     
           9   2.5280989390682813     
          10   1.5642525799935325     
          11   2.0615073404674455     
          12   2.7216242057281210     
          13   2.7552977438820472     
          14   1.8038567091955455     
          15   1.4939443233875389     
          16  0.83203332412531206     
          17   1.2427782441785653     
          18   2.5136182809633052     
          19   3.0456035350791488     
          20   2.2020907223510160     
          21   1.2141872417617796     
          22   2.0592474244670598     
          23   4.5562140580728592     
          24   5.9638955587425571     
          25   6.4975265410033280     
          26   5.0024571640982263     
          27   6.2476470087266671     
          28   5.5701511188403243     
          29   5.1353517139679887     
          30   5.0002374329576806     
          31   4.9686315269622714     
          32   6.0495041884236942     
          33   5.4950386817061174     
          34   4.4603795835544053     
          35   4.9309667162094923     
          36   3.0464605368541604     
          37   2.8119842312747747     
          38   1.1370289986061946     
          39   1.9832878029252641     
          40   1.1844581411569570     
          41   1.2161303554263032     
          42   1.2091376028927094     
          43   2.7951190386017370     
          44   1.6599943901985896     
          45   1.7478339024327112     
          46   2.3518188357940342     
          47   2.1895824253062717     
          48   2.2246327567862827     
          49   3.0293274069503289     
          50   4.0134779877874198     
          51   4.0646402925592042     
          52   3.9592379579638104     
          53   2.1301753103614254     
          54   3.9344040847211508     
          55   3.5158718364768515     
          56   2.7235573501938881     
          57 -0.17847734242428692     
          58  0.50741803079514924     
          59 -0.12471241461122826     
          60  0.82513838802052120     
          61   1.6053512839383015     
          62   1.3448393812573725     
          63   2.2287897983382923     
          64   3.3091656964896767     
          65   3.0553939863237569     
          66   3.3552023894054157     
          67  0.96124177554117129     
          68   1.8549667736729161     
          69  0.89819310120122042     
          70  0.94115948052139331     
          71   1.8571706739871467     
          72   1.9351311313140200     
          73   2.2948667763146786     
          74   1.9873996592265604     
          75   2.0139230591728685     
          76   1.0632005958955004     
          77  0.32405273336388868     
          78   1.4781250687853054     
          79   2.0781525214027035     
          80   2.6780284976971145     
          81   3.5367650017589090     
          82   2.3063914159117571     
          83   1.9099726651883500     
          84   2.7214764933962026     
          85   2.7292744244588554     
          86   2.3792472481164890     
          87   4.1790595279528961     
          88   3.1516702454419168     
          89   1.8584222779730999     
          90   2.3906205476303812     
          91   2.2423866338751273     
          92   3.3802753122116185     
          93   3.5593811581095127     
          94   4.8578681695858172     
          95   2.5234778902847208     
          96   3.3362747836775388     
          97   2.1110010059302509     
          98   3.3192738199095313     
          99   4.3713746112545886     
         100   4.7815248582588694     
         101   3.4479125239686792     
         102   3.0677529629912650     
         103   1.5921114060856019     
         104   2.6574766440555608     
         105   4.4730640882408794     
         106   3.2311882288953062     
         107   4.7009403379575758     
         108   3.8424538854083856     
         109   4.2854928043233951     
         110   3.2300003769869869     
         111   2.1261167962834553     
         112   2.0894520270228552     
         113   3.7619970413524864     
         114   5.7675197181311466     
         115   2.0072580181001745     
         116   2.3064132339152783     
         117   2.8609389313993896     
         118   3.1526539629976624     
         119   2.9112458284512637     
         120   4.6194600893475970     
         121   4.3590460431884654     
         122   3.2081039773115654     
         123   3.8781827817200876     
         124   4.6293526298739369     
         125   4.5053920774767233     
         126   5.1167376603974439     
         127   3.9685432742327964     
         128   2.9285522737240104     
         129   2.6384297801578143     
         130   4.0782596274493219     
         131   6.2521418056122409     
         132   5.8437769636705594     
         133   2.8803097434472420     
         134   2.0250173317382374     
         135   2.7085399648008326     
         136   2.1819524113791493     
         137   4.6745682823617178     
         138   2.0908948112294485     
         139   4.7081155618437203     
         140   3.3941776033268729     
         141   4.6801713661703026     
         142   3.5873139106553276     
         143   3.3870623414247865     
         144   2.0259861999804807     
         145   2.5542133650815915     
         146   2.2473310357682315     
         147   2.4510405635454173     
         148   1.0026236657849055     
         149  0.47171931271919343     
         150  0.66336881306655204     
         151   1.4887628123730114     
         152   3.5916529534077251     
         153   2.6249605377056215     
         154   3.1819525010573555     
         155   3.0522012645085161     
         156 -0.17199514765562723     
         157  0.65935768430647301     
         158   1.6939169778290617     
         159  0.15478140070910501     
         160   2.0052614173381893     
         161   3.2638469196661153     
         162   1.6710192131661110     
         163   1.6711359236960042     
         164   4.0925020723409515     
         165   3.2076559417615198     
         166   2.4128096015625453     
         167   1.6145224266901925     
         168   2.2896048155934103     
         169   1.9355221773853981     
         170   3.7289221642509989     
         171   2.7366694009084425     
         172   2.8282806770492028     
         173   3.7397472381910362     
         174   2.9720199985730811     
         175   1.9345529562117503     
         176   2.7868614245849077     
         177   2.3127323161200097     
         178   5.6885626226112205     
         179   5.1193156274430347     
         180   3.5627930220269288     
         181   3.5155140378228311     
         182   3.6597339414029064     
         183   6.7159052998021469     
         184   5.7430716574891560     
         185   5.2830507643758633     
         186   4.0002774278380846     
         187   5.4812434513056578     
         188   5.1991235492160088     
         189   5.7769283527918613     
         190   2.8976713621097208     
         191   4.3503659683791494     
         192   6.5082803980574973     
         193   7.6425985000829275     
         194   7.7728050386048881     
         195   3.3469274687234387     
         196   3.9390459440287389     
         197   4.1277293277350111     
         198   5.2005419161267907     
         199   3.5829941169429067     
         200   3.7962826667348519     
         201   2.2178595780605743     
         202   2.1811539058947429     
         203   2.2977651442457727     
         204   3.5804019765276855     
         205   5.3386633787954407     
         206   6.6541775166556310     
         207   3.6729809220626604     
         208   3.0594077595628870     
         209   3.2691402030881624     
         210   2.2879674460568920     
         211   2.7639188482269352     
         212   4.6102136475174227     
         213   3.4482804159882310     
         214   3.5157641812150695     
         215   4.0679956229085370     
         216   3.8204031745390479     
         217   3.4311517079728815     
         218   4.3988499030160035     
         219   7.6958244566070171     
         220   5.7270860248285578     
         221   3.7396587436232220     
         222   2.7687209172870353     
         223   3.5682017031804776     
         224   2.2947928447196904     
         225   3.8699624820701546     
         226   3.7789797598960244     
         227   2.5701449497841087     
         228   3.3644168943936514     
         229   3.0623273320269284     
         230   4.2067467629833031     
         231   6.6769182874531454     
         232   3.7241226931545972     
         233   3.7920056240126865     
         234   2.5149685810910958     
         235   4.9704778389997255     
         236   6.6224376838181431     
         237   5.5112737672322369     
         238   6.2191653436429934     
         239   3.6584474478836655     
         240   2.9442316476488166     
         241   6.2449772719861736     
         242   3.8696902321751434     
         243   5.6560159286480811     
         244   4.6845332571118714     
         245   4.5717592021808784     
         246   6.0433077581115020     
         247   5.5613401803790286     
         248   4.7899474704258429     
         249   2.5261133258393964     
         250   1.6328985536039498     
         251   1.5320404281080722     
         252   1.0382564139296260     
         253   1.1935549348037204     
         254   1.3337126679488422     
         255   4.3623630726140803     
         256   2.7018463544130999     
         257   4.0913418686667491     
         258   3.9931780949903213     
         259   3.4577200744332059     
         260   2.6212329789894548     
         261   2.0602483314400857     
         262   3.7842071884212238     
         263   4.3458908750781218     
         264   2.8322386745657298     
         265   1.4258590351025360     
         266   1.3796382619445686     
         267   5.2888528009592592     
         268   6.5820038195178556     
         269   5.1101207490750653     
         270   7.9945022302339961     
         271   7.7451174929657727     
         272   6.9499563358465775     
         273   6.7574841050402981     
         274   5.3198143070277117     
         275   4.5990672378825099     
         276   3.0037732386238480     
         277   3.4484211914652443     
         278   6.7617945842092730     
         279   5.6204872286441292     
         280   3.5347398123069120     
         281   8.1568340525343963     
         282   7.1622343062165550     
         283   6.3053657597937613     
         284   6.6844909899661511     
         285   9.4503579428866029     
         286   8.0197543119191490     
         287   9.1380880693073951     
         288   7.2777130453992278     
         289   5.1135631490644311     
         290   4.0277963798011722     
         291   4.1549010660264951     
         292   5.1265907261301571     
         293   3.4271708155147866     
         294   2.5249476408992537     
         295   2.8483499780131507     
         296   2.4829550869733108     
         297   3.1262875899026681     
         298  0.83151319908999044     
         299   3.0494441771149572     
         300   1.8886955483937715     
         301   1.2523159461559008     
         302   2.7228520847412754     
         303   3.2811472968683018     
         304   2.1793472592361276     
         305  0.67648174013142792     
         306   1.1236711746322712     
         307   1.6561404314529680     
         308   2.9087055634672541     
         309   6.1639378642856935     
         310   5.7655041505437357     
         311   9.2395583620159005     
         312   9.9117173645080214     
         313   9.5357247216217029     
         314   10.034194254102218     
         315   11.745859568370914     
         316   14.267855858495821     
         317   11.031692156219510     
         318   11.676941042653022     
         319   9.1866984083119938     
         320   6.5300554418293490     
         321   5.8907322296930440     
         322   6.2722989394983237     
         323   5.2565122019613328     
         324   5.3501220300282588     
         325   2.0045061254171594     
         326   6.0810630807365005     
         327   6.0371744215245329     
         328   4.1104376154411213     
         329   1.8427929140475645     
         330   1.0308037227761317     
         331   1.0713230889655074     
         332   3.0029999783588335     
         333   3.0118271437505189     
         334   3.3673590022163902     
         335   4.7054934856897299     
         336   7.7741633880047241     
         337   7.7631583981728358     
         338   8.3774214368480564     
         339   5.2888557873340183     
         340   4.7739461189898087     
         341   3.0118885624076244     
         342   1.6343708186862864     
         343   2.2710782240260330     
         344   2.8135968694275721     
         345   1.0779679964442337     
         346   1.9753203898974310     
         347   1.6476570599874054     
         348   1.3702425217197760     
         349   1.3268268919719337     
         350   2.1207331203574018     
         351   1.6293590771914508     
         352  0.39647446327569763     
         353   1.7696858561360322     
         354   2.0255450199490137     
         355   1.4140952826310953     
         356  -8.3655219336224329E-002
         357  0.19040785617034886     
         358   1.2123425843141005     
         359  0.94586999725429655     
         360   2.3119103910208287     
         361   3.1119634844733914     
         362   4.3052492310350061     
         363   7.2565321136327867     
         364   5.3743568172156433     
         365   5.1404860584290795     
         366   7.0138505028859566     
         367   8.2158528897905825     
         368   8.6751068019720918     
         369   7.0204020156350735     
         370   8.5064311454901329     
         371   6.7569066030601315     
         372   5.2274253220725040     
         373   4.4831827298062219     
         374   5.5446678763113582     
         375   7.1926425594003982     
         376   8.4450155644457308     
         377   7.2296157877532456     
         378   6.3017228769056732     
         379   4.4156656291266412     
         380   7.0653117371629461     
         381   5.0922875822017986     
         382   5.1309604917535818     
         383   5.1278397527559818     
         384   5.1280158705927663     
         385   1.7468624720668822     
         386   4.6999408123928728     
         387   5.6996720794656248     
         388   3.0973853391991106     
         389   3.2351500564289442     
         390   3.5613434018441037     
         391   2.8373237739151644     
         392   4.2110663253581277     
         393   4.3965156070475784     
         394   3.8753621812381724     
         395   3.7692153533130295     
         396   3.1123631677706478     
         397   3.9163706152087965     
         398   3.9618569796968690     
         399   4.5753352224084196     
         400   3.1061107850941441     
         401   1.6803163115689550     
         402   2.0860215073943915     
         403   2.4647353745890994     
         404   4.1494924955071122     
         405   4.5028192810118073     
         406   4.8685527939041258     
         407   6.9215781075069120     
         408   5.4802660176838245     
         409   5.4934669727997507     
         410   4.8069851526067984     
         411   2.4580013206476679     
         412   5.5879612929040157     
         413   5.0110792046030390     
         414   4.7785698393197968     
         415   5.5304842756259127     
         416   6.0700730506859362     
         417   4.2706145643869515     
         418   8.5929851005615436     
         419   7.9350519316475072     
         420   4.6080063655624430     
         421   2.6666533657334504     
         422   3.9096195021611271     
         423   3.6477795515592795     
         424   5.0634414736253666     
         425   4.9807977209245804     
         426   5.3187715232205388     
         427   5.3822333612500968     
         428   3.7525958084047710     
         429   5.6768075672138547     
         430   2.2055282634944819     
         431  0.92488657940584551     
         432   1.2645007528503951     
         433  0.26675702442105365     
         434 -0.27807357156711698     
         435  0.44415387624024794     
         436   1.2262051681823287     
         437   1.5182375593560713     
         438   1.3405201598321557     
         439   2.5743875886166063     
         440   1.6020259266407959     
         441  0.36853976451435372     
         442  0.34022065821515479     
         443   2.7282008188381361     
         444   1.9017718759804572     
         445   2.4334006159118280     
         446   1.1487862926648984     
         447   2.1902115934113691     
         448   3.0205579234393518     
         449   2.8026323302536555     
         450   5.0728427489027190     
         451   4.5198472518034594     
         452   3.9578844705864999     
         453   2.2312571682823834     
         454   2.2845410371289989     
         455   1.5074633130786692     
         456   2.4519192633758600     
         457  0.98531808119838948     
         458   2.1625977710403115     
         459   1.7362815546291008     
         460   2.4334853190501597     
         461   2.9397663353541601     
         462   3.1082540263624439     
         463   2.9041838099871766     
         464   2.3043817162724154     
         465   1.8561905138222561     
         466   1.1072177735627924     
         467   1.9581955529174810     
         468   3.1125298196470448     
         469   1.6174782971153987     
         470   2.2809639717866621     
         471   5.1469174857457345     
         472   4.6448838967473600     
         473   3.7437900151009904     
         474   3.1980112784552706     
         475   3.8927773804867019     
         476   4.2703743367662108     
         477   4.4809052131217015     
         478   5.3668126689301543     
         479   3.7803357552775534     
         480   4.6788012462656177     
         481   3.9061264955337229     
         482   1.6906382634193402     
         483   2.3255603000076972     
         484   2.1448357866286081     
         485   2.1031518138890952     
         486   3.1562446370997375     
         487   4.2803639818738137     
         488   3.0269419579663555     
         489   2.1472505870838439     
         490   2.5288231101592413     
         491   2.6934581109679518     
         492   1.4657798763172785     
         493   1.9633953278050664     
         494   2.1001258299442127     
         495   2.5950141630977228     
         496   2.4733538846562455     
         497   2.5969332915808989     
         498   3.0841045349930472     
         499   1.5323446393677951     
         500   2.6145345317974011     
         501   3.3039918511381234     
         502   4.2272653224033157     
         503   2.9821929574916126     
         504   4.4579369540833529     
         505   5.5515627364392461     
         506   5.5445534342526521     
         507   5.8934803454824314     
         508   7.2216359648182546     
         509   8.7121841076157693     
         510   7.4681617715732056     
         511   5.9965261525781033     
         512   5.5504242556178252     
         513   3.7571151164190137     
         514   1.4524581265457708     
         515  0.95708895684984618     
         516   1.6038788773440222     
         517 -0.10649168857121723     
         518  0.27266718610455498     
         519   1.5541643662808124     
         520   2.6969235496801089     
         521   3.7095179384168588     
         522   1.8016900507730205     
         523  0.61131325200214526     
         524   1.5936137977523916     
         525   2.0061771159657740     
         526   1.7961125129211966     
         527  0.90415698671728884     
         528   2.5396009553834782     
         529   1.3464819862477568     
         530   1.4253157170590034     
         531   1.2774771313219291     
         532   1.6713914810455432     
         533   3.2246567942628817     
         534   3.7706417087018127     
         535   5.4961601622764320     
         536   3.1173301404789733     
         537   3.3765369924600828     
         538   3.0500042130259186     
         539   2.6310519454554258     
         540   1.9313493222671749     
         541   3.6093981456835342     
         542   2.8043099003466643     
         543   3.7773819958773234     
         544  0.64187076295670897     
         545   2.2733188130022355     
         546   3.1939048489376054     
         547   2.1854213669279519     
         548   2.8323325754377655     
         549   1.3579064180547300     
         550   1.0729723601963763     
         551 -0.63334517664805601     
         552  0.76647749820986244     
         553   2.2983240322278946     
         554   2.7199958719554358     
         555   3.1577676479832681     
         556   2.2362689757070262     
         557   1.3095349957875455     
         558  0.38616390962704994     
         559   1.4761253305320021     
         560   2.3738851623756516     
         561   3.8111532408972968     
         562   5.9152062471629474     
         563   3.2064259616400497     
         564   2.3584065957312816     
         565   2.3858901313854242     
         566   4.4634253949326661     
         567   3.1826283877160071     
         568   2.7149035218277819     
         569   1.3696147190986090     
         570   1.9716713850518510     
         571   1.1888570090197526     
         572   1.1515643324550415     
         573   1.4355276224553879     
         574  0.65141231532717137     
         575   2.2716258625948518     
         576   4.3286871383562531     
         577   2.2866329055311989     
         578   3.9966317870380728     
         579   3.2654298024039057     
         580   3.5622491431173238     
         581   2.5960888511314666     
         582   3.1519956340087401     
         583   3.0341353252485144     
         584   2.4629166216387537     
         585  0.23119389138789503     
         586   1.2390132305704522     
         587   2.5241409001180934     
         588   2.7994795100408241     
         589   1.9906382814750752     
         590   2.9230559187196534     
         591   1.6228900302840501     
         592  0.84978484418982569     
         593   2.7291452793890389     
         594   3.3044526255981270     
         595   3.1695166845076637     
         596   3.9678413534834767     
         597   5.8575182429356643     
         598   5.5636021671395035     
         599   3.8246023093105777     
         600   3.3258385320607085     
         601   3.6898182044133643     
         602   2.6985011662789522     
         603   2.0991158568992301     
         604   2.2685491707447585     
         605   2.6266753400376963     
         606   2.2739277782242722     
         607  0.59102447620765042     
         608   2.9124606167268499     
         609   4.3162159912999529     
         610   6.2170254044638424     
         611   7.2771632030737248     
         612   5.5215930442768224     
         613   6.3305559673747309     
         614   4.0432035555522656     
         615   2.4616139163183046     
         616   5.1732537672414889     
         617   2.4556931500909163     
         618   3.8742781037965237     
         619   4.9850534299243723     
         620   5.4533640968075527     
         621   7.1700622294393241     
         622   6.9033619916240836     
         623   7.8712044745894545     
         624   5.4761434577589121     
         625   7.0394432668115687     
         626   4.8824255437982353     
         627   3.3536564307933028     
         628   3.1987454824603780     
         629   4.4671839110172948     
         630   4.5903369525272089     
         631   4.2788561853141740     
         632   2.6002565620255687     
         633   4.1639424332909769     
         634   5.8956732901736517     
         635   8.7847115898817183     
         636   5.4511344518189198     
         637   4.5185926190758021     
         638   3.7080703210783170     
         639   3.8667619628322343     
         640   5.3741173407343465     
         641   8.2347420312267037     
         642   7.5794914385730427     
         643   9.5532655867671519     
         644   6.5311890887750410     
         645   8.0308223900497691     
         646   7.9393086539844191     
         647   9.1440671405390770     
         648   10.556736889172827     
         649   11.208485820258824     
         650   13.502673065080865     
         651   11.371958387421421     
         652   11.669688816471593     
         653   8.1169636010423112     
         654   9.0157072056163834     
         655   9.0247569762949151     
         656   10.158465092907921     
         657   9.2180398488302977     
         658   9.2248843878427582     
         659   9.6499007180498797     
         660   8.4170776904039375     
         661   7.0311894652135356     
         662   5.7455465280802391     
         663   4.3469634853991481     
         664   6.1808190895585726     
         665   4.2690484565813387     
         666   2.8261912330385397     
         667   2.1463988290311522     
         668   1.0315684533520943     
         669   1.4395947652977115     
         670  0.86075673276156006     
         671  0.77607511012578478     
         672   3.1252901874320838     
         673   3.1566099960857468     
         674   2.4907566182909497     
         675   2.8055785043359744     
         676   3.1819410364116227     
         677   3.6223954691460261     
         678   3.5127586328720386     
         679   2.9145506274036954     
         680   4.0230814048161472     
         681   2.3653836436311471     
         682   2.4269170012397900     
         683   4.6547805345174424     
         684   2.1200048762344803     
         685   2.0095918744414623     
         686   1.7369742659194707     
         687   2.3546840737484009     
         688  0.91228095739125492     
         689   1.4345728526731705     
         690   3.5237129969856866     
         691   2.7833268055146823     
         692   2.8123050075034213     
         693   1.4736871793913282     
         694   3.1266208687665600     
         695   2.1411217784317427     
         696   2.4741222559024338     
         697   2.0766567022433797     
         698   2.5580141724423062     
         699   3.9645912072647995     
         700   4.2480532791133889     
         701   5.9615675376504145     
         702   6.6135130112452014     
         703   8.7685082807568726     
         704   5.3924222473705221     
         705   6.4282813755950086     
         706   6.5643221229125910     
         707   10.335163821868880     
         708   10.006796082791743     
         709   7.6070691915917061     
         710   8.2128852780456167     
         711   5.8595153495552301     
         712   5.6722499535223907     
         713   4.8048475982106780     
         714   5.3832874663182464     
         715   4.5280833232039281     
         716   4.7105234892531671     
         717   3.6525867790802446     
         718   4.8314965743786615     
         719   5.0392842147675569     
         720   6.4458676051611876     
         721   4.0053161489245159     
         722   5.4297369304512610     
         723   4.4253164633831119     
         724   3.9130832710542451     
         725   2.6596788220823946     
         726   1.6102712978328741     
         727   2.4233971789550330     
         728   2.1206876521636930     
         729   2.3861071745365505     
         730   1.9483533591422373     
         731   3.3149085861918923     
         732   3.2271587964814787     
         733   2.6993906946396038     
         734   2.8067021381987920     
         735   2.4217373471400174     
         736   3.4386000638373195     
         737   4.9214051510556267     
         738   5.2278192866504227     
         739   5.4517633959665517     
         740   5.0907608398682402     
         741   3.1875425303336007     
         742   3.2146298006366423     
         743   4.1380928179851262     
         744   3.3941956323981217     
         745   6.8375174729839152     
         746   4.7752186168427766     
         747   4.8693269931629750     
         748   4.0989301882154168     
         749   2.2072976625102347     
         750   2.5214225020543184     
         751   3.8064809231914207     
         752   4.3761471243733112     
         753   2.9427904402474425     
         754   3.6024673746402480     
         755   2.3992666421071673     
         756   3.6033493596207506     
         757   6.1935419241034735     
         758   6.3952998238056349     
         759   6.7957574296705552     
         760   9.5459899676534636     
         761   9.4372139168449269     
         762   8.8948461696301351     
         763   8.5512433104304026     
         764   8.1615770710192468     
         765   5.8720868692196024     
         766   7.7194329450557388     
         767   6.1484747516220022     
         768   6.2311032221519573     
         769   6.3599068559826586     
         770   6.5575989864485615     
         771   4.2086782969899597     
         772   3.4744896178273192     
         773   3.3551267349080054     
         774   4.6628621046878767     
         775   4.5805559698879046     
         776   4.2659443598577091     
         777   5.3092883516673508     
         778   8.0705877004362705     
         779   8.2106017213690077     
         780   9.1870649092680843     
         781   7.2081215652290744     
         782   5.8610594955097746     
         783   5.9807297511701085     
         784   7.2593260773972856     
         785   7.7254612195159647     
         786   7.8898965850865412     
         787   7.1293432773006362     
         788   8.0514114384952418     
         789   9.9876997036218658     
         790   8.0346785375822751     
         791   7.8193519364226649     
         792   7.5166062508459150     
         793   5.3678944836623206     
         794   4.5829406959588761     
         795   2.6929972666655488     
         796   3.2346766493430374     
         797   3.4940133776293920     
         798   5.1137747923229373     
         799   5.0982319216476579     
         800   6.0854259376838913     
         801   5.6990665872578790     
         802   6.8496800297408429     
         803   6.3449418306050998     
         804   6.0705117229942687     
         805   5.4762716825082700     
         806   6.8679911380267233     
         807   6.7151662113704864     
         808   6.4212914464255180     
         809   6.2880800112213056     
         810   3.3898027969686169     
         811   3.6547282086982076     
         812   2.1194561140807591     
         813   3.6618316111674107     
         814   4.5516864492074136     
         815   5.6179620443538179     
         816   5.3320663927865501     
         817   5.0307783208323045     
         818   7.2446624003739695     
         819   6.6946237002035183     
         820   5.5223863741469197     
         821   3.1616388235003914     
         822   3.0436548394924570     
         823   3.2892759183239777     
         824   4.3460681609356140     
         825   4.3774955809207654     
         826   4.2126701405709772     
         827   4.4484325003086154     
         828   2.4125852368277223     
         829   2.3527182796703272     
         830   1.8176417450287174     
         831   3.7020578395140000     
         832   2.1403504062202359     
         833   1.0457050581473488     
         834   2.0810999908758965     
         835   3.3051814478650003     
         836   1.9160524840367850     
         837   2.4569053054201739     
         838   3.3758602142909804     
         839   2.0761998123604513     
         840   2.8873502305713354     
         841   1.9446438136549786     
         842   1.8725895524992784     
         843   3.0234074312987107     
         844   3.8471913054352127     
         845   5.1246390166077180     
         846   3.4083606380453393     
         847   3.5664486457682099     
         848   4.9199718555733698     
         849   5.5333585872630708     
         850   7.2460024823949709     
         851   6.4819099147370913     
         852   7.7729434006543272     
         853   9.2311974326341257     
         854   10.474447851206291     
         855   12.044046109219773     
         856   7.8713581574598965     
         857   8.3453942248729192     
         858   9.1268770113827529     
         859   8.2131992633867714     
         860   7.3446557956663501     
         861   8.2543253612288350     
         862   5.3073947245834869     
         863   5.1967532534365617     
         864   3.1640308893140014     
         865   3.3627396382734727     
         866   6.5665151051598247     
         867   6.3146021577551501     
         868   4.3838155543069846     
         869   5.6373133028979243     
         870   4.4402761213314799     
         871   2.4870042457086212     
         872   2.7580187835695558     
         873   1.8580224369891085     
         874   1.8963168059179722     
         875   2.6667800357862150     
         876   3.5795910111633322     
         877   4.7714983428634810     
         878   5.4670499536179697     
         879   4.7158430584799325     
         880   6.9182724875283679     
         881   8.1273104536398826     
         882   7.2849577040384679     
         883   5.1461347478445889     
         884   8.0429745775594892     
         885   7.1346354027315675     
         886   8.1719307090733349     
         887   6.1453577959952339     
         888   6.4495332954994380     
         889   6.2048510866151805     
         890   3.7107107587177910     
         891   3.1830936148718547     
         892   2.4801213919835963     
         893   1.0589514188915441     
         894   2.1892164455122138     
         895   3.3293615806760402     
         896   2.8061653781734375     
         897   1.5007837001450992     
         898   2.0582948917304651     
         899   1.6453340270557781     
         900   2.3723692585063501     
         901   1.6703011202130369     
         902   2.8765145377343497     
         903   2.9994959347067156     
         904   3.0463168009410553     
         905   3.4895733529466799     
         906   2.0531352432434158     
         907   2.6274366661797157     
         908   3.9286471668451068     
         909   3.4528690687690493     
         910   2.7285235569614192     
         911   3.8673891426492819     
         912   3.7916801319882771     
         913   3.2016222900601519     
         914   2.6304762592979767     
         915   4.0462012267924319     
         916   4.9693425628198318     
         917   2.1271735311751523     
         918   2.9159069993766877     
         919   1.4503607647418721     
         920  0.82896377738230398     
         921   4.7456906621329207     
         922   4.3135501160440795     
         923   4.2649239462045090     
         924   3.4290813808627569     
         925   4.9236543316175529     
         926   4.0544955070221684     
         927   4.9311409292406125     
         928   1.8265139403507336     
         929   2.9455195784517989     
         930   2.9107024932337184     
         931   3.0861783270918082     
         932   1.4506855184509588     
         933   2.1494129006388585     
         934   3.0145216649468112     
         935   4.1894274574918242     
         936   3.4975746388568481     
         937   5.1096119244187745     
         938   9.2297269238283324     
         939   10.561254100929803     
         940   9.7630457894729386     
         941   11.895285009644967     
         942   11.150097084483697     
         943   11.544640152553663     
         944   11.052731218848109     
         945   7.5888758221407455     
         946   5.3903711835076340     
         947   4.6657675686645455     
         948   3.3788536684545591     
         949   3.5111800127486914     
         950   5.9731516437468564     
         951   3.5463075961745396     
         952   2.1875516977424825     
         953   3.1861640550212829     
         954   2.0387094958242598     
         955   3.6936058459776628     
         956   3.4586097006789220     
         957   2.4244362486662747     
         958   3.1777756256167811     
         959   3.8245627648351554     
         960   3.7961518507942431     
         961   3.0790160316682660     
         962   5.0030528294669319     
         963   5.2864072658687808     
         964   6.4642571568795910     
         965   3.4303999597896224     
         966   3.7909849657845816     
         967   4.6934500965107002     
         968   6.7284629693822549     
         969   6.6124612778560339     
         970   4.8020085620739721     
         971   2.6261286114611062     
         972   1.9445407454770738     
         973   2.2945430903647241     
         974   3.6104640761476396     
         975   5.8195594413703269     
         976   3.3690700173795416     
         977   2.0930560307889303     
         978   2.4571847741047241     
         979   4.0118207159110675     
         980   4.2033965992293707     
         981   3.6235557925245181     
         982   4.6894559518045345     
         983   6.0121471980401147     
         984   4.9379217683813739     
         985   5.5832968889431438     
         986   5.9837955809807468     
         987   5.4306679669834104     
         988   5.5972648440373476     
         989   3.0360498147036363     
         990   1.6289678801436756     
         991   2.8761753611711116     
         992   2.5909986592700807     
         993   2.6410737001755282     
         994   2.6495679957234812     
         995   3.2785766947490647     
         996   3.0320991044524410     
         997   5.5020287264501118     
         998   3.8717795022882959     
         999   1.9771252253862435     
        1000   1.5243956726532633     
           1  -7.6722177207017891E-002
           2  -8.7966581880881273E-002
           3  0.24661426549646148     
           4  0.19276862887228963     
           5  0.15955627899757377     
           6   1.1451985800522300     
           7  0.71551602167835560     
           8  0.67370934298769791     
           9  0.44305753528796921     
          10   1.0567595108398269     
          11   1.7543772536052795     
          12   2.0887669998792262     
          13   4.7940447616735540     
          14   4.2078515177343068     
          15   3.9249138760867623     
          16   1.4484964624929295     
          17   1.5180343298485954     
          18   1.8098856863502319     
          19  0.86773839307650946     
          20  0.18070137412760318     
          21   1.5361958907728124     
          22   2.0261196765379252     
          23   2.7378683372867183     
          24   2.2438068983142139     
          25   2.3576832190910437     
          26   2.9799432893765458     
          27  0.86651933775451806     
          28 -0.43661593307778923     
          29  0.32902227636712411     
          30   2.8965370637621435     
          31   1.4963013176699693     
          32   3.2162223270381305     
          33   6.6459223219376158     
          34   5.0397541612210883     
          35   6.4914624620554031     
          36   3.7721930591189174     
          37   7.1427218222286566     
          38   8.5775419319213668     
          39   3.3899105049653948     
          40   1.5985590600779414     
          41   1.3464202638868872     
          42 -0.61554699176323324     
          43  0.86366357784637338     
          44   2.2688666107418785     
          45   2.4567343678364999     
          46   1.6255646641511319     
          47   1.0257626430288138     
          48 -0.92608074716147104     
          49 -0.88506766254299862     
          50 -0.98300515977905389     
          51  0.83191430273824540     
          52 -0.65419257485539994     
          53  0.32782687281282608     
          54   1.4912663856090598     
          55   1.0815866939358980     
          56 -0.67897358159785470     
          57  -1.2939290009614126     
          58  -1.0611470908161480     
          59  -1.7280525492163363     
          60  -2.6856652823186633     
          61 -0.84316823926102435     
          62  -2.6495776188161475     
          63  -1.0683640503783161     
          64  0.39786825152284733     
          65   1.8182122083006989     
          66 -0.80552593475134571     
          67  0.29656838561552101     
          68   1.3933278246002962     
          69   2.2484252233851376     
          70 -0.36446550136943023     
          71   1.1055357874086140     
          72   3.5790310369583391     
          73   3.7412252793892602     
          74   2.3341784335119464     
          75   1.0155504773865107     
          76  -6.0909492816005717E-002
          77  -1.1412611642689150     
          78  -1.0509966937700301     
          79 -0.58148612249597786     
          80  0.59797673146730834     
          81  0.66873955292989573     
          82  0.15716791529178170     
          83 -0.58399298331097882     
          84 -0.65176512894918903     
          85  0.18528225489556527     
          86  0.34767292833812025     
          87 -0.13384751076041013     
          88  0.31655295149651558     
          89 -0.19875635882908679     
          90 -0.29311708854003815     
          91 -0.70259611988557757     
          92   2.3008386427700538     
          93   3.1751678754205592     
          94   2.6419913637610817     
          95   3.7750683446702333     
          96   4.0787544024165792     
          97   5.5781593066998649     
          98   5.9790032054746964     
          99   8.7020914541113523     
         100   7.3254075321802414     
         101   7.6183902926775788     
         102   6.4467721349135889     
         103   4.5533567945917985     
         104   2.1721024901475374     
         105   3.5223544008536769     
         106   3.6632133453417461     
         107   3.7221755018094402     
         108   1.7436912795279746     
         109   2.5421677063218957     
         110  0.64609077346596655     
         111  0.75579494937914826     
         112  0.68814968508720553     
         113   3.4449704011081179     
         114   2.8590686515866968     
         115   1.7911474891379029     
         116   1.9545326007095349     
         117   3.0918258363521942     
         118   3.6693461023632485     
         119   2.5957251962148957     
         120   3.3527344193488458     
         121   4.2060671198860593     
         122   4.0588618450138698     
         123   3.9144723144911304     
         124   2.8314754779843012     
         125   2.5257059321493349     
         126   2.8036647074003427     
         127   2.6132583488096048     
         128   2.1776028448981761     
         129   1.5699323793552564     
         130   2.0699469515034923     
         131   2.4924679551313487     
         132   1.8970100203079505     
         133   3.2658603237244845     
         134   1.7944496180227538     
         135  0.43749484622737123     
         136  0.61905566710375526     
         137  0.89525535340835294     
         138  0.68345128121448839     
         139  0.99902972438774129     
         140  0.39682206797020764     
         141  0.28558354062493185     
         142 -0.70466331155848216     
         143  0.70485610727330972     
         144 -0.42945561986257685     
         145  0.30687287217039938     
         146   2.5836213127233756     
         147   2.1767746339517058     
         148   3.4163505121885827     
         149   3.7955803839709241     
         150   2.7798553464802707     
         151   4.9998544205102133     
         152   3.5421731703409476     
         153   3.8778890270294513     
         154   3.1913627554928148     
         155   3.9922340000984979     
         156   2.2227929308797618     
         157   4.1925470106734632     
         158   2.2760644264233716     
         159   2.4313458668225429     
         160  0.96809841536711483     
         161   3.0323170115615534     
         162   3.8581141165704902     
         163   4.1605492018394283     
         164   3.3863170792082351     
         165   2.4330318224892307     
         166   2.6581303649222709     
         167   2.2094323541651737     
         168   2.2329103763801190     
         169   2.3493259075346438     
         170   2.3456714733445270     
         171   2.0719819503257781     
         172   1.4881089109643268     
         173   1.3944298932390613     
         174   1.0565765536213125     
         175  0.75561018978849670     
         176   1.2525069414356229     
         177   1.9673969136516503     
         178   2.9526422736049724     
         179   2.7151639848950921     
         180   2.3854747623909800     
         181   5.3438006693010243     
         182   3.8737805475062066     
         183   4.9549270252828785     
         184   4.9883044075154679     
         185   4.6804484825553452     
         186   4.5759726052536571     
         187   6.7289189869958888     
         188   4.6002285667644962     
         189   5.0615628821950338     
         190   3.8238401685987604     
         191   5.8046774497885689     
         192   6.0186752262029417     
         193   5.5058396960335001     
         194   5.6760931004950512     
         195   5.6528515856683592     
         196   5.3621646279026169     
         197   5.1904451992193748     
         198   4.8230762688576982     
         199   3.3143997881323868     
         200   3.5567391449006243     
         201   3.3656548213744011     
         202   3.8878863310276284     
         203   4.0404952458046690     
         204   4.7211901953780204     
         205   2.4832999294738918     
         206   2.1328749083438687     
         207  0.86397438069104626     
         208   3.0819261526518242     
         209   2.5969176390867457     
         210   1.9184996577655002     
         211   1.1450726505553044     
         212   2.0576907096166988     
         213  0.68779479537553345     
         214   2.3713340769497848     
         215   1.2572036729297997     
         216   1.5841007414339550     
         217   2.8784187111860819     
         218   3.7580826237079705     
         219   1.9227494827425482     
         220   2.1245406668873423     
         221   1.8581880753136613     
         222   1.9305965548788260     
         223   1.4747736434596010     
         224  0.78447944497785183     
         225  0.87622073042454529     
         226   1.2711746235512504     
         227   4.0277860296389134E-002
         228 -0.29655841840965125     
         229  0.42455633281163679     
         230  0.17954881514466020     
         231  0.76604372154841816     
         232   2.1175642486785748     
         233   3.3473493795039673     
         234   3.2454366057756592     
         235   1.3955832909522781     
         236   2.5767604406427411     
         237  0.41194280707842418     
         238   1.1386951798859763     
         239   2.3693870307661347     
         240   2.1761000530899959     
         241   1.1559399444974154     
         242  0.11108714026969135     
         243  0.43582558724012299     
         244   1.8820880982918373     
         245  0.72205661294405787     
         246   3.3618665692134040     
         247   1.0202351168703967     
         248   2.9609862828427884     
         249   5.2353914859863115     
         250   7.2829726544473870     
         251   5.0970951844651777     
         252   5.2244189863260733     
         253   2.9710251205598750     
         254   2.3854482497661325     
         255   3.1483896966592604     
         256   2.8985380162689327     
         257   3.3522606792513816     
         258   3.9280606436856269     
         259   5.5160792325967227     
         260   3.9842885861565680     
         261   5.1333359597924151     
         262   3.6548228737436927     
         263   2.7908908150428942     
         264   3.4240249901278808     
         265   4.4985363247577199     
         266   3.9887363488808907     
         267   8.5173441854019192     
         268   5.0327030630703531     
         269   2.4919126955137285     
         270   4.4853660266411763     
         271   3.2256226338844298     
         272   2.6383253943461935     
         273   3.0546039455603267     
         274  0.70458879512328787     
         275  0.85202835778479136     
         276   1.2919141260461962     
         277   1.3762050165969906     
         278   3.7937013564242728     
         279   4.9610522053786559     
         280   6.5802642291346718     
         281   5.3492455396626806     
         282   4.6524330830384830     
         283   1.3761678588773425     
         284   2.4826282361188654     
         285   2.0180949677529085     
         286   2.7307765853626309     
         287   4.4330489832871462     
         288   4.4675979690109981     
         289   3.5811608724959187     
         290   2.7148317969589248     
         291   2.3233763287371429     
         292   2.5493270534748342     
         293   1.3176072291796244     
         294   1.3737260438346850     
         295   2.3845753753196957     
         296   2.6825777186989566     
         297   3.7490771213976508     
         298   3.6797784129569724     
         299   4.9529766411674476     
         300   5.6229970187641340     
         301   6.7595233866195876     
         302   5.0713739360247025     
         303   3.2054555765453476     
         304   6.5824452927070762     
         305   4.3590703873677352     
         306   3.9530381610077057     
         307   3.4650762054482014     
         308   1.2185808646486542     
         309   4.2097075372879553     
         310   3.5212609422611272     
         311   1.0031331881739769     
         312   3.6600939477079839     
         313   1.9764565378822543     
         314   2.2747948747039821     
         315   1.2615925792695262     
         316   1.9758730404430540     
         317   1.5237665465189507     
         318  0.18340715941252522     
         319   1.7504986996469434     
         320   2.8366811607036553     
         321   3.8147840442262426     
         322   2.8096108928064822     
         323   4.0981183280053273     
         324   3.7320389370972178     
         325   2.7038018773810473     
         326   3.0479921322457808     
         327   5.3650159937911761     
         328   4.1740740591324688     
         329   3.7253005039800362     
         330   5.4515130468563111     
         331   3.8119686326344548     
         332   4.4993606471425620     
         333   5.7666757736856384     
         334   6.7010334410728394     
         335   6.0775499107097639     
         336   6.1645608524340814     
         337   6.0187932275847986     
         338   3.4358918672319554     
         339   3.4026074231524830     
         340   3.8012250329638939     
         341   2.6081626160390967     
         342   6.1714488820915792     
         343   9.1625278023811081     
         344   8.5560628910424406     
         345   6.7804454147127045     
         346   11.558301057510153     
         347   11.865474095475474     
         348   11.024196471720144     
         349   9.9056906765026440     
         350   9.3336434959624928     
         351   10.143436986843138     
         352   8.4892047623584403     
         353   10.100998812359904     
         354   6.1111193849204621     
         355   6.2866134887038259     
         356   6.0986789963194115     
         357   9.2678920329176471     
         358   7.8741728179767172     
         359   5.7831474532449709     
         360   5.5436407118932856     
         361   9.2320396134776477     
         362   6.9694024841720763     
         363   6.6208674833496088     
         364   7.5593028318707018     
         365   11.512712958909241     
         366   9.4668690465660053     
         367   3.9592723956192328     
         368   4.4341844012166778     
         369   2.8887426078798737     
         370   2.7045824244027763     
         371   3.3692289170167111     
         372   6.1840524367375034     
         373   3.3410719103557476     
         374   3.1455789549497855     
         375   2.6626796377365283     
         376   1.4434790531230437     
         377  0.85065350262314021     
         378   1.6967672386357986     
         379   1.2124331203304761     
         380   1.8801015362764337     
         381   1.9485723888144550     
         382   2.0070236991014223     
         383   1.9657382817859228     
         384   4.0241038135069624     
         385   4.4803505791609535     
         386   5.3810427034097055     
         387   5.8812175225728271     
         388   7.7217248395931852     
         389   5.7380789841096407     
         390   3.2121906800751492     
         391   5.1151872489964720     
         392   6.0879332738268381     
         393   6.0120541356476664     
         394   3.0479398086973046     
         395   1.0388993538677491     
         396  0.29972752500427086     
         397   2.5019542020965382     
         398   1.4776209212354598     
         399   1.7132750713371896     
         400   2.0531789441659773     
         401   2.5644804755167598     
         402   3.8393306417051378     
         403   6.6054047208379565     
         404   9.0728496616199621     
         405   8.7192059138289437     
         406   5.3936449059047362     
         407   6.5218317259060150     
         408   7.2287054797116790     
         409   3.4889051639955220     
         410   4.7555978519460576     
         411   2.2638431954250384     
         412   1.9761018433947761     
         413   2.0946793449334682     
         414   1.8799924400387078     
         415  0.19754664640188135     
         416   1.1872645347623221     
         417  0.87313775623188516     
         418   2.8014092331588039     
         419   3.9262835820275033     
         420   1.8692566704545204     
         421   2.4091455350286783     
         422   3.5479775116118333     
         423   3.5055768543757382     
         424   5.4374614251982614     
         425   4.9958171275577747     
         426   3.9805715108405937     
         427   2.9689585685460025     
         428   4.2147373270096544     
         429   4.4100304395761647     
         430   6.9274655787284223     
         431   5.8537004876773473     
         432   5.5186480765026156     
         433   4.7912370911540174     
         434   4.1535609412037022     
         435   1.0442020837931576     
         436   1.8088705658350603     
         437   3.0785833471400439     
         438   5.1982043257666168     
         439   2.1637079766280083     
         440   1.9855008927610869     
         441   3.8507022771950039     
         442   2.3956344142129864     
         443   3.3429703278672185     
         444   3.6960635315174173     
         445   3.4183824038796438     
         446   2.0787703427894000     
         447   1.5645717153430276     
         448   1.1720605664506956     
         449   1.0951902609178061     
         450  -3.2277837374555751E-002
         451  -1.4219159218940027     
         452 -0.60290506519280396     
         453  -2.9699197011259129E-002
         454  0.54811671314058130     
         455 -0.15689404862484821     
         456 -0.48351436663178882     
         457 -0.22394936010008437     
         458  -2.8736567037251914E-002
         459  0.58235501940348833     
         460   1.1021369599423012     
         461  0.38231817464926859     
         462 -0.29957036297737949     
         463  0.96128498247225047     
         464   1.0379097887822215     
         465   1.3446452518084020     
         466   1.0220957833743820     
         467   2.0101513677025076     
         468  0.79984525803562789     
         469   1.3413124976707438     
         470   2.3580508179017770     
         471   2.0174690788402998     
         472   1.4393733712738226     
         473 -0.50043182450599355     
         474  0.36108620393088919     
         475  0.89605274289811776     
         476  0.72987195665561033     
         477  0.33932007449240953     
         478 -0.36166843458431147     
         479  0.50240245549266938     
         480 -0.60725950528231043     
         481 -0.99353508647063682     
         482 -0.60012370005459637     
         483 -0.36249994251145279     
         484 -0.71341084500762064     
         485   2.1978986938796297E-002
         486  0.94960345227201037     
         487   1.8192722800520396     
         488 -0.38135778665864978     
         489   1.3085983496734637     
         490  0.79926008183272534     
         491   2.0581379541318583     
         492   5.2817984976104526     
         493   6.2406765409637517     
         494   4.9564690061516794     
         495   6.1862638719811391     
         496   9.5178942620853189     
         497   10.650333320208377     
         498   11.462944858038464     
         499   9.6325390603212586     
         500   9.0602844144831511     
         501   9.5890946197227240     
         502   8.3586233268385328     
         503   5.8556127056595058     
         504   3.8531222676343697     
         505   2.5460042528685691     
         506   2.2197862198024705     
         507   2.5723382953224552     
         508   2.6180589305370177     
         509   3.9204080052080386     
         510   3.3914109918765534     
         511   2.9108384871087716     
         512   4.7509131928793451     
         513   3.0913733676456396     
         514   2.3917942310125060     
         515   1.1588284049675819     
         516   1.6323614821868879     
         517   1.6935667308297846     
         518   1.4051429297613125     
         519   1.8004666291690721     
         520   1.0980007909149005     
         521   4.1495357391852838     
         522   7.7262682333459498     
         523   3.5135049707865003     
         524   1.4090436059374927     
         525   2.2185178980402691     
         526   3.4271693942130037     
         527   2.2558060587147466     
         528   2.9721473642056067     
         529   1.9995919124147461     
         530   1.1184964466000773     
         531 -0.20647707537642035     
         532   8.7164948502158113E-002
         533   1.4094210424190674     
         534   1.1400266606067044     
         535 -0.52507314473476696     
         536  0.31339996371639955     
         537  0.47229336178790088     
         538   1.3610971639016554     
         539  -9.5645486078753561E-002
         540   1.7657333883610846     
         541  0.41855811106559981     
         542 -0.32381921803851133     
         543 -0.61693317449996732     
         544  -7.5446678819587554E-002
         545 -0.29951737665126366     
         546 -0.14161323627624231     
         547  0.94937821455300853     
         548   9.9594322421063114E-002
         549   1.2066637503786970     
         550   1.7936289295074443     
         551   2.8028544932483843     
         552   1.8124880075807226     
         553   1.5645659495281310     
         554   1.3576840578617229     
         555  0.27693143472128701     
         556   3.9510016160241541     
         557   7.1841528247999289     
         558   4.4618110393005530     
         559   3.9218191188578078     
         560   2.4493726607705253     
         561   3.2434162461739628     
         562   3.5295536343525677     
         563   1.4585292709767694     
         564   1.0751314078960892     
         565   1.4335127149408040     
         566   7.3505103833321606     
         567   6.4582020933102537     
         568   7.1187288995110043     
         569   5.5420529044955043     
         570   7.2774940970895843     
         571   6.8216028331486074     
         572   5.6339779952114961     
         573   2.7029858192254674     
         574   1.9825618765037651     
         575   1.8215233985947052     
         576   1.6971185777074114     
         577   1.7155898567906773     
         578   3.8542716740029057     
         579   4.0703092182807641     
         580   6.0372216561732426     
         581   5.7295893858296552     
         582   7.2467433682982643     
         583   7.2762000708248902     
         584   6.6298963407903111     
         585   6.6247351836979140     
         586   3.6970100084818727     
         587   7.2964180366822085     
         588   7.2349798673542427     
         589   4.3849785613862124     
         590   1.6705716534729718     
         591  0.71407746107268544     
         592  0.94206146629925058     
         593   1.1697344397303009     
         594  0.86217437948538234     
         595   1.5374287136200244     
         596   3.2939613439137974     
         597   1.5686719934487436     
         598  0.27811482214162253     
         599   1.5351244825252799     
         600   2.3204124224378564     
         601   3.0939314483235050     
         602   4.1733330607266099     
         603   3.6880271729496306     
         604  0.29147372879001998     
         605   9.0828079375983306E-002
         606  -4.1701408956706265E-002
         607   1.3307697512066845     
         608   2.1599702197051602     
         609   3.9309515287424315     
         610   3.4880684185437634     
         611   4.6170898141908081     
         612   4.0699535780597893     
         613   7.3578568317453295     
         614   8.9429975178187835     
         615   11.750595877869157     
         616   8.2198230491752486     
         617   8.3715197289198908     
         618   6.8034141027606507     
         619   6.9406436322786531     
         620   7.2722916804074780     
         621   8.7003341050505405     
         622   6.1649060629671153     
         623   3.4079134326372942     
         624   2.8886524592482892     
         625   3.4495772125538999     
         626   3.3336658355745192     
         627   5.0044710921169901     
         628   7.9856851305112215     
         629   8.9518794898964149     
         630   9.3761950472098761     
         631   8.1630746633215132     
         632   8.3439248816440497     
         633   7.0057850912770476     
         634   7.4951914613045885     
         635   3.5845770954722864     
         636   4.8713023959489643     
         637   5.8577658818775378     
         638   4.4817887852056018     
         639   3.6260611919142653     
         640   5.4702440556543888     
         641   3.1923346915358541     
         642   6.6689276676237172     
         643   6.2840991912139250     
         644   7.6693349869727037     
         645   6.5802657582371511     
         646   4.9912417184573874     
         647   4.0542925202868973     
         648   4.9314508461428987     
         649   2.3738729259037212     
         650  0.71615539778604220     
         651   2.1268408658387954     
         652   1.9388747660653078     
         653   2.5716545285688399     
         654   2.2817136448151145     
         655   2.8519152990879415     
         656   3.0262879764826156     
         657   4.5432564790737198     
         658   4.8509035395755600     
         659   6.0007392842125684     
         660   7.6624571987499381     
         661   5.4435002589617580     
         662   6.2122194112481459     
         663   4.2758756418938439     
         664   4.0238566372632851     
         665   1.7455369430805805     
         666  0.73553620742009140     
         667   1.6153247982940080     
         668   2.2913145989419825     
         669   2.5038971201359290     
         670   2.0854466729725973     
         671   1.9411827381811850     
         672  0.45933265920012539     
         673   1.8814390078750967     
         674   2.5953675673625760     
         675   1.8152305908589721     
         676   1.2837372751580012     
         677   3.5034553378123170     
         678   4.6132468156928086     
         679   2.4473757687822681     
         680   3.2990407917337086     
         681   4.5106811856779130     
         682   2.5778606264213968     
         683  0.83140625015420822     
         684   1.6534099039750902     
         685   1.2536939059142718     
         686   1.2983710593400424     
         687   1.2645360152407710     
         688  0.23698635037196100     
         689  0.61700823149176753     
         690  0.23206588494839298     
         691  0.15716590099359026     
         692   2.7747309789759154     
         693   3.8141536287823525     
         694   1.1142723539890178     
         695   2.0197728757692950     
         696   4.8712776618342026     
         697   2.6801407955599590     
         698   4.1280443239507116     
         699   3.6615458874550777     
         700   2.6424942998317729     
         701  0.98309781277229424     
         702  0.40310075629681447     
         703   1.8802256243538462     
         704   1.4630781057429547     
         705   5.5286416713777342     
         706   3.4613694591348314     
         707   5.5853872759447254E-002
         708   1.3490890404991709     
         709  0.93659265886877607     
         710  -3.4629893083936603E-002
         711  -1.0674467194918744     
         712 -0.90389362860894318     
         713  0.46141299344404652     
         714   2.7194939231052415     
         715   1.1274518000025151     
         716   1.7777985777750707     
         717   1.7805500972863766     
         718  0.73100010780647373     
         719   1.8795152171595610     
         720   3.9012739982481404     
         721   2.1989796827178103     
         722   3.5142794889737532     
         723   4.3246113324618900     
         724   3.2010922477276256     
         725   2.0126013973774737     
         726  0.86088353971216247     
         727  -6.7407791022468355E-002
         728  -9.4077872468560336E-002
         729   3.0496310325654874     
         730   2.5864985785206041     
         731   3.8751299641551893     
         732   5.9838827284407010     
         733   3.8119678085493249     
         734   4.4982083179514829     
         735   2.9928877764299400     
         736   4.0138700544921582     
         737   3.6972724135755475     
         738   1.9180810234793577     
         739   2.3350184336323108     
         740  0.81964187547355338     
         741 -0.22267501474165163     
         742  -1.3384258848622586     
         743 -0.43808030639349388     
         744  0.24316985171290600     
         745 -0.43204380670041853     
         746  0.20366496139315787     
         747   2.2642436929914451     
         748   3.4398215509877557     
         749   1.6706660172703347     
         750   1.5104025413297399     
         751   4.2409931967598409     
         752   6.1703558125588280     
         753   3.9732233779871415     
         754   1.0948720923597512     
         755  0.28090568253063763     
         756   1.0654785831914144     
         757   1.5451608291643535     
         758   4.0314544571735009     
         759   3.8147794475143666     
         760   5.3230240197057963     
         761   5.5987351332812771     
         762   6.6358950994700328     
         763   9.6352078011360653     
         764   13.633751096790178     
         765   10.038811086482115     
         766   6.7356193187333719     
         767   10.708290327571245     
         768   7.9686833102423353     
         769   6.3610216324903455     
         770   7.9295328222654993     
         771   6.7589190394492480     
         772   5.4649430758475841     
         773   5.2883824922759057     
         774   2.3865253058888101     
         775   5.1165153598565549     
         776   3.8945846144051868     
         777   4.3468162129694665     
         778   4.0741744294025457     
         779   2.6319980503182121     
         780   4.1114252918016465     
         781   4.8662916595621155     
         782   4.7110692260136275     
         783   2.4784239327731252     
         784   1.0848052207412007     
         785   2.0098399693945761     
         786   3.8419547970166588     
         787   3.9889424568048346     
         788   3.5765310988819277     
         789   1.2964056291949093     
         790   1.7556372198455537     
         791   3.3266238635568062     
         792   3.5040167632304473     
         793   3.3235558247934445     
         794   4.4767145225042508     
         795   2.1497122780645270     
         796   2.9780146026888237     
         797   5.3402988474390920     
         798   2.7568185053562906     
         799   1.6745463189096765     
         800  0.83109617998528107     
         801  0.90681490727696945     
         802  0.98601738539946915     
         803   2.3568646957744148     
         804   2.9975953306428540     
         805   3.1368474404077045     
         806   3.3771306297228749     
         807   2.9798364331364109     
         808   5.3872150365760847     
         809   6.7393266834087004     
         810   2.5119442287265272     
         811   4.5605415635741071     
         812   5.9193180225497057     
         813   1.8514729728524333     
         814  0.51136391218373745     
         815 -0.11553014437608611     
         816   2.5725239684565704     
         817   8.0739883445406169E-002
         818  -1.1912184893516260     
         819  -1.0573092786525864     
         820 -0.35131119894798474     
         821  0.78491362589084601     
         822  0.36028798218116054     
         823  0.86439824151687983     
         824  0.93834594163716467     
         825   1.1452071183609152     
         826  0.54056650170406473     
         827   4.5570847833931349     
         828   4.0258009752153452     
         829   4.9978388530527429     
         830   4.4188306127273291     
         831   3.5695221327360125     
         832   3.7326107654683849     
         833   3.0434855880076555     
         834  0.93062275623777047     
         835   2.7684771812052023     
         836   4.3469849027991510     
         837   2.6187276819942107     
         838   2.2745207995555310     
         839   1.5867449062353256     
         840   2.1097196641755831     
         841  0.83881961458987986     
         842   3.5775587714561583     
         843   3.1800956985791236     
         844   1.8256014910595424     
         845   1.7795832436697987     
         846   2.5262369196592247     
         847   3.2239336517901136     
         848   4.7576812276439124     
         849   1.7157386132386754     
         850   2.3505731413635700     
         851   3.1807873603328156     
         852   4.5522094298535363     
         853   2.3656227298360162     
         854  0.93713906397980207     
         855  0.44064881286039537     
         856  0.18496504677253037     
         857  0.30260512167168169     
         858 -0.35362842745342815     
         859  0.77786822179815129     
         860   1.4227796181963777     
         861 -0.97774763239551787     
         862 -0.95912195678425038     
         863  -2.2635216944839929     
         864  -2.4494343783877452     
         865  -1.6267112776412258     
         866  -3.2726869667808853     
         867   2.5235554987466768E-002
         868  0.52864993896340784     
         869   2.8876967365319088     
         870   1.3685316049648737     
         871   3.1731808501672867     
         872   3.4469855261036506     
         873   2.7099589986617820     
         874  0.52946158323409553     
         875  0.25323277711203829     
         876  0.98190758295469771     
         877   9.2758454293268539E-002
         878  0.15429788410807205     
         879   1.2875826679704405     
         880   5.1201346358548907     
         881   7.5342376768640431     
         882   6.1287896639376171     
         883   5.9909492189421432     
         884   3.2453260455944282     
         885   3.7288504115004675     
         886   3.1570465914881578     
         887   6.1327372184902371     
         888   2.3948670792379780     
         889 -0.64327822700332049     
         890 -0.44526552273074538     
         891 -0.15390141592503387     
         892 -0.47482000958991966     
         893   1.0933431240808977E-002
         894 -0.55267874784647819     
         895  0.25896612752118287     
         896   1.8736457715756440     
         897   2.1571146081839556     
         898  0.83453180689054229     
         899 -0.25161285839664344     
         900   1.4106085773096719     
         901 -0.26865482603126001     
         902 -0.70818504770473101     
         903 -0.93600859625875388     
         904   1.9743385509593252     
         905   1.9485276986533426     
         906   4.0361918430207604     
         907   4.3026371980729854     
         908   4.1966832075177507     
         909   3.1919755069782081     
         910   3.2754664264754219     
         911   2.2520286719428841     
         912   2.1590115586215797     
         913   2.4446425617714089     
         914   2.4052064189768902     
         915   1.3051680242080503     
         916   1.5574275917301985     
         917   1.1780182869341032     
         918  0.63002110676053014     
         919 -0.41391183330037196     
         920 -0.19709315987150225     
         921 -0.38866064312109017     
         922  0.56223217725401786     
         923   1.1369833449392452     
         924   1.2136056113928202     
         925   4.1393506922038981     
         926   3.4274616412391095     
         927   2.1255717781668038     
         928  0.31130530950363855     
         929   1.5433519234645252     
         930   2.1075307544675064     
         931   1.2135568054847354     
         932   2.2994698124016582     
         933   2.1998842774789211     
         934  0.34405338733995705     
         935  0.91810819853366565     
         936   3.8448739595809633     
         937   5.7724384983272570     
         938   4.0682522846092048     
         939   4.8538016444689767     
         940   3.9846128447865512     
         941   2.9568664878334334     
         942   6.3837240157780952     
         943   7.4294266052730045     
         944   4.5617584655229164     
         945   4.5149176642089683     
         946   4.8443896620568685     
         947   5.2593719173491982     
         948   4.5659798550155593     
         949   5.7170645411556125     
         950   3.1510663151827711     
         951   2.5329735590912077     
         952   3.7913285972856094     
         953   4.9604828642044660     
         954   5.7775475961602307     
         955   5.4321660329223320     
         956   4.7818645920420693     
         957   2.6476213440864074     
         958   2.0452197903755822     
         959   5.3235636068902918     
         960   7.9629298308969521     
         961   6.9004695440397414     
         962   4.8755578853545041     
         963   3.4236205944734639     
         964   3.0324860480555067     
         965   2.7157862431293838     
         966   2.3128640027465162     
         967   1.3070760282897702     
         968   1.2554666318974423     
         969 -0.54279549818196293     
         970  0.75727948022647995     
         971  0.10326907890048220     
         972 -0.58647054294579626     
         973  -1.5112619232470694     
         974  -1.0135136955052360     
         975  -1.0475059208592645     
         976  -1.5296956894034845     
         977  -1.2048486108938767     
         978  0.17362396990632853     
         979 -0.38511831998121715     
         980  0.35906364413490777     
         981  0.20516609105645234     
         982   1.2618860482932055     
         983 -0.42105624871179037     
         984 -0.10101349506606444     
         985   2.0377488605052845     
         986   2.6451588561881025     
         987   5.1941654434687896     
         988   5.6021200963199611     
         989   7.4373153623706703     
         990   6.7088539913456593     
         991   6.0012238547700747     
         992   5.8092985726519011     
         993   4.2663072698237272     
         994   4.8866380379172369     
         995   4.4909424678505525     
         996   5.8464596062496668     
         997   3.9839363608156759     
         998   3.1405210642863115     
         999   1.4577587992063705     
        1000   1.1594203484363188     
           1 -0.15872120163331255     
           2  0.26360469344411996     
           3  0.14901163476090318     
           4  0.63271428448564249     
           5   1.2798339470492095     
           6   3.8621885440653028     
           7   3.8196872208588362     
           8   3.5911844642232573     
           9   5.9490866751127127     
          10   4.3547114801736679     
          11   4.4084409703062688     
          12   3.0234429243171976     
          13   4.4216096057922361     
          14   4.7954335208626500     
          15   7.0502121997823064     
          16   5.8657259375345614     
          17   3.8718851069578539     
          18   4.1517583187540898     
          19   4.6752126395321634     
          20   1.5580863634701601     
          21   1.2767914622169527     
          22  0.11390174087457400     
          23  0.34699841479277371     
          24   1.1275507841532759     
          25  0.91025056703564389     
          26  0.80431952469984747     
          27  -1.4046264747578432     
          28 -0.29693141416239244     
          29   1.4103538898897050     
          30   2.5437427038921836     
          31   1.2961111028452146     
          32   1.6782463359030619     
          33   4.0146881495421534     
          34  0.96585533303310500     
          35   1.6453970376695057     
          36  0.82847788721411630     
          37 -0.54736731202946820     
          38   2.2666337827709855     
          39   3.4639421854646746     
          40   2.8366189145272980     
          41   5.3561264568835725     
          42   5.6487777829553449     
          43   4.9829290069919372     
          44   5.5459148707123385     
          45   6.3487191043755198     
          46   3.8407002531524652     
          47   2.5736661344008449     
          48   3.7669302172454375     
          49  0.72119546444939719     
          50   2.2269518083592406     
          51   3.4815613648760122     
          52   3.7152886449048808     
          53   1.5783830955310989     
          54   2.0324332095548376     
          55  0.95515289605154563     
          56   1.7946422459378628     
          57 -0.51656573856566079     
          58  -2.5640972509756221E-002
          59   2.0121711739465531     
          60   2.0992469453565468     
          61   3.1929934375256650     
          62  0.14144319940220373     
          63   1.1179411641173835     
          64   2.4150106878914217     
          65   3.1202353411420845     
          66   3.3342497710627006     
          67   4.0238088950927313     
          68   3.5390830005110989     
          69   2.6471258643311151     
          70   1.0526096778088283     
          71   7.2551310696622240E-002
          72  0.85722183905120120     
          73   1.7371868946630094     
          74 -0.68420487674713704     
          75 -0.74188842475639882     
          76   2.3794518219450351     
          77   2.8353131399470710E-002
          78   1.4044517435576034     
          79 -0.57805388212648090     
          80 -0.33705232384992589     
          81  -1.3928000833515410     
          82  -1.1199154563882727     
          83  -1.0020425700467754     
          84  -2.1685389768959733     
          85  -2.5301748915495335     
          86  -2.0889463388205129     
          87  0.21728423451537970     
          88   1.9868543976646320     
          89   1.1090319861918341     
          90 -0.80233370766315348     
          91  -2.9037589535944597E-003
          92   2.4976119353126736     
          93   2.9874725504516029     
          94   1.9296863336928318     
          95   1.1907035440532612     
          96  -1.3867961227130658     
          97 -0.63101651263005898     
          98   4.2831700648325954     
          99   2.3895532571538718     
         100   1.6196414907131051     
         101   1.3703100731995081     
         102 -0.56815899288162297     
         103  -1.4609407575112212     
         104  -2.6285929568477302     
         105  -1.7320551522442997     
         106  -3.3639933637809394     
         107  -2.4184987617991993     
         108  -2.4679659509085710     
         109  -1.7765142854223288     
         110  0.25343776001882723     
         111 -0.57992902894867637     
         112 -0.49643747132849081     
         113  0.50067246355139117     
         114   1.9513867996003103     
         115   1.8136348952002610     
         116  0.26044447736483478     
         117   1.4012933659110938     
         118   1.1135515115976715     
         119   1.3280850979840464     
         120  -1.1033681319686472     
         121  -1.1651070787363045     
         122  0.81395086925932003     
         123  0.34917841001079331     
         124  0.59472504539674675     
         125 -0.68072516219062917     
         126 -0.74889475403598404     
         127  -2.3355916472911833     
         128  -2.9026114261642286     
         129  -2.8805530919301523     
         130  -1.2499324020183107     
         131  -2.9430859121180655     
         132  -1.6773336045365865     
         133  -1.5004904849413627     
         134  -2.4553360793245922     
         135  -2.1343629012787573     
         136  -2.4269768658872053     
         137  -1.9562303556075114     
         138   1.3352493943049730     
         139 -0.88639001214006952     
         140   5.4416590707091927E-002
         141   1.8429637035543331     
         142   4.4385301523550647     
         143   2.5218139974200540     
         144   2.8077486596284573     
         145   3.7770141436032079     
         146   2.3634435270914169     
         147  -1.4917588197348328     
         148 -0.17993833232474787     
         149   1.5085299251512545     
         150   2.1459135558804117     
         151   2.8674877101831546     
         152  0.80446495305217747     
         153  -3.0658301277031157     
         154  -3.4781511662215467     
         155  -1.3254810529072516     
         156  -2.9104313104499466     
         157  -4.0584258019768518     
         158  -3.4422747676765124     
         159  -1.9728308627590281     
         160  -2.5645593562317570     
         161  -1.4556319910433222     
         162 -0.67923929772064540     
         163  0.22922342182751820     
         164  0.25034724720771206     
         165  0.39190249845227831     
         166  0.98886857801749128     
         167  -2.7361006912006158E-002
         168  0.89695446428369752     
         169  0.27891602792634973     
         170 -0.70443196250030882     
         171 -0.81041363409575373     
         172  -2.3327321473039451     
         173  -1.2766184191416807     
         174  -1.3380825775237029     
         175  -1.1197185790385371     
         176  -1.8111461502102935     
         177  -2.4683691802620187     
         178  -2.1093267762151591     
         179 -0.59653376360953281     
         180   1.2606916585161858     
         181  -2.1400729138142727E-002
         182 -0.68498859889773334     
         183  0.24357112313206564     
         184   1.5121836485801379     
         185 -0.55694927680989947     
         186  0.83142762660484459     
         187   2.7460056332925062     
         188   2.8541992161529866     
         189   1.2338238408678368     
         190   1.0010475501084559     
         191   1.4198263659466970     
         192   1.6862893895725373     
         193   3.7148874211315808     
         194   4.3211892893477071     
         195   3.2140609868842178     
         196   1.7767586511413391     
         197   1.9118516658698825     
         198 -0.43890566685496202     
         199   3.0783928933285409     
         200   3.2838675257883527     
         201   2.9357718282437757     
         202   3.9012617961542464     
         203   3.9938731260711977     
         204   2.5254040815609975     
         205   1.4787120541481160     
         206  0.99171156446413300     
         207  0.38011596803177949     
         208   2.0362870372390844     
         209   3.6379079158065553     
         210   3.6659298279371706     
         211   2.3057318479417273     
         212   2.7233022257230801     
         213   1.1478233540170766     
         214   1.1539879827375641     
         215   1.2825639263676112     
         216   3.2941371894695761     
         217   4.5435903970656124     
         218   4.9174528028797164     
         219   3.0458792730622712     
         220   4.8510496850602589     
         221   5.8647794916288198     
         222   4.0554371927653596     
         223   4.5642241574176960     
         224   5.3257647207715824     
         225   4.9303162243959378     
         226   3.1699617901840185     
         227   4.2020384539850166     
         228   2.6015487621831217     
         229   1.9362207915450087     
         230   2.1917631196125673     
         231   1.1056491504321149     
         232   1.4825672213614063     
         233   1.1720924777689379     
         234   1.7216808233282113     
         235  0.44219988180314074     
         236   1.0537130520359064     
         237  0.19005407976760014     
         238  -2.1212377734639860     
         239  -2.5933965891157924     
         240  0.53462732794691115     
         241   2.5063829374676017     
         242 -0.58692207979479183     
         243  0.19517273110267583     
         244  -1.1747265805417937     
         245  -1.1786139297975007     
         246  0.38925807973684790     
         247  0.73441472083810710     
         248 -0.26644776220939875     
         249  -1.1219136207438893     
         250  -1.8015370932694821     
         251 -0.84183969517299140     
         252  -1.3930207777445776     
         253 -0.67071298288062930     
         254   1.1442860089493627     
         255   2.3425290931801892     
         256  0.86596746328114949     
         257   1.6161207694217206     
         258  0.21112657924050654     
         259 -0.59850356202439436     
         260  0.36976697794504509     
         261   2.3091242988743779     
         262  0.40210339024869790     
         263   1.8986986726303154     
         264   2.6330609985822355     
         265  0.82632956581450157     
         266   1.7545257685205518     
         267 -0.67988168337057964     
         268  0.57993569240867915     
         269  0.40627214830121183     
         270 -0.50541184418605734     
         271  -1.1637966401385289     
         272 -0.22883408695553598     
         273   1.4917454444817859     
         274   1.8986784851003797     
         275   2.6384025956192221     
         276   2.1375908068688396     
         277   1.0099545528640861     
         278   1.1812096545827333     
         279   3.2002255582408337     
         280   2.5090559780495645     
         281   2.7600453759371826     
         282  0.84918077921547286     
         283   1.2019865138550823     
         284   1.5362000407539411     
         285   2.5234599907834090     
         286   1.3504512387810839     
         287   3.5609055622277381     
         288   3.2824259061427634     
         289   6.1597251622892557     
         290   4.8004679676511799     
         291   5.9802485140111159     
         292   2.8319392095987350     
         293  0.88862037323466003     
         294   3.2919704294158385     
         295   4.4156912548670144     
         296   3.7804987827872005     
         297   5.2554468937626666     
         298   8.2285414687395235     
         299   9.1812279463247233     
         300   5.5563459358455516     
         301   4.2391187294646899     
         302   2.4325386215552034     
         303 -0.43608650968318075     
         304   3.3845947421409446     
         305   3.9116705906646230     
         306   3.9183843408427981     
         307  0.92141079816720617     
         308   3.0671316025909965     
         309   5.8572426553555417     
         310   3.4775960210060846     
         311   1.4343744571074646     
         312  0.50639490366595785     
         313   1.8316477976679613     
         314  0.98253129105528370     
         315   2.1915862579930616     
         316   1.8501218965992858     
         317  0.90773724883550833     
         318   1.2293091777766540     
         319 -0.20092469756709097     
         320  0.11915225906283444     
         321   1.2423590279067285     
         322  0.87922209305670374     
         323   1.9224418252439968     
         324   3.1270624155902813     
         325  0.41895110064806512     
         326  0.70649116645216903     
         327   2.2303349101569094     
         328   1.8472155584433028     
         329   2.7672798900575879     
         330   1.9184395485242491     
         331  0.84640045546697917     
         332  0.88896261947942312     
         333  0.12826471382955229     
         334   1.3883904369958047     
         335   1.2249250166932499     
         336 -0.19546719716565997     
         337  -5.5822014118718899E-002
         338   1.2392174376968577     
         339   1.2364170580117404     
         340   3.9028801626839211     
         341  0.59858005308600815     
         342 -0.88759622655521053     
         343  0.96161090808998573     
         344   1.4551112231384404     
         345 -0.62608297896460308     
         346  -1.3853170709178650     
         347 -0.67137979929701719     
         348  0.59799169034730493     
         349   1.0871401911270004     
         350   1.0947182582804840     
         351  0.67729568717170296     
         352  0.97857216593437069     
         353  0.93095637047288715     
         354 -0.12971090170208932     
         355   1.4665669201932388     
         356   3.1002139891316851     
         357   7.8918988288484719     
         358   4.3558585193967998     
         359   4.5541598916482862     
         360   2.6904289058419248     
         361   3.1219077797693138     
         362   1.6394912549224507     
         363 -0.28784056725761220     
         364   1.2712692929394669     
         365  -4.7965657929047750E-002
         366   2.4588181449965711     
         367  0.79761227879123919     
         368  0.24859509778021810     
         369  -1.6342579136899373     
         370  -1.1210097194176811     
         371 -0.14320009236785711     
         372  -1.1063843379225047     
         373  0.27048984545437849     
         374   1.7321286934401239     
         375  0.82707921623435998     
         376 -0.24644115826497942     
         377  0.66341878749596894     
         378 -0.52056633339421188     
         379 -0.55603588946621252     
         380 -0.90524863572833003     
         381 -0.91945723415840108     
         382   1.0983570793900326     
         383  0.10571609422938946     
         384  0.56250458527806368     
         385  0.84668016121822054     
         386 -0.38398878141442450     
         387 -0.38985952612000274     
         388  -2.7915744136720100E-002
         389  -2.4480430578505294     
         390 -0.99811862056936085     
         391 -0.29269911180768082     
         392  -1.7495444278402781     
         393   3.4870665025762693E-002
         394  -1.0764139625940905     
         395  -1.7068979123245893     
         396   1.0986987291606041     
         397   2.7044028850284070     
         398   2.4067482901775339     
         399   1.7385154681899828     
         400  -2.1521922990552080     
         401  -1.9286712589944495     
         402  0.56770062107416519     
         403  0.11592414842989107     
         404   1.9923485260206300     
         405   1.8518081501233061     
         406  0.58322901655716897     
         407  0.45224635766414845     
         408   1.9633474953691181     
         409   1.6961436770251195     
         410   1.7383062428538141     
         411   4.9637470794898002     
         412  0.94599858869253051     
         413   1.3971073375918839     
         414  -1.6994506331906503     
         415  -2.6634903589757331     
         416  -4.9669094211526250     
         417  -3.6505713883539777     
         418  -2.2764252075065934     
         419 -0.24373068983465521     
         420  -1.8919781153150992     
         421  -2.0095747217283542     
         422  -2.8986688914483718     
         423  -4.1358607354392927     
         424  -2.9862426422222952     
         425  -4.2435450472599552     
         426  -4.0396004604572600     
         427  -3.6818171917527165     
         428  -2.2963867206693473     
         429  -5.3706015342577134     
         430  -3.8482462638062684     
         431  -2.6116889299162533     
         432  -3.0843886918600854     
         433  -2.8273817214165420     
         434  -1.5032392021052683     
         435  -2.7122156698433244     
         436  -1.9182459584401506     
         437  -2.3953433781269005     
         438  0.14354883814357322     
         439   6.4687617699425881E-002
         440  0.19731540692454996     
         441   3.0487404710749093     
         442   3.1270287927825042     
         443   5.0305337571229938     
         444   2.5693910818824923     
         445 -0.12866739965190144     
         446  0.59214762986736469     
         447   1.2624146098898257     
         448  0.61100575403058532     
         449  0.52821037734569365     
         450 -0.41263692806265595     
         451  0.76144628496537181     
         452   1.6705290130880501     
         453  -1.1060352572239287     
         454   2.8031861802915601     
         455   1.7077840746658026     
         456   3.6745301683740803     
         457   5.2086626125385056     
         458   5.5322568427904670     
         459   3.5833231071792215     
         460   3.9040046942596898     
         461   5.9895031848800091     
         462   5.7315197918254537     
         463   4.6847310804596551     
         464   3.4683135880582068     
         465   6.1529245585920975     
         466   6.3858760083745683     
         467   6.3779494562100236     
         468   6.1089721186053767     
         469   6.8081528073311572     
         470   6.1090866268075912     
         471   3.1040598931306054     
         472   2.3570639778899469     
         473   2.8486460157204840     
         474  0.63814895524999582     
         475 -0.43573581868962796     
         476 -0.36465221525522123     
         477  0.40206352449350186     
         478  0.32137836248577356     
         479   2.6491343579547104     
         480   2.6787963286740473     
         481   1.2470337821242519     
         482   2.2610834297069484     
         483   3.4869310919769534     
         484   1.6422915544981929     
         485   1.9167793839730221     
         486  0.75765918864435244     
         487   1.5000746791979025     
         488   1.4777780629439181     
         489   1.0175084507876500     
         490   2.3081210310363716     
         491  0.32310548798317329     
         492  0.52755078217530282     
         493   3.0429521878871233     
         494   3.2891578407795232     
         495   3.9744160199180705     
         496   2.9831844398866667     
         497   2.7416860980920381     
         498  0.96325363709669365     
         499   1.2219463240257136     
         500   3.3808794864205636     
         501   3.5200814761592900     
         502   4.1612766637656549     
         503   5.1534598599401029     
         504   1.4336843780272437     
         505   1.4558710590752035     
         506  0.98985830465730684     
         507   1.9208961551678601     
         508   4.5306079855356316     
         509   3.5044246998033453     
         510   3.1787661014364113     
         511   2.5103212925780372     
         512   5.5988676508118402     
         513   3.4447281646969796     
         514   4.2086559565429829     
         515   1.7700238655981602     
         516   3.9799273876529373E-002
         517  0.83050833034171623     
         518   1.8908291422341714     
         519   2.7861009656913049     
         520   1.2700818156856932     
         521   1.5953053933989794     
         522   6.0099169619557857E-002
         523  0.19137625933553482     
         524   1.0741105665561923     
         525   1.9599034924681904     
         526  0.49607256099799063     
         527  -9.4838668504765439E-002
         528   1.0551292502863121     
         529  0.88406341861983651     
         530  0.78022642243759888     
         531 -0.11074782051534796     
         532  0.83499338161581760     
         533   1.0913472843908301     
         534   1.9426111661670953     
         535   1.7529352341122963     
         536   1.2603007653075016     
         537   1.2669421484010033     
         538  0.81125117981329575     
         539   2.4274075856183090     
         540   3.0552260952891901     
         541   3.4610078219821352     
         542   3.5532102771653196     
         543   3.9577111832751495     
         544   4.3492268476950340     
         545   2.1905796972838862     
         546   3.1606443419699821     
         547   3.4398448144295837     
         548   3.9908960058882319     
         549   3.6676903525081865     
         550   2.5487352251843918     
         551   5.6112705510844139     
         552   3.7913442517205498     
         553   3.9668758172568044     
         554   1.3364339277819766     
         555   2.1007199069715434     
         556   2.7504052649487285     
         557   3.2249800836013525     
         558   3.9478774183848975     
         559   6.1410000943682634     
         560   7.6463329425763380     
         561   10.133649386373303     
         562   9.6981498960066972     
         563   6.4853134336759117     
         564   5.3311222590873903     
         565   1.6034754968622340     
         566 -0.39154544508824818     
         567  0.45126653784978177     
         568   3.5865557369832157E-002
         569  0.28202874930475835     
         570 -0.45196371353288645     
         571  0.86229274150390456     
         572   1.8504595008236921     
         573   2.8146152814276642     
         574   1.7281355151354569     
         575   4.8735407539184550     
         576   2.4401731438973653     
         577   1.7018339405880645     
         578   1.1874280119925320     
         579  0.78381275435497055     
         580  0.53939975296029130     
         581   2.1062435659693435     
         582   3.1483353927266400     
         583   2.6312450031046262     
         584   2.4091162188645003     
         585  0.48475126776450628     
         586  0.50586808071542899     
         587  0.16054792771797965     
         588   2.1877375500791332     
         589   3.0502003910896622     
         590   3.4741281965184996     
         591   6.2631932412351325     
         592   5.9184574066102860     
         593   2.1313605015456245     
         594   7.7113991692469686E-002
         595  0.15995008477268446     
         596  0.30753866615894010     
         597  0.88470615868237368     
         598   2.4677317586061882     
         599   1.3520704627003546     
         600  -1.4397972097423306     
         601  -1.9449406273842498     
         602  0.62939320866752158     
         603  -5.7202619510966279E-002
         604  0.92039271554353452     
         605   3.1516179146097416     
         606   2.4771797679439831     
         607   3.2848296733762155     
         608   1.0643283731244599     
         609  -1.3924169121598116     
         610  -1.2347589400922723     
         611  -2.1849557848319789     
         612 -0.67786855292276194     
         613 -0.45299061584984202     
         614   2.4669167074576753E-003
         615  0.58211834797275563     
         616  -1.8703210510807380     
         617  0.35539603274225684     
         618   1.7401342219145677     
         619   3.5654182886311814     
         620   5.8703434986877578     
         621   1.3208683363498954     
         622 -0.39814679837927552     
         623  -2.3109625956221640     
         624 -0.78263546657447758     
         625  -1.2012853730036692     
         626  0.17133143745140378     
         627 -0.74838058071331226     
         628 -0.63666306021785524     
         629  -2.3117004604570548     
         630  -1.7227832421467504     
         631  -1.8742168034549047     
         632  -2.1895755829345971     
         633  -2.7675653150817268     
         634  -1.8640249509252313     
         635  -2.3922911249684926     
         636  -2.0541124855853719     
         637  -2.9594601300267525     
         638 -0.82934141100560788     
         639 -0.14243203226604495     
         640  -1.0423519577674676     
         641  0.65951016132672491     
         642 -0.60129732934137370     
         643 -0.30556735027358639     
         644   7.8045857249066763E-002
         645  -1.1081148640010485     
         646 -0.89631648087465332     
         647 -0.65347784773888828     
         648  -1.4062257408977250     
         649 -0.37858452041609530     
         650 -0.45875314168198289     
         651  -2.3816879784034826     
         652  -1.6277539603843678     
         653 -0.84115304437898297     
         654  -1.0889175349500071     
         655  -1.2415615890266583     
         656  -1.1566635954443023     
         657  0.46955387670878912     
         658  -1.5904447445224470     
         659 -0.98592301599121823     
         660 -0.79046902207590364     
         661  -1.2819834268832944     
         662 -0.20804500089606567     
         663 -0.90681675678569051     
         664  -2.1757426178897075     
         665  -1.6889134081358383     
         666  -2.3700200489450189     
         667  -2.8668664554561225     
         668  -2.3928815170992834     
         669  -2.5944597025404739     
         670  -2.2699582921623271     
         671  0.34521656372496412     
         672   2.1950246221934995     
         673  0.43085231892281772     
         674 -0.65316502123021480     
         675  -1.3889898770540332     
         676  -3.5999903045512274     
         677  -2.2596249680795912     
         678  -2.7293958135852447     
         679  -2.2148430619729598     
         680  -1.9409831083261015     
         681  -1.0800796307114222     
         682  -2.5516135159827984     
         683  -3.6595717330761470     
         684  -2.6062684994009775     
         685  -4.4917934405378661     
         686  -3.0269729056054646     
         687  -1.2523020029832252     
         688  -1.8636383987264866     
         689  -1.4588175844970923     
         690 -0.21231162423773231     
         691  0.32082535521606387     
         692 -0.17738574543374441     
         693 -0.86029827987276719     
         694  -1.6951812000395337     
         695 -0.34325305554545521     
         696  -1.4424428369847413     
         697  -1.1735801947108966     
         698 -0.11836822787373105     
         699 -0.84680012391569470     
         700  0.99981779179520380     
         701 -0.81297309111076355     
         702 -0.90021716529197826     
         703   1.2690714534837273     
         704   1.9595283482409638     
         705  -1.1612433292240261     
         706  -1.8246542982553651     
         707  -1.0545702423241763     
         708 -0.81503675926389607     
         709  -2.6499658627143687     
         710  -2.5056680509969693     
         711  -2.7628282097391956     
         712 -0.85446510269786313     
         713 -0.98875468369154829     
         714  -2.2431530260909955     
         715  -2.0727766716786107     
         716  -1.2320997793989539     
         717  -1.7014839243901194     
         718  -1.3365766396403163     
         719  -1.2270983435425074     
         720  0.43433364605569358     
         721 -0.42849009349529360     
         722  -6.5624327098524143E-002
         723   1.2460621937543559     
         724   2.4862219846212987     
         725 -0.51961459727500148     
         726  -2.6699872721917846     
         727  0.34103222869958344     
         728  -2.0075946037476879     
         729 -0.16428158234548737     
         730 -0.41349804361229814     
         731   3.4860335395810793E-002
         732 -0.95188022496417646     
         733 -0.49893456165129674     
         734  -1.8862356989608953     
         735  -2.3645266178471704     
         736  -1.0323073694598408     
         737  -1.3917484426615627     
         738  -1.9228677628258406     
         739 -0.69133890515569363     
         740 -0.80338102815062362     
         741 -0.40486295866136734     
         742 -0.84371899859002564     
         743   3.5602889319889650     
         744  0.43449210901630825     
         745  -1.0937631591199888     
         746  -1.1884086915694767     
         747  -1.2155116490886746     
         748 -0.83043028720208834     
         749 -0.56443757310349252     
         750  -1.6086554440689731     
         751 -0.31650776344503861     
         752  0.13764189322854412     
         753 -0.23752461388620316     
         754  -1.1536765761671386     
         755 -0.21779945210622281     
         756  0.29927806172501042     
         757  -1.0909883157438760     
         758 -0.94126513811635271     
         759 -0.88023937916488126     
         760   2.6902340182406170E-003
         761  0.46696962148224130     
         762 -0.25448266221039983     
         763   1.2397767999012439     
         764   4.9954244568363624     
         765   7.0803130269246957     
         766   6.6507830377505996     
         767   4.9955860899439299     
         768   6.1646923202440300     
         769   4.1243108589525495     
         770   2.8137796807700979     
         771   3.9172248728541685     
         772   4.2051301981643476     
         773   3.7925113206366143     
         774   4.8971785479436543     
         775   3.7548788697340894     
         776   3.7723406095732601     
         777   2.1474808997338704     
         778   2.7945565238338910     
         779   2.2604043424935973     
         780   1.1205158215105941     
         781 -0.38402735550005995     
         782 -0.25074435359622549     
         783 -0.70028977893765898     
         784 -0.23759209452756580     
         785  0.55797617828503732     
         786  -1.2476898260764964     
         787  -2.3799380460540771     
         788  -1.9698843462332418     
         789 -0.34709391518902577     
         790 -0.99605406305748234     
         791  -1.7932989705515305     
         792  -9.9637312436962611E-002
         793  0.48664178797532831     
         794   2.1896582271852272     
         795   3.3847166890247293     
         796   3.4321821704894990     
         797   2.3378932339105241     
         798   3.0708683189616437     
         799 -0.33419390775629665     
         800  -1.9858515382163817     
         801  -1.4979935599801375     
         802  0.24438740837024994     
         803   1.0152910101996468     
         804 -0.40133890386442672     
         805   1.2211924115500803     
         806   1.3488610376520898     
         807 -0.97262220272546951     
         808 -0.88108371525119067     
         809 -0.64300051410541392     
         810 -0.50820280968620901     
         811  -2.1508907390852894     
         812  0.89003808611916235     
         813  -2.1249651048363249     
         814  -1.7597818004328620     
         815  -1.5967325507594046     
         816  0.41275677202878225     
         817  -2.3816194310070760     
         818  -2.2115739389667040     
         819  -1.4180113404715642     
         820  -2.5441741742702382     
         821  -2.1757521318024406     
         822  -1.5938910575032141     
         823   1.8735841427814908     
         824  0.49989031353231772     
         825  0.42904100288335134     
         826 -0.56018894671611030     
         827 -0.94831304715780018     
         828  -5.8658475661756526E-002
         829 -0.69668155485762417     
         830 -0.84734516468191645     
         831 -0.25035805130974637     
         832  -1.4088411946655803     
         833  -7.0254276110641070E-002
         834  0.84698627163329099     
         835   2.9994704731810566     
         836   3.4991525498190725     
         837   1.7436821040281201     
         838  0.89516767325689894     
         839   2.5214376648695938     
         840   2.7794149207516949     
         841   1.2544596556702443     
         842   1.3958955673330573     
         843   2.3507220864965697     
         844   1.9014287670117236     
         845   2.2687413794129254     
         846   5.0555566886984282     
         847   5.8389019200767551     
         848   2.9179587774476912     
         849   3.8006212652756526     
         850   5.5260768002021612     
         851   3.9122158857359421     
         852   6.3114447601081238     
         853   7.0588358863780103     
         854   3.7518965095484980     
         855   5.4486043895715124     
         856   3.2860226720369887     
         857   2.5086733698119552     
         858   2.5847266849083690     
         859   2.5972461369188768     
         860   2.2665778070890590     
         861   4.2959312628921698     
         862   3.9315693222393411     
         863   1.9954242707447478     
         864   1.0268662366351566     
         865  0.60464816254879494     
         866   2.4233293014275308     
         867   2.6036412373189139     
         868   2.7850506832464061     
         869   3.3875929410589118     
         870   2.3471969111963600     
         871   2.3755568223422556     
         872   3.2371220361578086     
         873   3.3130563304461793     
         874   1.8995266343179535     
         875   2.1813905020543625     
         876   4.5485083999540503     
         877   4.7745399891827072     
         878   3.0537093747317177     
         879   1.5764456963131532     
         880   1.4652202869435893     
         881   2.0736391688264253     
         882   1.8909686426885031     
         883   2.2085785021082227     
         884   3.5580556779090924     
         885   2.0208098873042259     
         886   1.7485669512550230     
         887  0.46403905311241972     
         888   8.5520953520807325E-002
         889  0.11436076903660475     
         890  0.34844888939514490     
         891   1.3448701752255392     
         892  0.48756503099902410     
         893  -2.5713436034074562     
         894  -2.1280032889654565     
         895  -2.1224438970379840     
         896  -3.0577423693544361     
         897  -2.1157833686070493     
         898  -1.5170257666633622     
         899  -2.3685259087276505     
         900  -1.5765806855127260     
         901  -2.0862356942112719     
         902  -1.7828209359700351     
         903  -1.1819113127547891     
         904  -1.2599116289157954     
         905 -0.52645195035457204     
         906  -7.8416819287859207E-002
         907   1.2509938184420288     
         908  0.65947099486213956     
         909  -2.0676114608664413     
         910  -2.2517996055281735     
         911 -0.87083814677688731     
         912 -0.75848851423809405     
         913 -0.66531139395576400     
         914   1.8006568567190311     
         915   1.0774958193396431     
         916   2.3506583655981679     
         917   2.1626086905217665     
         918   1.2473955267751924     
         919   1.5273928207499228     
         920  0.74527962669631043     
         921   1.0449238518262676     
         922   1.1517134416276906     
         923   2.8852762878031619     
         924   1.5259028449875445     
         925   2.0765832683841330     
         926  0.94671241559547681     
         927   1.8461902229248226     
         928   1.8881099164555737     
         929   2.6144155403023861     
         930   4.0007468012590310     
         931   3.0417426081704471     
         932   3.8531383059327426     
         933   2.0517062670898376     
         934   2.8043233284339855     
         935   5.3985934693277517     
         936   4.1345731287016445     
         937   3.6058701575878476     
         938   2.0393421099864395     
         939   4.2338386501647571     
         940   1.7750373844404439     
         941  -1.4054744879697108     
         942  -1.7005485301829548     
         943  -1.8983693914034645     
         944 -0.50988995192347453     
         945  -1.6654917533312088     
         946  -3.0618149684225422     
         947  -2.5387257371809651     
         948  -3.2590995273374830     
         949  -3.4451593836070087     
         950  -3.1397175927552801     
         951  -1.8438960503020929     
         952  -2.2887029267518715     
         953  -2.3409890229534045     
         954  -3.4728275386441840     
         955  -2.0085813025176615     
         956 -0.86744380326682047     
         957   1.2459774938727852E-003
         958  -3.8486667835722188E-002
         959  0.30357416048540842     
         960   1.4803606462984025     
         961   1.1971057509822840     
         962   3.1913551472362092     
         963   4.3347667065178470     
         964   4.5862221767740383     
         965   6.9093649702460933     
         966   6.8446403201367669     
         967   5.2369486858524246     
         968   6.1335780722450250     
         969   8.4003205191268435     
         970   5.8317204732831653     
         971   5.6684780531271599     
         972   4.2292375216315818     
         973   4.4640290692941527     
         974   4.6070916023729822     
         975   6.1928363132785282     
         976   5.1458420339956463     
         977   4.4261928688952832     
         978   4.7927521392158150     
         979   2.7949298508702771     
         980   4.8902742378621040     
         981   4.9049669620552310     
         982   7.4491073908101013     
         983   7.0529095630162404     
         984   5.8617292309086784     
         985   5.9563806484964497     
         986   8.5525712870741106     
         987   8.9378210093990944     
         988   7.9480396088133132     
         989   5.0414183785956554     
         990   3.7494587753507451     
         991   3.5082244953874300     
         992   4.7652703882771128     
         993   2.7677672334704737     
         994   6.4741493518111195     
         995   7.2200798433488451     
         996   7.1471419540117829     
         997   9.1628145925610198     
         998   7.8695458396006899     
         999   7.4049937461963351     
        1000   3.7017241329345443     
           1  0.24836357155463595     
           2  0.94371822163507024     
           3  0.40345213349247572     
           4  0.18421768401077809     
           5  0.81832309029964390     
           6   2.8435911358756534     
           7   3.1833679004147841     
           8   3.4398068549812892     
           9   4.1609068960906193     
          10   3.8397157764000873     
          11   2.2990597380893556     
          12   1.1959332198249111     
          13   2.5424700982275357     
          14   9.9046317269317683     
          15   8.3058229504985093     
          16   8.6234465981183099     
          17   6.5010193775056377     
          18   5.8235072824376868     
          19   7.5891579922205592     
          20   7.6495545878751576     
          21   6.1268295658530239     
          22   3.8605023326608001     
          23   5.6940733273425019     
          24   4.5308543121211784     
          25   4.0519209327570280     
          26   5.5875480140193643     
          27   4.8862653152671536     
          28   4.9356987167762529     
          29   3.7531514302771596     
          30   2.4009530914398769     
          31   1.9416380648877929     
          32  -1.1682635671132759     
          33 -0.20436927827450546     
          34  -1.2617522108958923     
          35  -1.6888920122184201     
          36  -2.1884592601257182     
          37  -2.6976826094856481     
          38  -3.2704214218408652     
          39  -3.9381272470527509     
          40  -3.9693636157275476     
          41  -3.0206678284885697     
          42 -0.84896268161826494     
          43  -1.6556060198921398     
          44  -1.5333232259985099     
          45  -1.3145150052616368     
          46  -1.4940339911747595     
          47  -2.5019452830939803     
          48  -2.3154212682921336     
          49  -3.0567576648219954     
          50  -2.9286595329675356     
          51  -3.2286212416963709     
          52  -2.9330334081257372     
          53 -0.64866217264749659     
          54 -0.77331273734984318     
          55  -3.2567606925388786     
          56 -0.36246704525479123     
          57 -0.34490136520054421     
          58 -0.65922001509792039     
          59  0.66282885544464309     
          60  -2.9722163041054017E-002
          61  0.99683740687542488     
          62   1.8671351026534746     
          63  0.83421402491133301     
          64  0.34433153717425791     
          65 -0.90619891164917721     
          66  -1.1969782968374783     
          67  0.18802301386822240     
          68 -0.45829854487196181     
          69  0.51586227795904316     
          70  0.97159309127450455     
          71   1.0450215787981763     
          72  0.47381051013847320     
          73   1.3297522723827520     
          74   2.5223550212516019     
          75   2.4335885955117829     
          76   2.1180661892715351     
          77  0.90300280847324754     
          78   1.1155978261548705     
          79 -0.75196405645842646     
          80 -0.67011634210319959     
          81  -1.7349758559675812     
          82 -0.90732438004020710     
          83 -0.32090080056093612     
          84  0.99580591991697942     
          85 -0.20375569169283664     
          86  -1.4436562007361087     
          87  -1.0314556704211781     
          88   7.7166917165114479E-002
          89  0.37972383180617275     
          90  -2.5996014249463073E-005
          91   1.1993824048378572     
          92   2.9979592411363782     
          93   1.0013445770697682     
          94   1.9679935039526810     
          95   1.3391131936879992     
          96   1.1004627054719329     
          97  0.55125320472478767     
          98  0.61131736508075218     
          99   1.5219749052661216     
         100   2.2259777077543417     
         101   2.5546357828730728     
         102  0.71548975788678804     
         103   1.6546725471879471     
         104   1.1744551562977330     
         105  0.89928146236039264     
         106  0.35792160147889529     
         107  0.19556137114929584     
         108 -0.27399243771217985     
         109  -1.0624996212351216     
         110  -1.0537677152780445     
         111  0.90866700742285822     
         112   2.1127002573255034     
         113   2.3761920249409094     
         114   1.4876348175390846     
         115  0.32727697749396573     
         116 -0.90250041041052675     
         117  -1.4978043811004436     
         118  0.71388302020019034     
         119   1.8422413635188581     
         120   1.1299566854735799     
         121 -0.71754177972613920     
         122  -2.4005598417143172     
         123  -2.0120083349506674     
         124  -1.5430585749156762     
         125  -2.1762016806909479     
         126  -1.2433475698340160     
         127  -2.5793562252780635     
         128  -2.4633791038022985     
         129  -3.5263486016283982     
         130  -1.7743418894315868     
         131  -1.5176210623663222     
         132  -1.7434505442429225     
         133 -0.95386715953470402     
         134 -0.87547304656737124     
         135 -0.62591317703805993     
         136  -1.2383515872817998     
         137 -0.74035079629318379     
         138 -0.14916010593357742     
         139   1.4488847573997035     
         140 -0.37068208853018514     
         141  0.10229864825051174     
         142  0.14515508937592975     
         143   1.9101229135212416     
         144  0.87300048085012394     
         145  -1.6828331208532101     
         146 -0.12204804809771416     
         147 -0.26053040816051798     
         148  -1.6636611567594259     
         149 -0.10445120803633862     
         150 -0.55879385002835036     
         151   1.3661355933219048     
         152   3.6292529887756242     
         153   6.1271127071721025     
         154   4.7337639899243245     
         155   8.3813234670708141     
         156   7.2272131222964049     
         157   6.9622361500641397     
         158   5.3381223770925503     
         159   1.1466943786025785     
         160   3.7789609888617548     
         161   4.6739497739788520     
         162  0.45301470082029632     
         163  0.47346462724840399     
         164 -0.90071291458467806     
         165 -0.64763436157365595     
         166 -0.52356408067375537     
         167  -1.7205655895531786     
         168  -1.4664472641536399     
         169 -0.69472966210896236     
         170  0.48348275564277543     
         171  -8.4895503299670216E-002
         172 -0.71382310778641089     
         173  -1.4366405482048494     
         174  -2.2790815014173660     
         175  0.32715092733215712     
         176  -2.1490218647539141     
         177   6.3748270668680274E-002
         178   6.2238367644448012E-002
         179 -0.72305550713016098     
         180 -0.30349781198650549     
         181   2.2300792541178116E-002
         182  0.58696531753898007     
         183 -0.35218892783826028     
         184  -2.7787704200832710     
         185  -2.4760727252382404     
         186  -2.1033557986405689     
         187  -2.1454937640012091     
         188  -2.6971120700563267     
         189  -3.0720751759331053     
         190  -2.0641135490292095     
         191  -1.7775611808803613     
         192  -2.4833193647272185     
         193  -2.4785902806820750     
         194  -3.1195630729631620     
         195  -3.3169387420708047     
         196  -2.5671359600851962     
         197 -0.67771523869504247     
         198 -0.27673520494636117     
         199  0.23849178729665521     
         200  0.57212758706241729     
         201  -2.5896963615958715     
         202  -9.3927806438479644E-003
         203 -0.87950380177137510     
         204 -0.92642154330629412     
         205  0.28309555832327438     
         206   1.7841802110167588     
         207  -4.0030722856715238E-002
         208  -2.4997861643649353     
         209  -2.7795121406294889     
         210  -3.2883400701893750     
         211  -2.4067013460210616     
         212  -1.7530684682938789     
         213 -0.70173895290282040     
         214  0.83189296236965604     
         215   2.5085855612265204     
         216   4.3364885128351869     
         217   3.1157758247664726     
         218   1.6372514222151369     
         219   3.3630105817174529     
         220   4.2368403825973582     
         221   1.5771812347873881     
         222 -0.53201910616667270     
         223  -1.0535074119557573     
         224  -1.4957695498280883     
         225   1.5819210508566530     
         226 -0.61926046900248344     
         227  -2.2942593643775941     
         228  -4.4876806055380509     
         229  -4.0904005132270669     
         230  -1.5740213426062959     
         231  -3.3191922185266005     
         232  -2.0923629496471183     
         233  -2.3859225719316872     
         234  -4.1970367893928922     
         235  -3.7857338384915384     
         236  -4.2463308138094220     
         237  -3.2025436841452288     
         238  -3.6472443843776121     
         239  -4.5319256979885356     
         240  -4.2381686442552091     
         241  -2.0863312886179486     
         242  -2.6708731474432224     
         243 -0.85912975854410778     
         244  0.77605972962835645     
         245   2.4521229362810599     
         246  0.66318284488584833     
         247  0.93070826307207266     
         248   1.3171694541864827     
         249   3.3073626315305562     
         250   3.5758092488244371     
         251  0.79985350712870562     
         252  0.80649518095742334     
         253  -1.7654461645196684     
         254  -2.5646376427870385     
         255  -3.7725975091853488     
         256  -4.0089408952694070     
         257  -3.6766572609929282     
         258  -1.8743581483413285     
         259  -2.7156573103858852     
         260  -3.2745488674983121     
         261  -2.8589705592571608     
         262  -1.4474058197607127     
         263 -0.10530546027609189     
         264 -0.98829859112264362     
         265  -1.8437662145252820     
         266  -1.5272271244252664     
         267  -2.2739707269070859     
         268  -1.4019905319432611     
         269   1.4323830627490197     
         270   1.6820480240146258     
         271   5.6575089702978936     
         272   4.7301385759734593     
         273  0.62098622241390566     
         274  0.45370725296043263     
         275   2.5472571720610548     
         276   1.4022549177179870     
         277  0.87872920712977698     
         278   1.1549289258261233     
         279   2.1949084817769924     
         280  -1.7787732330674246     
         281  -2.0743900618982880     
         282  -2.2455617812560060     
         283  -2.2366434829055750     
         284  -2.7120995873345475     
         285 -0.39929079178209786     
         286  -1.4401859721459089     
         287  0.16226261870783126     
         288   1.2773153760710030     
         289   1.2001504185950795     
         290  -2.5997579491947067     
         291  -1.9918093208174315     
         292  0.18073869222805608     
         293  -2.1096535820868421     
         294 -0.16610948392903357     
         295  0.32534222757911929     
         296  -1.8418634780777237     
         297  -2.4051004098618449     
         298  -2.4724001369875706     
         299  -3.9292317015655773     
         300  -4.1677328356026067     
         301  -3.8867190949365660     
         302  -4.4848340039878067     
         303  -4.2459175981008501     
         304  -3.7131076457388161     
         305  -4.4645222482736537     
         306  -2.8905241402489774     
         307  -3.0601175313342392     
         308  -4.2695276189553741     
         309  -6.6546482775671407     
         310  -4.8637365265345318     
         311  -5.2378713335776457     
         312  -3.1856600149432923     
         313  -3.0991642886501292     
         314  -1.8053779268341223     
         315  -1.7106461341239170     
         316  -1.4934658324388010     
         317  -3.4226863323287446     
         318  0.22751395221125992     
         319  -2.5496653527102726     
         320  -2.9668033607949518     
         321  -3.3064788135140755     
         322  -2.3681790624469867     
         323  -1.9653345564137654     
         324  -3.2769518142621932     
         325  -4.8419701191848974     
         326  -4.6580828710772568     
         327  -6.4417355750013652     
         328  -5.2301857855381710     
         329  -5.0491864669564555     
         330  -5.0493702728076064     
         331  -1.5204000831637596     
         332  0.23949331264850968     
         333   2.4481149235076920     
         334  0.40284338303994766     
         335 -0.34250324604786819     
         336  -2.2568612820191376     
         337  -5.6259432304536494     
         338  -3.6011559018543098     
         339  -1.1784795160665782     
         340  -3.1895943533242694     
         341  -4.1227194803344585     
         342  -4.1176045862328499     
         343  -4.8602161070851180     
         344  -5.0645002331574345     
         345  -6.5021947437650693     
         346  -5.0307342490805143     
         347  -3.2159448350298026     
         348  -3.3416749409927848     
         349  -4.9129500644910440     
         350  -5.1966512382064360     
         351  -4.3036354032658775     
         352  -2.3180686952030802     
         353  -4.7833574250985267     
         354  -5.3444870038757539     
         355  -4.6705045144587878     
         356  -3.3591827934177174     
         357  -3.3707616348686318     
         358  -1.2675131254851386     
         359  -2.3037258767971025     
         360  -3.1009368384381486     
         361  -4.4174171368809345     
         362  -2.8832238020601157     
         363  -2.1645132438213546     
         364  -2.3019892217732743     
         365  -2.6495475546142409     
         366  -4.5951564687007549     
         367  -5.9105203734406428     
         368  -5.2496609540507571     
         369  -4.3661719141345952     
         370  -5.3295967787549650     
         371  -5.8726880144006381     
         372  -5.0005454030642209     
         373  -5.6557948648220053     
         374  -7.3883814776103485     
         375  -6.7954158926544075     
         376  -5.8842683834255389     
         377  -6.6030111268357254     
         378  -6.0953537235765456     
         379  -4.3628968457698827     
         380  -3.3244710703712821     
         381  -4.9885072396976700     
         382  -4.1258057876910694     
         383  -5.2635506646620769     
         384  -8.4962845923672745     
         385  -8.1567552974636524     
         386  -9.2911373812723621     
         387  -8.1783510505752055     
         388  -7.8114549913378193     
         389  -4.1815326165947901     
         390  -4.3514156178449612     
         391   1.0530748399890237     
         392  0.38819105329230774     
         393  0.87059192396054086     
         394 -0.99194056807891284     
         395  -3.4513867929224107     
         396  -5.9525929261813957     
         397  -5.5679554363730084     
         398  -3.9486717136262905     
         399  -4.8558203991606996     
         400  -2.5699341669612537     
         401  -4.0037421940981952     
         402 -0.93281611525589747     
         403  -1.5174634492611667     
         404 -0.17188544895101854     
         405  -1.2352313248416322     
         406  -1.7753734159037717     
         407  -4.0772994882737468     
         408  -3.5790612399061192     
         409  -5.8030123561349125     
         410  -7.2547725757882358     
         411  -4.9744559912502035     
         412  -3.1615564572362662     
         413  -3.6024134670815937     
         414  -3.8314061151559304     
         415  -3.8466829176312842     
         416  -1.4114139849798812     
         417  -2.8846600286633497     
         418 -0.98599602411707554     
         419 -0.91272489663545964     
         420  -1.9836866078277857     
         421  -1.2345790742273026     
         422  -2.6554559137961138     
         423 -0.11980137793135520     
         424   2.5258581316968955     
         425   1.2510089835399583     
         426  -1.5038318473028331     
         427  0.54070783908007802     
         428  -1.4392675621058693     
         429  -2.3233089937399205     
         430  -1.9255339951491210     
         431  0.36253408608196425     
         432   2.6813517978971522     
         433  0.76708030625754442     
         434   2.9758346165566167     
         435   1.6063804228574110     
         436  0.55366394472499991     
         437  0.60008982027712954     
         438  0.52634300152668012     
         439  0.20586255984548063     
         440   1.6840964018918778     
         441  -1.5848453210630553E-002
         442  0.63420204094314347     
         443  0.39885795998147744     
         444  -1.1476049208484047     
         445  0.59249390161248139     
         446  0.33998305774128451     
         447   2.4973298117473353     
         448   2.5220829999677785     
         449   3.1343725017896129     
         450   3.8206907242432187     
         451   5.0108420773832378     
         452   3.8543919243510230     
         453   4.0052159012187678     
         454   2.5214534276211582     
         455   1.0432726465303828     
         456  0.80632838063716739     
         457  0.67877024756812565     
         458   1.1356845564073210     
         459   1.5772304005910613     
         460  0.78434237602344437     
         461   1.3610373958209763     
         462  0.11377651576596060     
         463 -0.17179237961087857     
         464  -1.2017070115263413     
         465 -0.25103489981165317     
         466  -6.6201655767169854E-002
         467 -0.81090770481572416     
         468  -1.4248048105154754     
         469  -2.9093931192015976     
         470  -1.9595927553044947     
         471  -1.3702024101461165     
         472   5.4243914294980766E-003
         473  -1.6022807979665652     
         474  -1.4928925854330219     
         475   1.9150897759629664     
         476   1.1108110537158633     
         477 -0.20267567844918677     
         478  0.33969903993574935     
         479   3.4039404492634144     
         480   2.2820983057913300     
         481   3.6419330687154021     
         482   1.0536873062425869     
         483  -1.1677871229593104     
         484  -1.2600917857124827     
         485  -1.8703816817361929     
         486  -1.4971562450396856     
         487  -2.8694519467216528     
         488  -2.3081474023356909     
         489 -0.28933113956270673     
         490   2.0583265660523904     
         491  0.78805304301600287     
         492  -1.0306093339032605     
         493  -1.2292135198775007     
         494 -0.19280487785739980     
         495 -0.18469668202775202     
         496  0.44529223426955133     
         497  0.58142140186707447     
         498  0.20290609913308322     
         499   3.2549770100282598     
         500   3.5499679374248947     
         501   3.7455069387199074     
         502   1.8789722580067192     
         503   3.1617177618554786     
         504   1.7484081568946914     
         505  0.54395959967753627     
         506  0.14898090801738822     
         507  -1.2242074555677211     
         508  -2.0282094017373904     
         509  -2.6300548894072291     
         510  -3.2368933891929328     
         511  -2.9643022169835862     
         512  -2.5553665266609280     
         513 -0.13419158329309186     
         514  -1.0550279802534661     
         515   2.9784759690340459     
         516  -1.1410702045580747     
         517   1.2189339829864849     
         518 -0.38391433493952376     
         519 -0.63189318863737232     
         520  -3.4606354070055101     
         521  -2.8004094958872319     
         522  -2.8393706153623226     
         523  -3.9515236230916706     
         524  -3.3386904769010197     
         525  -4.0360455650979787     
         526  -1.0076493408951535     
         527  0.45229916391697988     
         528   3.1996685453133766     
         529 -0.56525199464264220     
         530  0.29090780210284317     
         531  -1.3496288958032419     
         532  -2.3998617911422810     
         533  -2.7571092371101522     
         534  -3.2746162962840071     
         535  -3.1069452192018105     
         536  -1.4478770658642881     
         537 -0.31863033566039101     
         538  -2.1031631319923711     
         539 -0.48827464600625770     
         540  0.70362840055316445     
         541   2.8867292183525435     
         542 -0.41194430487262640     
         543  -1.6380623648117021     
         544  -1.8931605362454302     
         545  -3.5031627716784732     
         546  -3.4389872947704987     
         547  -6.3052724988710498     
         548  -5.0046323859218029     
         549  -3.4320342464064568     
         550  -3.3769061661200017     
         551  -3.2762069552872362     
         552  -5.4515468418299520     
         553  -7.3650796247220702     
         554  -7.4102066822234649     
         555  -6.6284289157706304     
         556  -5.6323537064928537     
         557  -6.2363923739890241     
         558  -5.1661993992976702     
         559  -4.9075875532744497     
         560  -4.7116911799950927     
         561 -0.35175536851744482     
         562  -1.1795311448788224     
         563  -2.4153720966826526     
         564  -3.6360412127844572     
         565 -0.87207768546456677     
         566  0.47130233161289642     
         567  0.25740793719816202     
         568 -0.90281862295101356     
         569  -1.6631715967757987     
         570  -2.8562644636424199     
         571  -1.3969861492860784     
         572  -2.2997839188395699     
         573  -2.3967137631287758     
         574 -0.49758820068961324     
         575  0.89257814081948061     
         576   1.2794847851634186     
         577 -0.53737397300238188     
         578  -1.7481242520459244     
         579  -1.6487871698006655     
         580   2.5877625277291516     
         581   1.5377775064566479     
         582  0.65588113833589878     
         583  0.33386662572735659     
         584 -0.12562709737368993     
         585 -0.48553253944577190     
         586  -1.8634869384629726     
         587  -1.3562916834979792     
         588 -0.22130272821849370     
         589  -1.7966698808770289     
         590  -2.2948020957816579     
         591  -2.4296899423673408     
         592 -0.33413077113526335     
         593   1.9659591722893035     
         594   2.8287397284233453     
         595   4.1607818722820697     
         596   4.0705673693198268     
         597   4.6209139154615624     
         598  0.43115454869469239     
         599   4.6860561072825380E-002
         600  -3.6184986311191438     
         601  -4.7671081904730572     
         602  -4.6132818452027191     
         603  -3.0188827596005265     
         604  0.57479566212468347     
         605   1.1507452225328987     
         606  0.89632007559091598     
         607  0.77411822309785294     
         608 -0.96486128813701511     
         609  -2.5389158764543689     
         610  -1.7897176350219421     
         611  -2.0635469228294370     
         612  -5.4435532285115169     
         613  -4.7509869544681598     
         614  -5.2842462211059020     
         615  -4.1539157461087344     
         616  -5.0199482658513936     
         617  -5.8135396531923282     
         618  -5.7055698214345769     
         619  -5.7667747515101508     
         620  -4.2917953856412181     
         621  -3.2074673218642227     
         622  -2.7529508195347234     
         623  -3.2815986640847146     
         624  -1.7389339527233996     
         625  0.22267423661257402     
         626 -0.80164665289215975     
         627   4.9407713849787704E-002
         628   1.2138397124081193     
         629   1.7898403818840158     
         630   3.7005096712386365     
         631   3.4567048973472025     
         632   1.8746755017772903     
         633   2.1096850322193528     
         634   5.2044544766047300     
         635   3.3041325494249558     
         636   4.4891656701368268     
         637   6.9442000531761758     
         638   5.7735395643312764     
         639   7.0252464649036286     
         640  0.44409678924513857     
         641  -1.8193127855771678     
         642 -0.77665681497689332     
         643  -1.4038711015333283     
         644  0.95609357321780175     
         645  0.83786466599617782     
         646   1.5557075865368470     
         647   2.5970006907829188     
         648   3.6340384600265434     
         649   4.5413077818553242     
         650   1.9728254534106413     
         651   3.3087746246339367     
         652 -0.10737831333606321     
         653   1.0014782962402820     
         654   2.2757384961955136     
         655   3.9946290186193290     
         656   4.9576165248973316     
         657   1.9377840561962476     
         658   3.4843375308227440     
         659   2.9179522569821899     
         660   1.0786224293005144     
         661  -1.0423696534405842     
         662  -1.1094188500610089     
         663  -2.2637566992275269     
         664  -2.3705160806340535     
         665  -2.0394865444764361     
         666  -2.6951787218410872     
         667  -2.1519617153491102     
         668  -2.4355805265828572     
         669  -2.4342004336718666     
         670  -2.1351902480654319     
         671 -0.49909713323640914     
         672  -1.3499082467593662     
         673  -3.0836065312972787     
         674  -1.6129931210950452     
         675  -2.1653468092133097     
         676  -1.9584177133681218     
         677  -4.8709543044140879E-002
         678 -0.63950967265787262     
         679  0.60794366085556595     
         680  -1.2261126222871195     
         681  -1.3020458589415242     
         682  -1.5586037692932673     
         683  0.23100770594630082     
         684  -2.0826205345843958     
         685 -0.26076763119645174     
         686 -0.35623041071833966     
         687  0.25318416997878612     
         688  -2.3225621337338680     
         689  -1.8510045945235674     
         690  -1.5345394379153818     
         691 -0.42132507173640027     
         692  -1.1087188316681547     
         693  -1.5635766165047484     
         694  -1.1616004403448381     
         695 -0.70842607206160235     
         696  0.97671306443951900     
         697  0.33577230014102422     
         698   2.6470846815293827     
         699   4.0474501150136026     
         700   2.7421612477559378     
         701  -1.1430086915395155E-002
         702  -1.2449403899749705     
         703  -1.0031280597124628     
         704  -1.2596698666902126     
         705  -1.6423600465093637     
         706 -0.94468621767933014     
         707   1.5353648466950780     
         708   2.9875913986730644     
         709   4.5972530318040308     
         710   3.7519751326312170     
         711   3.0431417705178978     
         712   3.7608515124958459     
         713   2.7320152178206270     
         714  0.18205953196255475     
         715 -0.43656218869821362     
         716  -1.3257684741416892E-003
         717  0.35437771540367269     
         718  -1.4292991496806200     
         719  0.89493089631892120     
         720   1.4839296948803815E-002
         721  0.20056998330489195     
         722   5.0232838977818606E-002
         723   2.9905256778707479     
         724 -0.39736065376087282     
         725  0.79275632490058023     
         726 -0.34125319331603493     
         727   1.3671988002244611     
         728   5.0121788830758192     
         729   4.4817172988340044     
         730   3.7755369189236818     
         731   2.3002618243619137     
         732   2.4909550815245503     
         733   1.5509456520791733     
         734   1.3927215013049790     
         735   4.6622675293109928E-002
         736   2.4465084707954694     
         737  0.49245311565316097     
         738   1.0224397319834069     
         739   1.8183177297986473     
         740   1.8786436039491046     
         741  0.91076965665453025     
         742  -1.0610134090179535     
         743 -0.96187069865187946     
         744  0.80664280382733289     
         745  -1.3738309239940261     
         746  -4.9116372373241513E-002
         747   1.6991202154193668     
         748 -0.11694719550098109     
         749 -0.59822426963569364     
         750  -2.2087391912415280     
         751  -1.5295433305069217     
         752  -1.5838446768640757     
         753  -1.1701118260593160     
         754   1.4524159485580495     
         755  -1.3567313160566232     
         756   1.8875491304852943E-002
         757   1.4133330672571149     
         758  0.73370585882118144     
         759   2.5535066478971391     
         760   2.8960935122710456     
         761   3.6446483158818763     
         762   3.7963175801116522     
         763   3.6584068948998167     
         764   3.5430768748894694     
         765   2.2410138387791374     
         766   4.2337564438845048     
         767   1.9114329313000493     
         768   1.8124227992946107     
         769   1.6941983523630502     
         770   1.4322655445639088     
         771   2.4783635248863956     
         772   1.4022461774398549     
         773   5.6938058666927889     
         774   6.0990726731227722     
         775   6.9420269144699835     
         776   5.7321903281675510     
         777   5.8885922445257508     
         778   7.9541790087070829     
         779   6.6433598307464692     
         780   8.2574943371509857     
         781   8.6556923989254280     
         782   9.0998086268459168     
         783   6.3878202943104903     
         784   4.5147497875623550     
         785   2.9000351475712618     
         786   1.4584627839708477     
         787  0.24035449581936819     
         788  0.38346859837305713     
         789  0.67771275299846712     
         790 -0.30553647735700595     
         791 -0.22457782300713547     
         792   3.3029440748626238E-002
         793   2.0518744356818899     
         794   2.1018204181435607     
         795   1.1539639915716389     
         796   1.0523790525375749     
         797   4.3380234973348193     
         798   2.0691563180877646     
         799   3.5164700275446648     
         800   2.0002991755326285     
         801  -9.2664896859023793E-002
         802  0.31232144823176228     
         803 -0.14895035675324780     
         804  0.33345029834467116     
         805  0.95924604769184552     
         806   1.9941947312706205     
         807   3.2422540279448571     
         808   3.7666179451703838     
         809   2.1300471496785804     
         810   2.0181001041088540     
         811   2.3607588366493411     
         812   1.4918182485981533     
         813   6.9076262610356238     
         814   5.2535186099065978     
         815   2.7730772188409563     
         816   3.9784061382161986     
         817   4.2013599244752946     
         818   6.9388716640769790     
         819   8.5683767835312175     
         820   4.4657032088679474     
         821   4.2710789411598649     
         822   1.6029366054903085     
         823   1.3875006752019463     
         824  0.73381630254346075     
         825 -0.20053512158590420     
         826  0.58442575873142166     
         827 -0.73140385357304716     
         828  -2.1457087584609651     
         829  -2.2768545793997621     
         830  -2.1032330685844687     
         831  -2.3590266178948802     
         832  -1.3479976375349385     
         833  -1.4923561800160829     
         834  -2.9976230695274459     
         835  -2.5753064411688871     
         836 -0.94799450203151880     
         837  -1.9933595392909902     
         838 -0.20760220158207138     
         839 -0.53017727877620657     
         840  -2.4116409446264671     
         841  -1.8504400045325835     
         842  -1.2980276098277141     
         843  -2.1735052026872248     
         844  -1.1385958275823918     
         845  -2.0940492593421447     
         846  -3.6904624139832185     
         847  -3.1134610842586321     
         848  -2.6454052441102016     
         849  -3.9523045621130812     
         850  -3.0015932505765317     
         851  -2.2898993489392896     
         852  -3.5165818479848143     
         853  -2.2968950412195426     
         854  -3.0913472498561103     
         855  -3.7254825083256078     
         856  -4.1921918339494901     
         857  -4.2404249860435668     
         858  -3.1311108468313167     
         859  -4.3375019710957936     
         860  -2.9265277353075492     
         861  -2.5188090765005158     
         862  -1.4410869254024816     
         863 -0.54217164398937479     
         864   1.3016837190208954     
         865   2.4397831241032146     
         866 -0.21846544161062842     
         867 -0.49801668951751055     
         868  -1.4011294994782828     
         869  -1.3169338354636695     
         870 -0.17770318180498446     
         871  0.52551823756115312     
         872  0.40325635406632521     
         873 -0.64250477629091995     
         874  -1.4641067731524136     
         875  -1.1244050744843193     
         876 -0.35119109322069375     
         877 -0.32782357558242620     
         878  0.98417196594456346     
         879   2.0700847081130869     
         880 -0.11739721463910779     
         881  0.15378060599098342     
         882  0.34916829675126149     
         883  0.30283294330121291     
         884  -1.4415342479103943     
         885  -1.0513622731570118     
         886  -2.0986828835845515     
         887  -2.5348067226953370     
         888  -2.0062770889660877     
         889  -2.6119746660844103     
         890  -2.3871118240211979     
         891  -1.2745091583467683     
         892 -0.54767525498564595     
         893 -0.72444612073166637     
         894  -1.9186719430876631     
         895  -1.2743283602397897     
         896  0.58462299602751178     
         897 -0.82243782948159705     
         898  -2.2270216521336970     
         899 -0.88585520241182647     
         900  -1.4963050297736089     
         901  0.70540689755883368     
         902  -2.0832233943168514     
         903  -2.3390394755224446     
         904  -1.5536915942079370     
         905  -1.4711393348270643     
         906  0.55596267443829772     
         907  -4.4405298627701928E-002
         908  -1.9525991159965290     
         909  -1.2339772867396490     
         910  0.89806489773809806     
         911 -0.83947842348448420     
         912  0.15141763074445302     
         913   1.5289840029260429     
         914  0.41272930880787784     
         915   2.6917124644828578     
         916   2.4939519557619354     
         917  -7.1907991464742693E-002
         918  -1.7668855101090613     
         919 -0.16080765888840304     
         920  0.98232533780165732     
         921  0.68658589993229857     
         922   1.1336335604492562     
         923   1.9566438838330629     
         924  0.83970078274924420     
         925 -0.67767876335234067     
         926   1.6243335145395923     
         927   1.7438195169816533     
         928   1.9360689960017119     
         929  0.98116616012386637     
         930   3.1462442127422623     
         931   3.4683251348521913     
         932   2.4093076795894199     
         933   1.1651600005159093     
         934   3.7293317346723236     
         935   2.1736678340263706     
         936   1.5288771786764250     
         937   2.6453252210716527     
         938   2.7930712952024268     
         939   1.6973212002622797     
         940 -0.10928161950933452     
         941  0.59380689499353834     
         942   1.1121702929479964     
         943   2.7392393707633977     
         944   3.1215435645243312     
         945   1.9544986787841818     
         946   2.8391386533559499     
         947   3.5192237964265409     
         948   2.8076875071317575     
         949   3.0250785493237244     
         950   4.3303838456384698     
         951   4.2622924811229703     
         952   2.9865513598148987     
         953   2.6232189886823347     
         954   2.3928297006416548     
         955   2.7110850392952104     
         956   3.9398403851920385     
         957   5.1740700898444105     
         958   5.2780058803666448     
         959   5.2387216357571011     
         960   5.5554439089924719     
         961   4.6974620299324599     
         962   8.2702390324795090     
         963   8.7254430526294726     
         964   6.1901057407986180     
         965   6.5705554966382032     
         966   6.3405304602731043     
         967   5.6020717553705968     
         968   4.6472943185542155     
         969   4.3381094442128552     
         970   3.2639087362870089     
         971   5.4375723325684433     
         972   2.9533859531140121     
         973   1.8533310722295500     
         974   1.8147702843113374     
         975   1.5390499946412597     
         976   1.4375099123621675     
         977   1.6673324597924601     
         978   2.0646693186963621     
         979   2.3875903565346208     
         980  0.76375499514835621     
         981   1.3250671180554727     
         982   2.0021023792924253     
         983  0.36692174626319729     
         984  0.16043957016186239     
         985   3.1389500187790640     
         986   2.8206887930542006     
         987   2.7517169268259325     
         988  0.70548268244585854     
         989   2.0914707922903677     
         990   2.7554182329597312     
         991   2.5951095147883434     
         992   4.4867168101576773     
         993   8.6703601761929114     
         994   6.9298555997482438     
         995   3.2113096307718920     
         996   4.4383337860868917     
         997   2.5440132546866332     
         998  -1.1384717789777454     
         999 -0.40993676659247863     
        1000 -0.14994099560380258     
           1   3.0335999428630508E-002
           2   9.9217564887930099E-002
           3  -2.4001754303950296E-002
           4  0.54460779265567083     
           5  0.93872427961658400     
           6   2.2951969084601713     
           7   1.1482006371892677     
           8  0.41049528076577846     
           9  0.32683689854112730     
          10   2.2434954303103165     
          11   1.4871812075268198     
          12   1.9282177817646522     
          13   1.8192692479657493     
          14   4.3550651983467770     
          15  0.71255196365447382     
          16  0.11534302829142040     
          17  -1.5327603934997733     
          18  -1.8338752305773791     
          19  -1.0032885288916291     
          20  0.37741703133278071     
          21  0.59906130849254691     
          22   1.1985558515868466E-003
          23   1.3647199918258268     
          24   1.7618005883723382     
          25  0.17429413966792762     
          26  0.35417459614496671     
          27  0.68689448325480584     
          28  -1.1013404104525937     
          29   1.6689184513910951     
          30   2.0245647444474195     
          31   1.3040668366874728     
          32  -1.5624871382093906     
          33  -2.5708790203064620     
          34 -0.76175126670841786     
          35  0.17404633643015632     
          36  0.42034556690268232     
          37 -0.22563072469425949     
          38  -2.8131617790936261     
          39  -2.4886396070788992     
          40  -3.7141099911578923     
          41  -1.8648251977736785     
          42  -4.6096547704368138     
          43  -6.2470339253847644     
          44  -4.8902192082601053     
          45  -3.1307336257086407     
          46  -1.4014752187042472     
          47   5.1037622054840055     
          48   9.8027288820943248E-002
          49 -0.14256376350922917     
          50  -2.6397864469464327     
          51  -1.9927374964108835     
          52  -2.0470719001268938     
          53  -3.8717648772458859     
          54  -4.6784814131430412     
          55  -5.6000133946389781     
          56  -6.5367842143719370     
          57  -3.3969691378849021     
          58  -2.6344675516600384     
          59  -2.3795434976933816     
          60  -3.1951793114184479     
          61  -6.1240087651998749     
          62  -3.5644142542456421     
          63  -4.5819901131159657     
          64  -2.6399702104581060     
          65  -6.2735266461916712     
          66  -4.7046518990012611     
          67  -2.5397497206265642     
          68 -0.44872948655693179     
          69  -5.3556971835094256     
          70  -5.1917538586863037     
          71  -4.6877715999707386     
          72  -3.9824718036772588     
          73  -3.6713012194231540     
          74  -2.2717840750844518     
          75  -3.3209647535224098     
          76  -3.6375116083355565     
          77  -2.6985340498820287     
          78  -2.4952089259881092     
          79  -3.0708224660969305     
          80  -4.0100483635332349     
          81  -5.3779866790330866     
          82  -5.7467876922661132     
          83  -5.0006266013729865     
          84  -2.8297252889680946     
          85  -5.1671788734755779     
          86  -3.0522188150717207     
          87  -3.6972413944434575     
          88  -3.2059343185792035     
          89  -1.2268603433791183     
          90  -1.9695611544980434     
          91  -3.7200009387168613     
          92  -2.6792823000896697     
          93  -4.1415566500528076     
          94  -1.4629298418342318E-002
          95  -1.4871794458999623     
          96  -2.6704307207853319     
          97  -1.1849316906074581     
          98  0.95511078111154224     
          99  0.39253561798577186     
         100  -1.8803768175007709     
         101 -0.22120088047081909     
         102  -1.7716349944909759     
         103  -3.7966813932810974     
         104  -7.0639763133508415     
         105  -6.7211912463272601     
         106  -6.8448117651565488     
         107  -5.5801395317820690     
         108  -5.8920004035198792     
         109  -4.8730720543295369     
         110 -0.97725659554850952     
         111  -3.0739038450310252     
         112  -1.8887791023118452     
         113 -0.36320278129732758     
         114  -1.1391817144306424     
         115 -0.50207459024271262     
         116 -0.25203083438835278     
         117  -1.8912743081305896     
         118  -2.0732207158148901     
         119  -3.3731661712555230     
         120  -2.4460310765043354     
         121  -5.4937857661514537E-002
         122  -2.7217317810971184E-002
         123  -1.8270273553688636     
         124  -1.9857020772343019     
         125 -0.61499456915438178     
         126  -3.5069592184249854     
         127  -4.0278646349453426     
         128  -3.5842787416946749     
         129  -4.4598142931882609     
         130  -3.5813716654066248     
         131  -3.8785894276679906     
         132  -2.0079074760439499     
         133  -4.6918902383594610     
         134  -3.4585105918594468     
         135  -4.3567177955394163     
         136  0.65971459282750455     
         137   2.8603028547583702     
         138   4.8210541190900189     
         139   4.9758677442733426     
         140   2.1051553648450763     
         141  0.16509020291555010     
         142   1.5595771672711247     
         143   1.4857208338999073     
         144   3.6845601298133621     
         145   4.5415770764743284     
         146   3.2095455860696211     
         147   2.3595386831364853     
         148   3.1638648443365756     
         149  -1.8785480519826643     
         150  -3.0174741009445674     
         151  -5.2816741496529227     
         152  -4.5672480127598556     
         153  -6.2157677854252107     
         154  -7.0301430047363693     
         155  -9.0101124646804980     
         156  -8.6925699202443703     
         157  -6.6807132317670304     
         158  -5.5423244991889531     
         159  -7.2157772986148929     
         160  -5.9752673569351504     
         161  -4.7633590638078580     
         162  -4.7013015681420782     
         163  -5.6887211661962720     
         164  -1.7247969849445892     
         165  -3.5837122392471690     
         166  -5.1709081030991939     
         167  -5.5532848087108171     
         168  -4.9863357454681729     
         169  -4.7317133393649744     
         170  -6.8215494724487504     
         171  -4.2421429859263569     
         172  -4.5552921638150750     
         173  -5.1696697111084884     
         174  -8.0267349889802766     
         175  -8.4382091533512522     
         176  -4.8871898383940469     
         177  -3.5984845549191693     
         178  -3.5572264370972988     
         179  -2.2291431401922650     
         180  -3.6445197700131731     
         181  -4.0883046007760386     
         182  -6.4920072907314639     
         183  -8.5850854667133909     
         184  -7.5212891313703416     
         185  -6.7101417262226226     
         186  -7.8912848299240039     
         187  -7.5069873473037276     
         188  -6.7870539260918195     
         189  -3.7992306445966637     
         190  -4.4188744815392216     
         191  -4.7814611031802059     
         192  -2.2016079664907489     
         193  -1.0241670595369068     
         194  -2.9826148073539267     
         195  -1.9089105451399622     
         196 -0.19756625439109277     
         197  -4.3644054194817148     
         198  -4.3405022881814848     
         199  -6.7156917661530118     
         200  -5.5458075347850864     
         201  -7.6126494776779410     
         202  -6.4648906227459833     
         203  -6.5747852152953783     
         204  -5.4830579269715338     
         205  -3.0345875951243952     
         206   1.0696535991195231     
         207 -0.50700722801220732     
         208  0.41426134253246816     
         209  -1.3933527488307003     
         210  -5.6673781201417190     
         211  -5.6817635037342402     
         212  -6.0104528059676667     
         213  -8.1500631761470075     
         214  -7.0403955247989813     
         215  -7.9882237700141427     
         216  -8.7151125450317597     
         217  -7.6794606028226813     
         218  -8.4224109997218921     
         219  -7.7330349186114491     
         220  -9.2164853569702760     
         221  -8.7293840765055144     
         222  -7.6797568355748727     
         223  -6.2354460255836859     
         224  -6.8125319341814272     
         225  -4.5927302904826632     
         226  -4.9360195477179385     
         227  -5.8330731502144983     
         228  -4.0710985977033349     
         229  -3.0546944234995497     
         230 -0.58073903609677058     
         231 -0.16853983452840807     
         232 -0.35001310051897527     
         233  -1.4232133913622520     
         234  -2.8355002793903457     
         235  -3.4192395489050904     
         236  -3.7984914534878818     
         237  -2.3935476256902368     
         238  -2.8329559683038017     
         239  -3.5066619845974123     
         240  -3.7090163151975766     
         241  -4.3962916643678813     
         242  -4.3792699844532965     
         243  -3.7685446668242411     
         244  -3.9834527868046408     
         245  -4.0806934347947299E-002
         246 -0.36463915777570072     
         247  -3.5195644986452654     
         248  -2.6166693650726409     
         249  -3.9336988922369023     
         250  -2.9167555941767640     
         251  -2.0925152841812702     
         252  -2.8652694990271330     
         253  -1.4488269029880101     
         254  0.12930135123708941     
         255   1.1642819688754074     
         256   5.1309563918027351E-002
         257   1.6207503095110307     
         258   2.1984887094231462     
         259  0.52079922966834091     
         260   2.7805230613894238     
         261   1.5890074215755920     
         262 -0.48265625546003810     
         263  -3.0551160397583361     
         264  -1.9802123185371554     
         265  -2.4528307410095511     
         266  -3.9148247564031244     
         267  -6.0817721856492994     
         268  -7.4241495415956491     
         269  -5.0456370069291134     
         270  -5.3351172719324502     
         271  -6.7526385969291027     
         272  -6.5290528059863702     
         273  -7.9256728212817107     
         274  -7.9192227337581684     
         275  -5.2238354610029774     
         276  -2.7148033045614577     
         277 -0.93107747207073177     
         278  -1.8964899822381873     
         279  -3.2005312658829950     
         280  -3.7660663952770745     
         281  -1.1972385936602394     
         282 -0.36365786552001755     
         283  -1.5551884936708813     
         284  -3.2069819104317743     
         285  -3.2061556977187342     
         286  -3.9995082746055979     
         287   1.4023381600970581     
         288  -1.6542444336260269     
         289  -3.4680345909110755     
         290  -3.2545971877144204     
         291  -1.4897142973156026     
         292  -2.9127431311286522     
         293  -3.5303450135318468     
         294  -7.3056230492525245     
         295  -7.1023798357265484     
         296  -8.6099205773063083     
         297  -9.7494740069554737     
         298  -9.0345799518654850     
         299  -9.1773561273014792     
         300  -7.3860790550982607     
         301  -5.9438774829801897     
         302  -5.0549650261388752     
         303  -5.8225584418086749     
         304  -7.2361233261925868     
         305  -6.4789000978327396     
         306  -6.2284963489626453     
         307  -5.1018997280109417     
         308  -5.0337864705239621     
         309  -3.5162422140199956     
         310  -5.6174817445838983     
         311  -7.4375592411488611     
         312  -5.3771784251590686     
         313  -3.3447188879844640     
         314  -2.2406258891772959     
         315  -1.4802056676507849     
         316  -1.3723255715255822     
         317  -4.1184682496182052     
         318  -4.3277235321805145     
         319  -3.2260164764696349     
         320  -3.0751429854458516     
         321  -4.2703094266032835     
         322  -5.9847989342714154     
         323  -6.5917512456982053     
         324  -6.7540479976013934     
         325  -8.5128461264398894     
         326  -8.7741853417271347     
         327  -8.2550468132685744     
         328  -5.7375755159010584     
         329  -3.5923060013639976     
         330  -5.1971513027466738     
         331  -5.3948742695466123     
         332  -4.5865793510410899     
         333  -7.2968723638982667     
         334  -6.4363662327503670     
         335  -5.3663724330854832     
         336  -4.6432466510827757     
         337  -4.4093564371912608     
         338  -4.6327391339939501     
         339  -6.0869059390071714     
         340  -5.5617592312983763     
         341  -5.6051237267140399     
         342  -5.5870869801266156     
         343  -5.9050974921931356     
         344  -9.2570148152594331     
         345  -9.2430715449259964     
         346  -8.5068610314606818     
         347  -7.4699458866547985     
         348  -6.9568479317463883     
         349  -7.5372505153875506     
         350  -8.1313601050879623     
         351  -9.0387068054163127     
         352  -9.0737504165322083     
         353  -8.3984015548125370     
         354  -7.3018629641580040     
         355  -6.7819653100642876     
         356  -7.2250550549474353     
         357  -6.5166718613412691     
         358  -6.4833328035022477     
         359  -5.7588955615786306     
         360  -7.2754945519307457     
         361  -5.7905766135900487     
         362  -6.0555770449556023     
         363  -3.5691114827940194     
         364  -4.0190449205736085     
         365  -3.7752430381617152     
         366  -6.6119129359837050     
         367  -9.8768025763216354     
         368  -12.213111853042895     
         369  -13.330000040128084     
         370  -12.410021591369700     
         371  -12.542088690230246     
         372  -12.185079060368659     
         373  -11.692583933990282     
         374  -13.814163520120310     
         375  -11.415277201490785     
         376  -11.901183620535654     
         377  -10.931296159387593     
         378  -7.9979538125990661     
         379  -10.829712621536997     
         380  -10.631349361508995     
         381  -10.342264092218759     
         382  -11.761079936883192     
         383  -10.926371236785990     
         384  -9.7993411982359060     
         385  -7.2349000697857901     
         386  -6.6871248544772390     
         387  -5.4980417097793595     
         388  -2.5910837827210353     
         389  -3.9245667178891286     
         390  -3.9080232480028512     
         391  -7.2604011088336495     
         392  -9.8888563459477137     
         393  -9.8578148943035568     
         394  -10.686684857109324     
         395  -10.083170562365327     
         396  -10.659040880268325     
         397  -10.377083352892575     
         398  -9.3619480762702914     
         399  -6.4391423553235549     
         400 -0.43883162006289300     
         401  -1.9872344135508953     
         402  -3.5883483418605882     
         403  -5.0357966549499560     
         404  -2.4236736183293388     
         405  -4.8875119467050512     
         406  -8.0883776891127450     
         407  -8.9187307046296702     
         408  -7.3867014702782736     
         409  -7.2759912300086951     
         410  -7.3280799177118796     
         411  -7.5800518968991595     
         412  -8.1415761682292924     
         413  -9.2649004950566081     
         414  -7.8929522874586766     
         415  -8.5724036421547734     
         416  -7.3657255761868683     
         417  -3.1074114870410146     
         418  -2.4671500662207855     
         419  -3.3513908118533489     
         420  -6.1437794149809735     
         421  -7.7712709453378475     
         422  -9.1111411662221506     
         423  -7.9118077994515534     
         424  -6.5830061629765515     
         425  -4.6161875300665818     
         426  -3.2171561226996523     
         427  -3.4290448590979179     
         428  -4.0363789001062953     
         429  -6.0962682905212571     
         430  -5.7792758365340164     
         431  -6.3442999444716239     
         432  -9.9122370355021090     
         433  -7.1806600225425816     
         434  -7.1084149650185493     
         435  -7.1124002691070904     
         436  -5.3841010227266866     
         437  -7.8999637180935158     
         438  -7.5305351516999419     
         439  -8.5438845296542354     
         440  -9.1923044233956208     
         441  -10.526904874945703     
         442  -10.463063635524993     
         443  -6.6216717388025490     
         444  -8.8288585107065725     
         445  -8.2795901899287987     
         446  -8.5159849911830445     
         447  -10.085489335923587     
         448  -10.330798995538387     
         449  -9.8670887033218158     
         450  -9.7964812668203596     
         451  -10.211169353738146     
         452  -9.7384537032581839     
         453  -10.142106608884868     
         454  -11.348517932991834     
         455  -11.865414634626454     
         456  -10.484726878194779     
         457  -11.059338502870645     
         458  -10.557074351635926     
         459  -11.913349062546526     
         460  -8.5206796092003998     
         461  -9.5810674058517762     
         462  -8.1396284607187539     
         463  -7.2225784057421025     
         464  -8.1212374569394186     
         465  -7.4014131229114781     
         466  -6.7630317338890720     
         467  -10.848840602874510     
         468  -8.9543571952887362     
         469  -9.5970033075906578     
         470  -7.9301211212627374     
         471  -9.6942145503454462     
         472  -10.859819869735809     
         473  -8.7522622170739712     
         474  -6.2382135027900150     
         475  -5.9487358788018803     
         476  -6.3763414560636722     
         477  -9.6041122044840090     
         478  -9.0291462824016424     
         479  -8.6552353549594709     
         480  -10.189249793831241     
         481  -9.9537572749521921     
         482  -10.153050229835831     
         483  -10.432152346005312     
         484  -8.3030527089251720     
         485  -7.7304428050515899     
         486  -9.5049886791744242     
         487  -10.182436471490318     
         488  -9.6429271191546704     
         489  -8.9887206618662834     
         490  -10.502608690640665     
         491  -10.542228085597648     
         492  -8.2008781323994135     
         493  -5.9578230257624210     
         494  -8.2425973346169989     
         495  -8.1244046587092296     
         496  -8.8350138442856991     
         497  -8.6166298058974888     
         498  -9.3917307752585000     
         499  -8.4720055353098935     
         500  -6.8060021945874176     
         501  -7.8807103174138344     
         502  -7.6409213905829434     
         503  -5.9383822012246750     
         504  -6.1950828539054221     
         505  -7.5697440911107847     
         506  -9.2034751080826123     
         507  -8.3110903379914642     
         508  -9.5021059752213528     
         509  -7.9113823094729927     
         510  -9.5810978642544224     
         511  -11.004333615882240     
         512  -8.8278721733461598     
         513  -9.5705718445500558     
         514  -9.1221189311167503     
         515  -11.529645331571608     
         516  -11.766354748864057     
         517  -11.251328286866855     
         518  -8.7553241070655012     
         519  -10.299575466299006     
         520  -9.6065745156437838     
         521  -8.5839401513280897     
         522  -7.8397476518629690     
         523  -10.342367021134415     
         524  -11.103679933027898     
         525  -11.660976230972214     
         526  -11.807618426083586     
         527  -11.201170019893068     
         528  -11.341683670062205     
         529  -4.3744913365728717     
         530  -3.8943964301904934     
         531  -5.9586067659183293     
         532  -5.8834783177797156     
         533  -3.6739422547387792     
         534  -4.8323601511718923     
         535  -7.5926276477707537     
         536  -5.9041436630185373     
         537  -5.2409785059178997     
         538  -7.2109496085771747     
         539  -9.2394165618894011     
         540  -8.3536539147444913     
         541  -10.120850955265373     
         542  -9.5064443457308645     
         543  -8.6922223288557383     
         544  -8.8632186247837890     
         545  -6.3363120044499581     
         546  -5.8242638091283867     
         547  -6.8395726095387284     
         548  -8.9957596314316213     
         549  -9.6303569696881119     
         550  -10.239951715713072     
         551  -11.406195999326908     
         552  -11.938643970518219     
         553  -12.088313931126178     
         554  -11.007675736785545     
         555  -11.471489701308652     
         556  -9.9831113687282613     
         557  -9.1914173651045736     
         558  -10.547958218442419     
         559  -8.6530163407333713     
         560  -9.5708355153860740     
         561  -7.5099906980436080     
         562  -5.8315449169341314     
         563  -8.7939703860350491     
         564  -7.6093805224706887     
         565  -7.0179296697933893     
         566  -7.5092868305605815     
         567  -7.6691971275509250     
         568  -9.0643393951411984     
         569  -9.0707194240273221     
         570  -9.1559791455577173     
         571  -9.9275813376561501     
         572  -8.4759445638814430     
         573  -9.8931192328529001     
         574  -11.485326646227293     
         575  -9.5364344220405073     
         576  -9.3069622659145317     
         577  -9.6029587188863825     
         578  -10.131673664316338     
         579  -10.401024319774647     
         580  -13.279187068510279     
         581  -13.475892766877648     
         582  -13.162652365887245     
         583  -14.057776696563504     
         584  -14.893890894904695     
         585  -9.6706414883997240     
         586  -9.9936066668746317     
         587  -12.640834191217595     
         588  -11.573953134760663     
         589  -8.7175389724908481     
         590  -8.1053785932524907     
         591  -7.5157407345502216     
         592  -9.6953380503189699     
         593  -10.086767101514432     
         594  -10.389070365911557     
         595  -10.535686114638912     
         596  -9.7408242760245347     
         597  -6.2837302097120871     
         598  -7.5045829632052206     
         599  -8.8393758958219379     
         600  -8.5287237152543280     
         601  -12.012694250956690     
         602  -11.970883279457695     
         603  -15.584831738149170     
         604  -14.102491372980193     
         605  -14.355206098614351     
         606  -14.470395621019732     
         607  -12.565102654249504     
         608  -10.222121471946274     
         609  -13.696860408190528     
         610  -12.640078785821830     
         611  -10.574245917125197     
         612  -11.962791423469776     
         613  -11.752562750051355     
         614  -10.354100282187556     
         615  -11.243043514271733     
         616  -9.8977079221747566     
         617  -10.728968358378626     
         618  -10.220994338604484     
         619  -5.5623565198494296     
         620  -9.1249404075431713     
         621  -9.8515227639563818     
         622  -10.219082856160407     
         623  -9.5494152738187914     
         624  -9.2213945585898092     
         625  -10.902216782451745     
         626  -13.708948655568307     
         627  -11.460935332755996     
         628  -13.250845574306707     
         629  -12.778608240181303     
         630  -11.313772591226085     
         631  -12.729897906731296     
         632  -13.828219689278463     
         633  -12.741444694301384     
         634  -12.841391835777856     
         635  -8.9791379848305244     
         636  -8.4042177542921159     
         637  -8.0096251636120979     
         638  -10.374300354276933     
         639  -11.238290101351122     
         640  -10.534634280098047     
         641  -10.103750160261695     
         642  -7.4049652749428878     
         643  -9.9869447339540240     
         644  -9.7271233755823996     
         645  -9.4003399571308641     
         646  -7.8642190824440430     
         647  -8.3013607045997908     
         648  -6.8442162421756114     
         649  -9.8215281577397917     
         650  -10.539784626331047     
         651  -11.201717817685173     
         652  -11.496575658011741     
         653  -7.6320685338460885     
         654  -8.3065759677348776     
         655  -6.9520100749858749     
         656  -7.5649076270278162     
         657  -7.0995348716925717     
         658  -8.5817223729498391     
         659  -9.7534639249386803     
         660  -8.5597078963920978     
         661  -9.6048169894411437     
         662  -9.4937505360611656     
         663  -7.2463259294281439     
         664  -9.0599169176760022     
         665  -10.021128781597776     
         666  -9.7473986082276394     
         667  -8.6386227458046747     
         668  -9.4087525207557121     
         669  -9.7103481289213107     
         670  -10.754800278110174     
         671  -8.2375134939472314     
         672  -10.520006701834165     
         673  -12.659526310559349     
         674  -9.6151272682683366     
         675  -10.340954875291589     
         676  -12.145808439854337     
         677  -11.147036255408699     
         678  -10.890635202407084     
         679  -10.226636905891553     
         680  -11.591450862181512     
         681  -10.451268032542083     
         682  -8.8058489634090833     
         683  -6.6364688484447090     
         684  -8.3587198959817126     
         685  -6.2385106165916273     
         686  -5.2553956373617492     
         687  -5.4042811690716279     
         688  -4.3867765232695497     
         689  -4.2415669884106455     
         690  -5.2482338719505304     
         691  -7.0911157912301164     
         692  -7.3633167395049606     
         693  -6.9628160098232570     
         694  -8.4060328814750296     
         695  -9.0937768651236937     
         696  -7.3333171384355653     
         697  -5.9813443827480040     
         698  -5.8425182784215375     
         699  -7.0564105674881672     
         700  -3.7514658658274573     
         701  -5.8481150358268819     
         702  -5.4814704999434820     
         703  -4.9646279825950783     
         704  -9.0657968993173128     
         705  -8.0422136688869035     
         706  -7.0927058285144771     
         707  -5.5015281963344922     
         708  -7.6744933110476081     
         709  -7.6028928041612325     
         710  -4.9928543404770309     
         711  -5.9366428383471170     
         712  -4.8129421444636424     
         713  -6.6256555384278153     
         714  -7.1453164349747054     
         715  -7.8937093032999393     
         716  -7.8028222712711202     
         717  -6.3626176195150581     
         718  -5.2893799769036756     
         719  -3.5366127877572380     
         720  -4.2103177784739030     
         721  -3.8319270720311049     
         722  0.36404498835255850     
         723  0.90422801833018940     
         724   2.1350518401716378     
         725   3.0195369114260036     
         726   1.4631859584777795     
         727   2.8269416696567462     
         728   3.9206238672514728     
         729   4.4644555074765515     
         730 -0.18760994803123004     
         731  0.37511155347398106     
         732  -1.6513038820108239     
         733  -1.6786055036750789     
         734  -2.5273869148120580     
         735 -0.69478861102064404     
         736   1.4949235268385310     
         737  0.32643182964259454     
         738   8.5666978317369413E-002
         739  -1.4020781602615258     
         740  -3.4639082740503744     
         741  -3.9696115103776251     
         742  -5.6392678316661691     
         743  -4.7375193330717229     
         744  -4.6820366072217512     
         745  -5.3024060023073503     
         746  -3.1356868168706651     
         747  -1.5238820891207492     
         748  -1.4225823991316322     
         749 -0.49377128620124994     
         750  -2.7106738727016508     
         751  -1.0366267186087941     
         752  -2.0129991897991979     
         753  -1.0380658829207132     
         754  -2.8315345439459279     
         755  -2.5439332298025232     
         756  -2.5732741593469539     
         757  -1.8016794951591264     
         758  -1.0527772612658817     
         759  -1.0203524129833603     
         760  -5.1509225895528921E-002
         761   1.2747318204829847     
         762   3.2822406190957389     
         763   1.5430655745014834     
         764 -0.75400672365934795     
         765  0.87856408651066276     
         766  0.28780566652079426     
         767  -2.1624138115993174E-002
         768  0.59382144972777873     
         769 -0.76726029712982402     
         770  -1.7020055020689022     
         771  -2.6106430907569940     
         772  -1.5848853313529978     
         773 -0.57228120307457941     
         774  -1.3456542453130296     
         775   1.2550858855310874     
         776   1.4016251868178804     
         777   1.5438003712800428     
         778 -0.20072467505242275     
         779 -0.78465713698654316     
         780  0.54945044288088896     
         781   2.5075658848507237E-002
         782   4.0380438898791435E-002
         783  -1.4961759421792877     
         784  -3.5666840872486802     
         785  -2.8542814259506475     
         786  0.50378245600437865     
         787  -2.8694666551966002     
         788  -1.0276531073450719     
         789  -1.1646347691770846     
         790  -2.3185685092079211     
         791 -0.74189568906613190     
         792 -0.77897623523803916     
         793 -0.53211871057429239     
         794  -2.7455520676471861     
         795  0.21984743573646381     
         796   1.4121836302703064     
         797  0.80092394647324006     
         798   1.8711353862751656     
         799   1.2344242066636140     
         800 -0.13112659746565192     
         801   1.4005328172066320     
         802   1.2123893327355577     
         803 -0.60797679512771774     
         804  -1.4025428974070873     
         805  -4.3839016411327840     
         806  -1.4949432976478461     
         807  -2.9969958842762212     
         808  -4.1570731060280419     
         809  -5.0358155848122150     
         810  -8.6738330413356213     
         811  -7.8132465811427032     
         812  -4.7508536525777503     
         813  -6.4295577762051339     
         814  -7.2169100375875956     
         815  -7.4162347047400932     
         816  -5.9914838009572042     
         817  -5.1991587960510373     
         818  -7.7664942959783216     
         819  -7.9192982666264786     
         820  -9.5942693561520649     
         821  -9.0031190915242227     
         822  -9.3760247447947815     
         823  -9.0889943794836494     
         824  -5.2309204793994182     
         825  -4.0472671821634822     
         826  0.97096198522050314     
         827  -3.7071326182627842     
         828  -5.0611794741226985     
         829  -1.9463124870166510     
         830  -3.4838497733351788     
         831  -4.3150054726492142     
         832  -4.7557831743795766     
         833  -4.5378919744075157     
         834  -6.6608398909709914     
         835  -6.8249740080644212     
         836  -6.8675602099581807     
         837  -4.5480108271546840     
         838  -4.5679890466988713     
         839  -3.5499174162792957     
         840  -6.6638282927205177     
         841  -8.4396069227298387     
         842  -6.3233663334448220     
         843  -7.2679881893916196     
         844  -2.0487913042819432     
         845 -0.57565474269768724     
         846  -6.9682496768916726     
         847  -5.2135350471374275     
         848  -2.1001770544890666     
         849  -2.4795849669073151     
         850  0.26471252331100281     
         851   1.5382500791564344     
         852 -0.33495404714156563     
         853   5.1653843333548943E-002
         854  -2.8098989465937829     
         855  -3.3196537733652254     
         856  -3.5413012147777709     
         857  -1.9848380994677317     
         858  -2.1829008410322106     
         859  -2.7275835104822885     
         860  -4.6590785689941052     
         861  -6.0776282336905281     
         862  -4.5392679289155895     
         863  -4.8922879169570219     
         864  -2.4829134751089126     
         865  -3.8712623860359314     
         866  -3.2298610742002420     
         867  -2.9517982531084854     
         868  -2.6337585081587984     
         869  -3.7761021150308913     
         870  -2.6772990524712279     
         871  -4.0406902651317527     
         872  -4.9663113305837499     
         873  -5.9663259428616628     
         874  -5.0476055143787626     
         875  -5.2380337517530666     
         876  -6.2209117421351490     
         877  -5.9999605562653411     
         878  -4.9646959174591654     
         879  -3.5199791062294556     
         880  -2.7511173492012739     
         881  -2.9054481539832260     
         882  -1.4210451182034012     
         883  -4.1397621687797024     
         884  -5.0414899593299936     
         885  -4.7575229910885337     
         886  -2.9351051862177973     
         887  -2.2855477850361945     
         888  -2.6684543278686466     
         889  -5.6517005952944324     
         890  -4.5816494603417466     
         891  -1.9554310237304038     
         892  -2.2722716691904408     
         893  -3.0110452021341105     
         894  -5.5318272995599109     
         895  -5.2010305575257592     
         896  -6.7756554503201105     
         897  -7.0353387823324693     
         898  -5.8756949572508246     
         899  -5.5790799944145819     
         900  -7.8378317501331196     
         901  -7.2823676460110569     
         902  -4.3658972666278366     
         903  -5.4394700272211089     
         904  -5.4893099091344704     
         905  -5.5429090420116163     
         906  -4.0756072630198004     
         907  -4.2008333810024476     
         908  -4.3577599985196525     
         909  -5.7888707119329563     
         910  -2.9158321814470214     
         911  -4.7412348428071507     
         912  -5.9679691438995963     
         913  -4.3744544298189760     
         914  -4.8594749375414725     
         915  -5.3247443438472306     
         916  -5.6540705385146683     
         917  -5.2871525026572170     
         918  -3.7474099360268553     
         919  -5.9377325114259163     
         920  -7.4487961142962558     
         921  -6.9293531888263127     
         922  -5.4962986224842822     
         923  -5.2817798688119311     
         924  -6.6537885264297234     
         925  -6.9300077824852382     
         926  -4.7277747123266201     
         927  -5.4854937430234232     
         928  -6.0253214839111342     
         929  -6.3934273393103442     
         930  -6.1486770744506227     
         931  -5.3306562167333205     
         932  -3.8958297469005680     
         933  -1.9159540543058362     
         934  -1.9571582632116589     
         935  -1.6843070476023705     
         936  -2.8704053196962773     
         937  -2.3072954754799291     
         938 -0.78215595715952047     
         939  -1.3496219808958345     
         940  0.23776106010372677     
         941  -2.8177496978805285     
         942   1.3147593525796126     
         943  0.81196413340220319     
         944   5.1298967150306130E-002
         945  0.83955881340981642     
         946  0.63995890359212992     
         947 -0.49831226083029900     
         948   3.6609977159836351     
         949  -1.0471555560230046     
         950  -3.5028726767972014     
         951  -3.3759201529536802     
         952  -4.2740578454112121     
         953  -1.7189353647666739     
         954  -1.3207067194741942     
         955  -1.4941634733792704     
         956  -2.0771735187784204     
         957  -3.5344902621636560     
         958  -3.3907403559876990     
         959  -2.2494609356928734     
         960  -2.0033890402856196     
         961  -2.4897213411538064     
         962  -5.7853553045451145     
         963  -5.0294468267329746     
         964  -5.0038155375475402     
         965  -6.7490844534636354     
         966  -4.5063001858051948     
         967  -3.1015506994103168     
         968  -4.1829381072649001     
         969  -5.2839304123254101     
         970  -3.8684464489438337     
         971  -3.7242860997099325     
         972  -3.1922699437943960     
         973  -2.8116316371509020     
         974  -4.1623044342908315     
         975  -1.7326570600453743     
         976 -0.61195985443424084     
         977   3.0763521210487323     
         978   2.3055168540357420     
         979   1.1233171525291530     
         980   1.9498963293562217     
         981   2.6444504633151551     
         982  0.55372588283095070     
         983   2.0931455585011234     
         984   3.3349685969040426     
         985   6.9105085610278545     
         986   6.8540022665483198     
         987   3.7467897187925350     
         988   1.9485894617878610     
         989   7.6635141490123682E-002
         990 -0.67303056461569022     
         991  0.55461690799683494     
         992   2.4640456785061500     
         993   2.2885365317690476     
         994   3.9852600789059318     
         995   3.6972138441857694     
         996   1.8950581893283982     
         997   2.0738294900333512     
         998  0.90102484568471675     
         999  -1.1502807032642155     
        1000 -0.76877139820223683     
           1 -0.80479973444550157     
           2  -1.4595823247665467     
           3  -1.2976038836867776     
           4  -2.5675668532687972     
           5  -1.2306277925955771     
           6  -1.4644077350893834     
           7 -0.64391943808496266     
           8   7.7353742537862757E-002
           9  0.54980044306644427     
          10  -1.4122757962358403     
          11  -3.0262774092092162     
          12  -2.1411564994777450     
          13  -3.9615745238340110     
          14  -4.5596335345611676     
          15  -4.6217531196983028     
          16  -6.5757594345163692     
          17  -6.1595039905571474     
          18  -5.9222656814283638     
          19  -7.1331197500506116     
          20  -6.5706119842291182     
          21  -6.8857812038956716     
          22  -7.9634830046589844     
          23  -7.1313767730551634     
          24  -7.9946957349220611     
          25  -10.295457906213104     
          26  -8.9863431392322184     
          27  -10.799686102155592     
          28  -9.8147126806198841     
          29  -10.472682808812104     
          30  -9.8845368480790583     
          31  -9.7999126322069401     
          32  -7.8988993066080919     
          33  -7.8794824602163756     
          34  -7.3431116200119373     
          35  -7.7562515656349866     
          36  -7.1922275859171538     
          37  -8.8844637280431051     
          38  -9.5050965225308079     
          39  -7.8372706920949087     
          40  -5.2783325170289377     
          41  -5.1722246720066050     
          42  -5.0665374653045108     
          43  -5.8201764150096063     
          44  -5.2019414483840567     
          45  -7.2041581836767516     
          46  -7.1137136243772536     
          47  -8.5224328174570960     
          48  -6.8674576254321398     
          49  -7.5705590266334326     
          50  -8.7562656703903841     
          51  -8.0946854714193854     
          52  -7.9811517031361854     
          53  -7.7747335285095982     
          54  -5.2977920070448077     
          55  -4.1307398981739478     
          56  -4.3417742283931187     
          57  -2.1497075254224645     
          58  -3.0606059838532005     
          59  -3.1926951983536886     
          60  -2.6068450624658013     
          61  -1.4369406321577491     
          62  -1.9520173201600262     
          63  -1.3555953009516730     
          64  -3.5720380476299090     
          65  -4.3354763749779144     
          66  -7.3282205259879243     
          67  -7.4146664349667413     
          68  -6.7468160653766613     
          69  -8.9627161281100420     
          70  -9.6762211871301602     
          71  -7.4090378039656102     
          72  -8.9175561247854507     
          73  -7.4298501141846049     
          74  -6.0349658164999518     
          75  -4.6408466784987628     
          76  -5.0384939905569031     
          77  -4.6709607467015104     
          78  -6.6250237202170341     
          79  -7.4324807138167532     
          80  -8.1499495614388948     
          81  -6.8869268501420269     
          82  -8.3059879854491854     
          83  -10.496659567297421     
          84  -7.1867770475982367     
          85  -7.9467635901188158     
          86  -9.5095575822240281     
          87  -9.9170447151238577     
          88  -6.5290068770682037     
          89  -5.7081146796637583     
          90  -6.0012132307105439     
          91  -6.6465686098663923     
          92  -8.4996072418785111     
          93  -7.5458539774723139     
          94  -9.2441665244367890     
          95  -6.4675911947347862     
          96  -5.5248538345253069     
          97  -6.8265073448656839     
          98  -7.1634840925591607     
          99  -7.3966737129389841     
         100  -9.1232469911815208     
         101  -11.068716789099344     
         102  -11.650417273086875     
         103  -13.326059623794698     
         104  -10.467749881548128     
         105  -9.9416205461887888     
         106  -10.790681328412777     
         107  -11.456485957441584     
         108  -8.5024484655757462     
         109  -10.247912609454367     
         110  -9.7005289749827135     
         111  -10.414885694259812     
         112  -9.9363037848617548     
         113  -8.8377317220850848     
         114  -8.5820180654791436     
         115  -9.2717223463654506     
         116  -10.091030938409565     
         117  -9.4369768085353591     
         118  -8.5259521402036604     
         119  -10.053994958161351     
         120  -10.331914280203758     
         121  -10.132298857961096     
         122  -11.804679866622477     
         123  -12.505866197021621     
         124  -13.186178059310080     
         125  -14.001943140031626     
         126  -13.325748314144423     
         127  -12.930504878630925     
         128  -11.133837893203376     
         129  -9.9677165403122974     
         130  -9.5592538366884554     
         131  -9.2915016672797872     
         132  -11.540448538349988     
         133  -11.556423341028777     
         134  -10.830400816320338     
         135  -12.167801191725738     
         136  -11.456943722261334     
         137  -13.524882851044758     
         138  -12.654842212548349     
         139  -13.953400250917628     
         140  -14.054232582584389     
         141  -14.172844815741936     
         142  -14.771807845454182     
         143  -11.804491004979377     
         144  -11.437533387240443     
         145  -10.153707081859974     
         146  -8.0307766055672190     
         147  -10.920728997920795     
         148  -10.100949706970253     
         149  -11.517667185423210     
         150  -12.576763575012736     
         151  -9.5032651373456503     
         152  -7.3617117019582743     
         153  -6.8535753948411902     
         154  -8.4538004148062385     
         155  -9.3675030644490214     
         156  -6.2813209305657134     
         157  -8.5816242611258531     
         158  -6.8076050300295350     
         159  -9.0383146785150537     
         160  -9.3784611141750229     
         161  -9.2919720621989956     
         162  -8.9382633140189700     
         163  -9.8606849148932145     
         164  -10.829705747926567     
         165  -12.125892139038569     
         166  -10.859872633106971     
         167  -10.757866758931179     
         168  -9.9158705598708128     
         169  -8.5979511018704429     
         170  -8.4132694043490908     
         171  -10.743575942905339     
         172  -10.772735203181027     
         173  -8.4940090755735476     
         174  -8.0677000330448259     
         175  -6.0499662729597334     
         176  -8.4416675868448010     
         177  -6.9205330799512108     
         178  -5.8874174700624451     
         179  -6.4955585708564509     
         180  -6.7528943127336474     
         181  -9.4944989215552908     
         182  -7.9203651380341409     
         183  -6.0438738938442738     
         184  -6.3850786835074729     
         185  -7.2051189083232048     
         186  -3.2686846457559282     
         187  -4.4749687410599090     
         188  -7.2953708162552067     
         189  -7.0813353700198336     
         190  -8.4522190379767324     
         191  -8.3083890541792496     
         192  -7.8441923336713515     
         193  -5.5359045667196733     
         194  -5.4147877120267101     
         195  -6.8430804568082397     
         196  -4.0640691499778381     
         197  -5.9622328350695586     
         198  -5.6123729973676806     
         199  -6.7280408472854569     
         200  -7.5506830065241282     
         201  -7.1852074458950161     
         202  -10.949111042058412     
         203  -13.071755254766135     
         204  -12.660363190592335     
         205  -13.257202451493940     
         206  -12.319306544038801     
         207  -12.002077943575303     
         208  -11.876899276446707     
         209  -11.779710770840598     
         210  -12.123581339731764     
         211  -12.772785098963242     
         212  -11.840093513877010     
         213  -9.9856338642124243     
         214  -11.651441335677262     
         215  -10.019977632068642     
         216  -10.017055450160530     
         217  -11.165433155463454     
         218  -11.448413960098083     
         219  -13.538261256719338     
         220  -12.903924991900970     
         221  -12.614618452299162     
         222  -10.125591554961048     
         223  -11.268381422659537     
         224  -12.128711803359915     
         225  -11.595930945397068     
         226  -11.906728493808139     
         227  -13.335629422804951     
         228  -12.447954679919038     
         229  -11.171328022827332     
         230  -13.351252445634746     
         231  -13.523576809343163     
         232  -11.982246805069066     
         233  -11.691674014179913     
         234  -9.4695526325340165     
         235  -9.0167807696907740     
         236  -7.1022548636096730     
         237  -4.8619223081706595     
         238  -3.2705039000899161     
         239  -5.1765899524068981     
         240  -6.0804565518479530     
         241  -8.6205246504654252     
         242  -8.3387720702127073     
         243  -10.257837760784135     
         244  -11.684629941880203     
         245  -14.002494273457380     
         246  -12.849764004286531     
         247  -10.986600869476733     
         248  -11.834993993610302     
         249  -9.3197330250614581     
         250  -8.9566861802715447     
         251  -11.471481963033693     
         252  -11.258070858114149     
         253  -10.683254678208549     
         254  -8.9000053208452083     
         255  -12.646701843177706     
         256  -11.477244098106716     
         257  -12.102272248831325     
         258  -13.133899031128372     
         259  -10.030572604867150     
         260  -9.2007489192312519     
         261  -6.3770053510476163     
         262  -3.0228295139932095     
         263  -5.5266003966523618     
         264  -4.6541148581320400     
         265  -7.8690702240595805     
         266  -7.6558911950321118     
         267  -7.5230234995742578     
         268  -9.7192212733453349     
         269  -9.0172635703460280     
         270  -9.3594699632162452     
         271  -10.890620185766169     
         272  -11.565405189590081     
         273  -11.004349902240154     
         274  -12.248560590964761     
         275  -10.728937492334676     
         276  -9.5642654940497493     
         277  -10.578754506673171     
         278  -11.420411740220406     
         279  -8.6410421801483679     
         280  -5.8470063145685733     
         281  -6.7054388221102732     
         282  -8.8205842646332293     
         283  -8.8559360128101421     
         284  -10.570285288146929     
         285  -10.983822591828730     
         286  -9.5107226395814131     
         287  -10.590805330281096     
         288  -11.914275621326837     
         289  -11.613290103369632     
         290  -6.9232303960150610     
         291  -5.2866096464753554     
         292  -5.5233782768756727     
         293  -9.6047330685886454     
         294  -11.550881485656578     
         295  -10.244453663536364     
         296  -10.483481200247439     
         297  -5.8442780462291042     
         298  -6.1507337742007477     
         299  -7.8519424080171474     
         300  -11.053175472986736     
         301  -13.255199830340079     
         302  -12.672896404904046     
         303  -14.195047078572815     
         304  -14.289890596203097     
         305  -17.790601565722714     
         306  -19.276327387705681     
         307  -18.694538095646653     
         308  -18.272061009799579     
         309  -16.249244404809282     
         310  -14.848485020135943     
         311  -13.394037118896733     
         312  -11.467254969920333     
         313  -10.926625350936185     
         314  -9.6021305655147859     
         315  -6.7668680344897556     
         316  -3.3567687261121697     
         317  -2.9501691928420133     
         318  -6.4722773220796199     
         319  -8.4678014489622804     
         320  -7.2449838190613507     
         321  -8.0360609188286656     
         322  -9.0013124951847931     
         323  -9.2733245311142856     
         324  -10.187649640048903     
         325  -8.0473905620367940     
         326  -8.5841558598853176     
         327  -10.123037286036443     
         328  -10.200807264734651     
         329  -9.9678781061311259     
         330  -10.154398219839209     
         331  -10.405655006483402     
         332  -10.757477866201043     
         333  -12.518926360699046     
         334  -12.794381464400923     
         335  -12.633350898762838     
         336  -12.900249567179772     
         337  -12.467981878243650     
         338  -9.3446244868558495     
         339  -7.9471876366134975     
         340  -7.8429723598045697     
         341  -10.680560251424307     
         342  -12.360190204541174     
         343  -13.229535020819734     
         344  -10.479651722572978     
         345  -9.9679736461243831     
         346  -12.323236078749787     
         347  -11.470669293572721     
         348  -13.329813736745342     
         349  -14.325690179767449     
         350  -13.581420878435766     
         351  -11.884211925620265     
         352  -8.1366186872564068     
         353  -8.9398493356589324     
         354  -9.6275867987583563     
         355  -10.409196805146230     
         356  -8.9494212834002234     
         357  -9.9151104683479847     
         358  -8.9419521151556776     
         359  -11.310848172093886     
         360  -12.096938417390477     
         361  -12.220884952069573     
         362  -13.675250494683860     
         363  -13.767918512710157     
         364  -11.991108406895352     
         365  -14.108138010457679     
         366  -10.727985973760639     
         367  -11.071977314204565     
         368  -10.488799686444928     
         369  -8.6355580639060499     
         370  -8.1508194912560228     
         371  -8.8090966248507243     
         372  -11.450520374106736     
         373  -9.5157362532520917     
         374  -7.2966793548015048     
         375  -9.4170668969818152     
         376  -11.771257343892950     
         377  -12.162085837655070     
         378  -14.658135170737101     
         379  -14.334864369946935     
         380  -14.223752949750473     
         381  -14.582529894522709     
         382  -15.855271057657728     
         383  -16.131790531603983     
         384  -13.685618127858127     
         385  -9.0413159187370091     
         386  -10.495697818627624     
         387  -11.574942769406968     
         388  -13.478292386561028     
         389  -12.421765461894481     
         390  -12.828150584834917     
         391  -14.407982490594161     
         392  -17.008541484421237     
         393  -17.503165459798016     
         394  -14.901538816857542     
         395  -15.548986370975147     
         396  -15.585035471389784     
         397  -14.379867774625765     
         398  -16.587519352232210     
         399  -13.253432388197423     
         400  -10.267200358688587     
         401  -11.984610474198515     
         402  -11.352525404351322     
         403  -12.864177470248093     
         404  -12.533263123463600     
         405  -14.530413100696350     
         406  -11.501406836371292     
         407  -13.502555425789067     
         408  -14.469620923188607     
         409  -13.549252285058978     
         410  -13.734913145874241     
         411  -14.176463684910884     
         412  -14.813301080660679     
         413  -13.128837951021319     
         414  -15.112694943600442     
         415  -11.713561019309232     
         416  -12.331971591376256     
         417  -9.5448192561089051     
         418  -12.311650274218524     
         419  -14.324576540015746     
         420  -15.158979127055098     
         421  -13.218720030155492     
         422  -17.038248647801090     
         423  -17.272502343295390     
         424  -16.723690886893564     
         425  -16.659012590638508     
         426  -13.124818692795989     
         427  -14.203504074621559     
         428  -14.393737448414079     
         429  -13.996515093694082     
         430  -18.034332033403757     
         431  -18.491856039379368     
         432  -15.006061188680931     
         433  -12.452273248303515     
         434  -12.206847175936719     
         435  -11.887527770817755     
         436  -13.536507832404586     
         437  -13.723922659280165     
         438  -12.335587718209073     
         439  -14.393595215816930     
         440  -15.383351116365478     
         441  -16.776155960153453     
         442  -17.498453310544903     
         443  -18.489719010517160     
         444  -17.611922940396724     
         445  -19.844638104022053     
         446  -20.737614719281567     
         447  -18.894934581425080     
         448  -19.303360608675913     
         449  -19.571167767532529     
         450  -17.293920089056940     
         451  -16.499041334332226     
         452  -16.397423838673596     
         453  -18.163583719626288     
         454  -14.735916108246681     
         455  -15.445761607763290     
         456  -15.799785669278467     
         457  -16.025475754893282     
         458  -13.572456256588861     
         459  -13.433022632722036     
         460  -12.614038140020968     
         461  -14.895414182244908     
         462  -15.355383026536138     
         463  -10.200071905924124     
         464  -10.805815810907657     
         465  -13.171332467372764     
         466  -14.442016139766102     
         467  -15.303690179196217     
         468  -14.328360351095416     
         469  -16.088952186273861     
         470  -18.774823802294531     
         471  -17.936907279004949     
         472  -17.632711575757504     
         473  -15.243476028503519     
         474  -16.475646715040455     
         475  -17.601908527774757     
         476  -16.753304458783262     
         477  -17.905716056500697     
         478  -16.398887012302794     
         479  -15.999681734585403     
         480  -15.907888199063237     
         481  -13.967497509486682     
         482  -12.047624245864759     
         483  -9.3132509151752743     
         484  -12.144911590950684     
         485  -16.811843341523108     
         486  -15.899075563914471     
         487  -15.788461699803001     
         488  -14.553447867198891     
         489  -15.186835546626130     
         490  -15.034556764487004     
         491  -14.940246703774905     
         492  -15.956014787989163     
         493  -14.075977611070039     
         494  -16.959273718771172     
         495  -19.392563379352307     
         496  -20.164559465654836     
         497  -18.007534438402811     
         498  -17.910881190391702     
         499  -17.934175605734172     
         500  -19.457339628436792     
         501  -19.986818534883625     
         502  -19.717520270805867     
         503  -18.732142601387153     
         504  -15.533287928072005     
         505  -17.729248024951254     
         506  -16.378588934227633     
         507  -14.547117482711098     
         508  -14.191822547956287     
         509  -11.299624062734797     
         510  -12.763426629133825     
         511  -14.286653878860434     
         512  -16.184237571871304     
         513  -17.039870953041259     
         514  -15.776766820427831     
         515  -15.908438011522076     
         516  -14.691758862287957     
         517  -17.373244808022974     
         518  -15.059014247000480     
         519  -13.311852579574797     
         520  -9.8688390035392590     
         521  -8.6645844538507806     
         522  -11.728005404703154     
         523  -14.531880773446519     
         524  -9.0680686924481719     
         525  -11.504746668865474     
         526  -11.067070651015193     
         527  -12.497013336976224     
         528  -15.530438903024253     
         529  -15.480802071574374     
         530  -13.899828945032969     
         531  -12.057759190368611     
         532  -13.275822491744304     
         533  -14.720522698878355     
         534  -14.569366414872293     
         535  -14.393345675390206     
         536  -12.938970782958069     
         537  -12.982906121077232     
         538  -13.447830943099284     
         539  -14.137609277035594     
         540  -14.287881938518678     
         541  -11.214495065427940     
         542  -12.106830613756825     
         543  -11.963594479807822     
         544  -12.911889416356541     
         545  -14.094697010497635     
         546  -16.111295523003140     
         547  -14.804367892131218     
         548  -12.609613571992787     
         549  -11.889879872078318     
         550  -9.4844456117323546     
         551  -12.587794016572181     
         552  -12.344162747849591     
         553  -12.661447686318363     
         554  -11.506111773720560     
         555  -11.176791696718070     
         556  -11.192635823391042     
         557  -12.154821120493867     
         558  -9.2381721113555173     
         559  -9.2815101757313716     
         560  -10.664803591799586     
         561  -13.393188038191658     
         562  -11.579969987194449     
         563  -11.840248513522216     
         564  -12.641367433938772     
         565  -13.751881658622105     
         566  -14.184763179400694     
         567  -14.376046665574236     
         568  -11.570954063257354     
         569  -9.7275250674164742     
         570  -10.401767479284723     
         571  -10.743087614782059     
         572  -11.774034599907289     
         573  -14.010112652165397     
         574  -11.869687750874984     
         575  -12.913836726034869     
         576  -15.430531752834991     
         577  -14.676322976196003     
         578  -16.760185516440142     
         579  -17.360856132969850     
         580  -13.719128663705948     
         581  -11.957652301134761     
         582  -15.132410741931864     
         583  -18.097164478288299     
         584  -16.265817229134012     
         585  -16.845664280605163     
         586  -18.196842545499539     
         587  -15.575417863440562     
         588  -16.162805698199211     
         589  -17.064928188042956     
         590  -14.491570324350922     
         591  -16.884121776815356     
         592  -16.231687118319538     
         593  -17.239177774005295     
         594  -18.747747731252208     
         595  -18.722450984976977     
         596  -18.762448619819228     
         597  -16.289448034712922     
         598  -10.380132711412660     
         599  -13.160218968168920     
         600  -14.057906992448803     
         601  -17.229687992750993     
         602  -16.892516961210191     
         603  -17.241812323034193     
         604  -16.085280790241029     
         605  -14.875094298778052     
         606  -13.550614599365804     
         607  -13.447387741526654     
         608  -11.583640409116606     
         609  -13.324607023149751     
         610  -13.964405555466476     
         611  -15.954199961387335     
         612  -17.587871477085557     
         613  -16.804366624650569     
         614  -17.752201960501068     
         615  -16.890133507889029     
         616  -14.006663853590858     
         617  -15.297000535102546     
         618  -13.299181237951201     
         619  -13.181681885612102     
         620  -10.368724088034043     
         621  -10.288885535387699     
         622  -10.688743967154368     
         623  -9.6927670621912245     
         624  -12.378645021303528     
         625  -12.302392873547529     
         626  -11.793554182583302     
         627  -11.567511954915119     
         628  -10.437717985063308     
         629  -7.3607972333076184     
         630  -5.5686257954341079     
         631  -5.0393806667984142     
         632  -1.9907046872320913     
         633  -1.7520635404176785     
         634  -1.0514870581132092     
         635  -2.6482808000124964     
         636  -3.9330860831991199     
         637  -4.1167604765162569     
         638  -4.9316325226624249     
         639  -6.1172844383957869     
         640  -11.149437877501821     
         641  -13.431696427978244     
         642  -16.217569567386445     
         643  -17.428384698798144     
         644  -14.363318594196167     
         645  -13.268168252551495     
         646  -10.492793209870706     
         647  -11.140941091354332     
         648  -9.7142362102419924     
         649  -11.648594960192719     
         650  -10.656450719554508     
         651  -13.643602210630519     
         652  -13.558520625709052     
         653  -13.750380353062205     
         654  -14.439929191898507     
         655  -14.300173794993363     
         656  -14.320155744177040     
         657  -10.902635853684384     
         658  -9.3913452441879350     
         659  -9.9567700027225250     
         660  -8.9017697884562939     
         661  -14.087108333639161     
         662  -14.064771056859973     
         663  -12.460858733074287     
         664  -11.080728857384615     
         665  -10.747868873466615     
         666  -9.6672950344882391     
         667  -12.750840525450146     
         668  -15.097065447993213     
         669  -16.112360360683770     
         670  -16.591990166473551     
         671  -17.074382870640253     
         672  -16.072402979664915     
         673  -17.232402009857140     
         674  -18.727519976275474     
         675  -18.709063244659301     
         676  -17.664812870128248     
         677  -18.295989721667791     
         678  -18.611964552499010     
         679  -17.909432891582522     
         680  -17.219251311471499     
         681  -17.835163840356376     
         682  -16.982890615394627     
         683  -19.258952600522793     
         684  -18.329517500573736     
         685  -17.007973459732753     
         686  -18.812573245055066     
         687  -14.844800589843242     
         688  -14.858131671276018     
         689  -14.537384779719556     
         690  -14.436157891628314     
         691  -15.739620423859728     
         692  -14.360223629719179     
         693  -13.889017052106015     
         694  -13.027350126324826     
         695  -15.054599127968762     
         696  -14.068908675642266     
         697  -15.112798904406629     
         698  -13.692102275381561     
         699  -12.268322118406163     
         700  -13.217948174036014     
         701  -11.198979590226072     
         702  -14.148804290709331     
         703  -15.640680038621483     
         704  -14.439155055071316     
         705  -12.694379261371752     
         706  -13.988497873283386     
         707  -11.701016308727848     
         708  -10.910829461251868     
         709  -12.615009996878417     
         710  -11.510761560497345     
         711  -13.152515643122143     
         712  -13.692682250404060     
         713  -12.047595599423762     
         714  -11.914889778746383     
         715  -13.369339862998295     
         716  -11.744858108112462     
         717  -14.382573373009997     
         718  -12.977804515729851     
         719  -13.860488835461071     
         720  -14.869981903921614     
         721  -15.695651338218408     
         722  -15.901158278992375     
         723  -14.017296416889005     
         724  -13.495688606867432     
         725  -14.054537850559877     
         726  -14.350809372367737     
         727  -12.549325242299638     
         728  -9.7237560470319160     
         729  -7.1945712942791307     
         730  -7.9154606107952112     
         731  -8.8359186780128489     
         732  -8.1209706970059194     
         733  -6.4534488856559236     
         734  -10.018555135682281     
         735  -9.1719116759160730     
         736  -11.700578192005917     
         737  -10.535827593350291     
         738  -12.157274054312021     
         739  -12.182064108153947     
         740  -13.680658080904616     
         741  -12.652961386081969     
         742  -10.535089911000604     
         743  -12.091345516957006     
         744  -9.2574387565528955     
         745  -10.998502532316758     
         746  -11.401649327040529     
         747  -13.455568936864859     
         748  -15.073926887983552     
         749  -13.257966103480394     
         750  -12.571080010723650     
         751  -12.494435692096904     
         752  -10.490548111279990     
         753  -10.238943542259173     
         754  -8.1696607344185335     
         755  -5.8460812119214705     
         756  -7.3129727143204049     
         757  -10.740595640201665     
         758  -10.753286542662559     
         759  -10.910027379695798     
         760  -9.6766111972716242     
         761  -11.619863310865178     
         762  -10.587789135397106     
         763  -12.182263405867991     
         764  -10.221841062882071     
         765  -8.6930314892809140     
         766  -6.3088666555516948     
         767  -8.1963171848279703     
         768  -9.0488139628708204     
         769  -8.4554383830237612     
         770  -8.0878447562553184     
         771  -5.3607015078512372     
         772  -4.2476491050294287     
         773  -5.2758376382606933     
         774  -4.5242051478077316     
         775  -5.9233163989062696     
         776  -6.7186107035422911     
         777  -5.0235101640771456     
         778  -3.5492434863435918     
         779  -4.6134330312688547     
         780  -2.4898860726870140     
         781  -4.4381155453531260     
         782  -3.0329452283905622     
         783  -3.6591471556517985     
         784  -5.8261599474719006     
         785  -5.3917086942007435     
         786  -5.6389351506735101     
         787  -5.5902624901096329     
         788  -6.1752371176546390     
         789  -5.5844218278756692     
         790  -5.2269762980584575     
         791  -3.3425794157251891     
         792  -3.9203887758604550     
         793  -7.4301576538037564     
         794  -11.238462783511165     
         795  -13.094578998782794     
         796  -10.308063213113687     
         797  -11.758902507083624     
         798  -13.469274104978654     
         799  -14.267786156842776     
         800  -15.390112915214853     
         801  -16.065116381644106     
         802  -17.494617439540207     
         803  -16.126932711538327     
         804  -13.788349534115737     
         805  -15.745177703753322     
         806  -15.923958090576711     
         807  -15.499614078181459     
         808  -17.381417684272961     
         809  -17.616976314431479     
         810  -13.447971834989694     
         811  -13.654346783823843     
         812  -11.581752075014911     
         813  -11.903282930037118     
         814  -12.775658513631790     
         815  -16.641730736467348     
         816  -17.191419418927833     
         817  -17.179832930580325     
         818  -16.248508446262036     
         819  -15.567625395954479     
         820  -11.559936625301937     
         821  -11.809746508627809     
         822  -15.542116390318601     
         823  -12.615095525896059     
         824  -12.849403646713444     
         825  -12.715137949317603     
         826  -13.050851056750187     
         827  -16.414837263174139     
         828  -18.081503319257980     
         829  -17.480665443700602     
         830  -14.094033688884471     
         831  -10.571446379388334     
         832  -9.5013699300961356     
         833  -9.7416171990326941     
         834  -9.3983090695247746     
         835  -13.092302474482334     
         836  -16.653216300378098     
         837  -17.912290050213002     
         838  -16.056716008734909     
         839  -18.072080442508909     
         840  -15.911626500146603     
         841  -14.530920101119296     
         842  -15.645163273264561     
         843  -14.865539128608278     
         844  -14.942222634532422     
         845  -14.972510571428050     
         846  -15.685894559895804     
         847  -17.486087686245131     
         848  -17.705908733588593     
         849  -17.154438571070578     
         850  -15.054459456041050     
         851  -14.815908895190056     
         852  -13.994176132240003     
         853  -13.864134573941847     
         854  -13.837133626513218     
         855  -11.930871402939804     
         856  -14.240504475818270     
         857  -13.119166145804899     
         858  -13.520745353689881     
         859  -13.536085814613175     
         860  -13.935560497122346     
         861  -13.411480019099448     
         862  -15.796016139694510     
         863  -14.190514454304035     
         864  -13.502151684939600     
         865  -15.924423081804253     
         866  -17.084875737111222     
         867  -17.133670956842135     
         868  -15.409016038728637     
         869  -14.510031139688307     
         870  -12.797427148330222     
         871  -9.6402546069653230     
         872  -11.544599287243576     
         873  -11.476470919436201     
         874  -11.611190522335534     
         875  -12.713699417882019     
         876  -9.2368784738197398     
         877  -8.0246127984111482     
         878  -11.177247980406515     
         879  -12.482480760930429     
         880  -13.028073943831956     
         881  -13.992139431787976     
         882  -15.044602710591397     
         883  -14.935443284488841     
         884  -15.487300648142002     
         885  -14.829060318657175     
         886  -16.066899982439114     
         887  -16.665178782680357     
         888  -17.690727224901881     
         889  -17.644072368662052     
         890  -17.281673272134100     
         891  -16.472016951366871     
         892  -16.940505623456129     
         893  -19.606894933831423     
         894  -20.103338288211482     
         895  -18.558671681459124     
         896  -17.963658095020801     
         897  -16.431707639035370     
         898  -14.418138430997193     
         899  -14.973923188978514     
         900  -15.576888179402303     
         901  -15.654752796584837     
         902  -19.400208942614327     
         903  -18.273977124623634     
         904  -18.236381286759265     
         905  -17.581555260453989     
         906  -16.143045800407251     
         907  -14.806368027376925     
         908  -14.330739072380952     
         909  -15.544454426011360     
         910  -16.827404865917675     
         911  -14.993924754918529     
         912  -15.482720827326906     
         913  -15.294989906397413     
         914  -16.568871822594442     
         915  -15.758864304902959     
         916  -16.555556565623185     
         917  -18.015045422689496     
         918  -18.429009742331040     
         919  -18.918682794750147     
         920  -20.147971813893172     
         921  -18.334472037927494     
         922  -16.459359258248750     
         923  -18.573454736866530     
         924  -18.378127277846815     
         925  -15.708603952732858     
         926  -17.136057386133803     
         927  -15.901797896033166     
         928  -17.480934336671400     
         929  -19.737379839899084     
         930  -19.234062478744004     
         931  -19.086902000598101     
         932  -18.781961399139558     
         933  -18.467339082876691     
         934  -15.769243100111439     
         935  -18.384671503560728     
         936  -17.507499957658442     
         937  -18.985643451554001     
         938  -18.040595726983042     
         939  -16.178175906686363     
         940  -15.791007407333069     
         941  -13.836106390804122     
         942  -14.478307321373151     
         943  -13.217993482281667     
         944  -11.110805558410689     
         945  -12.940905379993591     
         946  -12.110426810755722     
         947  -14.026148644280426     
         948  -13.519389299779363     
         949  -13.827831676220008     
         950  -11.233097812315995     
         951  -9.2410025885732345     
         952  -13.014750064281298     
         953  -12.569059923842358     
         954  -11.864173751079854     
         955  -13.646599192660453     
         956  -13.393023581813406     
         957  -14.217872847144060     
         958  -12.682758978390241     
         959  -14.897933979940273     
         960  -16.220203689019620     
         961  -16.689558116959553     
         962  -16.603468667055992     
         963  -18.900026364422271     
         964  -19.975887594620765     
         965  -19.264279470520993     
         966  -21.690470822930330     
         967  -19.314856682294668     
         968  -18.455977943900294     
         969  -17.702972962816308     
         970  -17.674720510966008     
         971  -18.549312533395735     
         972  -19.389903956806329     
         973  -17.743441429294041     
         974  -14.041101496853731     
         975  -16.203760138883897     
         976  -16.194657994710841     
         977  -15.096469686923099     
         978  -16.353962586503023     
         979  -13.094687243350965     
         980  -11.923785793955680     
         981  -11.001413649053220     
         982  -10.005529516231650     
         983  -14.866430407765629     
         984  -14.748233085647483     
         985  -15.137353773713667     
         986  -14.328928489363140     
         987  -15.423860397541757     
         988  -15.151665870163761     
         989  -15.463556226215413     
         990  -17.769948437578019     
         991  -16.386978904797665     
         992  -15.350377705467762     
         993  -14.565444822493324     
         994  -17.450699753858689     
         995  -14.448674761630146     
         996  -14.404206997435024     
         997  -11.260046845632202     
         998  -13.042669883676881     
         999  -11.966368910299717     
        1000  -11.276133567949820     
           1 -0.22078089005958107     
           2  -1.5995792625128388E-002
           3 -0.77252116153410533     
           4  -1.0082762095776854     
           5  -2.0984729685100518     
           6  -3.0095461713697906     
           7  -2.5005194330885647     
           8  -4.6389201467595980     
           9  -5.3592777138342846     
          10  -4.1752762397688183     
          11  -4.5781471796837918     
          12  -4.6528688944484777     
          13  -4.7021326960455063     
          14  -5.5731999336868281     
          15  -5.1511087202925694     
          16  -7.6056593736598153     
          17  -6.1919947489504006     
          18  -6.4753072764186932     
          19  -5.0321094700199689     
          20  -4.3629937663079881     
          21  -4.0318612880353113     
          22  -2.4861958771770651     
          23  -5.3311304372412867     
          24  -7.0989436937146602     
          25  -6.6975740072017560     
          26  -9.5187400983857309     
          27  -12.791858501425848     
          28  -14.027461320295984     
          29  -14.735743699371955     
          30  -15.115077227652806     
          31  -12.861738305516639     
          32  -13.439303443046976     
          33  -11.940125120102977     
          34  -12.215919600786933     
          35  -12.382553578466585     
          36  -11.020973427275212     
          37  -12.722510426734843     
          38  -12.666331897544726     
          39  -13.699596961459745     
          40  -13.925862707011595     
          41  -14.294931908314769     
          42  -11.545488327708689     
          43  -14.143925926214951     
          44  -14.040161321582517     
          45  -14.599885206362792     
          46  -14.145043262721323     
          47  -14.843857377606952     
          48  -14.031406265389281     
          49  -15.028726018000166     
          50  -14.464461034533645     
          51  -11.784339858205810     
          52  -12.048809223428993     
          53  -11.976086183460518     
          54  -13.112576247851877     
          55  -15.275705227604183     
          56  -14.671581615685039     
          57  -14.654204382728452     
          58  -15.675865809044176     
          59  -16.418694379160829     
          60  -16.734712796384997     
          61  -15.450708245992594     
          62  -15.301285486857086     
          63  -10.957474647139239     
          64  -8.8599238742857676     
          65  -10.733523555213576     
          66  -10.967796351982585     
          67  -11.335829219454551     
          68  -11.324921949193579     
          69  -10.986278178046124     
          70  -10.095434193232871     
          71  -13.925418681090555     
          72  -11.789030066512439     
          73  -13.899359315131237     
          74  -14.487390389607050     
          75  -13.916235392140287     
          76  -13.638324067627204     
          77  -14.305661435212237     
          78  -12.320508012343456     
          79  -12.886519460200891     
          80  -9.6944727100904728     
          81  -10.572572969536353     
          82  -13.272484667305834     
          83  -15.274777561078771     
          84  -14.501646388355297     
          85  -13.802153125757279     
          86  -11.457313203180439     
          87  -13.010486845415185     
          88  -14.909455201426326     
          89  -12.111990722311448     
          90  -14.207683122656857     
          91  -16.750140190913939     
          92  -16.426423130051649     
          93  -16.761250168520920     
          94  -14.543332802252875     
          95  -13.701028445787680     
          96  -16.056834415654901     
          97  -14.067665385366411     
          98  -17.047620277091358     
          99  -16.999352124759383     
         100  -15.945505372451384     
         101  -15.253157148068402     
         102  -16.771875050091236     
         103  -15.997725478391821     
         104  -16.518008070162345     
         105  -16.959330246232440     
         106  -15.025337573531333     
         107  -15.650064084189488     
         108  -14.921239894231753     
         109  -15.240705699675363     
         110  -12.161985767158860     
         111  -14.037538830170138     
         112  -14.155008677368260     
         113  -11.311499151461526     
         114  -10.393211204362080     
         115  -10.276044708860599     
         116  -10.006455723393218     
         117  -11.964275403152532     
         118  -11.494582614665852     
         119  -11.485878660932389     
         120  -11.575000791490002     
         121  -10.733128092153233     
         122  -9.8399005085732387     
         123  -10.392306344985442     
         124  -11.722476205998799     
         125  -9.7220573905007548     
         126  -10.548171765425183     
         127  -11.802533565850153     
         128  -12.859365794734291     
         129  -12.684410411482723     
         130  -13.605791716500523     
         131  -13.757447402374188     
         132  -10.693214937175661     
         133  -9.8281884628684377     
         134  -9.0776183051960579     
         135  -10.686474143726862     
         136  -10.917476225085540     
         137  -11.185218888696696     
         138  -10.940801527577927     
         139  -12.475310400977051     
         140  -13.567674361701698     
         141  -13.476909625714224     
         142  -12.955710826671050     
         143  -10.760792899929184     
         144  -9.7069842917391984     
         145  -11.399494961203700     
         146  -12.505412295095427     
         147  -13.901440181191859     
         148  -16.458362653097627     
         149  -15.405766490450539     
         150  -13.341361885006913     
         151  -15.092610434843827     
         152  -16.617027356417452     
         153  -14.682749147234832     
         154  -15.394537047750886     
         155  -13.774837064237094     
         156  -11.832313283767702     
         157  -12.826630232968327     
         158  -14.154351791086961     
         159  -13.175105296732946     
         160  -12.760587726821669     
         161  -12.199277746138971     
         162  -12.014494087174105     
         163  -14.405274761823149     
         164  -16.420545197436450     
         165  -15.873133416755234     
         166  -16.310910039298776     
         167  -18.694334319592794     
         168  -19.922746129211315     
         169  -17.786288233931746     
         170  -16.879330473603893     
         171  -18.898248085988566     
         172  -18.239419634426284     
         173  -16.738311893126202     
         174  -15.944361883050366     
         175  -16.127293762641472     
         176  -15.603315285646946     
         177  -15.564976356860202     
         178  -13.513917584667135     
         179  -14.410999090688266     
         180  -12.080200724891631     
         181  -17.785652218912592     
         182  -16.104332585431980     
         183  -14.183928819996932     
         184  -15.508998807009023     
         185  -14.314813663702861     
         186  -13.750779243712236     
         187  -10.498044624799059     
         188  -8.5550948294830960     
         189  -12.285300512798774     
         190  -13.515777770635319     
         191  -14.310834326960169     
         192  -12.851847585304073     
         193  -16.876609322351840     
         194  -15.433595369301621     
         195  -14.142907080712689     
         196  -15.809033392925359     
         197  -13.611663463556777     
         198  -14.626506799679717     
         199  -14.427984236037604     
         200  -14.437235511730055     
         201  -17.101341322045496     
         202  -15.946928580571377     
         203  -13.920307981802006     
         204  -13.391154590774827     
         205  -14.726468784173221     
         206  -12.388592566686865     
         207  -14.627302262316185     
         208  -14.062579170375042     
         209  -14.127143155409316     
         210  -15.010495253060954     
         211  -13.974087167745161     
         212  -15.893354442594530     
         213  -15.665186526964506     
         214  -14.942345788301871     
         215  -12.709115266340834     
         216  -13.577891521046007     
         217  -12.770065275012925     
         218  -11.909504730650095     
         219  -9.4963807428767311     
         220  -9.3364011489844909     
         221  -11.683451319997362     
         222  -13.842858708524849     
         223  -12.064202551285176     
         224  -12.698594652677871     
         225  -14.094678476647882     
         226  -13.190201772848576     
         227  -13.671165303913126     
         228  -11.509897555901491     
         229  -10.187777770451360     
         230  -11.461730333889919     
         231  -12.526191521088254     
         232  -11.522710036183650     
         233  -13.862396255083754     
         234  -14.351925818227800     
         235  -14.845673251554206     
         236  -16.806126688347891     
         237  -15.498452940355921     
         238  -15.324503455308356     
         239  -13.445013455045412     
         240  -11.231417793509509     
         241  -8.2995169167893046     
         242  -3.0573956817822232     
         243  -4.4287320368259167     
         244  -6.4271284806943934     
         245  -10.223893845737182     
         246  -11.505382693542373     
         247  -7.0105595498316884     
         248  -12.760787255054634     
         249  -15.302310633071636     
         250  -13.714412540124565     
         251  -15.661149508912867     
         252  -14.176411154492330     
         253  -12.573289228503985     
         254  -12.630869506218168     
         255  -13.923717610674828     
         256  -15.744263173620427     
         257  -16.308417010813002     
         258  -15.398584883143769     
         259  -17.474634168823197     
         260  -16.834293724369623     
         261  -19.193488104123919     
         262  -19.303483811956443     
         263  -18.488505461270805     
         264  -18.173610136564673     
         265  -17.905461206815637     
         266  -15.728919868483219     
         267  -13.971575696722095     
         268  -12.553165178153829     
         269  -16.033826880671036     
         270  -15.645284108317624     
         271  -14.084863089101065     
         272  -15.786469735324079     
         273  -18.793451593903015     
         274  -15.394277676958042     
         275  -17.073555633702185     
         276  -15.486310272729698     
         277  -11.423496761108121     
         278  -9.6945722505955150     
         279  -12.983398688122360     
         280  -14.354554029405849     
         281  -17.979877188497351     
         282  -18.621832840579238     
         283  -17.780457931983687     
         284  -18.548751411253477     
         285  -18.565215176394176     
         286  -13.203186532393927     
         287  -12.246146459244301     
         288  -9.1014372837719648     
         289  -6.5346688033076070     
         290  -5.7112444664893411     
         291  -10.696151424165615     
         292  -10.479256562501265     
         293  -7.4994553767009080     
         294  -11.404856368760734     
         295  -11.076809976420195     
         296  -14.640252587494444     
         297  -14.015826129859253     
         298  -12.170709611869906     
         299  -13.256349165510997     
         300  -14.017773723771692     
         301  -15.552000139792927     
         302  -13.971465128430811     
         303  -14.342223219501166     
         304  -14.121330527855340     
         305  -14.983690496728089     
         306  -14.383488628209605     
         307  -11.982940497530212     
         308  -11.213858341992813     
         309  -12.011266270752335     
         310  -12.947636309746864     
         311  -10.677579388920966     
         312  -9.1413363948538215     
         313  -6.1039917213351691     
         314  -7.8039898207175051     
         315  -8.9978614453413996     
         316  -11.965896708760035     
         317  -11.238099358839436     
         318  -11.250765844814453     
         319  -14.377725941445672     
         320  -13.927696288510106     
         321  -14.556083272669827     
         322  -14.775386726381379     
         323  -13.470586962492964     
         324  -14.295534113599730     
         325  -15.829292842145357     
         326  -15.667049155377903     
         327  -16.010204066316039     
         328  -15.906517271498332     
         329  -18.566536685789771     
         330  -19.163718754472153     
         331  -17.488361201760743     
         332  -16.741028743043653     
         333  -10.189651934160203     
         334  -9.6395853636078854     
         335  -12.545876772356785     
         336  -13.208748219697306     
         337  -13.713901872327275     
         338  -13.440124538385643     
         339  -14.048520672317881     
         340  -17.042028390584882     
         341  -12.472483502875486     
         342  -13.165937360309446     
         343  -12.259251103906017     
         344  -9.8572862404585280     
         345  -12.910224096193154     
         346  -10.504452946343397     
         347  -10.467477402656685     
         348  -10.534788668205923     
         349  -14.312842566078327     
         350  -12.061643437906115     
         351  -9.4166437831166316     
         352  -12.011068354176475     
         353  -11.867446987013443     
         354  -14.451970784751170     
         355  -15.532006443367507     
         356  -14.468938716568704     
         357  -14.188568469021750     
         358  -15.086502939849558     
         359  -14.388633805287867     
         360  -12.262867638629638     
         361  -14.833589783530817     
         362  -16.360922256179347     
         363  -15.127635257163337     
         364  -14.630830007587777     
         365  -14.800523344656947     
         366  -14.778875773917010     
         367  -15.510717736679283     
         368  -16.370365835478246     
         369  -15.702198559486252     
         370  -14.843600159684025     
         371  -16.274853965678641     
         372  -13.680638732073135     
         373  -13.880777893575676     
         374  -12.151951736336544     
         375  -12.372041019514729     
         376  -15.459189129594279     
         377  -13.693097760031680     
         378  -17.085375810972636     
         379  -16.266980237825994     
         380  -13.013161327099841     
         381  -10.317586447724342     
         382  -9.2871843842113524     
         383  -11.027477948074084     
         384  -11.689411610751248     
         385  -12.545605740278717     
         386  -13.669587587605282     
         387  -13.210195841500999     
         388  -14.168312156463969     
         389  -15.082694663562105     
         390  -14.493156038602493     
         391  -14.162918746190638     
         392  -13.168355383153248     
         393  -14.448576855167882     
         394  -11.631865398106317     
         395  -13.616212775666170     
         396  -10.392222806058083     
         397  -13.719449232132627     
         398  -13.641989711282093     
         399  -13.499996803471339     
         400  -10.493659058383686     
         401  -12.187631847109120     
         402  -12.709894042155421     
         403  -13.612342622973522     
         404  -14.946885679281774     
         405  -15.814101814813828     
         406  -16.462931873370039     
         407  -16.718549003399868     
         408  -14.836768621099084     
         409  -15.510661680736140     
         410  -16.002963975645542     
         411  -17.160501897331816     
         412  -17.069874152362555     
         413  -14.029948766033757     
         414  -16.055072011421053     
         415  -17.195241614425246     
         416  -15.435773937836807     
         417  -13.812064128845506     
         418  -17.478147531417250     
         419  -15.117181329046240     
         420  -13.858759332447807     
         421  -14.745837711820272     
         422  -17.617922839376362     
         423  -18.585790765256416     
         424  -16.304272973431196     
         425  -17.470292400665130     
         426  -17.999732464531533     
         427  -18.656089977244033     
         428  -18.123946372854000     
         429  -14.759317340760049     
         430  -16.133658349259345     
         431  -18.179721401424814     
         432  -16.516184482805564     
         433  -16.139452164698007     
         434  -14.329967208672965     
         435  -15.766309506441802     
         436  -14.708693746437230     
         437  -11.013096082495066     
         438  -15.524243868371459     
         439  -14.491741113822016     
         440  -16.550691091825740     
         441  -15.802775998414273     
         442  -12.585263585259499     
         443  -10.237974828945999     
         444  -6.1394798256237664     
         445  -8.3570314188163675     
         446  -11.661802126342895     
         447  -16.454234452614866     
         448  -17.289884724699277     
         449  -16.278970131255594     
         450  -19.254263496385615     
         451  -21.433155561964590     
         452  -20.058642679093989     
         453  -19.401415724015404     
         454  -19.283915268114722     
         455  -17.589462215476214     
         456  -18.217178967587792     
         457  -16.913931901552953     
         458  -17.834064416675087     
         459  -13.570598069999537     
         460  -17.584350977509899     
         461  -16.374980669391039     
         462  -15.075181086168197     
         463  -15.749271693482399     
         464  -14.363966600758875     
         465  -16.478673202583032     
         466  -17.972461350499362     
         467  -20.000648375358910     
         468  -22.775274758664690     
         469  -22.824978828208312     
         470  -21.500879220454703     
         471  -18.839407713589239     
         472  -17.324054214578172     
         473  -16.631350620527584     
         474  -15.797758537201736     
         475  -18.884178662200945     
         476  -18.366709136285429     
         477  -17.242975213731473     
         478  -16.478976124557303     
         479  -18.132450094389561     
         480  -17.082975442400464     
         481  -20.112971566641676     
         482  -19.624589015046713     
         483  -17.857583495833957     
         484  -15.333109784543014     
         485  -18.228536532552415     
         486  -21.287899900646686     
         487  -19.215374422833836     
         488  -20.740063559769624     
         489  -23.107537605534098     
         490  -22.648051618474597     
         491  -24.768361165027869     
         492  -23.787449121570237     
         493  -21.414770668790609     
         494  -22.246799830680107     
         495  -21.482621117667826     
         496  -19.044706656987611     
         497  -20.895224701600775     
         498  -22.501499899668822     
         499  -16.899242542275356     
         500  -17.403162217197195     
         501  -19.783358096252925     
         502  -19.941735140340889     
         503  -15.807558529672683     
         504  -16.537574415104338     
         505  -17.462795116847602     
         506  -17.481949877524340     
         507  -18.115920170491467     
         508  -21.762399482616956     
         509  -22.133704896974219     
         510  -21.790797720258553     
         511  -20.962316875063390     
         512  -21.502110314014828     
         513  -23.073434842957710     
         514  -24.009695844939408     
         515  -24.673708269917817     
         516  -23.246031987637924     
         517  -23.080969258426848     
         518  -20.610447779922332     
         519  -19.290972764932725     
         520  -19.304666078798235     
         521  -19.969389760540590     
         522  -17.869813333400927     
         523  -22.077918712808668     
         524  -20.427937320763402     
         525  -25.629780499240880     
         526  -25.887973680020288     
         527  -24.562876756882112     
         528  -21.496806923573601     
         529  -20.077510603109221     
         530  -21.757389881397273     
         531  -22.334773936652635     
         532  -20.685791776203448     
         533  -22.639793790808096     
         534  -24.731797451255144     
         535  -21.961581649144144     
         536  -20.245295871922632     
         537  -21.433088739293694     
         538  -19.056810258005346     
         539  -21.816628206482321     
         540  -21.538758702298249     
         541  -20.661224132501054     
         542  -22.574624065082926     
         543  -23.378070876054160     
         544  -22.569552954781155     
         545  -21.407615208034326     
         546  -20.732885886655549     
         547  -19.875821370670305     
         548  -18.306655262336104     
         549  -20.173412240109478     
         550  -20.709845147218907     
         551  -19.722107214337090     
         552  -18.413797965167927     
         553  -16.412986145342344     
         554  -18.450298907712000     
         555  -20.871166184848956     
         556  -24.022427887312265     
         557  -23.124633466256906     
         558  -22.315181784845812     
         559  -19.364807701017558     
         560  -20.707039014921346     
         561  -19.121287465758371     
         562  -20.081154477464416     
         563  -17.764996668501258     
         564  -19.897990951779789     
         565  -17.266780526074577     
         566  -21.313690830984410     
         567  -19.941523046628038     
         568  -17.122291515875347     
         569  -16.316728684665048     
         570  -17.575507588610208     
         571  -20.099573196536976     
         572  -21.948254973517209     
         573  -22.313159567371034     
         574  -20.793427469920474     
         575  -20.805281881482315     
         576  -21.166150483658413     
         577  -21.736488518127551     
         578  -23.544618625170074     
         579  -22.755905101064275     
         580  -22.423843437257911     
         581  -21.772601813747826     
         582  -20.420280740542285     
         583  -17.489832559928338     
         584  -20.373360948119629     
         585  -22.257199567031744     
         586  -21.864981443409313     
         587  -20.229954764961978     
         588  -19.088395107900265     
         589  -22.239683224515442     
         590  -22.888771324317748     
         591  -21.660775602936319     
         592  -20.850175787054670     
         593  -19.070786599798435     
         594  -14.903547775852134     
         595  -17.560507515650883     
         596  -17.607150876384281     
         597  -18.473549346402542     
         598  -19.203697650935474     
         599  -19.822439538329764     
         600  -17.745223165718240     
         601  -14.765912683375133     
         602  -18.596338239474978     
         603  -15.960165785969515     
         604  -15.235997813535505     
         605  -12.590828368589179     
         606  -12.166411357480527     
         607  -8.9309444258817301     
         608  -17.065126341266101     
         609  -16.555227369625488     
         610  -14.688533006469736     
         611  -12.840594640263387     
         612  -15.431153690544317     
         613  -20.113352671267656     
         614  -20.201258933755081     
         615  -17.150528698214465     
         616  -18.086396466916767     
         617  -15.014930431786617     
         618  -18.521077162806709     
         619  -20.981609041282741     
         620  -23.219560498267334     
         621  -22.788272971355816     
         622  -23.689889187681814     
         623  -24.989045429087724     
         624  -24.125949298261954     
         625  -23.288675775533854     
         626  -22.383850410056894     
         627  -21.202674634558825     
         628  -22.391392860189217     
         629  -20.676504656873291     
         630  -21.014317707490108     
         631  -18.919175539295754     
         632  -18.415267774392639     
         633  -19.344155275454568     
         634  -19.463779924089099     
         635  -17.136034218587838     
         636  -16.742454392983351     
         637  -17.341853040551989     
         638  -18.903978847293896     
         639  -18.213240082143589     
         640  -16.331083235014404     
         641  -15.539488174702100     
         642  -16.640574050636104     
         643  -17.296886015821261     
         644  -19.203271538814182     
         645  -19.319724259961649     
         646  -19.473208971357671     
         647  -18.084852262905130     
         648  -20.311408317424785     
         649  -21.221164562249914     
         650  -22.782347813283245     
         651  -24.762900879373767     
         652  -23.262297616288055     
         653  -21.314708953635183     
         654  -21.969921439477744     
         655  -23.179620870341136     
         656  -22.636571637762625     
         657  -21.554819039662014     
         658  -24.191136811744549     
         659  -21.299501671897502     
         660  -22.692660051994384     
         661  -23.123774975429573     
         662  -20.608615366424793     
         663  -20.246944456208187     
         664  -17.665520851100606     
         665  -20.716559149794485     
         666  -20.483696112377565     
         667  -18.728280545705800     
         668  -20.404691793218138     
         669  -20.527243005995210     
         670  -19.298461701690915     
         671  -20.770125270582721     
         672  -24.040294734522003     
         673  -22.612188762058697     
         674  -20.806660712329546     
         675  -20.355232524529917     
         676  -18.638515073669634     
         677  -18.384064371375942     
         678  -17.479930865088139     
         679  -20.905785450634504     
         680  -22.277736559018003     
         681  -19.787260214670155     
         682  -20.981357684264275     
         683  -22.774291521886660     
         684  -24.594322034318370     
         685  -23.358703121931079     
         686  -23.512602538278578     
         687  -20.648164809019942     
         688  -17.240566358805061     
         689  -20.570920067813478     
         690  -20.914979471353185     
         691  -20.257842283583578     
         692  -18.998984099602652     
         693  -21.787903353675045     
         694  -20.565810569529457     
         695  -23.213575114214844     
         696  -23.147152364254392     
         697  -23.127006486336050     
         698  -23.210123948678323     
         699  -21.767681339693993     
         700  -22.906112177271400     
         701  -21.927637348657690     
         702  -21.529154812045448     
         703  -18.427611387264012     
         704  -19.264174952973573     
         705  -17.910093852175542     
         706  -15.971848012895606     
         707  -16.762078036774774     
         708  -18.412632384085356     
         709  -15.402899046492042     
         710  -16.986199189107744     
         711  -16.822826035087413     
         712  -21.637089064170105     
         713  -19.813697481399263     
         714  -19.144952294260381     
         715  -15.974500593293037     
         716  -17.025300042877156     
         717  -18.713566865705523     
         718  -18.455627032839793     
         719  -21.983620371265360     
         720  -23.258284391828113     
         721  -23.860498571983580     
         722  -22.856485027595355     
         723  -24.735885954656709     
         724  -22.427633425240913     
         725  -23.274649806778378     
         726  -22.271783322800449     
         727  -21.759688608673290     
         728  -18.716364826548322     
         729  -20.634790731918951     
         730  -20.598789809445069     
         731  -21.521614264089472     
         732  -19.582913481540654     
         733  -22.349559785307303     
         734  -19.158485922514021     
         735  -19.734541857743128     
         736  -17.856067271689707     
         737  -12.636167251112768     
         738  -16.278496423782414     
         739  -16.445634670856297     
         740  -16.441335815016778     
         741  -15.772679707736481     
         742  -15.278671964314031     
         743  -14.955030686585642     
         744  -14.916386833642253     
         745  -15.935087024763115     
         746  -18.920098438618624     
         747  -17.607926546911671     
         748  -16.776744621487172     
         749  -18.318072356648596     
         750  -14.527078382050201     
         751  -17.532464089788039     
         752  -18.297167794139718     
         753  -20.007098005666393     
         754  -19.926348747817972     
         755  -19.341615828191458     
         756  -15.664929160214214     
         757  -16.077020374553282     
         758  -20.231118427236321     
         759  -21.164819954433710     
         760  -20.224849925013260     
         761  -17.273206156809920     
         762  -17.443748330390573     
         763  -19.299729166444529     
         764  -18.952440081099752     
         765  -20.679868748673179     
         766  -16.652202606150762     
         767  -18.240631607987790     
         768  -18.460552537797781     
         769  -19.603189148978068     
         770  -19.806370294020642     
         771  -22.085090222084240     
         772  -21.237562375942272     
         773  -20.686015210609558     
         774  -18.240118302151686     
         775  -19.114713719291466     
         776  -20.375361393663752     
         777  -16.514663758112654     
         778  -18.789448786870594     
         779  -19.336196622150148     
         780  -20.231963710955313     
         781  -22.302119922863895     
         782  -21.624531496966359     
         783  -21.172383694994629     
         784  -22.616097496097460     
         785  -25.324073243090645     
         786  -25.929016894680458     
         787  -20.875593960724981     
         788  -18.875333562028253     
         789  -21.640109526641055     
         790  -23.701005610277619     
         791  -23.012385628433417     
         792  -20.837303453408900     
         793  -22.365440930629756     
         794  -20.380132547104274     
         795  -22.819073768314531     
         796  -22.933053725358924     
         797  -22.405362319147407     
         798  -24.423367419913568     
         799  -22.617054246913515     
         800  -21.757248291599733     
         801  -23.795299449805054     
         802  -24.045880566363039     
         803  -22.613199762314672     
         804  -19.164048434270867     
         805  -19.519156877661207     
         806  -18.597008108411302     
         807  -17.708365921444788     
         808  -16.956675082789026     
         809  -17.430273916098542     
         810  -13.278123356792564     
         811  -19.803057845713450     
         812  -21.017411997166420     
         813  -21.012362369080311     
         814  -20.768284231611283     
         815  -19.522833771182544     
         816  -21.283292333968781     
         817  -24.013057522445397     
         818  -23.185423077030226     
         819  -23.821876897772952     
         820  -25.147057592187188     
         821  -25.330367785887780     
         822  -22.535523344028157     
         823  -23.250311781036576     
         824  -21.439422489085871     
         825  -20.177632881358942     
         826  -17.548619064546532     
         827  -18.700023293319816     
         828  -16.007171164061294     
         829  -19.574193488069970     
         830  -18.108163982161457     
         831  -17.250870787956103     
         832  -17.465234429628445     
         833  -15.543935655237490     
         834  -16.733179678086767     
         835  -16.283406433131752     
         836  -15.956988381078158     
         837  -13.087659025181908     
         838  -14.943918018747933     
         839  -13.848561045757737     
         840  -16.065554909579184     
         841  -15.014875337345574     
         842  -18.062856062635650     
         843  -19.726386123642602     
         844  -19.443806771162226     
         845  -20.469908164886533     
         846  -19.091081788977377     
         847  -19.640718856720166     
         848  -20.669327152556278     
         849  -17.416654284825718     
         850  -19.986906106986567     
         851  -18.909708521374569     
         852  -20.491266325039156     
         853  -23.994150750698228     
         854  -24.073407537270548     
         855  -20.661567954500494     
         856  -18.723776888845059     
         857  -17.978650247497910     
         858  -19.657108132927494     
         859  -20.215491020259662     
         860  -21.802802579837437     
         861  -23.285995104362819     
         862  -24.695637227770906     
         863  -23.554613649563290     
         864  -23.285491159768771     
         865  -20.322467910585086     
         866  -18.732242146360612     
         867  -20.158037277311919     
         868  -22.146943500095759     
         869  -21.485941438381278     
         870  -20.497222415092928     
         871  -21.910744714794532     
         872  -22.157874043448238     
         873  -19.972903479951896     
         874  -21.608207144830676     
         875  -20.199566415772967     
         876  -19.032724744367371     
         877  -20.843042667501660     
         878  -22.884717933558303     
         879  -22.235059491263470     
         880  -23.435726420428832     
         881  -22.509641451181292     
         882  -21.239895440771761     
         883  -21.583443471746222     
         884  -22.072451397147304     
         885  -22.502429129845957     
         886  -24.090931520260483     
         887  -23.098558215105331     
         888  -23.766645160121744     
         889  -24.382722002807224     
         890  -25.849697259703781     
         891  -20.945833173369817     
         892  -21.853498271337791     
         893  -18.489919229205817     
         894  -18.334023821735990     
         895  -18.316933062411032     
         896  -19.940061252826144     
         897  -18.789450137558674     
         898  -20.042289650548788     
         899  -19.657054001549081     
         900  -16.334174682837407     
         901  -16.538664533342935     
         902  -14.606581556824551     
         903  -11.641481805205757     
         904  -16.067168934317326     
         905  -17.241285789766877     
         906  -18.663123601490469     
         907  -19.596246886490636     
         908  -19.243944546760282     
         909  -22.136469663854363     
         910  -19.726445446314113     
         911  -17.104146838218689     
         912  -18.697510936671037     
         913  -19.558563699154718     
         914  -18.606440335352534     
         915  -20.199744633485277     
         916  -22.183001644552235     
         917  -21.514453613296357     
         918  -21.248613972637358     
         919  -17.886579220217993     
         920  -16.797246324959360     
         921  -17.527549713166067     
         922  -22.222267830938666     
         923  -23.592030166249813     
         924  -23.827954144239065     
         925  -24.054946962767765     
         926  -21.724578045096962     
         927  -22.313608526512809     
         928  -22.245376598513655     
         929  -22.501363927843059     
         930  -21.683712278163870     
         931  -23.295424766495902     
         932  -21.684383750140814     
         933  -20.171095506325109     
         934  -20.300008173014703     
         935  -21.770056371407208     
         936  -19.488968248984101     
         937  -20.608254116740433     
         938  -18.610383090740918     
         939  -18.660603173198805     
         940  -17.614893455827300     
         941  -16.550591287602813     
         942  -20.671209256069886     
         943  -21.001687769306759     
         944  -22.763929490354425     
         945  -22.137340505049430     
         946  -21.548870262798442     
         947  -17.091598352603111     
         948  -20.518415333601055     
         949  -21.047843945882306     
         950  -23.429156264620858     
         951  -21.062571978105687     
         952  -19.800679353930867     
         953  -18.301940603911188     
         954  -19.796381179078345     
         955  -16.484585096009138     
         956  -19.669410635222828     
         957  -19.166712958719053     
         958  -20.901120861495698     
         959  -20.299350654018049     
         960  -22.135504340743747     
         961  -21.535392881684203     
         962  -18.885198373031969     
         963  -20.690059959435619     
         964  -18.295388305720447     
         965  -16.836033847013319     
         966  -17.742894377174466     
         967  -13.739687733238304     
         968  -15.532180792019414     
         969  -18.050470033150322     
         970  -16.536463754462329     
         971  -17.191087720016991     
         972  -18.546660476402046     
         973  -17.589354224233908     
         974  -21.962422932422083     
         975  -23.156435527177102     
         976  -23.070077527127619     
         977  -25.441264165482639     
         978  -24.597442365454359     
         979  -25.251153277647077     
         980  -25.267709374509131     
         981  -22.877498349405094     
         982  -22.936516994910143     
         983  -23.276156153469842     
         984  -20.281072855091637     
         985  -20.365707692222308     
         986  -21.421701603177326     
         987  -20.024587958254035     
         988  -20.645165801298759     
         989  -19.866606090684325     
         990  -19.979404742634163     
         991  -22.178975046688944     
         992  -25.189530717674401     
         993  -22.747445209034336     
         994  -24.008123320381141     
         995  -19.883050547055642     
         996  -20.284721090995340     
         997  -21.047574327664641     
         998  -20.410870149165735     
         999  -24.570822345475122     
        1000  -23.165525243526243     
           1 -0.41802181395315269     
           2  -1.0091708957427910     
           3  -1.9527007003517391     
           4  -3.6623368625782846     
           5  -5.6402362544672098     
           6  -7.1408892210125838     
           7  -6.1210565769802123     
           8  -5.4891983506732123     
           9  -6.7804645660536860     
          10  -8.8637058991352191     
          11  -7.6144147124392045     
          12  -9.0896101378267673     
          13  -10.557750473230760     
          14  -12.612718453655196     
          15  -12.346765172323483     
          16  -12.298032215926520     
          17  -11.742966335783873     
          18  -11.855387613012660     
          19  -8.4227338197823265     
          20  -9.4878785200377607     
          21  -8.0936364939610570     
          22  -12.383396370919289     
          23  -11.977686088698579     
          24  -12.771298674868273     
          25  -10.898192787953001     
          26  -12.456179719481256     
          27  -12.887274759850264     
          28  -13.434210724611056     
          29  -12.369535205383736     
          30  -13.057745058609086     
          31  -14.102691900656648     
          32  -13.965980193166226     
          33  -12.103594800638199     
          34  -13.045171446448093     
          35  -14.075105820147776     
          36  -11.491454629865416     
          37  -13.717776603087382     
          38  -14.138033248695821     
          39  -15.128077600921984     
          40  -15.262428205926799     
          41  -16.861420257994720     
          42  -18.291966439100023     
          43  -17.457455579006162     
          44  -18.791429278067742     
          45  -18.002281471939739     
          46  -17.768865733883199     
          47  -19.709930569569796     
          48  -20.443751980737265     
          49  -21.333003554779701     
          50  -19.982904467742326     
          51  -21.519520055290556     
          52  -18.720985557228701     
          53  -17.537616294376260     
          54  -19.049042683223330     
          55  -16.439686144442277     
          56  -18.439132926182914     
          57  -19.292998797994017     
          58  -18.274773670218263     
          59  -15.724042579399944     
          60  -12.447176072646355     
          61  -14.807523243787823     
          62  -19.493661939553256     
          63  -21.337656461776287     
          64  -20.202613342898665     
          65  -20.610708131732466     
          66  -20.262591035410868     
          67  -19.640719141857179     
          68  -18.684167664523532     
          69  -21.293596296273158     
          70  -21.638046829491611     
          71  -23.718924751756099     
          72  -24.430072047679456     
          73  -21.491466891116694     
          74  -20.411115250361831     
          75  -19.736613986870861     
          76  -19.648129660048209     
          77  -19.372939861010558     
          78  -21.880146188653363     
          79  -19.306912808815763     
          80  -20.432447367904949     
          81  -18.851321588606599     
          82  -19.613351420478232     
          83  -19.251625293014733     
          84  -15.868947665053529     
          85  -18.672405995573428     
          86  -18.211210361419841     
          87  -18.667871034352199     
          88  -16.660300295666090     
          89  -15.586960267983640     
          90  -12.975280668751264     
          91  -13.413131857219023     
          92  -18.266395118628495     
          93  -17.278796823024898     
          94  -16.508085970781604     
          95  -19.599540428219029     
          96  -22.540626146259321     
          97  -21.506542987968039     
          98  -21.411400083928950     
          99  -22.996377861313476     
         100  -21.429572695441728     
         101  -19.285408256148607     
         102  -19.759091038402687     
         103  -19.094188003054732     
         104  -16.448819678602824     
         105  -17.877449502194015     
         106  -18.113170636152994     
         107  -16.934160058726597     
         108  -15.104968345497493     
         109  -15.409440099458417     
         110  -15.281509277014379     
         111  -13.742028384386995     
         112  -15.837963392131000     
         113  -16.053887076154624     
         114  -17.806811156051499     
         115  -15.367813389286052     
         116  -17.460994627853982     
         117  -19.759805988134303     
         118  -22.285352495300586     
         119  -21.117476050580443     
         120  -18.216903871590652     
         121  -19.211293109059596     
         122  -17.814534140471824     
         123  -15.025674055575156     
         124  -16.138942874187030     
         125  -16.085759170765364     
         126  -15.995617309637183     
         127  -17.628926309510284     
         128  -19.629551975670818     
         129  -21.067870064435436     
         130  -19.421083956815519     
         131  -21.927565009216462     
         132  -21.074884595182354     
         133  -23.016038582485621     
         134  -23.572201052602839     
         135  -23.336408700787764     
         136  -21.850537016095121     
         137  -22.169264637752118     
         138  -19.997628563125474     
         139  -20.057652130829691     
         140  -19.335330414115411     
         141  -17.616663219413088     
         142  -19.591173963895216     
         143  -18.748968011830328     
         144  -18.780205768557558     
         145  -20.395339677315665     
         146  -20.489251154341652     
         147  -18.552987239690800     
         148  -19.637174238644363     
         149  -18.162010164192388     
         150  -17.317252737816474     
         151  -16.796438596992157     
         152  -18.571603800047114     
         153  -18.997517150394170     
         154  -18.076780401407770     
         155  -17.901555323982834     
         156  -16.171330596172545     
         157  -12.338751779064198     
         158  -12.167688745116651     
         159  -13.511853673872492     
         160  -13.662193444979136     
         161  -12.215898055508312     
         162  -13.819059464047436     
         163  -17.791715231859591     
         164  -18.062871941303520     
         165  -18.456123078417651     
         166  -17.622449995239574     
         167  -17.476712502723803     
         168  -17.874716605726711     
         169  -16.691156679518155     
         170  -16.277199460922233     
         171  -16.985678199327531     
         172  -13.874787887579746     
         173  -13.029170327070332     
         174  -15.538534830836504     
         175  -15.155884456285289     
         176  -14.444697329705015     
         177  -16.089772809782772     
         178  -16.746658924647832     
         179  -18.501835488428551     
         180  -19.876631217084793     
         181  -19.676837521313121     
         182  -18.388954985153465     
         183  -19.209903316013907     
         184  -20.183649552543049     
         185  -18.559067219713590     
         186  -20.099416019891883     
         187  -22.703684124436620     
         188  -21.734524109471447     
         189  -21.960002081323765     
         190  -18.831934341708656     
         191  -18.919032671558877     
         192  -19.727870961322630     
         193  -21.307822438018729     
         194  -23.796051915000742     
         195  -24.090101164768374     
         196  -23.348019466953332     
         197  -21.826980888670008     
         198  -22.489036758930798     
         199  -20.161197061308538     
         200  -17.754394118701548     
         201  -21.959378522076108     
         202  -23.331618971426188     
         203  -18.620899436856742     
         204  -18.831644180062220     
         205  -21.732236068385781     
         206  -19.921168871874009     
         207  -19.221748236277644     
         208  -21.128323236569578     
         209  -19.704625999717361     
         210  -17.989505613595842     
         211  -19.722747653857397     
         212  -17.870562846570238     
         213  -17.630706999711524     
         214  -20.325345673919774     
         215  -19.261169158837014     
         216  -16.211334323440205     
         217  -19.347213970214160     
         218  -20.180766590607526     
         219  -21.664384649033234     
         220  -18.278822414233399     
         221  -15.459773421044758     
         222  -18.771716480197711     
         223  -19.491013603772330     
         224  -20.148042469804853     
         225  -19.321208434077388     
         226  -19.361902825876477     
         227  -23.055160436912107     
         228  -21.998869964303715     
         229  -21.689013861885851     
         230  -22.297622931981056     
         231  -20.424544655923164     
         232  -20.214072282424056     
         233  -19.729488903803450     
         234  -21.805576804869681     
         235  -20.607084344420677     
         236  -19.580864071662482     
         237  -20.507213357130290     
         238  -20.187372500475835     
         239  -20.021792250833425     
         240  -21.611370105985067     
         241  -20.995198668467388     
         242  -22.425900749412975     
         243  -22.807670238555772     
         244  -22.585797302454100     
         245  -22.273815557935023     
         246  -21.023158693029504     
         247  -18.626724219567233     
         248  -19.795697056682588     
         249  -18.043503498090963     
         250  -19.002343091323063     
         251  -19.430599069480767     
         252  -18.777621023773222     
         253  -15.313405642892530     
         254  -17.034137165064852     
         255  -18.441439688543305     
         256  -17.194281426522018     
         257  -15.217953432508057     
         258  -18.522427706611957     
         259  -21.163622292811841     
         260  -20.274734998715672     
         261  -20.110997866762762     
         262  -18.581165593224696     
         263  -19.145226199588581     
         264  -21.775579847164948     
         265  -20.638666824056134     
         266  -18.847639899530925     
         267  -20.219901967288219     
         268  -22.604921309201256     
         269  -23.098930598524891     
         270  -21.679254860111094     
         271  -22.001280973557400     
         272  -19.475299184700358     
         273  -19.968826420123392     
         274  -20.629482906808654     
         275  -20.541480176277194     
         276  -21.694937824803517     
         277  -18.281545294881674     
         278  -18.642822043634197     
         279  -19.217376892001933     
         280  -16.609577686848205     
         281  -16.659123686847245     
         282  -18.705818667036464     
         283  -16.528045714228412     
         284  -19.566010861464271     
         285  -20.350144053311578     
         286  -17.345668013465151     
         287  -16.959954288515629     
         288  -20.465627361578168     
         289  -21.158715721761478     
         290  -19.904874949907175     
         291  -19.041592480391110     
         292  -19.473742751473644     
         293  -20.752016149244202     
         294  -22.135765076836350     
         295  -22.450164853270287     
         296  -21.850675363424738     
         297  -18.423712080064483     
         298  -20.802550592261138     
         299  -21.423335791383352     
         300  -21.133309644855249     
         301  -22.232000905837587     
         302  -21.455197972422766     
         303  -23.750889977612253     
         304  -19.123000659857336     
         305  -17.662938710166788     
         306  -18.208059832132570     
         307  -17.946748873425843     
         308  -21.842466768887515     
         309  -19.135225079511084     
         310  -19.269983663219094     
         311  -18.839120781026878     
         312  -18.789796719809601     
         313  -18.992475856772835     
         314  -20.722005930448951     
         315  -22.077775832460020     
         316  -20.386508751537072     
         317  -20.714146754767448     
         318  -22.308696018497514     
         319  -19.975597744100863     
         320  -19.380146560524199     
         321  -22.205640408840093     
         322  -22.339737931805477     
         323  -22.387959768030743     
         324  -23.739853163922675     
         325  -23.621617867450531     
         326  -22.284622201685991     
         327  -19.412786268753635     
         328  -16.545769400515823     
         329  -16.997150115647219     
         330  -18.147822891364008     
         331  -19.716081784769401     
         332  -20.849234485593161     
         333  -19.082655476314070     
         334  -20.026132217878008     
         335  -17.986135795640379     
         336  -17.268784461703852     
         337  -17.650181322306395     
         338  -19.238821223761249     
         339  -14.617306371812413     
         340  -17.349516362283445     
         341  -17.866885350622198     
         342  -14.996793617789455     
         343  -20.450788903432585     
         344  -22.095386311738924     
         345  -20.927081271517771     
         346  -22.609278796263990     
         347  -23.512065874848933     
         348  -22.784862958795649     
         349  -23.743969565797965     
         350  -21.899019498676349     
         351  -23.055604114470711     
         352  -23.892357107883178     
         353  -22.531094901833939     
         354  -20.841193757785842     
         355  -22.015644881471648     
         356  -18.829729128145832     
         357  -19.532283345370836     
         358  -14.625841765696286     
         359  -16.191061028566928     
         360  -17.252216458255234     
         361  -19.298637412471670     
         362  -21.593651906289711     
         363  -20.959436948665029     
         364  -21.376997692795964     
         365  -22.543001446255118     
         366  -22.186859589897566     
         367  -19.388428029861213     
         368  -19.336638774112366     
         369  -18.510202224328800     
         370  -19.388451130702897     
         371  -20.672091700662676     
         372  -16.554494425642027     
         373  -17.066793490246805     
         374  -16.532134693704123     
         375  -15.079686437126510     
         376  -12.534373901040402     
         377  -15.901212861412843     
         378  -16.462572121850666     
         379  -14.848647106934500     
         380  -15.890146561929811     
         381  -18.669522808865942     
         382  -17.347499821309004     
         383  -18.134251543898557     
         384  -18.013069505906575     
         385  -17.054638120701689     
         386  -17.093564405965736     
         387  -15.664829846831099     
         388  -14.867075718474446     
         389  -15.392084073461099     
         390  -14.752886399279733     
         391  -13.805159476299464     
         392  -13.232984107055605     
         393  -16.570212547883418     
         394  -16.341000861967554     
         395  -18.432208491843184     
         396  -16.927570234183694     
         397  -17.065646361346658     
         398  -14.687934932525007     
         399  -14.514559123616408     
         400  -12.696601389471267     
         401  -10.165653925967439     
         402  -11.335606826022241     
         403  -11.235869513244618     
         404  -9.8342841712815208     
         405  -11.829608851119684     
         406  -11.129067524107878     
         407  -10.592526175425157     
         408  -11.472623889119063     
         409  -8.0021374006874648     
         410  -9.5651798129732182     
         411  -11.327604315910135     
         412  -12.404250142243587     
         413  -13.747942274488366     
         414  -12.959251061677437     
         415  -12.278427616977169     
         416  -10.436208739623183     
         417  -9.9792328307871614     
         418  -11.829101306109131     
         419  -11.175086541093144     
         420  -12.826210708008734     
         421  -14.360173738360540     
         422  -13.373199461780182     
         423  -14.659237488318405     
         424  -13.467715965397781     
         425  -13.067705431985337     
         426  -14.546046850997381     
         427  -14.635983164388019     
         428  -13.908549698090280     
         429  -13.229662981559802     
         430  -13.691722469600373     
         431  -17.657338015749236     
         432  -17.676600630691425     
         433  -17.849292658167474     
         434  -16.834365076754722     
         435  -18.225556851507545     
         436  -19.204022409895277     
         437  -19.517749972217128     
         438  -17.984138071106365     
         439  -18.641535540979074     
         440  -19.564471668766316     
         441  -20.088185855504772     
         442  -17.061888356811782     
         443  -18.970399228522442     
         444  -20.274299543006151     
         445  -22.890083500538598     
         446  -25.010607169718529     
         447  -22.155981203958643     
         448  -23.943198758593127     
         449  -23.830993945777433     
         450  -24.399926263156981     
         451  -22.500490151058816     
         452  -19.738759473267947     
         453  -22.067736012963476     
         454  -21.914927138886512     
         455  -17.855424307993751     
         456  -16.688860437085310     
         457  -22.050208126493725     
         458  -24.449105271076554     
         459  -25.445143384102490     
         460  -24.102376985287322     
         461  -21.732843103981480     
         462  -22.044598941386315     
         463  -17.744274024936164     
         464  -20.158285307168125     
         465  -22.065802980993613     
         466  -23.513299176588021     
         467  -23.667291411369586     
         468  -21.568165222148057     
         469  -21.050964742075159     
         470  -22.852968926538633     
         471  -22.081749827022467     
         472  -24.732920116017233     
         473  -24.013195204217851     
         474  -22.204581017624946     
         475  -24.458672855296932     
         476  -21.234485281563920     
         477  -19.293326584536970     
         478  -17.654238215001328     
         479  -16.154155291650312     
         480  -15.267430005249459     
         481  -18.654791889004088     
         482  -18.966796325314334     
         483  -13.574589101918029     
         484  -17.397604861143069     
         485  -14.922049365827371     
         486  -14.857597722363391     
         487  -15.645440924756405     
         488  -12.612740048304779     
         489  -14.050061482112751     
         490  -13.905369919828463     
         491  -13.848036578237142     
         492  -14.231394597319049     
         493  -11.478859113917370     
         494  -15.219381207333008     
         495  -16.657938239731241     
         496  -13.252639884196157     
         497  -15.035363706563304     
         498  -14.289302342889387     
         499  -15.514453386858055     
         500  -18.544502667813720     
         501  -21.145479611225099     
         502  -19.953399214307620     
         503  -20.129755002519559     
         504  -18.454610943784875     
         505  -18.843669077556505     
         506  -18.187060454123799     
         507  -19.445483776434362     
         508  -19.881891572926492     
         509  -19.205390213693647     
         510  -19.349974537048130     
         511  -18.526206313505249     
         512  -18.723484972732830     
         513  -20.641758734745682     
         514  -21.613522350514483     
         515  -20.157703379112107     
         516  -22.982078649418273     
         517  -20.146729292732857     
         518  -21.082505516581111     
         519  -19.346328501602990     
         520  -20.319073467047360     
         521  -20.236405014378473     
         522  -21.052659793619828     
         523  -22.424720061743297     
         524  -21.648091171337533     
         525  -20.601735792689208     
         526  -19.106554079025532     
         527  -17.959074519985307     
         528  -20.440257415716403     
         529  -20.104190536497690     
         530  -17.576533065581543     
         531  -17.549947835244449     
         532  -18.283682324455761     
         533  -18.552560116500050     
         534  -19.833476408934171     
         535  -21.427286378975861     
         536  -22.096176897815990     
         537  -24.049590502775740     
         538  -24.132363331538915     
         539  -23.381436544773003     
         540  -21.123985027287787     
         541  -18.510602524372214     
         542  -18.786091797426380     
         543  -16.965420269746009     
         544  -18.993882727841704     
         545  -21.116015508159084     
         546  -19.356945778134435     
         547  -19.177999152341407     
         548  -19.187320450504970     
         549  -17.404062809529126     
         550  -18.099321278041973     
         551  -20.934606003702932     
         552  -20.260753667818285     
         553  -15.914249460139775     
         554  -19.621250141458376     
         555  -20.182294181990521     
         556  -19.555286111822149     
         557  -19.931889005833273     
         558  -21.317017957890229     
         559  -16.769452426703843     
         560  -17.055485578235242     
         561  -17.629937136717956     
         562  -16.392035175763425     
         563  -17.481707575374227     
         564  -16.272999971917766     
         565  -16.182229291091346     
         566  -18.712344360854054     
         567  -20.196801475768208     
         568  -21.300097827168070     
         569  -21.323869648833178     
         570  -19.478911481878267     
         571  -20.237867817344100     
         572  -20.920681021367386     
         573  -20.555941588328750     
         574  -20.968718368749730     
         575  -21.011449023604495     
         576  -20.429253375163583     
         577  -22.598392246970207     
         578  -22.441546249422842     
         579  -22.686193167595583     
         580  -20.710545988530402     
         581  -18.974006239194047     
         582  -17.457730934974919     
         583  -17.184501674545597     
         584  -19.370347107760523     
         585  -20.001006507740374     
         586  -19.924354310143418     
         587  -16.359899186128771     
         588  -16.205446168873596     
         589  -16.984962336727026     
         590  -20.671436582166375     
         591  -20.751197044591144     
         592  -19.673738823741044     
         593  -21.440990662979818     
         594  -22.543136302502397     
         595  -21.371186054795260     
         596  -22.521231852666979     
         597  -19.813144597707350     
         598  -21.118266613019127     
         599  -23.871036619903030     
         600  -22.221706083741442     
         601  -21.464360187965550     
         602  -20.826931312648600     
         603  -18.308080956196619     
         604  -16.587747252818389     
         605  -19.205870469605156     
         606  -18.718804235557172     
         607  -22.760399929745148     
         608  -22.131786389807381     
         609  -23.417354792620184     
         610  -23.812861486020275     
         611  -21.155981178468959     
         612  -21.268953274758186     
         613  -19.757367518647722     
         614  -20.423380658044969     
         615  -21.274414821581711     
         616  -19.676313956882687     
         617  -18.496170153569810     
         618  -19.917720024748512     
         619  -19.879810719541094     
         620  -20.182653625360157     
         621  -21.355914242458478     
         622  -20.786074793222134     
         623  -21.862929034312998     
         624  -20.306838602794478     
         625  -19.881091541833509     
         626  -22.175306352616893     
         627  -20.831405820203958     
         628  -23.353910158518506     
         629  -22.028916635059655     
         630  -21.032766249556555     
         631  -16.919459419440145     
         632  -17.740681623124054     
         633  -13.986150681856579     
         634  -15.858280583877672     
         635  -19.873934266441072     
         636  -23.559613149998782     
         637  -21.214852367225344     
         638  -20.549577799044599     
         639  -17.292455810208413     
         640  -18.727276153516286     
         641  -16.708116290932324     
         642  -16.014282338792864     
         643  -18.074183419224244     
         644  -15.456206596930196     
         645  -15.287384773755530     
         646  -18.814096111493775     
         647  -19.756849272055206     
         648  -18.522362829670485     
         649  -17.666175644384296     
         650  -16.835845810493520     
         651  -16.146409355879658     
         652  -15.663208979373364     
         653  -20.520440222434637     
         654  -20.421358723904884     
         655  -18.429785286548132     
         656  -18.027609125356495     
         657  -15.974158274386602     
         658  -18.863834172586554     
         659  -17.446379954550125     
         660  -18.772902592754978     
         661  -17.675057784329802     
         662  -13.689350813896736     
         663  -12.696519090704076     
         664  -15.678465292030483     
         665  -16.276122799800262     
         666  -17.623027827398751     
         667  -16.974438238965149     
         668  -15.773525636616881     
         669  -17.008365486545618     
         670  -20.292007500913215     
         671  -20.708775512933411     
         672  -17.864635293887389     
         673  -20.789929673642646     
         674  -20.281580991579801     
         675  -21.278678723260850     
         676  -24.409167407418117     
         677  -24.910772243456314     
         678  -24.299582822676996     
         679  -23.904572175978185     
         680  -23.490395774431612     
         681  -20.980068160192165     
         682  -22.539784048487441     
         683  -18.628982874649950     
         684  -20.395676554629173     
         685  -22.046943410499441     
         686  -20.588536230629426     
         687  -18.905180465888346     
         688  -18.770956022118064     
         689  -17.702271612130531     
         690  -17.876860751272247     
         691  -19.103838303472394     
         692  -18.248683689404857     
         693  -21.068925685830774     
         694  -21.863493654140068     
         695  -21.395119161756785     
         696  -23.189418917694663     
         697  -24.972901518134272     
         698  -22.921046657435848     
         699  -23.130398683235246     
         700  -21.919489679851274     
         701  -21.595276471120883     
         702  -21.368301765646830     
         703  -21.741820761791146     
         704  -21.054731988703765     
         705  -22.926289761037957     
         706  -20.879393133530233     
         707  -20.686930389188880     
         708  -17.041927520570283     
         709  -18.009141808253826     
         710  -18.667519520072943     
         711  -20.472321209011753     
         712  -19.456402463243393     
         713  -19.537036160447897     
         714  -17.671119832787078     
         715  -18.641501012469607     
         716  -20.299778699256159     
         717  -20.060624252217615     
         718  -18.339914209977863     
         719  -19.456315986714536     
         720  -18.928757568430381     
         721  -17.059611829970724     
         722  -18.350357250458060     
         723  -19.171782139065318     
         724  -19.289589854036212     
         725  -20.511891122873145     
         726  -19.325686988299566     
         727  -20.500271752670251     
         728  -19.657409698823908     
         729  -19.178845199169668     
         730  -20.863016527437466     
         731  -21.841603534684285     
         732  -21.882551992199083     
         733  -21.798150006864873     
         734  -20.715365856256849     
         735  -20.790214046161232     
         736  -21.505407472491697     
         737  -22.371733844827187     
         738  -18.992244622964499     
         739  -20.977881467238060     
         740  -22.517415528177544     
         741  -24.683601220031136     
         742  -25.397177536279237     
         743  -24.191828511141686     
         744  -23.442329905054475     
         745  -23.263450749478174     
         746  -19.440738273515393     
         747  -21.433468581378307     
         748  -17.671937130596170     
         749  -17.068605470492464     
         750  -18.060063134645624     
         751  -17.647507109243261     
         752  -17.721493349160589     
         753  -18.435239394554213     
         754  -16.980398166890996     
         755  -18.320025761627122     
         756  -16.019437949590337     
         757  -17.543748293115115     
         758  -17.065127287889190     
         759  -16.457247023397841     
         760  -16.126355103734653     
         761  -16.593713598124349     
         762  -17.619259009326495     
         763  -17.464313683724395     
         764  -14.518296837577793     
         765  -16.369577101463548     
         766  -16.720055891356285     
         767  -14.007020933729969     
         768  -14.215291081584111     
         769  -18.292576927705142     
         770  -19.002195757069742     
         771  -20.111784083680956     
         772  -18.693035953821717     
         773  -18.155191092313217     
         774  -19.363429495824548     
         775  -17.931488736853929     
         776  -19.171146170728253     
         777  -16.309098421292468     
         778  -17.632490549759378     
         779  -17.993646512698426     
         780  -15.894389587772043     
         781  -14.067362369838282     
         782  -15.231545131468334     
         783  -10.900661726826865     
         784  -12.104690329911007     
         785  -12.279837664114604     
         786  -13.519997490177007     
         787  -16.567763720746193     
         788  -17.268611443437781     
         789  -17.056907335566539     
         790  -18.679402706953791     
         791  -17.970639156415388     
         792  -15.570233497887150     
         793  -15.226997712442907     
         794  -18.354296224469572     
         795  -18.088636302102152     
         796  -18.687504542697503     
         797  -19.833660678775548     
         798  -18.373680646899313     
         799  -13.974619365174886     
         800  -15.805026798826251     
         801  -14.734799893745887     
         802  -13.745792834174988     
         803  -15.533098524427306     
         804  -15.409634216149376     
         805  -15.043065832930022     
         806  -14.943286212797700     
         807  -15.345628766263333     
         808  -13.681195404585244     
         809  -17.568657189067103     
         810  -17.420179855066067     
         811  -15.606465728273458     
         812  -16.721639502702331     
         813  -14.084040719462671     
         814  -16.701066505806999     
         815  -15.760319464027809     
         816  -14.814960497177589     
         817  -16.377632483608526     
         818  -16.362656130383350     
         819  -19.888917026634740     
         820  -17.378158951734608     
         821  -18.408357943868300     
         822  -17.431334082393796     
         823  -19.347556847775557     
         824  -14.539518527427701     
         825  -13.870016689134347     
         826  -14.614605762728107     
         827  -18.405525031994539     
         828  -13.482453812096185     
         829  -15.268520510710280     
         830  -17.016323375555896     
         831  -17.968673084429685     
         832  -20.304424412994880     
         833  -20.681763221262074     
         834  -21.884796559572777     
         835  -23.015575829889912     
         836  -22.658621214456495     
         837  -20.538166069173023     
         838  -21.968105899181666     
         839  -23.117413559405513     
         840  -23.911040127709711     
         841  -22.058260281368703     
         842  -22.443798819294450     
         843  -23.204213023466711     
         844  -19.670346478300111     
         845  -19.094806195899896     
         846  -19.434181933783716     
         847  -18.642059185372972     
         848  -15.979074985559578     
         849  -16.317449064046038     
         850  -15.037632425027244     
         851  -15.687379006741180     
         852  -19.409422619310352     
         853  -18.316162536773209     
         854  -18.364396841157426     
         855  -16.656133838509831     
         856  -16.644730223393982     
         857  -15.368467908234972     
         858  -16.132648477417245     
         859  -17.208960175313244     
         860  -13.917898421973707     
         861  -12.962592651753805     
         862  -15.147316324408834     
         863  -16.925604960511993     
         864  -20.535864871740966     
         865  -21.870561138114063     
         866  -18.224156828066647     
         867  -18.959552576128683     
         868  -20.920385742247042     
         869  -21.149315536566235     
         870  -22.066624658310531     
         871  -20.564741789069089     
         872  -17.851335484354031     
         873  -16.172434171781397     
         874  -14.706382413432605     
         875  -16.070910566094547     
         876  -15.159427041819749     
         877  -14.336079841557623     
         878  -17.681021642185961     
         879  -19.988937632256299     
         880  -19.650801791991835     
         881  -22.184311152223323     
         882  -24.920185899536136     
         883  -22.867825507385430     
         884  -22.926824450655587     
         885  -20.544656599630937     
         886  -21.740437661853452     
         887  -20.557272556359756     
         888  -22.420078159996773     
         889  -22.865479055596460     
         890  -23.386488885692575     
         891  -21.376598973068106     
         892  -20.440120236114716     
         893  -19.738986872060018     
         894  -20.570869638570500     
         895  -18.848467144540798     
         896  -17.611054033786928     
         897  -18.547482259305795     
         898  -19.948086196075195     
         899  -21.926612263067511     
         900  -19.272791096480930     
         901  -21.929299089400356     
         902  -20.896505577298608     
         903  -20.211262556070409     
         904  -22.448114656643753     
         905  -21.032878141396221     
         906  -20.180727974661057     
         907  -19.649571044868509     
         908  -20.550600144810840     
         909  -20.015781732595460     
         910  -18.515379385286980     
         911  -18.929664010845855     
         912  -18.341029043350410     
         913  -18.390660946103509     
         914  -20.265524916949943     
         915  -19.751248038317257     
         916  -19.519751080306467     
         917  -16.483430210112132     
         918  -16.088750253144809     
         919  -19.249309660055978     
         920  -15.260659244467565     
         921  -15.177192891334366     
         922  -14.960612613996670     
         923  -18.439510199505126     
         924  -18.202106798013688     
         925  -19.741803975207127     
         926  -20.182539912761232     
         927  -22.692101660618849     
         928  -22.480193416752677     
         929  -22.516368351089465     
         930  -22.283392098588823     
         931  -23.078502246142161     
         932  -22.997956553171761     
         933  -21.503340276109313     
         934  -22.535914151715698     
         935  -24.725721329663198     
         936  -23.602154522176235     
         937  -17.494583185485578     
         938  -20.204275194934521     
         939  -22.667122854484766     
         940  -22.035934322769386     
         941  -20.421961329687228     
         942  -20.275870000314789     
         943  -19.819627110225216     
         944  -20.395302606107791     
         945  -20.668379408555701     
         946  -22.797070815252667     
         947  -21.070176620622419     
         948  -23.425071149245909     
         949  -23.025104889952708     
         950  -22.698677688781967     
         951  -22.851168865084961     
         952  -18.265088281761876     
         953  -14.767619338975253     
         954  -15.156518296737742     
         955  -14.196241368087414     
         956  -13.638009515545910     
         957  -18.907824811953500     
         958  -17.325579668684970     
         959  -18.882370635982166     
         960  -21.693784621989810     
         961  -23.534315449658919     
         962  -23.033655614662322     
         963  -22.116153734451668     
         964  -19.441900343966431     
         965  -20.921560586924496     
         966  -19.990297804430924     
         967  -22.103144987533408     
         968  -22.061684431270159     
         969  -22.263083797617259     
         970  -20.347320278132674     
         971  -21.593936222611976     
         972  -21.608818482318849     
         973  -21.743685307069107     
         974  -20.473570011240909     
         975  -20.522934829382983     
         976  -20.391880178273404     
         977  -20.279750660173853     
         978  -19.943019821171546     
         979  -22.203830707532312     
         980  -21.787118763682500     
         981  -22.597388150431350     
         982  -23.815703310106439     
         983  -22.306704033175276     
         984  -21.331749905429700     
         985  -21.361246879632500     
         986  -19.153002970117058     
         987  -21.047814055239872     
         988  -20.719556209026120     
         989  -19.344463951926503     
         990  -18.521744301959895     
         991  -18.456134186148425     
         992  -19.867920044186576     
         993  -19.921564381350038     
         994  -18.744055360877862     
         995  -15.848815846349542     
         996  -17.276286244811804     
         997  -18.716607406462469     
         998  -17.418879722818414     
         999  -17.980524975996772     
        1000  -17.191908677974236     
