           0  0.19592686713918045       0.20071000273769643       0.20562093647618371       0.21411884818400798       0.21961439564831087       0.22793125675153861       0.23345418316747407       0.24277539292003850       0.25656882420985333       0.26585065453597101       0.27364544068458957       0.28991117065344973       0.30233107721570918       0.31494157840988229       0.33004462362079473       0.34704857578709813       0.36580301211386429       0.38554718932940851       0.41157613192624753       0.43318133328396929       0.47007960492738193       0.50037377094787105       0.53574626266231251       0.58116015792653697       0.63077056911610874       0.68436564618930928       0.75938253378562159       0.84079582766533245       0.92691273373443461        1.0348413860003853        1.1534486589021233        1.2858549790742997        1.4479543141310198        1.6275549386972050        1.8165036528791336        2.0227176653933423        2.2251794671902583        2.4336527620800319        2.6345695997858152        2.8509121703354934        3.0449341499224141        3.2407816574574997        3.4254854234863825        3.6116169833399598        3.7811322265333036        3.9540281769417978        4.1412474031118283        4.3117222138290696        4.4788817878805816        4.6531305343150011        4.8225700882239968        1.2613286414004652E-003   1.5222003600624486E-003   1.9850576543219366E-003   1.5533115012082866E-003   1.2957904802615064E-003   1.8696763721652745E-003   1.5734797099713584E-003   1.3769388630431216E-003   2.0139664036023745E-003   1.3739864930169055E-003   2.7738151421632718E-003   2.0814883153325464E-003   1.9635581701944143E-003   1.5554018736656048E-003   2.2268859602788838E-003   2.6511257508984379E-003   2.9421172856742396E-003   2.2113879124697391E-003   3.1101532174534073E-003   2.4121877438677180E-003   5.3513484185451141E-003   2.8624617532942713E-003   2.9154715545531644E-003   3.3947193325955310E-003   2.8765515899763757E-003   3.6145801532903171E-003   4.8499641391901663E-003   6.4805614572090286E-003   4.7154328014971676E-003   4.6240438712458736E-003   4.5335041036755445E-003   4.5942610102694117E-003   5.5122107600325812E-003   7.6030885926230514E-003   5.8178295519499355E-003   8.8111152216607969E-003   7.9972494560941691E-003   8.8406601307401845E-003   6.9645197931960459E-003   7.4958945361882729E-003   6.6182465583327996E-003   9.3344998621570224E-003   8.4290514424151444E-003   8.9585095951875259E-003   1.0692211685279627E-002   8.4313098602482664E-003   7.4563891694549777E-003   7.0178684179601396E-003   5.6334691799198493E-003   8.3298116621435166E-003   7.9473160862795281E-003
           1   3.6753304871438276E-002   3.8935811129632493E-002   4.1313722202523537E-002   4.1851752496327742E-002   4.5285449963487927E-002   4.9555966982000661E-002   5.1444590965551720E-002   5.7007610118950378E-002   6.1481353077030412E-002   6.6338310450575547E-002   7.0215949373605341E-002   7.7343724464179767E-002   8.3571794067115290E-002   9.1208463354571764E-002   9.8836878569432046E-002  0.10595805581588284       0.11725984441862300       0.13411582635069869       0.14707439569941735       0.16257209329587818       0.18194599814672571       0.20798472118973715       0.23932016840417802       0.26820082708273157       0.30503840684659561       0.35798618074858196       0.41401597677674512       0.48926714945658928       0.57516239529613611       0.66985255021029200       0.79122090416262902       0.93084500364874845        1.0991484628496211        1.2875878793067583        1.4927931757137531        1.7210843768071458        1.9409778412988343        2.1778711269349755        2.4038377681570662        2.6387022626559595        2.8594790195844491        3.0793508233883222        3.2803057660392683        3.4783103000504116        3.6511818152777695        3.8467884165447885        4.0344544816316352        4.2099091931727637        4.3876886762940162        4.5576431693166093        4.7330964644629194        1.0663992632870974E-003   8.0928160671733373E-004   1.2373631445681441E-003   1.2629384018372778E-003   1.2399351491741018E-003   1.3916259354211991E-003   1.2745917555153233E-003   1.3140920427572901E-003   1.4892848242707476E-003   1.2201779283842391E-003   1.8542174372772728E-003   1.5307014667630744E-003   1.3881299124252891E-003   2.3320317508890953E-003   1.3886165903485657E-003   2.9834359658879156E-003   1.7798839913845269E-003   1.8278639834491050E-003   2.0376809512489941E-003   1.9491361168895640E-003   3.1945330530247285E-003   2.2279959007767982E-003   1.9912921953068319E-003   3.7983864346649455E-003   3.8515801770248590E-003   4.2544413111488830E-003   3.6426637853916315E-003   4.8789500884237032E-003   3.6348407135630774E-003   5.5338997963822458E-003   4.0628012975259305E-003   4.2981876455935753E-003   5.9871684476478955E-003   6.4399515342050129E-003   7.3693204357816611E-003   1.1339827054051330E-002   6.9343744192956608E-003   8.1873034660115366E-003   6.6568822594682822E-003   7.0685679355813793E-003   7.3914416704625912E-003   5.6296763602224804E-003   1.1090846069165664E-002   1.1055038872265322E-002   1.4262543327262145E-002   7.5750011212065470E-003   5.3101083464836361E-003   8.6557218068813984E-003   5.3292804769600943E-003   8.2714250822790991E-003   8.0588737480133711E-003
           2   7.0259989561781196E-003   7.5325009059129698E-003   9.8002725469383475E-003   8.1082747987498167E-003   1.0500234979891228E-002   1.0240165898087331E-002   1.1422989148685721E-002   1.1760666044247857E-002   1.5570962873732556E-002   1.7023396358886597E-002   1.9192869796654147E-002   1.9591180965792092E-002   2.3085352353431999E-002   2.6413703344264829E-002   2.7627355202680070E-002   3.5115701274550847E-002   3.7090941502153758E-002   4.4508191978689188E-002   5.1769948938447725E-002   6.0883159889755643E-002   7.2188901195101629E-002   9.0881647041899896E-002  0.10481475707059550       0.12264467723683167       0.14788602086664485       0.18543601699452669       0.22653981132802578       0.28817294524497028       0.35390627106290140       0.43254209814723921       0.54338287633452942       0.67670926091156958       0.84195470093438252        1.0375410857663734        1.2464513945421727        1.4798689187106497        1.7272707131644678        1.9965056961186589        2.2553698740824810        2.5072031497319212        2.7489413106986973        2.9935655462819186        3.2026331757420521        3.4234499701101302        3.5886442168890809        3.8195383219216406        4.0174457817818556        4.1944844487714317        4.3771715585639965        4.5509538796199998        4.7274466067595169        9.9823959188071777E-004   1.2363825744711265E-003   1.1042916924437988E-003   1.2984467107968380E-003   1.2833646747883230E-003   1.1655330767002831E-003   1.1773250011473610E-003   1.1322363715210934E-003   1.1586382654115289E-003   1.6164865842642707E-003   1.5452273902968828E-003   1.3961632570453591E-003   2.0613397844317836E-003   1.3154254544319992E-003   1.2325463206585303E-003   1.9106245008667464E-003   1.6129958603168207E-003   2.4328720376447718E-003   1.9716881018650378E-003   3.0438891812225089E-003   3.1079490542668025E-003   2.7541534895253708E-003   2.8531776231843324E-003   2.8767439445916113E-003   2.7263054908289717E-003   3.0950650571397627E-003   3.7232602344304884E-003   5.2134401250581164E-003   4.8691351005507658E-003   5.4263441023518011E-003   4.4995510498628266E-003   4.5630873270650655E-003   5.7460039874756902E-003   6.2365379531397463E-003   6.6836391655968582E-003   1.1951165139289281E-002   7.9197834683426682E-003   9.8267979506711286E-003   6.9584848449239321E-003   1.0515365007283003E-002   9.1763644860195087E-003   8.4251915034016332E-003   1.7997798872280740E-002   1.6454354219575210E-002   2.0617113085244068E-002   1.0473021691804503E-002   5.6385512016715765E-003   1.7873574003976034E-002   4.4182894202574033E-003   8.0750841956931298E-003   5.9749358035023686E-003
           3   1.7136199905592355E-003   1.4498576506296126E-003   1.4182991270762469E-003   1.0315116751935286E-003   3.0978708706920896E-003   2.4774352980993716E-003   2.2308479016894208E-003   2.6217961458344925E-003   4.7096668252856510E-003   3.0481608875501010E-003   4.6018916812447372E-003   7.7831351126777830E-003   4.4368591454717592E-003   6.3087285865240589E-003   1.0561132598212331E-002   8.6421015204047897E-003   1.2806781198115904E-002   1.4376668324838698E-002   1.8143897503673772E-002   2.4356976486897285E-002   2.6776273124267103E-002   4.0777524995486675E-002   4.3052767921987395E-002   5.7811064894436992E-002   7.4864455399718588E-002   9.8474251382823452E-002  0.12407807127691434       0.16639212525968866       0.22417338769380288       0.28115767889637500       0.37386858459387240       0.49416464603418109       0.64921300655560255       0.83899477320880467        1.0420031586895528        1.2870430727139035        1.5543452151466512        1.8345344778931119        2.1208571522754367        2.3903237535667357        2.6543509686418032        2.9286368098792455        3.1410478520053062        3.3825585662795916        3.5418478983365387        3.8028153142405787        4.0193123697665367        4.1812693521859741        4.3779594866696563        4.5480120094193301        4.7233223603714869        1.2513842834804478E-003   1.1363165493465436E-003   1.1997696830848424E-003   1.3341901066122887E-003   8.6085350180805428E-004   9.3984657374896136E-004   8.2788374473768424E-004   1.3770024875428735E-003   1.5133549139733748E-003   1.5180768036799452E-003   1.2049332032251861E-003   1.7113248671964787E-003   1.5600432242092036E-003   1.4084297157376563E-003   1.5807411293664495E-003   2.1983799519511853E-003   1.2714915354287409E-003   1.7406022781366040E-003   2.0247037981535429E-003   2.0027991172114463E-003   3.0568379038441507E-003   3.1897099199473689E-003   2.9727274932466194E-003   3.9779201273422698E-003   2.3211978443531643E-003   4.4147786080523345E-003   3.6647939599895592E-003   5.8766706014724071E-003   4.7932904629605843E-003   4.5894841934273111E-003   6.0382520857587942E-003   4.4878283145218635E-003   6.2482407165837832E-003   6.9478958720699613E-003   6.6696311878836892E-003   1.3155055560144529E-002   1.3767863226615874E-002   1.1948635734144782E-002   9.2816874362027877E-003   1.3423090465785091E-002   1.1004056732641380E-002   1.2781681731533372E-002   2.9486076276848194E-002   2.2240334648682372E-002   3.5139995139335953E-002   1.5205069112615393E-002   8.2047314292904901E-003   2.6983339820881018E-002   5.7978550521657511E-003   1.0583710408073467E-002   6.1204676370523233E-003
           4   1.9538266942908901E-003  -6.4617669363415737E-005  -1.1334901091178814E-003   3.4565699989726938E-004  -1.1891877424291888E-003  -6.5668752829818697E-004   1.2390483778022925E-003   1.3092696043459017E-005  -2.9442296084685279E-004  -4.5010730699739901E-004   1.5426234711958112E-003   2.4936229423969309E-003  -2.1150248038934443E-004   1.4005708965120170E-003   2.4911801665988610E-003   2.7425395647997755E-003   5.0556193542440628E-003   5.0959959912541880E-003   6.9256659048840255E-003   1.0711311145434664E-002   1.5517518827235706E-002   1.6759053602564248E-002   1.8594350507049794E-002   2.9348725456436433E-002   3.4465920654683027E-002   4.9218024488389495E-002   6.2187533544147751E-002   9.3773574357951889E-002  0.14025458777611288       0.18264228430005502       0.25541587980737857       0.35797174977673962       0.50068375080344729       0.66956687853856300       0.87757891446426350        1.1199521922773910        1.3788117769138259        1.6945268429538449        1.9895257013149694        2.2701405079224428        2.5629878135843374        2.8563981327201824        3.0766562290874764        3.3394808080231599        3.4929307044801337        3.7850640264289463        4.0132483889251738        4.1728172669336097        4.3743364240643565        4.5425734778652673        4.7266661206689227        7.6677748814154905E-004   1.1716997435617851E-003   1.0378841721594076E-003   1.1070263974726042E-003   1.1615384368207490E-003   1.1181528316639403E-003   1.7518183005560020E-003   1.5259535375364496E-003   1.3031363468575083E-003   1.5624886829075024E-003   1.3678722588318186E-003   1.4811458915139862E-003   1.5302717793317675E-003   1.7613905504159507E-003   1.5496375195869184E-003   2.6390760043175699E-003   1.5930939200381980E-003   3.0951711644711692E-003   1.6317282361152318E-003   2.3092765184940700E-003   1.9893703716762413E-003   2.2051797408616110E-003   3.2935835816186474E-003   3.7235032507672355E-003   2.6436859433374149E-003   3.8770040493154661E-003   3.5990907488208540E-003   5.9761955698217602E-003   3.8405382059204449E-003   4.7117806383901121E-003   5.3339257303023427E-003   4.2577077211248138E-003   7.5440983299955248E-003   5.9363935674787982E-003   6.1352671213491380E-003   8.6770285750416044E-003   1.5689053267377781E-002   1.4378732257990683E-002   1.3226320981704313E-002   2.0095639856050781E-002   1.4488073209111480E-002   1.5806781129540936E-002   4.0730091648717742E-002   2.4705986524839199E-002   4.8531636590428084E-002   1.9155395168599293E-002   9.4641374401244378E-003   2.8539840609580307E-002   4.0811672313831628E-003   1.2308876508122204E-002   8.9105866161710671E-003
           5   1.9930595968610642E-003  -8.1106866473451900E-005   2.0308032700925888E-003   6.5170595603640806E-004  -7.2572615768810381E-005  -9.6421724855760176E-004   7.2904207870736390E-005  -2.6038449845297724E-005  -5.2953035736217420E-004  -6.1869086365027171E-004  -1.9515690695418825E-003  -5.7436829366456707E-004   2.6943817125506249E-003   2.1917353798814299E-003  -1.5854183031935803E-004   4.9570156224930046E-003  -8.9116959904398608E-005   2.1415842177168469E-003  -1.3434982961827179E-003   3.6634455971908666E-003   7.7578768975925024E-003   1.0910435419665318E-002   8.7973936957717967E-003   1.4812272797164228E-002   1.9195364664707393E-002   2.2981910827272196E-002   3.7834653072240744E-002   5.4501608223087035E-002   8.1483895165421941E-002  0.11468402793851450       0.17779932935477785       0.26146891083966489       0.38084448619420302       0.54376623934411894       0.73251772574887564       0.96767587903009811        1.2425059751256822        1.5480167793026622        1.8625826772152474        2.1611971037709541        2.4769396087115734        2.7920884830321309        3.0189900621909538        3.2938763367940309        3.4384399817059292        3.7742891643570728        4.0009963617341784        4.1655373393566713        4.3717812575397579        4.5403281536743698        4.7231717504464710        9.0014382640820104E-004   1.4742332784943772E-003   1.6218718408345561E-003   1.1673536371548366E-003   8.9535797395398034E-004   1.0827982610019040E-003   1.3120357030837698E-003   1.6596341003045571E-003   1.2250763021899036E-003   1.2664764270674529E-003   1.5388580148674798E-003   1.8026311550823620E-003   1.6020867203901696E-003   1.7302302534536022E-003   2.2215971326358733E-003   2.0068879557302911E-003   2.0917230075516834E-003   1.5522963234667214E-003   2.2043646402234163E-003   1.9952474763957734E-003   1.9983995990641174E-003   2.3314699250733123E-003   2.9281520176882999E-003   2.7141716628971994E-003   2.3134425399079176E-003   2.8178856083022098E-003   5.4588547089547785E-003   6.3316630509675171E-003   4.1063304171904394E-003   5.6993390054971144E-003   5.8291077478910642E-003   5.0187302216774332E-003   7.2356834781742612E-003   6.4566640088224263E-003   7.7151448089463779E-003   8.9443955516904615E-003   1.4107471840578130E-002   1.7595271244621947E-002   1.3783737657062263E-002   2.7489341642402954E-002   1.7500942843380520E-002   1.9934916693099793E-002   4.8455653237805048E-002   2.9424142742160680E-002   6.2443520062685408E-002   2.3855174646925603E-002   1.2240719309306751E-002   3.6918166972995020E-002   4.4684814848887124E-003   1.5570112478584554E-002   6.7341171769731128E-003
           6   2.9433709128358701E-004  -1.1967581056418171E-003   1.6033552198111917E-003  -7.4966506426568593E-004   5.7793261550412995E-004   1.5139050968881254E-003  -4.9758882380856431E-004   3.2001418281170287E-004  -1.6074556828746687E-004  -8.6913431705006050E-004  -4.9476853095043035E-003   1.9052365468124430E-003   2.2628452080933814E-003  -6.3964178505149130E-004   5.9882614825606661E-004   3.4723910270649198E-003  -1.2598557257751178E-003   2.3803401731783977E-003   8.5386640260228268E-004   2.3931671691044014E-003   5.1520450056041752E-003   7.7956652899313630E-003   7.1422494166106555E-003   5.1276037090481306E-003   8.3706916691781829E-003   1.1664529400034519E-002   2.3125879666012813E-002   3.7466857848251732E-002   5.0235791477971387E-002   7.9543227353478796E-002  0.12649644501330262       0.19149114966567032       0.29553086067154266       0.43135561373683728       0.60873386156511822       0.83645661610900768        1.1037553464174399        1.4312135836586577        1.7415025897142138        2.0572613604129146        2.3911426024721947        2.7298659474313784        2.9595230837370696        3.2501617768480333        3.4006835297904456        3.7604430102227244        3.9977033047158184        4.1578127987732527        4.3760419205370020        4.5355235782228798        4.7224185710573057        8.7163056662669075E-004   1.1729955747439215E-003   1.2213284936150508E-003   7.5973228903835363E-004   2.0811435929430138E-003   9.8544581388126311E-004   1.6394286440065040E-003   8.6213158616699941E-004   1.3902253636929728E-003   1.6268109351148562E-003   1.0951828802947144E-003   1.7867875279528795E-003   1.6026272293789318E-003   1.6881055724368688E-003   1.7537556183886420E-003   2.2114763217012568E-003   2.6437326052248162E-003   1.0603324143167805E-003   2.3234513552408695E-003   2.3965696460928301E-003   2.6359261612484289E-003   2.5769019325494694E-003   2.4309522167968072E-003   2.8661527772376725E-003   3.5300350254841716E-003   4.3793971245054061E-003   2.7972858366091362E-003   4.8822583468534613E-003   4.5331743523608133E-003   6.7636055228519499E-003   6.3798707443741276E-003   5.3862729759620023E-003   7.5216284188416044E-003   6.7090290871176256E-003   7.6186101684895171E-003   1.1521036720207043E-002   1.4431570482373653E-002   1.6310090692047471E-002   1.7117731894447475E-002   3.2906790123840381E-002   2.2261482479600300E-002   2.2825232671981801E-002   5.7404507845422628E-002   3.6314172916200378E-002   7.2308603221074047E-002   2.9734566088062599E-002   1.5244695724975336E-002   4.2558005015389672E-002   4.8624352272481621E-003   1.6517001731471175E-002   7.0593134924948741E-003
           7   9.5318126009973211E-004  -3.3199298439310997E-004   1.1729255264263778E-003  -5.1173308228220872E-004  -7.3697753169588677E-005   2.0288773097058422E-003  -2.9540502999327180E-004   1.0034542684652738E-004  -1.4643449707674968E-003   2.7718488419086326E-003  -1.8956780630717126E-003   2.8309284041400762E-004   1.5125776743694812E-003  -2.3468532631865089E-003   1.6662657024504690E-003   1.9742107014261820E-003  -1.0046280152820506E-003   1.7555993576117985E-003   2.1041898517133479E-004  -5.3375532802481880E-004   3.0087823029007199E-003   3.8804995396190247E-003   1.6885968689082005E-003  -1.2151413156481457E-003   1.1754262202453123E-003   3.3139036569039618E-003   6.4494741686090947E-003   1.4602085608974653E-002   2.9469076206862510E-002   5.0579012616215807E-002   8.0942338573813846E-002  0.14324181572500727       0.23170595555255966       0.34859418636975020       0.51001150314380894       0.72304951500416759       0.99275544389489290        1.3098727332617712        1.6325651665622567        1.9604632857999711        2.3083590447721081        2.6686776528869509        2.9022309922945198        3.2059224584105595        3.3646808519469489        3.7403043575411692        3.9882544972538776        4.1543365083179760        4.3762674498402179        4.5369210322143854        4.7201303115795286        6.5344060813258685E-004   1.2417961920395794E-003   8.4885291120656201E-004   9.5318503481903237E-004   1.8471631037552422E-003   9.9984484893309391E-004   1.0453875572538813E-003   1.3580477399683245E-003   1.3330768561594364E-003   1.7048564207627914E-003   1.1537730823986483E-003   1.5770785975708183E-003   1.8627583873701142E-003   1.5891355077255090E-003   1.9681075194104337E-003   1.4138169973435513E-003   2.0434925031179497E-003   1.6678377781983841E-003   3.2818660079758483E-003   2.0958696408354262E-003   3.4983226502826028E-003   2.6787089021992863E-003   2.6422732064142131E-003   2.8165570155267538E-003   3.2443098637710797E-003   3.8461965494133964E-003   4.0787395742556453E-003   3.7671092499104298E-003   5.3095811036058850E-003   4.7770018656798285E-003   5.9484075519037104E-003   6.3365046904586926E-003   7.6674604983415539E-003   8.7781147819943894E-003   7.4595319561037259E-003   1.3426633337273831E-002   2.0743996014839380E-002   1.6767847482248507E-002   1.8364994399557778E-002   3.7058445175674408E-002   2.2495178637776957E-002   2.9030366113706730E-002   7.0879878397023893E-002   4.1742100369426050E-002   7.7734015508022086E-002   3.5393938703971228E-002   1.8637447626410151E-002   4.8463917867964224E-002   3.8534012019849459E-003   2.5679337760699618E-002   5.2233473771659449E-003
           8   1.0161086558127465E-003  -2.6791992246870404E-003   1.3439379022962921E-003   5.5260167007779816E-004  -7.9489717283451203E-004   8.2226137852990614E-005  -4.3764742852764820E-004   7.2752503393463377E-004  -8.2191307729463420E-004   2.0023592439682742E-004  -4.2714676291830236E-004   1.0986538904282155E-003  -6.8130298958095326E-004   5.5958482370001880E-004  -1.6114362925129257E-003   2.1771652221672781E-003   1.0770137997723233E-004   4.5400358435104676E-003   2.9554958518437365E-004   3.2101068213058926E-003   1.6817520586196678E-003   3.2167287362167628E-003   1.2139762892744708E-003  -1.6648843797830129E-003  -1.7039308173878479E-003   5.0526349203683235E-003   2.9285402632142818E-003   1.1232777179531509E-002   2.4551560350171121E-002   3.2501016882195088E-002   6.0262887051222895E-002  0.10552283070697474       0.17305371674053605       0.27198155897946402       0.42511311903956434       0.62502291464768367       0.89430375263295059        1.2103590485367721        1.5255268447981989        1.8693575247793193        2.2170067372964515        2.5997898767291883        2.8507531442651701        3.1621964131742577        3.3173396591299862        3.7261812326849286        3.9818871553978279        4.1508755488616096        4.3705358325393941        4.5285837932359847        4.7212180308218903        9.2774769213121967E-004   1.0629046754147375E-003   1.2027865174457965E-003   1.1787485737931884E-003   1.1883988632485716E-003   1.1139861105909107E-003   2.1177007223523786E-003   1.1954560459544468E-003   1.2752484303355555E-003   1.2732040820679310E-003   1.4224635666341605E-003   1.6908655623396412E-003   1.2536364517313700E-003   1.4658780383932021E-003   2.1465280049190408E-003   1.8778065617190609E-003   1.2979334777499958E-003   1.3759796697058418E-003   2.1750084591983924E-003   2.1124913272995882E-003   2.4311048511654687E-003   2.6129076587605542E-003   2.5001698723014615E-003   3.5765583387182146E-003   3.2849950302763480E-003   3.9896072195943887E-003   3.6050849068399444E-003   5.4938457259031716E-003   4.9830483752442197E-003   9.5004308248490647E-003   6.1168360757620742E-003   9.7259071019810753E-003   7.6338472344722949E-003   1.0445210164690655E-002   5.9563736018069897E-003   1.2542859768395163E-002   1.9872125502539546E-002   1.7989657787430512E-002   1.9107163027526131E-002   4.2190325416767746E-002   2.4033770368571957E-002   3.2340558940494014E-002   7.2825192106644870E-002   4.6579450209518931E-002   8.8028935946558140E-002   4.0218063348799675E-002   2.3241034058712962E-002   5.4496065769458278E-002   5.4371374434964139E-003   2.3767994688131136E-002   4.8736357163073948E-003
           9   4.7981925993278253E-004  -1.4396063863004718E-003   2.0838359259283475E-003   3.8230267271909305E-004  -2.8088315534462627E-004  -1.8112143261738826E-003  -7.9270317777989233E-004   6.7799690563409944E-004   5.1851167554018373E-004   8.8123075512899275E-004  -1.0693850068779923E-003   2.8429018107327755E-004  -1.9277152563687435E-003  -7.3267982611767174E-004  -1.1808759914432893E-003   4.0354344234828565E-003  -2.9497987550230376E-003  -1.3010480765067826E-003  -1.0081269643210595E-003   3.8575059863717024E-003   1.1069249651363322E-003   2.9288640438066920E-003   6.3078653287740689E-003  -7.2825118612165668E-004  -1.3068326811078966E-004   6.6180699528635622E-003  -2.4873491303825310E-003   4.7891183405767051E-003   1.2007444127327354E-002   1.9438017884302331E-002   4.7558047051818750E-002   7.6577082806815952E-002  0.13135796241156134       0.22153806475134760       0.35401670063716129       0.54293177146612137       0.80409452746139898        1.1134708993143188        1.4293834283499856        1.7855465785446576        2.1461211477683788        2.5383935772629296        2.7947662046159225        3.1268867818144268        3.2809062790373238        3.7096118547171173        3.9772384965868861        4.1395387686764646        4.3774281734999265        4.5293623446645581        4.7196344495504121        9.8010303360623365E-004   1.0332434338915565E-003   8.7112228173859361E-004   1.1111658678380001E-003   9.2600082783507519E-004   1.1921216871067389E-003   9.2339144845428138E-004   1.0147144383581815E-003   1.8321930992293671E-003   1.3206176242877394E-003   1.4918475653376596E-003   1.3953131173460528E-003   1.3692504622737011E-003   1.7338477103885704E-003   1.9668120631809441E-003   1.5810094733912374E-003   1.9565182423022052E-003   1.5090080305844931E-003   2.1907933645118204E-003   2.7392627833649468E-003   2.5185458674733584E-003   2.3911128165868501E-003   3.9946290980214447E-003   3.0995271737335084E-003   4.0276185675248060E-003   3.0871321747565649E-003   3.2361952639848217E-003   2.7156808928129614E-003   5.0952232164986509E-003   8.4204124605236925E-003   5.7527769542568300E-003   6.6345070710904326E-003   6.9404407947593694E-003   1.1292331201601549E-002   5.9068336987358454E-003   1.1336410792695572E-002   1.9563996728604323E-002   1.8337607705180430E-002   2.1270228743795531E-002   4.0030632723163290E-002   2.5388498333568779E-002   3.3746508468348778E-002   8.0658346430352398E-002   5.1293627294623591E-002   9.5294534883644824E-002   4.5680949222404982E-002   2.2988508092535623E-002   5.7684714513060696E-002   6.0284045561979447E-003   2.5714611875819512E-002   5.0377508858298154E-003
          10  -6.5837133342809749E-005  -7.6176850292589138E-004   1.4317221260156242E-003  -3.4886095412224534E-004   1.0665373800910384E-004  -2.2904136511978445E-004   5.2777065444952734E-004   1.4967981900599195E-003  -7.4273474889679039E-004  -1.7367444240415521E-004   7.9556001799280913E-004  -9.9927152688243930E-004  -1.0758894434187919E-003  -6.3320181709245033E-005   2.2556494410941711E-005   2.2844640386310545E-003  -8.6204133227680614E-004   1.5834858736749256E-004  -3.9576163380977334E-004   3.0707989913166039E-003   4.5424173515079865E-005  -8.8513856329129322E-005   9.6445681361322598E-004   5.6229294221004321E-004  -3.5721657525495689E-004   3.4424100510852583E-003  -2.5500542613873119E-003   4.6964349929875561E-003   9.6640828068264677E-003   1.1592219909323258E-002   3.1490015049091248E-002   5.8239515415381450E-002   9.8468233706219016E-002  0.17664308475129253       0.29416997817195978       0.48115710178247273       0.72623888454579699        1.0265748243378801        1.3417446703146205        1.7083586815092011        2.0803141166189105        2.4787482723620160        2.7418979901701350        3.0864227894537235        3.2316479570870595        3.6968328452818726        3.9712365301178143        4.1376992120828806        4.3770164911023679        4.5248811322738041        4.7204699767578653        1.1639987418197958E-003   5.4608752146706268E-004   9.0113840911489203E-004   8.8649270764015178E-004   7.3265874743767552E-004   1.0478355971188843E-003   1.5745513036701394E-003   1.3901567835469327E-003   1.5339585044627289E-003   1.4392725415278322E-003   1.1201989790386869E-003   9.9786596180740229E-004   2.1555988594667329E-003   1.2785340730963146E-003   1.7535935258728666E-003   1.5164630657270295E-003   3.2715501025836146E-003   2.2039430211924236E-003   1.6195314756779708E-003   3.1794266505004464E-003   2.0829060276146651E-003   2.3646897203195836E-003   2.5174784243392318E-003   2.4505909316219101E-003   3.3610928429006230E-003   4.3144408539808436E-003   3.8868281626505312E-003   3.0818913180355868E-003   4.4991927685730099E-003   7.8627940629622112E-003   9.9580827176671324E-003   6.4995751679744699E-003   8.9878958819482758E-003   9.0055561938157912E-003   5.2520264464330554E-003   1.0154328708250854E-002   1.7173222380241871E-002   1.7619565371154104E-002   2.6681595289873218E-002   4.2897386752974533E-002   2.6826434057429932E-002   3.5747800054674796E-002   8.8038625377499333E-002   5.7446638653484199E-002  0.10653634157294778        4.8685758868660008E-002   2.4571227927030929E-002   6.0349513440805705E-002   4.2420851128700914E-003   2.6654449991813749E-002   6.1402264511990915E-003
          11  -1.2386960394397754E-004  -1.0109533067789620E-003   6.5609309511402089E-004   1.7325128390894562E-003   2.0774778895319120E-005  -6.6307605515749009E-004  -9.1467239849704759E-004   2.6262491442301207E-003   1.2733376890984209E-003   2.8242133408085644E-004  -8.5687809968982849E-004   5.3523405819780952E-004   5.7009736853257280E-005  -2.3911294777089008E-005   1.1410998127354801E-003  -3.4580059474168754E-004  -2.1286312069515028E-004  -1.8480494162565460E-003  -6.2065036042593469E-004   1.0439632524510250E-005   1.3315217133877406E-003  -5.0920484617486908E-004   5.5267390269474435E-003  -1.9465154602985987E-003  -3.1640004339797468E-003  -2.0064657632908340E-003  -4.5423690091711951E-003   3.0647762477757053E-003   1.2012691402200355E-002   6.4518010354419749E-003   1.8279004458677219E-002   4.4553185535353340E-002   7.4407095097248563E-002  0.14414850305995586       0.24406766249768774       0.41321341000826184       0.64228872848133522       0.95514218293782305        1.2564750935839977        1.6382265897128583        1.9989340460251517        2.4217315941657533        2.6825501488090180        3.0550185246681791        3.1872677882898448        3.6765384145473541        3.9709605601156426        4.1205202539268289        4.3725500656853562        4.5208464400131128        4.7218116507015093        1.2094082627259182E-003   1.1145084452656015E-003   1.0146791759615954E-003   1.3514015378768552E-003   9.1183065654091373E-004   8.2841300147470129E-004   1.2792834506871879E-003   9.4456267240671736E-004   1.7373418532331043E-003   1.1855355595170852E-003   1.7088342189306098E-003   1.4601211354183037E-003   1.5512039626587595E-003   1.2686580142280534E-003   1.8314869096565888E-003   2.6601193089171673E-003   2.0436813604700539E-003   2.0626465790206305E-003   1.9179882858753371E-003   2.4517865722464153E-003   3.4326676820881771E-003   2.8858869540160531E-003   2.3466013067994325E-003   2.6913990355797454E-003   5.4131699113456359E-003   4.1821618737047025E-003   3.0237694829223678E-003   2.7945673328420664E-003   6.0788302398809791E-003   5.7188968908729590E-003   6.1759342363902243E-003   5.7024591947652725E-003   1.0979622723078697E-002   7.9256471980660766E-003   7.4996119119291535E-003   1.2310952540888823E-002   1.6877083206500221E-002   1.9285277548295097E-002   3.0233988396999801E-002   4.5582586035223249E-002   2.9790371165722994E-002   3.9549158921961709E-002   9.9645829895490853E-002   6.3791085924140900E-002  0.11867142468801459        5.4967614920749377E-002   2.5598228046449165E-002   7.0429753567927841E-002   4.1868461778796886E-003   3.1154316746402910E-002   5.3610305684465027E-003
          12  -8.1732396736565222E-004  -8.6590620408851697E-004   5.8322648128684962E-004  -8.2406905098215077E-004   1.2403304627394652E-003  -6.4056621021184648E-004  -3.3658969083734336E-005   1.0254175590032131E-003  -2.0889088246599081E-005  -4.9905322271885568E-004   9.1689102427892292E-004  -4.4028449782227639E-004  -8.3661309140080852E-004  -3.8568643767923679E-003  -6.3652161261659322E-004   4.6887756800226564E-004   5.2351622519214989E-004  -1.1411626038360374E-003  -3.3213762427627162E-003  -3.4601359074469527E-003  -1.1283230567076224E-003   9.9621940455033834E-004  -6.1848782601843012E-004  -1.8734129279072999E-003  -3.2549891904506498E-003  -2.9232634095707234E-004  -5.2132097952708170E-003  -4.2481631601594440E-003   6.0853566699272743E-003  -3.4008476481984124E-004   1.7147000211421123E-002   3.8928696348218501E-002   5.6678703114815286E-002  0.11057872508919157       0.19893080678164693       0.34607878305361356       0.57980749941886234       0.87482288672886077        1.1800772277693299        1.5609404310751842        1.9352655503632497        2.3599916419760305        2.6379421298937880        3.0104844156638970        3.1443195014705583        3.6619208226057602        3.9636534897331037        4.1181145105087058        4.3742292650015129        4.5155268695778865        4.7178973679203260        9.8150502240978749E-004   1.1316170799650748E-003   1.2908845404637599E-003   9.2236503507855234E-004   7.8710147565982740E-004   1.1034584174734606E-003   1.5916146425611422E-003   1.4804266622550481E-003   1.1451563116763107E-003   1.1827770002263353E-003   1.0519394672294439E-003   1.2621331270155085E-003   1.5146048481090937E-003   1.3191724438259152E-003   1.2098304889910662E-003   2.4676692373641054E-003   1.2675507705746324E-003   2.0055580159680634E-003   1.5184125729798602E-003   1.9723870073491802E-003   2.2344902574540559E-003   1.6311295075421347E-003   2.5071665234953490E-003   2.5638825638830856E-003   4.1875158364674588E-003   3.3734174469508935E-003   4.2800145228918786E-003   3.7317915289045134E-003   7.1681809522092833E-003   8.2535207126436510E-003   7.9213606905578181E-003   7.8443311895512596E-003   8.7698736974752885E-003   7.8095354140605465E-003   8.4395857259577881E-003   1.3821292290345351E-002   1.6650958002155328E-002   1.9402761298211339E-002   2.8231939357911538E-002   4.5713243729062679E-002   3.3710173160096578E-002   4.9145383464727438E-002  0.10569329519280346        7.0725231060210073E-002  0.13073152748205258        6.4153504285542076E-002   2.6820174192372894E-002   7.0804194759222616E-002   3.9209920361186826E-003   2.9258640873864965E-002   5.8809360355341709E-003
          13  -8.5490948651535258E-004   1.6442485014843465E-003  -1.9026498847064168E-004   3.8216960276553396E-004  -2.3613795789354043E-004  -1.1704738368334383E-003   1.2587111899588677E-003  -2.8273824480713939E-004  -3.0692281952900748E-004   2.7209577640752550E-006  -2.2076242005378750E-003  -2.3066952132012677E-004   3.4195061874285949E-003   3.4239648695004677E-005   1.7958308273706149E-003  -2.5014057822503578E-003  -1.9687993126444045E-003  -5.9518743033674232E-004  -1.3423045253231412E-003  -1.4631756693837196E-003  -8.3503211948986948E-004   2.0472927388343748E-003   2.0281548413437966E-003  -8.5184832071775118E-004  -1.7490594750549191E-003   1.2104073504107416E-003  -3.8137174859003797E-003  -1.3169454836332248E-003   9.4450882946069082E-004  -1.5102805609104940E-003   1.3633307426405422E-002   3.0513507953866002E-002   4.2169831662409833E-002   9.0250248373162548E-002  0.16010375691789883       0.29537844372669070       0.51589767830649447       0.81015430510622033        1.1113181550183884        1.4912921669082337        1.8640497498910891        2.3036714811682688        2.5887365563753164        2.9656431825291825        3.1040138286737928        3.6465610684365535        3.9616312274231458        4.1103598522350469        4.3783081449570744        4.5283488828251413        4.7277874294446809        1.4102047652272591E-003   1.0148697379757216E-003   1.3017090501890054E-003   1.2273436138729925E-003   9.8440601875410716E-004   1.1610891234556098E-003   1.4824126443910132E-003   9.2121651258950490E-004   1.4915006305377524E-003   1.2054405751436561E-003   1.4571261593283300E-003   1.4497425578177308E-003   1.7363470938690621E-003   1.5661808476820410E-003   1.9471408773496558E-003   1.2516927106224439E-003   1.9549519733839597E-003   1.3120747288401533E-003   1.9010999802850309E-003   2.2819872208590733E-003   2.4406145524327374E-003   1.9888446656424739E-003   3.1570612206740494E-003   2.6292484744855943E-003   2.0794356945300074E-003   3.1929758902844883E-003   5.2051786722027661E-003   4.4902604968838841E-003   5.3404937045099269E-003   5.6273751990656143E-003   8.0955073918056661E-003   6.4453245797083270E-003   1.1378864464439142E-002   7.1098238767699435E-003   9.0544814154279816E-003   1.4590799548474410E-002   1.6388380939730579E-002   1.8486156816901050E-002   2.7135577162935236E-002   5.0527498462910561E-002   3.2794813194757508E-002   4.5377584508198530E-002  0.11392073516667894        7.3794709170290296E-002  0.13737226055058216        7.4087614738406860E-002   2.8736906079988894E-002   7.5243015116300729E-002   4.0529512426549247E-003   3.2557369320002444E-002   4.8624748322267583E-003
          14   4.4074000481495861E-004   1.4027788497543809E-003  -2.1634558612492524E-003   5.0268572092467022E-004  -2.1316678955535408E-004   1.2839736744893628E-004   4.9139604748884105E-004  -1.0865212800527514E-003  -1.3107632668896583E-003   1.2024714731049817E-003  -2.4209694435076857E-003   2.8757990875808164E-003   8.6163147817739245E-005   4.4743876847783300E-004   2.3639231233459011E-004  -3.8486463984958061E-004  -1.3878947342757704E-003  -1.9778795885031521E-003  -3.3530206773333895E-004  -5.3721209700882278E-003   5.7463376233594770E-005   7.8854207268204526E-005   9.8487292449263644E-004  -3.0239877517995914E-003  -1.3548578338248476E-003  -1.0167120980966609E-003   3.5449736777088591E-004  -2.9367947891788281E-003   1.3768793692189106E-004  -2.7001281194835155E-003   1.0286760794255365E-002   2.6289453569932522E-002   3.4561665826097168E-002   7.6611231777703251E-002  0.14173680036384267       0.24745672895896217       0.46702265669522963       0.74118337802551415        1.0420405961557586        1.4148486771548305        1.7959132816741374        2.2448638867023663        2.5512612899885760        2.9318434991288953        3.0596074176961254        3.6314192849872811        3.9560299230433484        4.0992454075528721        4.3753924957770183        4.5245767054719854        4.7200311461673046        8.6599243633973604E-004   1.2051247953451826E-003   9.0625430743320661E-004   8.6016306663349250E-004   1.3238730730696091E-003   1.7101074424938773E-003   1.8683825320626795E-003   1.2070202717411088E-003   1.2839808118434762E-003   1.6086763605859806E-003   1.2910527132109376E-003   1.6178412405346326E-003   1.4328110024468897E-003   2.0005673498705492E-003   1.7166274010207807E-003   1.7819552416862112E-003   2.1637837907967153E-003   1.4807040453033945E-003   1.8816871372856422E-003   3.6846701215810999E-003   2.3948245337416765E-003   2.7274579821719861E-003   2.3656792950367284E-003   3.1731052718058190E-003   2.3648674151831479E-003   3.9366185184051472E-003   4.1019479185181737E-003   4.2454954782787458E-003   5.7204105605402240E-003   6.5383170641508644E-003   6.6716640577380521E-003   5.4916798320146457E-003   1.0513830939337398E-002   7.2408805921250347E-003   9.1443256092258469E-003   1.4425549756952203E-002   1.8289054684258961E-002   1.8003333637812945E-002   2.7833246087625101E-002   4.8174824449191578E-002   3.3459605417340964E-002   4.9321428133616202E-002  0.11860261833344725        8.3810213522561017E-002  0.14566299423098003        7.8862674286141937E-002   3.0811551507078275E-002   8.4961717001951584E-002   5.1483646138192011E-003   3.4362667957221413E-002   4.1709007572670858E-003
          15  -4.5539985681421988E-004  -3.8195600833741304E-004  -7.1503801730941441E-004  -5.1022422109033179E-004  -8.3108335504195128E-004  -7.0499543243274958E-004   2.8198815921853858E-004  -2.5208969460108226E-004   7.5794589903930773E-004   1.0786632583552303E-003   4.4361295700855652E-005  -5.2255281337492104E-004   1.3964847004689135E-005   4.0109110331561584E-004  -6.4077813927910555E-004  -5.2878328015394009E-004   9.1063261725537700E-004   9.6404577769496644E-004  -2.6988612273016614E-004  -2.3982078032811342E-003   3.3524412646447437E-004   3.5972923316389201E-003  -6.8469638341725188E-004  -2.4067098974084344E-003  -9.3516267478257261E-004  -8.7928013823821878E-005   1.2732621951732839E-004   3.0762961546929933E-003  -2.2716339543044482E-004  -4.7896047587286817E-003   9.2039299696381523E-003   1.9731428959747867E-002   2.0947761519607772E-002   6.9299638138474062E-002  0.12155697684009209       0.21553474155172517       0.42909761983380051       0.68589267765990591       0.98659544312031244        1.3510261824521521        1.7332607350409737        2.1909589537556085        2.5013012220126503        2.8817538400443810        3.0204073558055176        3.6142510452125944        3.9513014528079031        4.0904400223347492        4.3792071653688351        4.5141975495244404        4.7181360828459971        8.3936479880100884E-004   1.1304544026789242E-003   1.2422506276800755E-003   1.1237274059591796E-003   1.2462710887334097E-003   1.0116904620589831E-003   1.2258564323221937E-003   1.4013222275253544E-003   1.4450702637465707E-003   1.8608530918560505E-003   1.3233876300355618E-003   1.6339352328237293E-003   1.3167663833009457E-003   2.1342571456195131E-003   2.0098392211724356E-003   1.4220289779259406E-003   1.8859980091172439E-003   1.8063145404158530E-003   2.8567661506096421E-003   2.8281183556534183E-003   2.2900020460985314E-003   1.7696100454632402E-003   2.1648468325333112E-003   2.7899659518578622E-003   5.6934084834323736E-003   2.9728038407361330E-003   2.9789946466114280E-003   4.1687046290609011E-003   5.1591665102696804E-003   6.2316854907889978E-003   6.4536530018165601E-003   6.9030319644442870E-003   7.1728969988501786E-003   9.2796287725671750E-003   1.2870569900642314E-002   1.4729924575700980E-002   1.6679729337722719E-002   2.1978947492088865E-002   2.8293202072226298E-002   4.7607884436959000E-002   3.4927876360320263E-002   5.0453616345221504E-002  0.12617178643906848        8.7334290340484691E-002  0.15122636128961706        8.7351955004815629E-002   3.2282943304928556E-002   9.0642364951287496E-002   4.3344150739940916E-003   3.4602543951249724E-002   7.2689365182111434E-003
          16   7.9121641525728187E-004  -5.6493935922033477E-004  -4.5082533767628978E-004   1.0495999495143222E-003   7.8571126825376385E-004   2.3677572482598995E-003  -2.0847626601086106E-003   1.1638642193656868E-003   6.5174745696525182E-004   2.3165670134046587E-003   4.8597429581641956E-004  -3.6457794567487144E-003  -1.9158633418795740E-003  -2.8171728291509334E-003   1.3441294701048475E-003   2.3037810795706101E-003   4.6883331397738143E-003   5.2839095192940997E-004   2.3952679176336171E-003  -3.7987671158575902E-003  -2.4506208282397469E-003   3.6661071913561875E-003  -4.0572670234394795E-004   1.0695767912458902E-003   2.0748735705174090E-003  -2.3624763451878940E-003  -4.3223774187081280E-004   1.1475116849892944E-003  -2.0023273192223585E-003  -1.0166965873909291E-004   8.0689672445022117E-003   1.3303530608305468E-002   2.4314040705318608E-002   6.2321302088701562E-002   9.8156442505284242E-002  0.18810662920696511       0.38729899698802600       0.62799211711022385       0.93123688706044760        1.2964775453792237        1.6707630445927513        2.1408612434354510        2.4535705428404526        2.8434539107906138        2.9738539646172981        3.5940728357678080        3.9438946884468291        4.0857206060092643        4.3726135453188038        4.5174588386732673        4.7193225075424863        1.2419037899024218E-003   1.3359659620308887E-003   8.7856996344890610E-004   1.1537634554495569E-003   1.0486485014350678E-003   1.3244063737905449E-003   1.7683644585210075E-003   9.6226515989673432E-004   1.1498103200500739E-003   1.1479929380655567E-003   1.3831266792515961E-003   1.5447651036056707E-003   1.7218983766282409E-003   1.2968662930136236E-003   1.7459207800785354E-003   1.6838161776533635E-003   1.7761352935168153E-003   1.8577978806385163E-003   3.4339601002987314E-003   3.7732815033072512E-003   2.3141714523578021E-003   3.1431573086154758E-003   3.9383755460313044E-003   3.5269837093050657E-003   3.4864572894601118E-003   5.5182003149004530E-003   4.6235875115455223E-003   4.6819511530565164E-003   4.6949245598671176E-003   5.6168140973630286E-003   4.9177702779804001E-003   9.9201822223157262E-003   6.6370424219464189E-003   1.1729136550100400E-002   1.0879721412661260E-002   1.6893299393590425E-002   1.7091968761432059E-002   1.8729692961499594E-002   3.0923768747809319E-002   4.5078724674727920E-002   3.7886515307520144E-002   5.1774768203590352E-002  0.13411924119274407        9.4004473174226541E-002  0.15849023433477033        9.3615638700932674E-002   3.4965410491613558E-002   9.9663102852778615E-002   5.2359106846190193E-003   3.4183563593979491E-002   4.9871538970217332E-003
          17  -3.1418545955891504E-004   5.6966928724330583E-004  -7.2445782376553004E-004   4.3392094364886653E-004   3.7344113483148459E-004   9.9520781262237286E-005   4.1792479422977489E-005   9.8149968069935175E-004  -8.4891665794435993E-004   5.7908793681769736E-004   4.4572667760830017E-004  -1.1830964877842611E-003  -1.9693163116541743E-003  -4.5634392595670568E-004   9.1760707703930980E-004  -2.4590514450815743E-003   3.3206888521069048E-004  -2.1313016814555512E-003   2.1402187948444252E-003   5.0514363716238882E-004  -3.5460112849228661E-003   3.6845872473735016E-004  -5.3890364054746942E-004   2.1962087458220572E-003   1.2896125335306243E-003  -1.1829929909702578E-003  -5.8660009317237681E-003  -7.1417282071375250E-004   1.9734138971379874E-003   4.1344093064417178E-003  -1.1477935973614212E-003   8.1882895815470567E-003   1.8005078274636089E-002   5.6316027670135410E-002   7.9746681368787556E-002  0.15493445169628461       0.34487210021866255       0.58013949419282362       0.86813990651092254        1.2320402603613025        1.6152488464321182        2.0850820428401358        2.4006439642474589        2.8006151237903363        2.9290406289818876        3.5769176999723045        3.9354987930028762        4.0747371438405890        4.3756292506603840        4.5245416706334094        4.7172158795571608        1.2749154632569484E-003   8.6292057097241148E-004   9.6876560532099332E-004   1.2592224850396406E-003   1.2091528872691609E-003   1.1952546569410400E-003   1.1409338297990802E-003   1.0823878766375373E-003   1.3676771827723828E-003   1.3444832501887563E-003   1.0581541490180852E-003   1.3220648373489948E-003   1.2601749394707689E-003   1.8281785855660598E-003   1.7694749695495600E-003   1.5827341259908373E-003   1.8928716481304447E-003   1.7347180367779042E-003   2.5106151817575672E-003   2.3705861032713624E-003   2.1069884899586949E-003   1.8123149849457760E-003   3.8936267190414283E-003   2.7327321193722090E-003   5.2485000176780089E-003   4.5976269771936338E-003   4.7708365448659532E-003   4.6121034415777164E-003   4.6804596431998871E-003   4.1866835379987793E-003   4.6477343194465635E-003   7.4473263247110009E-003   6.9829099733528079E-003   1.2515367587661972E-002   1.5568005386498154E-002   1.6027209943703775E-002   1.5558335568438345E-002   1.9165074615182749E-002   3.1857345765030735E-002   4.7707394858134848E-002   3.8286179769392810E-002   5.3780834782017006E-002  0.14368498663134521       0.10029734362667041       0.16820045329975097       0.10168302287982178        3.9712266278487188E-002  0.10813179488436939        3.9787787014263680E-003   3.2611790100976978E-002   4.3938678978396551E-003
          18   4.3305161212242055E-005  -9.9901368651023211E-004   3.8472495365954486E-004   5.9342057860790887E-004   1.8622519222504357E-004  -4.1340004367134656E-004   1.1023481682399458E-003   9.5813309656188805E-004  -2.1862566470510959E-005  -1.5594331065388650E-003  -1.2019054944198823E-003  -6.6408190403028549E-004  -1.5926360320556263E-003  -1.8984387630503543E-004   1.7058994266077366E-003  -1.5293238703137130E-003  -4.2217970919018028E-004  -6.6528556639075672E-004   3.6686241099785771E-003   3.1207684391071811E-004  -2.0164915280113578E-003  -5.6472137825836800E-003   1.9763124587141678E-003   1.3915832963904170E-003  -1.6439379536253480E-003   7.1031927377105905E-004  -1.6815136559313372E-003  -1.0871344952096281E-003   2.8132502006999603E-003   5.1718642246898084E-003  -5.0461899106582185E-003   7.4051466320338389E-003   1.7836320604468867E-002   5.1684029444067178E-002   6.7512221026471086E-002  0.13181027802160211       0.31639462722774642       0.53356602125508479       0.81124606769143748        1.1761958431774990        1.5559966906940352        2.0332805429052772        2.3612874680549427        2.7589993657159750        2.8882371629500727        3.5482594022052698        3.9297552392279727        4.0662522558542324        4.3792850067066889        4.5205763246195492        4.7200671211231651        1.4567211292474027E-003   1.1041024757391400E-003   1.0732313510914652E-003   1.2796377572529629E-003   9.0476513608242254E-004   9.0434480684416284E-004   8.9490941998203943E-004   1.6041249907506616E-003   2.1347793152352557E-003   1.1266894284152923E-003   1.5854080068748466E-003   9.3011786532359885E-004   2.7397091722521083E-003   1.8143435401089059E-003   1.7613375964680115E-003   2.0996668092875662E-003   1.9450616280254343E-003   2.1220855662389200E-003   1.7540144376782085E-003   1.7481371471790960E-003   2.8585034700746915E-003   2.4381544435273204E-003   3.7599212205184961E-003   3.4668266500409157E-003   4.6715019687567751E-003   4.2449339701909139E-003   4.3129943465019934E-003   3.6836834797248038E-003   3.4417169686664830E-003   4.5779312178620907E-003   4.3289608623420048E-003   9.1289913180748108E-003   6.6517256160538527E-003   9.4262308187211680E-003   1.8502284000329584E-002   1.7281209076417954E-002   1.3374801469493098E-002   2.2756144387934548E-002   3.3138700885928199E-002   4.9932209599395865E-002   4.3597708051036535E-002   5.8040988829761650E-002  0.15082595356771314       0.10644114595317732       0.18003337559569341       0.10758608281790390        4.4343732154337623E-002  0.11725975073790532        5.5490733443331677E-003   3.6425448766483813E-002   6.0110062889847096E-003
          19   8.7217212324903733E-004  -1.6499143985002846E-004   2.6105983903227569E-004  -8.9728141527380698E-004  -7.1806747590679538E-004   1.5608497364215806E-003  -1.3173126257397917E-003   3.8666594254895426E-005   2.3806109967976398E-004  -1.7043176378525886E-003   5.7111520392320078E-004   2.6331697691160357E-004  -1.6832035949289270E-003  -1.3666028644405118E-003  -4.8465054165207155E-005   2.6558191826762522E-004   8.3776791637082883E-004   1.9858076700699262E-003   2.8169819740134759E-003  -1.8749955174036548E-003   7.2618219726453448E-004  -7.2201690115262385E-003   2.3626013073671463E-003  -1.4892775015704794E-003  -4.2685404285999207E-003   2.1261590210886502E-003   3.9163481139789158E-003  -4.4133277571718338E-003  -2.6609496598566183E-003   1.1931080065291953E-002  -5.4312638148742197E-003   8.0617610240294336E-003   4.9974120090482774E-003   4.6050092060064322E-002   6.0013114617041181E-002  0.11034151452368263       0.28524154254331430       0.48345637280012116       0.76333763529034682        1.1228021026945352        1.5062013001762955        1.9885022461207476        2.3197323006430168        2.7197121550499408        2.8378722014419884        3.5339570186971483        3.9228509264727105        4.0521846914983701        4.3729665537032183        4.5214981376285648        4.7208821493728390        9.1074942721849894E-004   1.2996446024374395E-003   1.0276615079425422E-003   1.2895859619758295E-003   1.2200376142637928E-003   1.3384827309500574E-003   1.1415537071709848E-003   1.5905328801182825E-003   1.3063416408769461E-003   2.2543377709954402E-003   1.8373205889147775E-003   1.8444478966100194E-003   2.1842161158078153E-003   1.4219385886037417E-003   1.9798495613970127E-003   2.3080390163636236E-003   1.7526812619675645E-003   2.0005385913227721E-003   1.7872733778169420E-003   2.2352935240168488E-003   2.8299468092768442E-003   3.3812760352209736E-003   3.7469597462249041E-003   3.7365433490622567E-003   4.6306415093112690E-003   3.5212998939149380E-003   3.6721402009370664E-003   3.8063014151161700E-003   4.3480561154464895E-003   5.7344659144295341E-003   7.6824026573927484E-003   7.4172244396367758E-003   8.2380453374160511E-003   9.1443420204595574E-003   1.7586996553360282E-002   1.5112076293238656E-002   1.4486852907047760E-002   2.2864654392307365E-002   3.2997756168664932E-002   5.0419211902232933E-002   4.4364866805458709E-002   6.1039053331272741E-002  0.15437761028647190       0.11329393960393069       0.18831339537058631       0.11537287745347749        4.7499390143769984E-002  0.12333636803349829        4.0106381818761283E-003   3.4000823062282082E-002   7.7594092182557582E-003
          20  -8.1375974642548766E-004   2.1542320438188104E-004   4.2652868345263614E-004  -9.8896999171474648E-004  -6.6607510181295663E-004   1.2000628537020804E-003  -1.1347810517572492E-003   6.5717300397623833E-004  -1.3465202020090056E-003  -8.3281133014596258E-004  -7.5447664741213935E-005   7.9039988062657893E-004  -3.3483643461136459E-003   1.6404015154532362E-003   1.3796612244281572E-003   2.5078481037406589E-003  -1.9041513176111327E-003   1.4005340675925785E-004   6.9571845720368323E-004  -5.6215786297090131E-004  -2.6201935877630316E-003   1.7949193428261762E-003  -1.7505693102342925E-003  -7.0971697454097563E-005  -2.8663856988043442E-003  -1.2887446176741595E-003   1.9421834443974432E-003  -1.3689784890144961E-003  -3.3106884970356405E-003   3.6147545633527277E-003   2.2429995776670334E-003   1.4206602120877231E-002   3.7722916063374647E-003   3.3491816533567947E-002   5.6488276367296829E-002   9.0866665702760113E-002  0.26377092234254002       0.45636800795952454       0.70837885041288318        1.0711281008716271        1.4601423876069464        1.9397412028921752        2.2814526980038585        2.6886467146969588        2.7906926866032280        3.5157954801339284        3.9129458220281204        4.0411688715298517        4.3732300008975216        4.5193086011862942        4.7177220382703711        1.5962815274667690E-003   1.0670845162149699E-003   1.0909483259187341E-003   1.0835119288119450E-003   1.2128995069072275E-003   1.0621045751253117E-003   1.6642695496963892E-003   1.1521321132697514E-003   1.0844609646116637E-003   1.5830015580234505E-003   2.0806422674523716E-003   1.6730666817998726E-003   1.4140851360270161E-003   1.4291897345352158E-003   1.8586579217177619E-003   1.8636424596162645E-003   2.5254927480624920E-003   1.9143954903811733E-003   3.2020919683522237E-003   1.9270030493633767E-003   3.1806805662304796E-003   3.2401550051938065E-003   1.8280208148546951E-003   2.5877465534944184E-003   4.1026565663864331E-003   3.7323427150200684E-003   2.8597016962444667E-003   4.9828913529654257E-003   5.9825825594483307E-003   4.6298918642642423E-003   7.3264913355742213E-003   6.3870379358020096E-003   7.2648667634151228E-003   9.4784350403825362E-003   1.4866202120350282E-002   1.3031622414319637E-002   1.6256393802010660E-002   2.4115213676035124E-002   3.3256367123474150E-002   5.0330905775949966E-002   4.9418645154150231E-002   6.2884641163301794E-002  0.15750411979723664       0.11534338557877449       0.19470177607920194       0.12044512010642909        5.3228595526715314E-002  0.13402156190631490        4.5515257636231567E-003   3.3003911627117098E-002   7.4472714505563718E-003
          21   6.4849411083688915E-004  -1.1604319853922474E-003  -3.7453196015605286E-004  -3.1827518183344649E-004   2.6146937373851671E-004  -1.7628395339690311E-003   2.2496343877779582E-004  -1.1412476516272750E-004  -2.5576992812337780E-005   9.9294372637881824E-004   1.2778426918637843E-003  -9.2129901975160897E-004  -1.3847636467933216E-003  -5.1512274565638670E-004   5.9598741131861889E-004  -8.4192112068777231E-004   1.5339871928327985E-003   1.3100984331193520E-003  -1.2817545877635119E-003  -8.3506010921267394E-004  -5.2173160046944283E-004  -2.7238013585405615E-003   2.1079417963938609E-003   4.1233273432230008E-003  -2.5843705347846778E-003  -3.2977474275374279E-003   3.8715023682083485E-003   1.6291867588606797E-003  -2.8356143433367919E-003  -4.8794057368234381E-003   2.6024466683449961E-003   6.0908476457902606E-003   3.6774897368845915E-003   2.3773710323293066E-002   5.0362935160239389E-002   8.0485043350074725E-002  0.23320304792015406       0.41968185299021993       0.66712636592248631        1.0265544727142106        1.4065050278601983        1.9020324264863293        2.2409165474484740        2.6506416427747346        2.7538767596354550        3.4985708951320769        3.9100598484257731        4.0380862953621390        4.3747942341097596        4.5187557344942082        4.7163320249628340        5.8691059437713882E-004   1.0243154176869660E-003   1.9417451998523330E-003   9.5124785790057101E-004   1.1173503998042273E-003   1.1619448613440565E-003   1.9994820945145107E-003   1.4690408857138942E-003   7.7805484743676814E-004   1.0133830728391183E-003   1.2624357492171346E-003   1.4791226916170018E-003   1.2166037506872094E-003   1.6420036019069669E-003   1.9247521967640532E-003   2.2775900525500254E-003   2.1676542171423117E-003   2.0532830926879918E-003   2.8759795296235441E-003   3.8005681039146775E-003   3.4979776430223738E-003   2.4482552511873698E-003   2.8785258547187596E-003   2.6152572457930102E-003   3.3677704612073206E-003   3.0252460141578360E-003   3.9581608662777852E-003   4.5449824378425673E-003   4.4447877205260177E-003   3.8875862793157014E-003   4.3912727746398365E-003   6.6679055181908878E-003   7.5903645528583299E-003   8.4412737924394049E-003   1.5496677156723532E-002   1.3326046109796369E-002   1.5826374841739401E-002   2.8021907154590835E-002   3.2009798906467130E-002   4.8628890413739023E-002   5.4172434424400916E-002   6.6682458522663329E-002  0.15990724860466371       0.11889618469021596       0.19927518530767027       0.13063392042233121        5.6211498958851330E-002  0.14053019958717206        6.2260180355419867E-003   3.3445833126779553E-002   1.1127171098032740E-002
          22  -1.2025543774232454E-003   1.4677963464693143E-004  -5.3794948792236551E-004   1.6650382323063482E-003   1.8183748965920095E-004  -2.3507113540189714E-003  -1.9763073019620823E-004   5.2062255701598031E-004   2.6753481693251159E-004   1.3125494034383581E-003   1.9705588679362288E-003  -8.9654297185974585E-004   1.2527396787777247E-003   9.3438187402389023E-004   5.1487903143942722E-004   8.7964677023556401E-004   6.8008994503117586E-004  -1.2935560622425047E-003  -5.0655276583353804E-004  -9.0932003470427583E-004   1.5902509350017728E-004  -1.6841273160318499E-004   1.3638822481475111E-003  -2.7833675334995952E-004  -2.5995185641892347E-003  -2.8835264496863402E-003  -5.5482568914195964E-004   8.0177304505516086E-004  -3.6313589851863184E-004  -2.8765254042866896E-003   3.0183852130230928E-003   4.6637285708708972E-003  -2.7029789053869472E-003   2.0013214812901622E-002   5.3971243523211171E-002   6.3657844824537763E-002  0.20508187762701718       0.38785783619843850       0.62329933712239050       0.99056631937566442        1.3679374573227572        1.8538295740923807        2.1993615395808450        2.6016579381779636        2.7133517403695313        3.4805064791748928        3.8946980985746804        4.0264619651112863        4.3742365396793117        4.5240829475714825        4.7090411374757890        1.5990374743546048E-003   1.2627684977840057E-003   1.5468982601173006E-003   1.0867974332460656E-003   1.2219095101448528E-003   1.2222315749821355E-003   1.8045821201866502E-003   1.3958490090940166E-003   1.4232637718582448E-003   1.5975562435368673E-003   1.8452180706965693E-003   1.5512850027864719E-003   1.8699241299155441E-003   1.1212131080931154E-003   1.6243718100840256E-003   1.8022796080971934E-003   2.8226035602759618E-003   3.6548618530638987E-003   1.9800857036342207E-003   2.9297465738271035E-003   3.0336901489240631E-003   3.1167143449032774E-003   2.3170106966277672E-003   2.5554174883332631E-003   3.5545817061500493E-003   5.5810272953051255E-003   7.7930164069310798E-003   2.8686904945574138E-003   3.6196061758886561E-003   4.6158340827784413E-003   6.2920232565942501E-003   7.4444697968312429E-003   5.9374928674709570E-003   1.2378578746206315E-002   1.3886976948997239E-002   1.5403086294053618E-002   1.8572360348538087E-002   2.8953693642548961E-002   3.2532884881441286E-002   5.0147818773363440E-002   5.7640278876327472E-002   6.7606541976823559E-002  0.16196215912391812       0.11939404158872292       0.21450324606691773       0.13827988472185201        5.9889665233869939E-002  0.15188995698517152        3.6983666993535267E-003   3.2443482960049529E-002   1.0704128156671157E-002
          23   1.1131735012542495E-003   4.1163742618076669E-004  -5.1121521636731727E-004   7.0430529953531280E-004  -7.6191119950636056E-005  -8.8161442970736438E-004   7.2984991037508692E-004  -4.2357716989705862E-004  -2.3560241049610017E-003   1.2036167925873467E-003  -4.5414895115238057E-004  -4.6946628090825199E-004   3.1181897080846182E-003   7.6337667611427488E-004  -1.1606021880962247E-003  -2.7201330888696531E-004   1.2868243675265704E-003  -1.3621433371489319E-003  -2.5350639897217678E-003  -1.6216338759947964E-003   8.3352277435777588E-004   2.9779490882389918E-003  -1.0001469936984943E-003  -1.9102885070315272E-003   1.2079847113751125E-003  -3.3917045215919673E-003  -6.4602958666546274E-004  -1.2462879962491652E-003  -6.9762931893698286E-003  -3.8664244464347588E-003  -3.1591681056826072E-003   4.4789643260289003E-003  -7.8755919870097651E-003   1.9633603647367166E-002   4.6151753786245239E-002   4.5432070422375292E-002  0.20154610936860423       0.35228813425535510       0.58258614662881447       0.94633996966133149        1.3182968474043331        1.8132292752988626        2.1617075926766658        2.5642931225094134        2.6677649355579955        3.4654598143864495        3.8839646380581927        4.0180714542508564        4.3762317503550827        4.5219107983303761        4.7161015991419610        7.8231728800194102E-004   1.2136553073592246E-003   1.4389247632076670E-003   8.8741602717609365E-004   1.0525587851708722E-003   1.2827886051554479E-003   1.1310119910960903E-003   1.2794899610919540E-003   1.3701351869378896E-003   1.3258424335195506E-003   1.3336309233603770E-003   2.1005955060075850E-003   1.3776953556576112E-003   1.5488432771053264E-003   1.7470891962153812E-003   1.9122112490826038E-003   2.2588069059379856E-003   2.0585631833669694E-003   1.9225256067845488E-003   2.0948834916430605E-003   2.3323082581259372E-003   2.4228972804203205E-003   2.6713495560865066E-003   3.3746099209658715E-003   4.1508674113147652E-003   2.7711238403334191E-003   4.9730317767115693E-003   2.7025647397192825E-003   4.3394442750763337E-003   6.8867618596770448E-003   6.6408584929153651E-003   6.5837960435700766E-003   6.4750351249438136E-003   9.2002914549964114E-003   1.3857246563005444E-002   1.2621300082303640E-002   1.5272568521549937E-002   3.1740404054729790E-002   3.3401427659423409E-002   5.0060423884488975E-002   5.1007727081252840E-002   7.3631687133877022E-002  0.16618896461404914       0.12239525994048696       0.21950638041348589       0.14620293713499546        6.6128977732301253E-002  0.16088683937163398        5.3289544471576099E-003   3.5815018159560036E-002   1.0845907118101284E-002
          24   1.0736266656899487E-003  -2.0124157009978575E-005   1.2203893006570549E-003   2.1951503169344118E-004   5.8782945644913760E-004  -1.3900329856372728E-003  -5.7625786783261691E-004  -1.6961239719085767E-003  -5.4983223784159190E-004  -1.0353992411232993E-003   4.5776076287788579E-004   2.0737043760728351E-004  -1.6428092871772076E-003  -4.2850164248207202E-004  -8.2029056192813674E-006   3.0432744727162362E-004  -1.3772658626477038E-003   1.6926025732977168E-004  -7.4550420574646644E-004  -2.6144529218908052E-003   6.5580709356611385E-004   2.4401457013011906E-003  -3.6911467774752332E-003   3.2821287557395478E-003  -2.2446878816417921E-003   1.3348961423967156E-003   8.5104310018721324E-004   1.9944301047505244E-003  -3.7094166906500451E-003  -7.1006441389332266E-003  -5.0049270564365639E-003   4.0843097288085608E-003  -7.8304045028080686E-003   1.8447401519915876E-002   4.0680451243269015E-002   3.2332864507487354E-002  0.17745844928969842       0.32362594819210805       0.53651526503467417       0.90188261981641327        1.2763995753335300        1.7663152595870968        2.1314175210347757        2.5246847792374312        2.6283356050641893        3.4491997190409771        3.8873983719283607        4.0100477015994027        4.3736588073461302        4.5217924028393970        4.7073961673728952        1.5027762356821636E-003   1.0247882799735793E-003   9.8362567067141827E-004   1.0384663383847601E-003   1.1533057866028129E-003   1.0130697134421579E-003   1.7464639887644984E-003   1.9380700500547005E-003   9.9520687367219167E-004   1.0277848858682762E-003   1.3252957194370746E-003   1.4532297982382332E-003   1.4100127771821342E-003   1.5892290396069687E-003   1.4680337789148466E-003   2.1239740888893827E-003   1.3444731539840643E-003   1.8411149745304123E-003   3.8996432935871697E-003   2.7154943309749811E-003   3.2959307061581132E-003   2.1039565350341426E-003   3.9731676903012082E-003   3.6386391762165920E-003   3.9528896700095394E-003   3.7337226938428517E-003   5.5570452141144684E-003   4.7407168150351894E-003   4.8468962501896787E-003   4.8829635404730887E-003   6.6493170017806790E-003   5.9318363941643724E-003   6.5701304188661869E-003   7.4546492070253576E-003   1.6450988463134808E-002   1.2536055200088833E-002   1.8077409023696651E-002   3.4113207879034567E-002   3.2814593938349720E-002   5.1220247609392637E-002   5.0179210688577523E-002   8.0637581820902984E-002  0.16931614230668032       0.12856604148012310       0.22749555251855388       0.15238358242119843        7.0059912341024613E-002  0.16811023527082208        5.7380652883769452E-003   3.7230460786633800E-002   1.2230049217322247E-002
          25   1.4277131412466129E-003   1.9311914827000389E-003  -7.4206721267884514E-004   1.0321999327324871E-003  -1.3845732060002486E-003  -5.9734860227814179E-004   7.0279727505666745E-004   1.6495781095048116E-004  -1.0938747808142071E-004  -2.0856658374016389E-003  -1.2750780645589071E-003  -1.7804673415133892E-003  -1.3575840787901199E-004   5.3911821296116205E-004   1.3898265292969952E-003  -6.6873956736793341E-005  -5.8315817811727079E-004   1.5899434335973578E-003   2.3050762062742482E-003  -2.3658281439028904E-003  -3.7900401871887924E-003   6.8997326100250030E-004   2.8873796171005276E-003   3.0082534259082486E-003   2.0772483308260470E-003   1.6084665870426870E-003  -2.7864508162280693E-004   1.3556094366843567E-003   3.6686003451205985E-003  -1.0974051319586193E-002  -5.1608901289107037E-003   1.0063536216388328E-003  -6.9038592006187855E-003   1.8656175196110455E-002   2.5060525427431306E-002   2.8811167964633309E-002  0.15500667134253229       0.29644656663622920       0.50647649324829236       0.86014228257419267        1.2317780737263926        1.7262351141834709        2.1029379497896730        2.4876992136610050        2.5930145003636063        3.4373195228542079        3.8723171921013830        4.0095606798514698        4.3680668064645651        4.5230893284937812        4.7067512886036011        7.2119264592309838E-004   1.0702383868789835E-003   1.0400595951254111E-003   1.1662797586672081E-003   1.1198851462897984E-003   1.0114814552182421E-003   1.0956515410900987E-003   1.3230726032430768E-003   1.7419340226607907E-003   1.6398903213225091E-003   1.1805817471077183E-003   1.5404951642331041E-003   1.7548459431191582E-003   1.2502875680011313E-003   1.7892374357661865E-003   1.9970699912548943E-003   1.5260082131613698E-003   1.7184913452294619E-003   2.1718327732191118E-003   3.6121580773566097E-003   2.3969862396944338E-003   2.0672204212518895E-003   4.0757051094474830E-003   3.7350958133909682E-003   2.9203353157551499E-003   2.7494542599084812E-003   5.2434824996371657E-003   3.8488227002859191E-003   7.0873079527248766E-003   3.8086179687270628E-003   5.8391772137678403E-003   7.8923360325359859E-003   7.9165758969555831E-003   8.6382879325445153E-003   1.3573252707109688E-002   1.4455022033654804E-002   1.9228630518583981E-002   3.9034552177224312E-002   3.2435078087366453E-002   5.2083821019329395E-002   5.0570194813240717E-002   8.1275808717672329E-002  0.16938339629250776       0.13264172387409442       0.23474402056546795       0.15779299307407832        7.3762022840603902E-002  0.17571157429546136        5.9091972314528878E-003   3.3301384158274855E-002   1.4515153322899984E-002
          26   9.9997346987180762E-004   1.3440121758796157E-003  -6.4226463075956841E-004   6.3973593913132414E-004  -4.6655209045389965E-004  -8.4122402249505292E-004  -1.3974846016028112E-003   5.7701387973874900E-004  -5.0743987566912287E-004  -1.2755145591835466E-003  -1.3862488953428917E-003  -2.6877426896330862E-003  -1.7294531940554372E-003   3.3864737410473004E-003  -5.3029304917481693E-004  -1.4754571726793054E-003   1.5083002981233749E-004   7.8901295171634783E-004   5.3774184316617739E-004  -6.8772984842268713E-004   1.9517960808001981E-003   2.3613193127671082E-004   2.3830051561388485E-003   9.5977984676802127E-004   2.5122334587692461E-003   2.9390521943226527E-003   6.9534461390239992E-003   2.4281267308940238E-003  -1.3741803677084384E-003  -9.2710018882807572E-003  -4.5189408985572182E-003  -4.4372800695331761E-003  -1.0204873831137407E-002   1.6942454776040637E-002   2.8846513781811588E-002   1.6718310963186492E-002  0.13902862467197039       0.27199820106342265       0.47333104171702661       0.81959831331092758        1.1932981369326432        1.6785171577828206        2.0735309290163979        2.4424995769252833        2.5615314159312050        3.4138272184035134        3.8732557609736769        3.9954723239073724        4.3677397048674562        4.5209694481277598        4.7017287100445975        1.0875414505349401E-003   9.9809532536383099E-004   1.5060201927046977E-003   9.3008722420286159E-004   9.5060240295803948E-004   1.4628458306909090E-003   1.1617531413335960E-003   1.3581075892009737E-003   1.4331027988895386E-003   2.1386676075893620E-003   2.3773603982608807E-003   1.1569348533265621E-003   1.6184846943131984E-003   1.3449922058459826E-003   1.6355616408994448E-003   2.2166675901899549E-003   2.0405135701154005E-003   1.9954810797196622E-003   2.0270407584910251E-003   1.8594187437830393E-003   2.5664346330536401E-003   2.7376867906800930E-003   4.2014478824637710E-003   5.7195438157620418E-003   3.3932133906306437E-003   3.2405229310472051E-003   3.5404648380917749E-003   5.5676774008039170E-003   5.5516091477966125E-003   5.2062772276590336E-003   5.0517904088196878E-003   6.7715509077865841E-003   1.0329201838649568E-002   8.3298528884306541E-003   1.2504036053898592E-002   1.7845400375801096E-002   1.8436701722857610E-002   3.6997943810382433E-002   3.1144900632117566E-002   5.3736303675732726E-002   5.7300194509478222E-002   8.7880064394715768E-002  0.17133687920887439       0.13783182342895856       0.24180131522986065       0.16638924639850086        7.7865749353845590E-002  0.17736425071604703        6.7711905871832524E-003   2.9398558213852559E-002   1.5074745267098190E-002
          27   8.5365629106323206E-004   1.4149361143396472E-003  -1.8110406990333740E-004  -2.0986247246613054E-004   2.0298133269397063E-004   3.4558885274620896E-004   1.7169997462755414E-003  -3.2700487699544701E-004  -4.9238913935750891E-004   5.8039573252544844E-004   3.0439043537557457E-003  -1.1416471911648368E-003  -1.2519457630056064E-005   1.1286655782365108E-003   4.0481924307646591E-004   1.1692521332066510E-003  -4.6081524981910469E-004  -2.4752942319153769E-003   1.7320535121562064E-004  -1.7340791495075293E-003   3.3440337908128993E-003   2.5374714370165153E-003   2.2071136547165905E-003  -1.7192906116252764E-005   2.9740138668345531E-003   3.4294491271918692E-003   3.9833180692357426E-003  -7.9786926968346251E-004   9.0560864527981892E-003  -2.7924680710572603E-004   3.3926522151912376E-003  -6.7814564538159986E-003   2.9126146391784940E-003   1.3954822019385136E-002   1.7557649400018822E-002   1.7117408629505049E-002  0.13155161537838636       0.25470479223173909       0.44098802363368211       0.78365606065730453        1.1539205295216974        1.6353407230084045        2.0458835047593613        2.4037705590831728        2.5198550722894164        3.4007732898317893        3.8645378491782147        3.9926593208239685        4.3659718914633237        4.5259607646509794        4.7032173210910200        1.0667140432638804E-003   1.5796609883375315E-003   9.5356899981888438E-004   9.7334252669356125E-004   1.4804471227470128E-003   1.4287828609710431E-003   8.0446119159984365E-004   1.4648050100623453E-003   1.2442122319261371E-003   1.0080120767506590E-003   1.4966422635738158E-003   2.4188342353269545E-003   1.5334602863292398E-003   2.1414800673336563E-003   1.3144423824516915E-003   1.3417953936421595E-003   1.5073441444721418E-003   1.8452275759692216E-003   1.8652235507993927E-003   2.2264702125759581E-003   2.4951741657962653E-003   3.3377051265175610E-003   3.0625644223462932E-003   3.6014925403335522E-003   3.5828830635327995E-003   2.6631841711638191E-003   3.0625484260436318E-003   4.0625001029044724E-003   4.9293225139197139E-003   4.5977925047131973E-003   5.5062989490661518E-003   6.7262692392726867E-003   9.6469114007873957E-003   1.0440730978744522E-002   1.4401879782857086E-002   1.2570925293383417E-002   1.9181009065585460E-002   3.4520170784336994E-002   3.1409962203155756E-002   5.4798857274194160E-002   5.2083090713301798E-002   8.9099464229363157E-002  0.17509695079221979       0.14189434805589629       0.24881956691708107       0.17371373605173160        8.2940010356158861E-002  0.18206821061338319        7.4199831020148157E-003   3.2166026052690012E-002   1.7276645469971614E-002
          28   1.5389638626219628E-003  -2.3661661827588650E-004   8.2352823093649323E-005  -8.5270236218905457E-004  -5.1861706142611959E-004   1.1693765828261079E-003  -6.6984809958438372E-004   2.3313628030277106E-004  -1.3864090921289439E-003   9.4042475969556918E-004   2.2463194035710348E-003  -1.7984839590079273E-003  -1.3168311756404821E-003  -1.4488846267841176E-003   2.5683499956860542E-003   2.4732662128090446E-004  -3.2000040924032107E-003  -8.2565414688110861E-004  -1.5724423388100925E-003  -7.4460659456702352E-004   1.1591577453103257E-003   2.9464057394279356E-003  -5.6774095548201681E-004   7.9105202635767883E-004   3.1396269340520930E-003  -4.4724400941718292E-004   8.9367876864490624E-003  -1.6694891604107005E-003   1.9830558001691667E-003   4.4264687636834162E-003   1.8518990222686482E-003  -8.8276292355937772E-003   5.4530687650719912E-003   1.3107159172646300E-002   1.2585758142593946E-002   2.1712987704116209E-002  0.11507880481221328       0.23524910474021191       0.41843759287920146       0.74772700267687753        1.1176861151824531        1.5951015403083870        2.0169304230697773        2.3780422695606700        2.4830485242318088        3.3840271799233244        3.8538621495613961        3.9833453124699032        4.3686938973524283        4.5274858918144210        4.7003413622955081        7.9085354556321461E-004   1.1495684970058272E-003   9.8144789927398718E-004   1.6471094239672141E-003   1.4502119711113631E-003   1.6336359089732383E-003   1.0696992464982668E-003   9.5823132103594233E-004   1.0496999532954865E-003   1.0862728511220779E-003   1.6554391317664811E-003   2.2087413958986513E-003   1.6916344981123697E-003   1.8771440604949438E-003   2.6143906326020661E-003   1.1909045812487213E-003   1.9546791797386311E-003   2.3420165631364582E-003   2.2836549717041889E-003   2.6229335154380399E-003   3.1286002852194852E-003   2.6745613569004534E-003   3.1001959753864969E-003   3.0100227350927612E-003   2.4636040861981930E-003   2.9699187202204794E-003   3.1762127258712410E-003   4.8462591469789068E-003   5.4222843795565618E-003   4.5900462708996443E-003   5.1789066187667206E-003   5.4245632534652890E-003   7.3461167854235281E-003   7.2469848137371156E-003   1.2019734125698598E-002   1.2115783097615362E-002   2.0659509953371395E-002   3.4244854333862818E-002   3.0526771202883950E-002   5.5220929688777398E-002   5.5651657954409836E-002   9.0776053144573265E-002  0.17523292526429882       0.14637604572658156       0.25893271192783729       0.17565803786045894        8.4754226598773394E-002  0.19031511001091916        6.9237375251807029E-003   3.4020663767813868E-002   1.8079095094791664E-002
          29  -1.8519438686752539E-004  -8.2645699040171273E-004  -1.3394712166805737E-003   9.0785083271829035E-004   9.1769207153829201E-004   4.2790684692603793E-003  -2.1358759346435020E-004   9.8078575037295005E-004  -1.3235473673023265E-004   3.8922325336966087E-004   4.9084125777897785E-004   2.7443843971751994E-004   2.6757323214697004E-003  -7.5730817918663151E-004   3.1346211371559484E-005  -3.2439245576774641E-004   1.1263485981556315E-003   1.5206322517355225E-003  -4.2839120428438491E-003   2.6334983498594723E-003  -3.7013138584717151E-003   2.7196426953296866E-003  -2.0821736133669355E-003   1.6324646116790888E-003   1.8516084770774609E-003   7.0664431580496202E-004   5.2360022242961095E-003   3.0997383084079596E-003   6.9540318847528240E-004   2.4339522702194415E-003  -6.2060342332244205E-004  -4.9627263881471834E-003   1.1340536708900164E-003   1.2546545102863665E-002   1.4345192218260196E-002   2.6774180480457554E-002  0.10652826018098721       0.21144908922275199       0.39290659326040689       0.71415690363112694        1.0736137634009857        1.5546764643457540        1.9911266992887748        2.3370364756907760        2.4413244475828852        3.3646935372375135        3.8517108461401417        3.9800348723450414        4.3670588986206109        4.5211273023321086        4.7068044144323817        8.8860936496874690E-004   1.0513460570671475E-003   9.1761361909188665E-004   1.4113687102653525E-003   1.4960679983400582E-003   1.5840778810977934E-003   1.2907881197877944E-003   1.5458487730867130E-003   1.4028303506227633E-003   1.1139431846784273E-003   1.4430210855269966E-003   1.5141327954191291E-003   1.5529092670863451E-003   1.8092266090845484E-003   2.8238870776259072E-003   2.0401965469076227E-003   2.0002310314379615E-003   2.1400580601446144E-003   1.7816325478335305E-003   2.3613542031228245E-003   3.7522361590340428E-003   2.8641396416157921E-003   1.6130266046455212E-003   3.7714080819685686E-003   2.8095920396400296E-003   3.5265150525343220E-003   3.5160554896364296E-003   5.2149986432195750E-003   4.8543510804868167E-003   5.6882114847267365E-003   6.8043424786538732E-003   4.1916666750587139E-003   8.4246960327887931E-003   6.6321835507596018E-003   1.0647913530384650E-002   1.1644831846438164E-002   1.8147446199989821E-002   3.2852535779277860E-002   3.1050114855414774E-002   5.6390472255187521E-002   5.0861324565240902E-002   9.6024283849486886E-002  0.17648535306490620       0.15008247126877572       0.26652517482559446       0.18307555607927178        8.7739597212141043E-002  0.19566922689709987        7.7126335901092921E-003   3.4360539773995703E-002   2.0614571092853775E-002
          30   8.5169470803768388E-004  -4.0387437259228892E-004  -1.5835206447273140E-003   9.7571219262573155E-004  -3.2272674181309545E-004   8.5247120189206463E-004  -2.1830011449762579E-003   1.7193635387582399E-003   1.7846078232838219E-004   1.2333305408856467E-003   2.6279183628269708E-004  -2.3494978150517196E-003   2.6138782545722143E-004   2.4755309203900448E-004  -9.2239914853781602E-004  -1.4205725176642953E-003   1.5245133485069216E-003   1.4039744811264389E-003  -1.2387617425877995E-003  -2.0053953827263611E-004   1.1221262646619525E-003  -3.3481706188422090E-004  -1.0778133452937913E-003   2.6589004228022000E-003   3.1895837477027877E-004  -6.5069957881512151E-004   5.7288218334706359E-004  -3.1298697900379374E-003   6.2372974701314166E-003  -6.2113287236599481E-004  -2.2354417183944983E-003  -3.9101116859862105E-003  -2.8189201343107413E-003   2.1192441461394818E-003   1.4036237447341919E-002   1.9009694183341860E-002   9.7091919070575641E-002  0.19266946609588909       0.37503521228394088       0.66768642542544165        1.0456074344993456        1.5219701416214373        1.9610130105627248        2.3081519314097685        2.4053474943047095        3.3595102551638236        3.8476753930399457        3.9790790797207736        4.3641858426109179        4.5194443791195331        4.7032952427413175        1.2220398213547278E-003   9.6300500488692947E-004   1.0986494545548915E-003   1.1311608089372136E-003   9.1606853298586922E-004   1.1653962489352196E-003   1.3358768545236874E-003   1.1723469177960190E-003   2.0419818666228499E-003   1.6547641998731670E-003   1.5871885643643101E-003   1.3390979553490399E-003   1.5066978093427102E-003   2.1456419002025681E-003   2.8113477115800814E-003   1.9421109133403538E-003   1.2446478612408609E-003   1.8928488143073153E-003   2.1284900999591744E-003   2.6153202188230057E-003   3.2646003045485434E-003   2.6741072109651093E-003   2.4273920089071680E-003   4.1296562691218400E-003   2.8252839340108973E-003   3.1506968993778046E-003   3.1701465001059640E-003   5.0897701034959561E-003   4.6966373501013316E-003   6.1439248739443364E-003   6.1844231279692737E-003   7.6075237052930338E-003   8.2541019336690377E-003   8.4104237839372469E-003   1.0747642129712387E-002   1.0356371572270439E-002   2.1206022047269540E-002   3.9387602977982987E-002   3.2456670830069818E-002   5.7551281240190440E-002   5.2685819673610176E-002   8.8023226250248374E-002  0.18289490498019312       0.15447963025703110       0.27256119315695498       0.18684412085050084        8.9720300895047886E-002  0.19848328427767523        8.9761270476969354E-003   3.9750490196200979E-002   1.9639168766155363E-002
          31   9.0162679577241009E-004  -3.9694215594571127E-004   4.5884159763985241E-004  -2.9590022801438481E-004  -9.4827663127999536E-004   3.2146381219211887E-004  -7.4329335572008198E-004   3.1812518783295773E-004   5.8835621966915825E-004   1.6650395402185813E-003   8.3617511745528821E-004   2.1853509838634986E-004   1.5847716881020491E-003   7.5910499511923476E-004  -9.1254140409309883E-004   3.3988310007696828E-004   2.6153679251010456E-003   1.8753405645427444E-003  -9.0598402580571973E-004   3.6364456090738005E-004   2.3337515523992667E-003   9.6755745199659767E-004   5.8494613356219790E-004  -4.3889037907757864E-003  -6.5618015570458770E-004   1.8377209032994729E-003   2.9968100030195897E-003  -5.9677208093224278E-003   4.5718550539811569E-003  -7.7031159455282373E-003  -3.9904717716787779E-003  -3.6502337481536576E-003  -8.1312937344663527E-005  -2.5044623233524059E-003   1.1306378099855454E-002   1.5738394165544685E-002  0.10065723728391478       0.17265512063062780       0.34450006738699612       0.63438959475848111        1.0103649178340648        1.4897614755054573        1.9303672039582025        2.2812956977581100        2.3717712445091181        3.3441933533049824        3.8452906903067463        3.9652349735195718        4.3629312101077300        4.5159347031839241        4.7047499118982765        7.1940704286123044E-004   6.9075440386424339E-004   6.8458602311937636E-004   9.2188837243347170E-004   9.7075118984644917E-004   1.1125499599121313E-003   1.2953549004984916E-003   1.0516208445795264E-003   1.3139022517125428E-003   1.2126551705306931E-003   1.2866340455188496E-003   1.2520351384388848E-003   1.5202371626314999E-003   1.4685545333977476E-003   1.8641403790443198E-003   2.7616232549311681E-003   1.9022784326175322E-003   1.9215516656579776E-003   2.0539577238032889E-003   2.3186417234894283E-003   2.0336045822517222E-003   1.9081970328982921E-003   2.5660247853708743E-003   3.8790812116360116E-003   3.1429723148394735E-003   3.7237307528539716E-003   3.3121484415859674E-003   4.4974614101819469E-003   4.9077238855744238E-003   5.1401378940018842E-003   5.2469643358238650E-003   9.5519631468586868E-003   7.8442258039137010E-003   9.4293082244262388E-003   1.1348845874812838E-002   1.2822637310313394E-002   2.0619460202385888E-002   3.5659290059821380E-002   3.4169710035750242E-002   5.8883487041889171E-002   5.9843402564605568E-002   9.2333816676965386E-002  0.18361409988269187       0.15735137074427213       0.27765486268783229       0.19330520243022492        9.0889570127392405E-002  0.20422061395909732        1.0286438375148622E-002   3.8734412780218365E-002   2.2119164845836353E-002
          32   3.1253884288654827E-004   7.6476177585292095E-004   1.1174097496044174E-003  -1.3603703408701302E-003   1.0081555538391060E-003   2.6489338860204110E-004  -6.9363370639614875E-004  -3.4235483150910951E-004   1.2280335012236790E-003   1.7068915141642722E-003  -3.6227205125456647E-004  -1.1778256400966640E-003   1.7836167630404975E-004   2.3565079949221216E-003   1.9351826577379935E-003  -1.7309453497751065E-003   7.2948803117887863E-004  -9.7851351622274367E-004   2.8591737222256764E-003   5.5380783336858386E-003   2.0816447821248203E-003  -6.5678786609936458E-004   9.1715916845185654E-005  -1.9960726191765301E-003   4.2334825286481897E-003   4.2810163426076119E-003   5.8832862079299898E-004  -6.5171887735430683E-003  -1.0679087922444367E-003  -6.2588094587448960E-003  -4.0719110405606340E-003  -3.1520633819524112E-003  -2.2358404605885055E-003  -7.2382147498071766E-004   9.5752193880629631E-003   1.6399025167805729E-002   8.5653839276620000E-002  0.16112175841426288       0.32673326660673524       0.59722884303363677       0.98327735976349462        1.4487045623822137        1.8959764771675947        2.2506086307176818        2.3362606121559657        3.3214331660412171        3.8394440226477267        3.9646350961057792        4.3608820341873891        4.5128339434668749        4.7068640001473563        1.4585352304199311E-003   1.0176395230146031E-003   1.2919379935880078E-003   1.0789469674109943E-003   9.3413347819278167E-004   2.2266038007903366E-003   1.1246542740437548E-003   1.0455536828108897E-003   1.0455135883468965E-003   1.8400109353927758E-003   9.5250399265878671E-004   2.1162076605417911E-003   1.3720355038157367E-003   1.4204571618660587E-003   1.8640788989578189E-003   1.9650622729799807E-003   2.4217967064004264E-003   2.2125884897248784E-003   2.0536579648287277E-003   2.0332234184638805E-003   1.9067894982410050E-003   1.8847369514021673E-003   2.5638929778630136E-003   3.2873254154617390E-003   2.9633134512867376E-003   2.6787992421019851E-003   2.9434961578079684E-003   3.1158818103306303E-003   5.2073019846491358E-003   5.0418975694544194E-003   6.1196261627530476E-003   1.3025758545737610E-002   6.9769098464918643E-003   8.7271895177172543E-003   1.2593151864152535E-002   1.2121594935939567E-002   1.6863680708400396E-002   3.5431814765911736E-002   3.4265440770716839E-002   5.9495751548379515E-002   5.9878101354670747E-002   9.2193547383638830E-002  0.19002261618498925       0.16283627822870950       0.28212323119307081       0.20009877960614131        9.0515746010217127E-002  0.21020420564828696        1.1320837120176222E-002   3.9128332283712298E-002   2.0325992086062023E-002
          33  -2.0424797672716796E-003   8.1827754150404556E-004  -3.7341267037722486E-004  -1.0260457454107329E-003   5.0074813546394526E-004   1.1545821461188095E-003   2.3686554209177406E-004   1.1284583055893539E-003  -1.3003582751913490E-003   4.3312792022158974E-004  -8.8036139971675077E-004  -1.5610286840353680E-003   1.2168484928628961E-003   2.5915341226186508E-003   1.0841793421991694E-003   4.4342252361740129E-004  -1.0740048716687382E-003   3.0355972134324533E-003   2.6945296113763898E-003  -1.8251639575460011E-003   1.4564315733329690E-003   1.7173160756142305E-004  -2.8309388673312271E-003  -5.0485988726718407E-003   1.5248189781904144E-003   3.7771778533807497E-004  -3.1536718604805018E-003  -5.8195698914738940E-003   4.0969029220291686E-003  -7.7901429015106386E-003  -3.1382926508350586E-003  -8.0324369114179416E-003   1.6197948901439968E-003   6.1862148967869839E-003   6.3587492129047150E-003   1.9813543932210461E-002   6.9855941231330432E-002  0.14994406540271552       0.31040418197146885       0.57009901407757879       0.94754064956129136        1.4205437550476308        1.8720381811292623        2.2218205190854698        2.3068572196163499        3.3133821174359057        3.8372923738886753        3.9600707728645630        4.3650312487112295        4.5066870581808400        4.7037527779689610        9.1550751570260093E-004   9.7304333351038884E-004   1.1023248916240324E-003   1.2148736461032525E-003   9.6481461034996364E-004   1.0411750091487244E-003   1.1663624654378755E-003   1.2114649237496937E-003   1.5170330428259003E-003   1.2496384304964718E-003   1.9585417618798681E-003   1.7706904080805194E-003   1.8010571423854127E-003   2.1311549906104644E-003   1.9874538086661303E-003   1.4739707193411533E-003   1.3447413363443909E-003   1.7549784331907915E-003   3.6379652015148894E-003   2.4661371198743832E-003   2.1054112292242110E-003   2.2563457869797395E-003   3.1059099414864045E-003   3.7135149201223167E-003   2.6480973519824496E-003   3.5780839553661327E-003   4.1704990879852018E-003   4.2557439565629905E-003   3.0582470332463788E-003   5.5278425035802225E-003   6.4251940799926284E-003   7.1711699050504311E-003   7.7969186435221036E-003   6.1856948109243531E-003   9.4898823150133781E-003   1.2242900250833010E-002   1.4748951755183549E-002   3.6114344926726570E-002   3.3829618435643222E-002   6.0251867409119003E-002   6.5313433432650378E-002   9.3380802045463729E-002  0.19390547294275637       0.16476828134263211       0.28262653981872154       0.20041526117937475        9.2268664547081672E-002  0.21794025517826512        1.2242412185275846E-002   4.0339391168909569E-002   2.1260100572264615E-002
          34   6.4205118986026101E-004   5.7289067030467456E-004   3.7845172475187898E-004  -4.2770318484000949E-004   1.2263010505645831E-003  -2.9684884066445867E-004  -3.5537271968673052E-004  -7.8213832906986146E-004  -8.2382962426614311E-004   1.1292864045365344E-003  -9.4122575464801212E-004  -2.5131845845007329E-003  -4.5134065350313409E-004   1.9205483212477543E-003   2.1833106994972621E-004   4.8837444950200167E-004  -1.7178820338803173E-004   1.7472302193327560E-003   2.2935073070016061E-004  -3.3387476033222862E-003   2.4199798228452548E-004   3.2594233179529461E-003  -8.6181436552403869E-004  -2.9962530012899911E-003  -3.3723844073975354E-003   2.1968042952354720E-003  -5.7866216912377437E-003   1.6960161370087319E-003   2.3900089886773430E-003  -3.2032830315110761E-004  -1.7042162513464126E-004  -7.9919503818936775E-003   1.1662978367205348E-003   5.7847790311250213E-003  -1.6187635953781514E-003   1.5094444546744312E-002   5.4392841380390036E-002  0.13045786210710492       0.28963143631238059       0.53976941412026502       0.92483885453968218        1.3824175111377073        1.8422901522905297        2.1987122183468362        2.2703608238736348        3.3025563954574730        3.8354530760224832        3.9451307349605438        4.3640161480357449        4.5088129550742400        4.7053220026431459        9.1832308007540580E-004   1.2324318040964647E-003   1.4788725066703983E-003   9.7504771017637608E-004   1.2540622876254543E-003   1.5229400884394751E-003   1.6294996994574008E-003   1.2191815189091175E-003   1.2363070577564982E-003   1.5291400384485326E-003   1.1226781061196003E-003   1.2217486268924834E-003   1.5242755358263822E-003   1.1054453881533968E-003   1.8124391612663663E-003   1.5374306441552398E-003   2.1492311909134428E-003   2.4343939576344782E-003   3.2659806283440503E-003   2.1489211801162095E-003   2.1022834934303577E-003   2.0340542644288681E-003   3.5454449183924997E-003   3.7428274592961569E-003   2.6061819651034693E-003   3.7310656206528672E-003   5.1651885826221860E-003   5.4593259142313002E-003   6.2862806984277271E-003   5.0643405108412864E-003   6.0391441448497231E-003   5.3405322064929879E-003   8.7912190197333082E-003   7.2889608825206734E-003   1.1060557738206283E-002   8.4394491809565136E-003   1.8248651909695855E-002   3.5912479006039728E-002   3.3141116097228078E-002   5.9909063609262028E-002   6.9267783700880825E-002   9.4147933127578229E-002  0.19953295961802470       0.16922663032445159       0.28755535156413270       0.20210026989585064        9.3768593383527013E-002  0.22307850228245965        1.3226032444946917E-002   4.4253046160497501E-002   2.1823571843511483E-002
          35   7.3035590261542318E-004   5.1549954365599717E-004   1.2569367074848911E-003  -1.4326000359155273E-003  -1.0821034420400552E-003   1.0488083182144080E-004   6.5464907192563568E-004  -1.0466262319861451E-003  -1.3241990086854620E-004   7.3852914791743723E-004  -8.0349679211361494E-004  -2.1606201826814835E-003  -8.1978445698436641E-004   2.7387323977329405E-004  -2.2381317626868850E-003  -1.5396278047140114E-005   3.9716414725963238E-003   1.5969960698726852E-003  -1.7988931870557294E-003  -9.3030489245040781E-004  -1.2271388026619747E-003   1.9776608522717081E-003  -2.9003537241594660E-005  -2.7149847908603588E-004   2.0901576765398177E-003   4.9150482613047703E-003  -5.4907024764150299E-003   6.9149497073273487E-003   2.4291510675026140E-004  -1.2584689096997693E-003   2.2108367048249756E-003  -1.1222800611565673E-002   1.3337150569703823E-003   6.3452691052657689E-003   3.3434517319460098E-003   1.1711356915226578E-002   5.1011546614866954E-002  0.11500178075843079       0.27587362010812311       0.51552676362938510       0.89834982573039890        1.3490045240988822        1.8113224395425334        2.1657923240236494        2.2406644500852058        3.2854057160970487        3.8321206542302915        3.9380342077460737        4.3567833522707504        4.5046701902225115        4.7060465589333109        1.0732785010240777E-003   8.3765979415538483E-004   9.7699820137641400E-004   8.8903249945852239E-004   8.3955160406412035E-004   1.6960868096850472E-003   1.3862121744741939E-003   1.0738573995637164E-003   1.4983226735889932E-003   1.3017090538051399E-003   1.5746456854272405E-003   1.5731758882474099E-003   2.0317173881330155E-003   1.8007233402205411E-003   2.8553336770862012E-003   1.8633826460418953E-003   1.8692043553714215E-003   2.0968465364212554E-003   2.2520611391641469E-003   2.2025262145711670E-003   2.1818245294918707E-003   2.5731370794700933E-003   2.4848880005590196E-003   2.4863957027549803E-003   2.6928884336212149E-003   3.9877837647305384E-003   6.1752522732270842E-003   6.3715627718217540E-003   6.1528082796786978E-003   4.5097648726867418E-003   9.3645208303985063E-003   8.3243081130028249E-003   9.0023774616219236E-003   7.1032799169237918E-003   9.3256589649145759E-003   7.8192720297227073E-003   1.7749310820690353E-002   3.7921339081642712E-002   3.2053180942535391E-002   6.1110416281751317E-002   7.4681916562171199E-002   9.6970167124566450E-002  0.20385052668480541       0.17437362994970987       0.29005370846357736       0.21132440847796344        9.4325866096170052E-002  0.23296199943428214        1.5137462587766038E-002   4.7175040993707097E-002   2.1483403936654162E-002
          36   2.9952780332754994E-004  -6.2108794184493124E-004  -6.8198446333072454E-004  -1.1181471883191356E-003   8.8123384373735845E-004   4.3684472013306525E-004  -1.0760292605136207E-003  -9.1313852164283675E-004   1.1368971004202088E-003   8.5238217185455804E-005   1.9368818253292755E-003   2.2885422685497921E-004  -5.7786093142587526E-004   2.4967302482684726E-003   2.6650165360922961E-004   4.9200809033657085E-004   4.5262193946123445E-004  -1.2896023987222032E-003  -1.6576178152133572E-003  -1.3950248841216831E-003   7.6877914348897855E-004   3.1282305847826889E-003  -3.7437616525155229E-003   1.0315342587273403E-003   9.4266141476272261E-005   5.5153152389917160E-003  -7.0183123574878150E-003   2.4813810290957696E-003   1.9375801488809954E-003  -1.8445133220073189E-003   6.7357582947812746E-003  -2.2337557527790032E-003   5.3201123141006612E-004  -1.8507950683738529E-003   5.5489258438911025E-003   1.3431852331028771E-002   4.7563794316405332E-002   9.9237706299583103E-002  0.25502329860508188       0.48912172375118507       0.86685469571755891        1.3179061716885769        1.7811061884236463        2.1376671544225392        2.2171627723328919        3.2710501145394590        3.8334052098616649        3.9357044976619724        4.3570925374983211        4.4993933468679028        4.6998519564262757        9.3102801948233217E-004   9.3083690689821786E-004   1.5576192150159620E-003   1.4457885770460250E-003   1.0835705956693052E-003   1.0322242188420001E-003   1.7646279141055885E-003   1.1310064078454451E-003   1.5473536399301959E-003   1.2691740655671197E-003   1.4135085625117236E-003   1.4457419939847987E-003   1.5644009902445594E-003   1.8795229285648626E-003   1.6515528374960631E-003   1.9872529783745334E-003   1.8146760631128820E-003   2.3806081743814314E-003   2.4450335780884323E-003   1.5991006080261837E-003   2.2756421808644129E-003   3.1478385061850939E-003   2.3724839240695959E-003   2.5758683056330829E-003   4.5010275536476923E-003   3.0349333142321443E-003   3.8890335260315704E-003   4.6274413463032339E-003   7.7810345106678596E-003   7.5110568095422582E-003   5.5135373006611867E-003   5.1485013748896946E-003   9.8987090866966606E-003   7.7057363046040958E-003   1.0307314031680670E-002   1.0605378872335864E-002   1.7900357323255778E-002   3.7703164802707377E-002   3.2371555627287087E-002   6.1007536164774334E-002   7.9304546447885454E-002   9.9783332276707284E-002  0.20958936213504781       0.17828058575250030       0.29565603203094493       0.21490075627288385        9.3554159097183384E-002  0.23731593331512402        1.5748719724033716E-002   4.9614470488754482E-002   2.1152497418813893E-002
          37  -1.4173820043294138E-003   1.2091758866631805E-004   3.5751096625977462E-004   1.9495370372248896E-004   1.7741280482434136E-003   5.5186808360602093E-004  -5.2494480985166637E-004   1.1468061069662833E-003   3.8077711973210948E-004   7.4636635109202746E-004   2.2349961667212778E-003   5.9283708349778922E-004  -3.4274759850820495E-003   2.2485927192137183E-003  -9.6024774995195059E-004   5.9386769136574350E-004   7.8122684321816325E-004  -1.7456184109216752E-003   1.1468699550661945E-003  -4.0694335390695109E-005  -1.5448231644731405E-003   1.4238830540629522E-004   3.9387862928013582E-004  -1.2340475915835730E-003   1.2345090207359270E-003   2.7087880279693093E-003  -2.6449321115769287E-003   1.7263490499135127E-004   1.3538838736846628E-003   3.5367146478385782E-003   6.9368937779416716E-003  -2.2791194631748305E-003   2.3422767366615958E-003   7.9373934960455994E-004   7.5005133878295847E-003   1.9559009075688447E-002   4.3356552305492548E-002   8.4452999175962079E-002  0.24138438223696820       0.46505945059477871       0.83817090737341771        1.2891421404968966        1.7528964292733598        2.1101323518000572        2.1810661445628559        3.2532988701135235        3.8301297870656739        3.9308541092993825        4.3513721955416980        4.4966595895556356        4.6963097979066397        1.2283271549926762E-003   1.1169342084470151E-003   1.1517669269343852E-003   1.3308953872729653E-003   1.0496566582677697E-003   9.1368267236600594E-004   1.2052257028247913E-003   1.5285890118612849E-003   1.5851867884269684E-003   2.3511752337403639E-003   1.6926885504435765E-003   1.6564926844699096E-003   2.5858772522343301E-003   1.5668867647655319E-003   1.1304551995966494E-003   2.5487150919872013E-003   2.1150230287378092E-003   1.4762251385067281E-003   2.4137826078532553E-003   1.7022095267246818E-003   1.6895968176079313E-003   2.2200471475112694E-003   2.6275827781346850E-003   2.8634884391803743E-003   3.4270056069287368E-003   4.5845090318578805E-003   5.4561535962759349E-003   5.3628256397470191E-003   5.4462542737820276E-003   6.8925090736845999E-003   5.5271909923692714E-003   6.1258322275593875E-003   7.5578527218070988E-003   9.8617929995660925E-003   9.9880565396941942E-003   1.2526307647866240E-002   1.6543559015608018E-002   3.9332732681355655E-002   3.4973268429559140E-002   5.9971532736757358E-002   8.4640784220315110E-002   9.7627845989498710E-002  0.21028821733225550       0.18334663021358819       0.29740510512249957       0.21943194497525598        9.5328653791727044E-002  0.24543572858323401        1.7293485137601580E-002   5.2991142789530397E-002   2.2858063072086734E-002
          38   1.5976265932344041E-003  -9.3616053954853889E-004   1.0026344400082656E-003   1.4153009784812016E-004   7.1467308597921505E-004  -8.4815160552784651E-004  -9.0149589936227236E-004  -5.0715446886455981E-004   1.5251919505426279E-003   4.3146836582092830E-004   1.7354456604450207E-004  -1.4487085503404681E-004  -1.8255756528642441E-003   3.7429692294274467E-004  -3.5380214904851019E-003   7.0564675079985153E-004  -1.9335802968714802E-003  -2.6074625606543728E-003   2.7877687326486283E-003  -3.1201563590196429E-004  -2.2919956083651090E-003  -6.8944661278432841E-004   2.1529876212303656E-003  -1.0876735474612917E-003   1.5578355873573171E-003  -3.1305592196459117E-004  -3.4549287027191701E-003   3.4753778926969259E-003  -4.2473802704033883E-003   8.3158903654197548E-004   3.1753675942267517E-003  -9.2610854380243904E-005  -2.7608233562613610E-003   2.4472957217289691E-004   9.1523339727782923E-003   1.8455036929120774E-002   4.0387559227324593E-002   7.6684221973878128E-002  0.22320216832200854       0.44505892977493999       0.80756777310621120        1.2607136622641331        1.7226040775864104        2.0871488592989604        2.1552469707091277        3.2371446508312576        3.8193419716930324        3.9181070407507210        4.3613903578227298        4.5004833156500563        4.7012387500924255        9.4654697876574644E-004   9.2959691658471046E-004   1.1581644721665989E-003   1.7078759429265062E-003   1.2982086375499539E-003   9.2741842265266466E-004   9.0865109861263261E-004   1.2046793215551629E-003   1.1580587034251742E-003   1.8364362382479393E-003   1.3899434804161279E-003   1.6460014976489767E-003   2.1286430891321062E-003   1.5395508271982730E-003   2.2024042237343742E-003   1.9184488492403247E-003   1.8195013308180072E-003   1.6948831189515623E-003   2.5513562674988333E-003   2.7968572073113762E-003   3.2563830160866518E-003   2.6513124649672100E-003   2.4137728496261704E-003   3.4086979560160021E-003   3.3210296896483567E-003   4.6683483215483879E-003   7.4087534743986581E-003   5.4290106064249976E-003   4.8223163486409695E-003   6.1308670751085712E-003   4.7604662189464986E-003   6.5951432241340615E-003   8.2822445264188454E-003   9.0628045345517803E-003   8.4426961270628216E-003   1.6287553400156762E-002   1.7930987679789966E-002   3.1134292853130126E-002   3.5537924457499939E-002   5.9463182024555264E-002   8.9540415090487518E-002  0.10419247429597304       0.21100014687738322       0.19093978898526226       0.30143241883204258       0.22289187057600141        9.4056349837660508E-002  0.25263265595391704        1.6385221420552699E-002   5.3575001887931677E-002   2.1341658780863627E-002
          39   6.0279673709912409E-004   1.5149303472833887E-003  -2.2059748773208977E-004   1.5181451977914068E-003   7.1126411874949133E-004  -4.3178533182625632E-004  -1.4329511774631186E-005   1.4302627631934083E-003   1.1680990898607377E-003   9.0954075303179927E-007  -1.6694824978756522E-005  -6.5897123696456738E-004   9.2390818292212632E-004  -4.7635188884302692E-004  -7.8469533371353204E-004   1.4375121336050495E-003  -4.9002132835594908E-004  -3.1959181071097207E-003   1.0796844959434479E-004   7.3691812947937246E-004  -5.3377994119727069E-004   1.2070190268558786E-003   2.4117062003713666E-003  -2.1693055655503265E-003   3.1708954723511542E-003   4.5484764118130074E-003  -1.9614628920809349E-003   5.1514061013346359E-003  -2.0638947441062455E-003  -5.0346379766769774E-004   2.1744762900055051E-003  -2.1036514438096334E-003  -1.5088056932433837E-004  -7.5426825738590599E-004   5.8378222410187634E-003   2.4258926919896642E-002   3.3367404368260543E-002   6.2401571751600972E-002  0.20476067987556962       0.42664254600397977       0.77852463628974533        1.2292060085335226        1.6976015948196557        2.0616733145465505        2.1317451910074472        3.2278132220180420        3.8203492802640766        3.9133288403386599        4.3536527881948546        4.5020892998398647        4.7059970791376742        7.5470199095533470E-004   9.8291606109851700E-004   1.0597300902483800E-003   1.3561181772466285E-003   1.1112705084380860E-003   1.2087020029764328E-003   1.1327742717442894E-003   7.9894459170344568E-004   1.6654712866019513E-003   1.2814910974660106E-003   1.3464580442564395E-003   1.1006378802599728E-003   1.6984263276621152E-003   1.7052291782735059E-003   1.9862837990649038E-003   1.5292221333728353E-003   2.5914817915152770E-003   2.7799165492891510E-003   2.1382446661362465E-003   2.9524023274179819E-003   2.7201166833560947E-003   3.3182947771095311E-003   2.1444547866858771E-003   2.9615564894209501E-003   2.2738649904846375E-003   3.6645905108070574E-003   5.5534289445396271E-003   4.6314596438734677E-003   5.4164048757440490E-003   5.7192609965274060E-003   5.6899644314664932E-003   6.4107362097274119E-003   8.8881592747531626E-003   9.2377409724136283E-003   8.0958671218677673E-003   1.1811330423709489E-002   1.6563413121691673E-002   2.9687766601046852E-002   3.1527044177939278E-002   5.8053713191864385E-002   9.3896116652554762E-002  0.10764119757775073       0.21376990933130841       0.19446865909180083       0.30353614302012355       0.23012266665794501        9.3443101129490141E-002  0.25869931862816559        1.7791662653677851E-002   5.3781001534280871E-002   2.3059197337585741E-002
          40   5.9590661274711346E-004   1.4099482811602082E-003  -1.8181759278962362E-003   9.4065983636864854E-004  -7.9113553355742114E-005  -4.4799638616212792E-004  -1.8044832956326499E-004   2.2304810426102895E-004  -1.1823951222275134E-003   1.8053417535014694E-003  -1.0190378827320552E-004   5.1699583861407523E-004  -7.9193874982209055E-004   9.1900457638683676E-004   4.7472018081790365E-004   1.2572284458723659E-003   4.2407416741011613E-004   5.1153600868318768E-004   1.2493536643210955E-003   2.6553736385147761E-003  -1.8731537724641356E-003   2.3783735636823847E-003   2.3742901557493295E-003  -1.0804533403466184E-003   2.3909458960769156E-003   5.6920559121972410E-003  -4.7140413131627566E-003   2.0073702211371594E-003  -3.4751605168673416E-003  -3.5836877288984974E-003  -2.6828513559475865E-003  -3.3582325181185052E-003   3.9918748047955343E-003   9.6880654546984139E-004   6.9778402015674467E-003   2.2507034451939800E-002   2.3295038106495750E-002   5.6082682341511363E-002  0.19123164946209828       0.40701966844159670       0.74466284811315508        1.2016052404757755        1.6658538982602984        2.0296961215292355        2.1074922365345281        3.2096497970370721        3.8252135107703018        3.9058619217012409        4.3666310969215179        4.4941701027131993        4.7005630450110916        1.1886657563783267E-003   1.2071490480808282E-003   1.3794835780123651E-003   1.1673458675461794E-003   9.4425014712359152E-004   1.2425926657682403E-003   1.1318136566023376E-003   1.0724385596938687E-003   1.3843680227425650E-003   1.3221224968766911E-003   1.6819413398401354E-003   1.1914710323110041E-003   1.5996305182933309E-003   1.8016083578618338E-003   1.8238002730021788E-003   2.2540762380986595E-003   1.8657623253660782E-003   1.6031670525977471E-003   2.2923474601155734E-003   2.0450000474270301E-003   2.4246902812705231E-003   3.3005890338910723E-003   2.6556684957072243E-003   2.7670125043734966E-003   3.1728965432706391E-003   3.7300189732633934E-003   3.4892961641722849E-003   4.3587600488751684E-003   6.0200198980639138E-003   7.3145905171530887E-003   6.5445043843344068E-003   6.6730074803369481E-003   1.0049319677050752E-002   8.7104892534049412E-003   1.0811408808858256E-002   1.2703972827605565E-002   1.4758930149271821E-002   2.7267978635315080E-002   3.3558645065003556E-002   5.6827375166506246E-002   9.6346701732073353E-002  0.10961448216060282       0.21093910710180291       0.20277140162409127       0.30860037436092436       0.23377707445064957        9.3594112721179012E-002  0.26691250126752164        1.7375406586747098E-002   5.4968274968806713E-002   2.1104891853532322E-002
          41  -7.2536535108436823E-004   8.4472991084330205E-004  -9.2575386721890950E-004  -1.2913186462470595E-004   2.9322698130134633E-004   8.7210518774803367E-004  -2.2718876182085805E-003   1.3550777226921950E-003  -1.2181451800030694E-003  -1.2554281834388570E-003   1.0107086975173157E-003   4.0828662361033893E-004  -1.8990177412219729E-003  -5.3356190052808678E-004  -1.5223306237744090E-003   7.3572626272882071E-004  -1.7712218035838855E-003  -8.3050171798129289E-004   8.5280177879650605E-004   2.0430338423362651E-003  -2.9308683340002100E-003   2.3872645642754433E-003   3.0546969814335842E-005   1.9876821281223458E-003  -7.4166510592725066E-004   2.5423541726188629E-003  -4.5983780278591414E-003  -1.4974235525342799E-003  -7.3274784341546533E-003  -1.8273682946215856E-003  -2.8702088113229706E-003   1.6854885310687287E-003   3.9497313069821243E-003   7.8368066080093321E-004   1.0670118412487601E-002   1.3320557544203748E-002   1.4520434381699370E-002   4.7686919675269134E-002  0.18441678078398524       0.38657537312695694       0.72673284474219835        1.1707571124559888        1.6422735709575895        2.0066033053968289        2.0775797959889193        3.2004604831630048        3.8176491288084331        3.8936787894476845        4.3566861923928268        4.4985230751172427        4.7025397822462223        9.8208557524716972E-004   9.8817279869351307E-004   1.0419035728432228E-003   9.9846811290885086E-004   1.4130927641230139E-003   1.6704951603329918E-003   1.3925171517795714E-003   1.4771871827108287E-003   2.0640409797532764E-003   2.3516112439190963E-003   1.4492411876057224E-003   1.2767640456481358E-003   1.2209014055006425E-003   1.2160398557165093E-003   2.4215229631796608E-003   2.0199694658143636E-003   2.1126673432617818E-003   2.3058006650764165E-003   1.8651360290985071E-003   2.3652427719903341E-003   2.2880949649355204E-003   2.3543605645514882E-003   2.8139968207301111E-003   2.8404305410697074E-003   3.8999395671052866E-003   2.6572104046232278E-003   3.2150567989746360E-003   3.4548605145152149E-003   4.5988440023343362E-003   8.8141447184114600E-003   8.4552236213555777E-003   6.0043253618357216E-003   7.2800126845695224E-003   1.0095864919312324E-002   8.5557101288416433E-003   1.1417756375186919E-002   1.4312517353625856E-002   2.9757302882780480E-002   3.4106327643650583E-002   5.5438102370297365E-002  0.10249267001103522       0.10861478703828190       0.20901307116654344       0.21140469350735450       0.30891095374277311       0.23553545066924997        9.2667092722090394E-002  0.27395246387703870        1.7652031728010806E-002   5.4820979067464810E-002   2.2799866081391500E-002
          42  -1.6384932705839779E-004   1.1240604810362604E-003  -9.1069475076963643E-004  -2.2967367201870976E-004   3.6860999300657372E-004   6.8041343708530344E-004  -4.0433025429642626E-004   9.2250795637808115E-004  -2.4654101868716691E-003  -1.0325491617266375E-003   1.5984672404681514E-003  -1.4624397907959266E-003   2.8186070824636411E-004  -1.0576853264819184E-003   6.6557147912142027E-004  -3.5320262866892670E-004  -3.9747430953488601E-003   5.5612359323581047E-004   5.1415630467968360E-004  -9.4236149847702687E-004   1.0237555066317855E-003   2.5253209220582411E-003  -2.3985357072754520E-003   1.6813896379166068E-003  -3.7927433716777727E-003   2.2775453628980733E-003  -9.8151519086997767E-004   8.8414054573635152E-003  -4.9909800774667603E-003   6.3432686557389766E-004   1.4690982559616215E-003   4.6757114399320057E-003   6.0896888309423967E-003  -2.7885873150673094E-003   9.0100122279107211E-003   1.7179338940362315E-002   1.9416572374079899E-002   4.3635121725113309E-002  0.16658135879716973       0.37172535424679060       0.70834629110115599        1.1415361191635918        1.6200521807146115        1.9842598369483855        2.0618204683802346        3.1831248954747053        3.8191243558601418        3.8864436381480441        4.3634127099787658        4.4969840560682455        4.7052522060592823        1.0711819071343867E-003   1.1104548493992049E-003   1.0924433828103243E-003   1.3175186011524359E-003   1.0902170022291120E-003   1.1637660256126941E-003   1.0707499021171843E-003   1.1529445336249181E-003   1.1116868764294583E-003   1.6496405542727145E-003   1.3666519128024807E-003   1.3870833246495383E-003   1.6202517915334042E-003   1.4892149065886891E-003   1.6466444067730190E-003   1.7793111983278333E-003   1.4307054591523984E-003   2.2338147699430683E-003   2.2028506242961626E-003   3.1691146204581543E-003   2.1404802622935963E-003   2.2030506014218427E-003   3.4481964968191914E-003   3.5700793009863837E-003   3.6219163053611610E-003   3.5831787517408833E-003   3.2096553156615100E-003   3.3594357080230543E-003   4.4779292289288874E-003   4.5005866389790945E-003   6.0238627110046012E-003   7.8071851538588609E-003   7.8552734412282582E-003   1.0721146166556950E-002   9.0462603420721401E-003   1.3731585481965921E-002   1.4497286312393382E-002   2.3865809509628338E-002   4.0551986774385242E-002   5.5203131316558879E-002  0.10898036170867531       0.11026607397781524       0.21043087635567251       0.21753078693192163       0.31272179447186715       0.23736611651052217        9.2623682663475260E-002  0.28236803622453693        2.0674891590424099E-002   5.4908810229084073E-002   2.0859651929761098E-002
          43   3.0297911409516348E-004   1.7270129611778179E-003  -1.5101883081749762E-003  -2.2350860607300990E-004  -8.1079945652886448E-004   1.2959827947994439E-003   2.0772263670946049E-003  -2.3930913327184600E-003  -1.4275775226719753E-003   1.2111215058682970E-003   1.0236386629364435E-003   7.5458997860056794E-004   2.1027984968555627E-003  -5.8938021229288520E-005   8.8202322723523281E-004  -5.5083667524449885E-004  -8.0878254812472819E-004  -9.8630130132717651E-004   4.8245402486335976E-003   1.3902621145857144E-003   5.1205632933431567E-004   1.9759020968329916E-003  -2.8456981084242746E-003  -2.7024635164394910E-003  -6.0441216904405766E-003  -6.0463126958144214E-004  -4.2508156150718093E-003   2.7326163647366278E-003   5.1941962333707274E-004  -4.0802755016077904E-003   4.0402753377582508E-004   9.2868302610399668E-003   5.4075445571402959E-003  -1.1162982986741945E-003   3.6522889698621082E-003   2.1253851474165829E-002   1.1770337730184550E-002   2.8840585806931121E-002  0.16291905365413617       0.35590722480050530       0.68773790593440465        1.1196202966577631        1.5982516218405229        1.9585710357877175        2.0341306837774367        3.1687291690253390        3.8214194539818607        3.8785176848266572        4.3561243051418979        4.5006112173762034        4.7031440875147688        7.2979583069389593E-004   8.1828465050870253E-004   6.7903843409765092E-004   1.0895482270402157E-003   1.1982228995789585E-003   1.2724476913098465E-003   1.1754678235310048E-003   1.0167868767124127E-003   1.7395828894750511E-003   1.5741469015257594E-003   1.5811443162553345E-003   1.9594056125684161E-003   1.4656423505307126E-003   1.2075899673365180E-003   1.8353278146826782E-003   2.1343930861416247E-003   2.3758325712110889E-003   1.9799679065458965E-003   3.0304883185924038E-003   2.3608101750290703E-003   2.2957749175053273E-003   2.2208569764120669E-003   3.7319509333370161E-003   2.1895906066682828E-003   3.0554893943582208E-003   4.1233805833989050E-003   4.2982655723665117E-003   4.5701360373138992E-003   3.9677110491395428E-003   3.8012413531687498E-003   5.1046533402159715E-003   8.5592870825931047E-003   7.4698299076879030E-003   1.0263652503411606E-002   8.4341963143163799E-003   1.5600287301587397E-002   1.6802528838721981E-002   1.9890394660477234E-002   3.8138890999384570E-002   5.5328683100690244E-002  0.10949556592229977       0.11189533167739953       0.21107552699144486       0.22058994563792000       0.31596490112220699       0.24591991406636241        9.2521203269133545E-002  0.28814035916137537        1.8150878884226760E-002   5.5756027930827456E-002   1.9126169936365619E-002
          44   3.6432657395501356E-004  -2.4748567754117462E-004  -1.8522060008045987E-003  -1.1710675265959379E-003   8.3602886459194757E-004   5.1055177859568796E-004  -3.2612307152220010E-004   3.7604561700862934E-004   4.3625789115997292E-004   2.5847268602228130E-003  -1.9837048542261840E-004   8.2947229752035560E-006   2.5843629736984318E-004   2.3726235652850544E-003   1.6311555200996879E-003  -2.1695513885393999E-003   8.5836949299793056E-004   1.0847479109648208E-003  -1.1737878789160315E-003   1.0078410262884942E-003   9.5574202462329818E-004  -5.6919671752494311E-004  -9.9194256955047254E-004  -2.7552419028240072E-003  -3.7260210176630849E-003  -2.8822846343667741E-003  -4.2691102212995651E-003   2.8620487589028380E-003   1.0136577745404008E-003  -8.0477232872544255E-005   2.0533354173740219E-003   8.6223107657704395E-003   4.6943097207285869E-003  -5.2343599681871867E-003   3.8541087748697803E-004   1.7213985993449098E-002   6.9372265217994668E-003   1.9452901028487624E-002  0.14970773741165949       0.33854178769649562       0.66766901669653889        1.0880889453117537        1.5769875698851512        1.9383772913060739        2.0081468746412083        3.1564490517021260        3.8212778397614020        3.8617439545939418        4.3561896401330715        4.5015242767278023        4.7043262638673449        9.6030159993610740E-004   7.7427168588481323E-004   8.4138173859295458E-004   1.2079161430799100E-003   1.0718428389100395E-003   1.0660179410699625E-003   1.1938857803826159E-003   1.2834705015411529E-003   1.1194595233089551E-003   1.2837298693203049E-003   1.4466268203530580E-003   1.3960205627932976E-003   1.8117902628622307E-003   1.3784734101212463E-003   1.6647651745489121E-003   2.3582359160508747E-003   2.3713682407311728E-003   2.4079755590051760E-003   1.9397655062081166E-003   2.2773382877232014E-003   2.0315887906900815E-003   2.2019835643622100E-003   3.2728797574755109E-003   2.9211860623307739E-003   3.1591122550230898E-003   3.4132709662548946E-003   4.8188200734559546E-003   3.6173786285895481E-003   4.0371426964075693E-003   3.8056935562670743E-003   5.3479439869435260E-003   7.1074108876447327E-003   7.7528687141283845E-003   7.7782879517769524E-003   7.3370994964124100E-003   1.8111435858052943E-002   1.7743511150602465E-002   1.8263766797825893E-002   3.5574897205708556E-002   5.6416542156687774E-002  0.11229373903695812       0.10994528166424958       0.20738625152111831       0.21973688022348034       0.31479192775436338       0.25081079031057735        9.2073181016460073E-002  0.30243441918641456        1.9094875130131778E-002   5.8679548665162493E-002   1.9812331199142250E-002
          45  -7.5649256745287006E-004  -2.8914332617901219E-004  -3.0808692798476461E-004   1.9569671609994589E-004  -8.9727198392126298E-004  -4.2938559312615475E-004  -1.7221183575811293E-003   2.2083730558149633E-003   1.5073997751831639E-004  -2.4572056940790508E-003  -8.0444709671948422E-004   7.8348837947193363E-004  -5.5947000699946184E-004   1.7549384121822622E-003   1.5900486344201214E-003  -5.0299921302400204E-004   5.2850819185455678E-004   2.0493523247961357E-003  -1.3031784641681771E-003  -1.8592452020167651E-004   2.2655936393437609E-003  -1.8714483203669705E-003  -3.1246006905994643E-003  -3.0611259351070899E-003  -4.8226002461789173E-003  -1.2092284232317928E-003  -2.5110419371124266E-003   4.3696388442157280E-003   9.3742231894603705E-004   1.4972033117471792E-003   8.9450521123419623E-003   2.9046059796720980E-003  -7.8038215127170475E-003   1.7972556607554631E-003   3.5873011863489799E-003   1.7142498042466540E-002   1.2263968373735421E-002   1.2107271844446120E-002  0.14201402246799422       0.31373266581092729       0.64958469215304515        1.0612031113297582        1.5541028146374847        1.9150181228749910        1.9865606295184326        3.1339597736089426        3.8175288985909810        3.8567111709567525        4.3546693610532836        4.5018702782669040        4.7102758781725891        8.5840102495114440E-004   6.8840970139029357E-004   1.0123772029308898E-003   9.3674905420324721E-004   1.1436616981761682E-003   1.5078973277027734E-003   1.0204763786478531E-003   1.4102356238021915E-003   1.2669928789672484E-003   1.2220248379016976E-003   1.6369231770576706E-003   1.7862745560423803E-003   1.3625552164472430E-003   1.6710192361500519E-003   1.7632222658548454E-003   2.3899972273190764E-003   1.7012594735013723E-003   1.6035056805230618E-003   1.9872847162586121E-003   3.1242164563723101E-003   2.6164697739036622E-003   2.2272857946898411E-003   2.7246162578480507E-003   2.8604365322697739E-003   3.7260059187950068E-003   3.2106317478873703E-003   5.2947908995254356E-003   3.5979908632056017E-003   4.7924051143999448E-003   5.6068739176115519E-003   6.1703089660019462E-003   6.2337708113565631E-003   8.4373975394761557E-003   5.9952962006637224E-003   8.2454411895754396E-003   1.5981219717770723E-002   1.6061587790797863E-002   1.7698249452498083E-002   3.2482917452256357E-002   5.6538471182297004E-002  0.11919662072205388       0.11123408437700938       0.20856302714904396       0.22039038191468971       0.31809663803983368       0.25626917899936275        9.3191140066076039E-002  0.30932881914647253        1.7991014468350684E-002   5.4108658089578772E-002   1.7872032543075584E-002
          46   1.0105756844116412E-003   2.5628183409139813E-004   1.2986862347865724E-003  -1.5266859812609120E-004  -2.6878771926639350E-004  -2.8917105160240167E-004   4.2012056814712193E-005   2.6460825763521340E-004  -6.0778661301391071E-004  -4.5886179652621448E-004   3.6047580708185994E-005  -1.7682850681636261E-004  -1.0423854282473363E-003   1.2274409637674261E-003  -3.0505030845973157E-003  -6.4015418266601934E-004  -1.4617443426705790E-003  -6.1423989063788922E-004  -2.2330470591755019E-003  -2.9266268035548484E-003   1.5257566261957728E-003  -3.7507057078602779E-004  -3.3514774161390900E-003  -1.4121444341767084E-003   5.0103201935236736E-004  -5.1910727939959121E-003  -2.5193230720060686E-003  -4.4221633878393793E-003   1.9701448420728846E-003  -1.1048493480898087E-003  -7.4365090261672149E-004   4.9510308515548088E-003  -9.2761101932549005E-003  -1.5035800986600762E-003   3.3623632112202541E-003   1.0882546778368439E-002   7.8625408806134393E-003  -2.4967396357529576E-003  0.13473788562650715       0.29851920953864758       0.63124454691991538        1.0501238790474579        1.5334172370233545        1.8932026573575771        1.9539763807417003        3.1215258388747515        3.8172753016157031        3.8431261623528381        4.3514732551552830        4.4981955466859995        4.7144554247959061        1.0952475005679137E-003   1.2312913806514323E-003   1.3900127365026676E-003   1.2544072123197056E-003   9.7079109336889284E-004   1.2060690617978005E-003   2.2872621091882088E-003   1.3903286029933184E-003   1.6365653719912273E-003   8.5162834950247004E-004   1.4249628195601922E-003   2.0202233084423531E-003   1.3907548920137536E-003   1.5615784669016507E-003   1.5950423763377757E-003   1.6608147373797812E-003   2.4363881757351095E-003   1.5241773919775568E-003   2.4098345085981367E-003   2.1727959479410160E-003   2.4922898085053317E-003   2.2188497792597615E-003   2.3318571932658023E-003   3.4397159114573266E-003   4.1013361338610574E-003   4.9391634601660631E-003   4.3041194530446681E-003   5.8795780990828529E-003   5.7762584446985950E-003   5.0845699914605826E-003   4.8226299215031812E-003   5.8942352981796132E-003   7.6390578296099540E-003   6.0954269037295948E-003   9.3898532718599548E-003   1.5285206446792222E-002   1.6085662351246872E-002   1.9453528843557107E-002   2.6908749281547972E-002   5.2569160315008044E-002  0.11752511208880737       0.11059351698328800       0.20740282023539258       0.22416284786250498       0.31716555793257023       0.25954819659690631        9.3354385995971303E-002  0.31657257326759192        1.8065650780501132E-002   5.3440319982633197E-002   1.5456492752125586E-002
          47   8.2813074727508613E-005  -3.1606787952373205E-005  -4.1787927553112408E-004   5.8670559018608162E-004  -9.9407357006361919E-004  -1.5493648391941396E-003   8.1496627742263909E-004   3.1503991407625423E-004   9.3683255671624311E-005  -1.2115400391977267E-004   2.3737895882516308E-003   9.4881996411851874E-005   7.5566028176726708E-004   2.0240321183747009E-003  -2.0187205281208573E-003   2.6734548031780771E-004  -1.1402777007174798E-003   6.2770513571797993E-004  -1.8073459848995178E-003  -3.4458601806167072E-003   2.9685498397536590E-003   2.2606035857283102E-005  -2.7041908007703901E-003   2.0563096966858151E-004  -2.3226479065129599E-004  -2.0568308536236929E-003   3.4169428777549083E-003  -2.2506819622613032E-003   4.5076490063001191E-003   3.6795415813198227E-003   3.7613315531063226E-003   4.9418584922014015E-003  -6.5863905327271741E-003  -3.1613460654105166E-003   2.1081599578385399E-003   2.1732437292295608E-002   5.6183745075793464E-003  -8.5949080390803605E-003  0.12188087303003238       0.27765486704293052       0.61643131412909336        1.0351141445251066        1.5023878872055083        1.8688675761643061        1.9381856021129711        3.1009918816057174        3.8099864742203748        3.8427340976892066        4.3599145731377345        4.4952413982705179        4.7098011670522242        1.0520303434573691E-003   1.0704280989728907E-003   1.1222867803191495E-003   1.2112673143825036E-003   1.3756911007708418E-003   1.4064488538532420E-003   1.4387426925920892E-003   9.3991792397662012E-004   1.1560018826403484E-003   2.0076988535345256E-003   1.8063069659815818E-003   1.4952059933994735E-003   1.0089385078987695E-003   1.8502639660680780E-003   1.8094206272528429E-003   1.1421629671064498E-003   2.6854078024207318E-003   1.3802967931247716E-003   1.0224036130320859E-003   2.4783947803514571E-003   3.1519925742813809E-003   2.4017840232827951E-003   2.8212571049403535E-003   3.8897092180522103E-003   3.2148865807121421E-003   3.4583849663525966E-003   3.8525638352260509E-003   4.2182923642808019E-003   4.6792978321402411E-003   4.6835044261291561E-003   6.0757820419550202E-003   5.5078912264573225E-003   1.0818596398977759E-002   6.7223247867702436E-003   6.8304632311709714E-003   1.4189454091381634E-002   1.5938929109926680E-002   1.9322135924981800E-002   2.5244847249627146E-002   5.2318828456671226E-002  0.11750200296428888       0.10744122741796153       0.20473765160358626       0.22566266943659150       0.31067876668340150       0.26750518905800841        9.5072668185524567E-002  0.32628740507439946        1.8398196485004147E-002   5.4431178443666899E-002   1.3472661590776695E-002
          48  -8.0474096656805169E-004   1.2409853847639909E-003  -1.6176678779813552E-004  -3.3691274903927279E-005   1.1460960637082694E-003  -1.4862700086994805E-004   7.9413338577826549E-004  -3.0773948971807119E-003   2.5042893665224134E-003   5.7518016299497527E-004  -7.9356791217470232E-004   5.2975033945388953E-004   2.2179472064118048E-003   1.2230490046751205E-003  -3.7328254240107587E-003   1.3265524319131207E-003  -6.5129909997171010E-004   2.5176563380845465E-003  -3.2690824618249251E-003  -2.5801818044116145E-003   1.2846230061814910E-003  -1.6015216578291335E-003  -2.8546990455511029E-003   1.7968616860641795E-003   1.0130708825619153E-003  -3.0413812902472708E-003   3.3852942467982616E-003   1.2337695511808666E-003   6.8283399585674287E-004  -1.1573260443502739E-003   2.6361858350142176E-003  -1.2833795361955392E-003  -1.2547563373208741E-002  -5.6808544012459695E-003  -1.6060234018744797E-003   2.6174827563205594E-002  -5.1565930063766953E-003  -1.9281359592847391E-002  0.11447437700156191       0.26633046660520437       0.59399747783741785        1.0143055091432618        1.4791068649731796        1.8509753896111596        1.9147655399652153        3.0895804285112516        3.8129173046663976        3.8357539921405137        4.3563220509942537        4.4961771448463947        4.7145245746205777        1.0403480528672687E-003   7.9062496850530067E-004   1.1375479257585439E-003   7.8562213180561366E-004   1.1596350541553174E-003   1.2142532592770972E-003   1.0742459143327058E-003   1.0184854141141568E-003   7.9533371410194843E-004   1.5918915383647386E-003   1.9345436512671046E-003   1.5165864481229596E-003   1.3601465099474901E-003   1.9933068053180087E-003   2.5980715935399277E-003   1.8389129946307910E-003   1.7171578809661080E-003   1.5715106892185654E-003   3.0244331282401104E-003   1.9487500088040456E-003   2.3045395557328616E-003   2.2876738769180842E-003   1.8165893439810348E-003   4.8481706661513725E-003   4.5565512702839791E-003   2.9704108956593572E-003   3.6429956842990198E-003   5.7256206535016702E-003   4.3496035262979866E-003   4.1361717301089023E-003   7.6684983303025719E-003   5.6949284362421224E-003   1.0434920041436750E-002   6.7073008971805350E-003   1.1126689410278189E-002   1.6484506681822476E-002   1.7164900336399138E-002   1.8964454647170989E-002   2.4785337342941867E-002   5.2819019709192318E-002  0.12022196290741982       0.10734351037677507       0.20303936692284980       0.22578316243255389       0.31514124513344871       0.27226070784273915        9.7821665701917040E-002  0.33462117177459416        1.7326321617893520E-002   5.4276159462734723E-002   1.1177378234881725E-002
          49   2.4612623406158201E-004  -1.4540462316547831E-003   8.6141692577762502E-005  -2.7204885211738885E-004   2.2367933272296292E-003   1.0537073484493832E-004   1.9030506482553451E-003   1.6431252932452513E-003   2.2427745578396390E-003   2.0279502575223446E-004   2.1260935099140245E-003  -6.3314503046037370E-004  -6.1714881075228712E-004  -2.1284336569946604E-003  -1.4032014025656756E-003  -2.2886536521976434E-003   8.1192221301526946E-004   2.0208088478706321E-004  -1.9941245855810375E-003  -4.5090926651960694E-003  -2.1335219590879382E-003  -1.1493423338538749E-003  -3.0282400498067917E-003   1.5759175741357730E-003   9.3051370497323528E-004   2.1603824549101132E-003   2.3754518842776903E-003  -3.4235403813255572E-004   3.2019255420590124E-004   2.2467261054176079E-003  -8.2304427430231614E-003   2.5221685416740384E-004  -1.2217279038874070E-002  -3.5599925304840730E-003   5.1303265621381704E-003   1.6823124635936836E-002  -1.8598856520023393E-002  -2.4057166282832786E-002  0.10123740817420222       0.25870967185524940       0.58504477297655022        1.0051634553289914        1.4560329345395220        1.8199501282415191        1.8891879778385070        3.0683110059839218        3.8062641293592230        3.8300625238910770        4.3593762284862354        4.4964584507495822        4.7199495951018857        1.0654398725851485E-003   1.0584328299263798E-003   1.1091543090779423E-003   1.1987462314514902E-003   1.7551267166957222E-003   1.0835672863663381E-003   1.8623513182736858E-003   1.1385340297164067E-003   1.4387452127655907E-003   1.0159039500749350E-003   1.5870430446723932E-003   1.0062769663287457E-003   9.7228930989218135E-004   1.7380614312303678E-003   1.6028257118247933E-003   2.1766153040332606E-003   2.1507733078302851E-003   1.7863465910811420E-003   2.4540998181368590E-003   2.4148037894455594E-003   3.0475858007390248E-003   3.5464160054126102E-003   2.6426405960151304E-003   2.7247199060489872E-003   3.3858853719633576E-003   3.9204642707246027E-003   4.0900216528315745E-003   3.5617525150858811E-003   4.5886199999966727E-003   5.3097417440257609E-003   7.3495951495556886E-003   8.4767736374192198E-003   1.1782146040568721E-002   6.1828935812727574E-003   1.0780793035422818E-002   1.7583828294774225E-002   1.6057454466466448E-002   1.7977785662280529E-002   2.5347546865902612E-002   5.3436284724259049E-002  0.12002565255549923       0.10295120555363188       0.20063846716667685       0.22421841754350499       0.31317660887032600       0.28000788206539778        9.8952284248863445E-002  0.33920080680853187        1.7100096211607595E-002   5.6472404791238620E-002   9.4201050217688209E-003
          50   6.0600873061146196E-004  -1.0547752787359603E-003  -7.0335195478052218E-004  -1.0177192172660875E-003   4.7720700169857596E-004  -2.0456256988349436E-004  -7.3997451216213249E-004   2.7102930992748341E-004   3.9932583257901161E-005  -2.6535597989208788E-004   8.6978822723424295E-004  -2.2987394316007582E-004  -1.6447996563761637E-003   3.2755010839967646E-004  -2.2911262068034993E-003   7.3448886817978885E-004  -1.3853566433020296E-003   1.1443231725395435E-003   2.0021250430773195E-004  -6.4082563880951107E-004  -7.1841170910626575E-004  -1.1546782920043288E-003   5.4427752056709021E-004   6.4760480786641187E-004  -3.4632923662312261E-003   2.6364876806662105E-004   1.9034384167373436E-003  -2.7293586667672689E-003  -2.6182847584556254E-003   8.5152950367564997E-003   1.8045086135092528E-003  -1.7207256831754152E-004  -8.4249645085045389E-003  -2.1420060390127922E-003   1.0628554349946168E-002   2.1357496794144493E-002  -2.7206769735066156E-002  -2.6646766537961587E-002   9.3948507004237167E-002  0.23884647910869286       0.56901637907976321       0.97661267195513768        1.4336460021516131        1.7981448632052341        1.8696700510070172        3.0485248123936168        3.7987691907852836        3.8151461890205423        4.3609783708630268        4.5032230164628064        4.7137802566390015        8.3717380327752759E-004   1.0469667475798855E-003   1.0490331260880302E-003   1.6518231563961610E-003   8.8767345837854894E-004   1.1454940946736014E-003   1.1056064962785695E-003   1.2274018985357672E-003   1.5723696924326918E-003   1.6080949560361138E-003   1.1667459823717073E-003   1.7139564107998451E-003   1.4467498284291532E-003   1.4620444280362508E-003   1.6045063415816101E-003   1.8279093360331700E-003   1.9129932175365788E-003   1.4734194891247122E-003   1.7956634400240863E-003   2.6631320914299846E-003   2.7131532032337066E-003   2.5809410550335496E-003   3.8857633877185716E-003   2.8038462372011923E-003   2.8105624492578891E-003   3.8976472016885931E-003   7.1138033962604968E-003   5.0361608516104927E-003   3.1370855147655865E-003   6.3347346491272839E-003   6.4164987204741678E-003   7.7278532089599264E-003   6.2907750426657895E-003   7.0646259976700557E-003   1.6028854891167309E-002   1.6708698119067240E-002   1.6544413223991208E-002   1.7312153741550193E-002   2.4644289035556256E-002   5.5580407620242897E-002  0.12207315697416327       0.10414859535651447       0.19735363939793887       0.22525397302154757       0.31320461374184083       0.28262527457597442       0.10261907993695943       0.35048885016125081        1.5381960641857291E-002   5.2871657878578157E-002   5.6740519428236415E-003
          51   5.4217413352695184E-004  -1.2124382006033429E-005   3.4747814421019459E-005   7.6594921944889995E-004   2.4366682749232029E-004   1.3970719915112342E-003  -1.6510006625241088E-003   9.7922094456935702E-004  -1.2367576969322845E-003  -3.5611288745156905E-004  -1.5225837103492485E-004   1.2123793920693414E-004  -1.2088921941367087E-003  -2.6804089121532804E-003  -7.2278924769940368E-005  -2.3416874358624224E-003  -1.6894979770710567E-003   5.3908429993955757E-004  -1.1825080094626866E-003   1.0368754272654368E-004   2.8102982109656960E-003   2.0961703824000176E-004  -2.2154647377419694E-003  -3.0999762560182952E-004  -5.9143844951367016E-003   6.7816243568509750E-003  -2.7513981063348619E-003   7.7044671104089914E-003  -1.4527874523760610E-003   6.8783968478795133E-003  -5.0226653095862845E-003   3.0061360727872523E-003  -7.4252953019135638E-003  -1.0357017503141669E-002   1.1384444268194223E-002   1.7713744206644674E-002  -3.0594963311704974E-002  -3.4512861344872761E-002   9.2688487564956262E-002  0.23292223111395444       0.55670124065873172       0.95948863880638646        1.4087283992092594        1.7682452569943581        1.8575710051927989        3.0342640112789252        3.8010064601372289        3.8063694731076958        4.3641432096825099        4.4956452575127335        4.7176905532355757        1.1266191509377908E-003   8.8433153556195386E-004   1.1244551398988626E-003   9.2816403495369032E-004   1.1164266351659409E-003   9.5762378815047024E-004   9.3105081795570750E-004   9.5958782890814809E-004   1.2312431179418040E-003   1.4506927349982109E-003   2.0913205032693470E-003   1.7359348805006173E-003   1.9445056052582563E-003   1.2874077170773113E-003   9.9101271004430969E-004   1.7552612868813372E-003   1.8021854934127167E-003   1.9513588322104545E-003   2.8430272711594453E-003   2.5491423930876114E-003   3.4552810756791597E-003   2.9485195097673032E-003   2.6075100869458199E-003   1.9161684657610909E-003   3.5890633688326077E-003   3.2339669800103433E-003   4.0454996544661750E-003   3.8507282723023975E-003   5.1771493310243388E-003   5.8263677507190484E-003   5.5192680684842191E-003   7.8902954753911486E-003   7.7368151690731350E-003   6.9346852490188024E-003   1.3711385683932733E-002   1.6111596157433388E-002   1.7148213904854038E-002   1.9630417995185799E-002   2.4651005325925304E-002   5.8305967213215931E-002  0.12314311136448929       0.10455833342054763       0.19358726308304799       0.22630747362381801       0.30933683025402003       0.28986083206056451       0.10582976249673585       0.35570239888984440        1.3321280911296193E-002   5.2483549578753473E-002   7.1522554908259699E-003
          52   1.6985554237718252E-003   3.1549472258954510E-004  -1.1636891544153920E-003   1.2322729523433704E-003   5.7364073037219528E-004   1.4143436071122489E-003   1.6448702760798782E-003   4.1553193368839382E-004  -1.2171184327721162E-003  -1.2395865472845738E-003  -6.6209794917280638E-004  -1.5535129500195593E-003  -1.8723507924931277E-004   1.9196636836935799E-003   1.1610432890348423E-003   7.9061843879825455E-006  -1.8288701359713267E-003   2.4562332871099013E-003   1.4890233639216547E-003  -2.4892937999184382E-004  -8.1022501097545636E-004  -7.2779627574954197E-004  -1.0322684299013515E-003   8.7537456926650562E-004  -5.2784059722972678E-003   6.4713529398811951E-003   2.8344846344905282E-003   3.1178579976681117E-003  -2.7480263693984491E-003   5.1564765343930087E-004   1.0079580317603842E-003   2.7066120898470995E-003  -6.8171016342962378E-003  -6.3667104443532263E-003   1.1028708097303889E-002   2.1319380415895560E-002  -2.3414229511650231E-002  -3.4476348089800199E-002   8.6235642060604481E-002  0.22221760569098134       0.54502234865652566       0.94222970096461889        1.3798353236509528        1.7375678177791627        1.8399388264228409        3.0201872387426261        3.7937907050456730        3.8039596752645437        4.3625714001705269        4.4989840532440182        4.7203108041679478        8.7447290997650338E-004   1.1767911445495710E-003   8.9119205290949749E-004   9.2555812537296596E-004   9.3146651655196411E-004   1.3568585456729416E-003   1.2034757920289386E-003   1.9104265462424953E-003   1.4587599315446674E-003   1.5610463166980850E-003   1.2362851002595283E-003   2.0025815884799217E-003   1.6809643711679987E-003   1.8398050418714700E-003   1.9859113848879335E-003   1.4454392776499000E-003   2.1134229027384411E-003   2.0696847193839769E-003   1.7025931571366143E-003   1.6617510785092891E-003   2.1309527447980845E-003   2.0242242357141117E-003   2.4504487745071538E-003   2.6821788953423306E-003   3.0982796813975016E-003   5.3232073217498923E-003   2.8964030188844171E-003   3.9858411333744993E-003   4.5267321421093272E-003   5.7006660892976796E-003   5.4368344193268681E-003   6.4733281010780725E-003   6.9479081757407067E-003   8.7854825841554990E-003   1.0936783605587544E-002   1.4047866792455180E-002   1.6959559620760411E-002   1.8641186460292683E-002   2.4959017992771570E-002   5.9960874556425410E-002  0.12219032907057498       0.10284965197705791       0.19182609603887857       0.22700760911555065       0.31010635649934376       0.29545516726915039       0.10709860977151635       0.36382555167054886        1.2587811432831098E-002   5.3677544771232981E-002   7.2413358201966118E-003
          53   1.3085199183226997E-003   1.0409066401042355E-003  -1.3341995574502269E-003   5.7905072807755669E-004  -4.5864483705664112E-005  -9.5387947531973196E-004   6.9854460189542743E-004   1.3757158916691049E-003   8.9117743321058494E-005  -5.3997477243239369E-004   6.2756860947087037E-004  -3.2361923105404279E-004   5.7264950394633156E-005   1.2864556360084706E-003   3.5346248930273163E-003  -9.4348264046468068E-004   2.6631073933193129E-003   2.4238824658183843E-003   4.2709244428811820E-003  -1.0607371314367107E-003  -1.3101579141382047E-003  -2.0725161180898033E-004   4.1252900876951497E-004   1.1753152865690225E-003   1.3312388113899910E-003   3.0648715101634595E-003  -1.1718577121907692E-004  -7.8689001624896223E-003  -1.1394374652528051E-002  -1.1702949770661516E-004   3.0666747107564160E-004  -5.7364095402144652E-004  -2.2861270666920878E-003  -8.4945473419666094E-003   1.4067209725458921E-002   1.5979689201135145E-002  -2.0214865239131817E-002  -2.9715400517804001E-002   8.7134974168921631E-002  0.21645437367013265       0.52946620941722367       0.91946188761395853        1.3545797610976307        1.7094727358547901        1.8217998848749437        3.0082642487819911        3.7865333206675067        3.7954600718261071        4.3606470247120450        4.4948010482171501        4.7247591076986319        9.5162446759601050E-004   8.4999724738214343E-004   7.1804910437844719E-004   1.0219385368834288E-003   1.1287846555634680E-003   1.4498456153977373E-003   1.0716587904887357E-003   1.1443608765254920E-003   1.0984258252299743E-003   1.0965560684060055E-003   1.4256824656878238E-003   1.9203238624020263E-003   1.2129690705466713E-003   1.9895093320318529E-003   2.0479244282874632E-003   1.2410450333826479E-003   2.2211921441003409E-003   2.0391291580015747E-003   1.7562177340641420E-003   3.2857157831904776E-003   2.5068902761796580E-003   2.5947648347120818E-003   3.7546082235713403E-003   3.9378393312257780E-003   2.4004286474918327E-003   4.1120608299742636E-003   3.9933851116323634E-003   4.0611522468713551E-003   5.2662899239398955E-003   7.1837869847248383E-003   6.5470736653439844E-003   6.5946450680234867E-003   6.4541233423116373E-003   7.4925975133554833E-003   1.0995054904140683E-002   1.2100827306441797E-002   1.7096005676787634E-002   1.8477621258191450E-002   2.5304561086561476E-002   6.2668620007222273E-002  0.12107856975540149        9.8408752382298043E-002  0.18951769538825458       0.22678364964748340       0.30889238809964342       0.29840577333982665       0.10968163453514877       0.36867165942048602        1.0993633155419109E-002   5.7467771264044148E-002   8.0136076562554431E-003
          54   6.4858251151055283E-005  -1.1617991283147000E-004  -9.2078230865904438E-004  -4.7546323344548091E-004   3.2730118386496557E-004  -2.4942663030199828E-004  -6.3095778399359348E-004   1.0799081787663663E-004  -7.4686530225731161E-004  -7.1735597356778198E-004  -1.8774026874658278E-003  -3.1321562260309532E-004  -2.1479504607657229E-003   2.0495627549168591E-003   6.0246362572018120E-004   1.1150767553747817E-004   1.1259655963010329E-003   3.0946538360147225E-003   3.8978301451435562E-003   1.1351004590656594E-003  -1.5539312653104628E-003  -6.3951545117977801E-004   2.5511984976309598E-004   8.2634164270072475E-004   3.1966476680115657E-003   2.2393290332323296E-003   1.0472711868636218E-003  -6.2251886501066720E-003  -1.0712433554076533E-002  -4.2433618466085569E-003   2.6212745155353039E-003  -1.1128519945413696E-003  -5.4283600114888577E-003  -6.7112697469774068E-003   1.1311591474211501E-002   1.3815103222701625E-002  -1.6522617018770041E-002  -3.4580656934742500E-002   8.3309886801743990E-002  0.21098915823914285       0.52048654835847052       0.91673933555311216        1.3278487072299812        1.6831552994377361        1.8075253547321433        2.9991086954480632        3.7788323209663974        3.7939516082868923        4.3627766156663181        4.4896133225941508        4.7189712318246553        9.9928213834805262E-004   1.1484087371143685E-003   8.8565287263061199E-004   1.0006644896269339E-003   1.1022823194162528E-003   9.4435230006700637E-004   1.1274025424098306E-003   1.3216468728703915E-003   1.7106004435321620E-003   9.7706677636597060E-004   2.2037369774045939E-003   1.8249418162618501E-003   1.1298393947630559E-003   1.4542635631336711E-003   2.2688923012996465E-003   2.3499989258107833E-003   1.6226251128129887E-003   2.1815794189510049E-003   2.4484461077924733E-003   3.3121842117242568E-003   2.5874096831747071E-003   2.5328747057735634E-003   2.0840849921490083E-003   3.0044984203852474E-003   4.2966808713975823E-003   3.6973182109253109E-003   3.2544967317051803E-003   3.8827688806834034E-003   6.2617364680976426E-003   9.5289704045599024E-003   4.6159580717576691E-003   9.6582160399055605E-003   7.0052080205220369E-003   5.9476466746813100E-003   1.2659561334345580E-002   1.0045144969499757E-002   1.7819003824291565E-002   2.0322878902964612E-002   2.4936525531481697E-002   6.6137356968581584E-002  0.11538204341644344        9.9460601008425409E-002  0.18474218265750256       0.22893661822483391       0.30569860870858201       0.30265878935085239       0.11209469255643391       0.37757275446932465        9.5206086918753589E-003   5.6732808188036152E-002   5.7525420691037950E-003
          55   3.0231631023892674E-004  -4.7350303999266522E-004   1.1702440951160328E-004   1.0434082051921680E-003  -1.2132332514421783E-003  -2.3085120851202917E-004   9.3441336937444470E-004   4.9853798932933565E-004   4.4009715303661612E-004   1.1425271245690185E-003  -8.4153733568022521E-004  -1.0899460429960243E-003  -6.2937509481742697E-004  -1.3461644919044466E-004  -9.3263946814099431E-005  -1.5356111353101096E-003  -2.0037147776783919E-003  -5.1182337558168015E-005   6.9590023209682348E-004  -4.1382852014919111E-003  -2.7829422391448589E-003  -2.4711882852351649E-003   4.6635345172110960E-004  -1.8080523073318804E-004   5.8185724884020991E-004   1.6822592237021618E-003   3.1127424057282855E-003  -5.4727137662921284E-003  -3.8044290493107705E-003  -1.6298215555826028E-003  -1.9386912209349886E-003   1.6982588780894757E-003  -3.2054770706008693E-003  -6.1800844043216757E-003   7.8150541349011077E-003   1.9684748613622571E-002  -1.4581937010327136E-002  -3.1253344773294028E-002   8.2415597554301820E-002  0.20082473090044886       0.50777033758231294       0.89688035508047848        1.2991143764341158        1.6621613691969186        1.7984644762828135        2.9861221968275471        3.7822590380820515        3.7815779851518880        4.3673981573215732        4.4922120527243177        4.7185530396740241        1.3383570115900983E-003   9.7659857686425251E-004   1.0735012634407923E-003   1.4547020758391897E-003   1.3388238739393229E-003   1.2064637859868078E-003   1.2588720512513947E-003   1.3317219665495246E-003   1.4120391053114674E-003   1.2606299780807703E-003   1.7790720128626888E-003   1.3630083596277176E-003   1.3876485730935084E-003   1.8292790403808914E-003   1.6401806806124581E-003   1.6649926337830450E-003   1.6532423129955319E-003   1.7929755759942753E-003   2.5502797950289519E-003   2.1842063075947437E-003   2.6605397661091318E-003   2.0505009389181097E-003   2.2782203135570519E-003   2.8561558664616888E-003   4.1770822006108608E-003   3.9428224026420893E-003   4.1769801386100621E-003   4.6170904495943157E-003   6.6180383009765715E-003   6.6486249808540522E-003   3.8717486873010055E-003   6.2671741450390072E-003   9.2594092068923415E-003   6.9562699752921788E-003   1.6374460697952321E-002   1.1107340050836880E-002   1.6517583494672222E-002   2.1863307299683065E-002   2.7415219725114456E-002   6.7402631637572472E-002  0.11830139090268313       0.10142243292735666       0.18167491138605746       0.23261809437816033       0.30282563907679538       0.30251370335188760       0.11573164739902758       0.38134809155119986        8.0193578874323181E-003   5.7248819569287214E-002   5.2063341225463784E-003
          56  -5.6166203026602904E-004  -3.6452553320819259E-004   1.3528629233774519E-004  -1.9464150944848370E-003  -9.1811409680134118E-004  -1.3309364062671003E-003  -5.8962600187720325E-004  -7.3585386461877845E-004  -1.8928235368775265E-003   6.7168991552093928E-004  -2.0912839191259886E-003  -2.7368711462246753E-003   5.5482340915148989E-004  -7.2395192248878189E-004  -4.2976258592651475E-004   7.9721822438587222E-004   1.0411606473893671E-003  -5.4225604038481276E-003  -3.5770935871770289E-004  -2.8038635392518539E-003  -2.8982203582084394E-003  -4.9128841966197623E-003   3.5989819705673871E-003  -1.4331340411872545E-003  -3.4925552399246756E-004  -3.9542425308606487E-004   1.4382694843288182E-003  -4.3139574992720033E-003  -7.8772995993953827E-004  -1.4158010679712158E-003  -8.5154262876002643E-003   3.0333305554844214E-003  -8.0010054991093028E-003  -1.0211562174296562E-002   7.0131918459657942E-003   1.0873980255978499E-002  -6.6696343738405538E-003  -3.0010895885721291E-002   7.1824798776500248E-002  0.18925146140559837       0.48847830586946966       0.88712053755387210        1.2771394208779332        1.6286819962062202        1.7850146995410143        2.9734805708991923        3.7771799063668130        3.7816806257590350        4.3708925780020316        4.4915000819661035        4.7206654539735515        1.0575584066904471E-003   1.0628887051297355E-003   1.1128014216584547E-003   7.4310671352007657E-004   1.4176133469560957E-003   1.1334355566847978E-003   1.2001511594661332E-003   1.0797865116646682E-003   1.2957842136698094E-003   1.8229148346386062E-003   1.9872209899261702E-003   1.3766653875944702E-003   2.8609145334595916E-003   1.9226686009182208E-003   1.8264498457885470E-003   1.4454301063126971E-003   1.3098174460368641E-003   2.1614376993977537E-003   1.9558011201715126E-003   2.0853634970160418E-003   2.1903526049393230E-003   3.3660824743853035E-003   3.3615590419129033E-003   4.4153260797694677E-003   6.2679495330237615E-003   4.2861358183541882E-003   3.0324423345085699E-003   4.5089391256966206E-003   6.3903372953662370E-003   6.9386804432197153E-003   5.6868197558575450E-003   6.2970251241647361E-003   7.7899454484337159E-003   1.0168844946516636E-002   1.9186698235098814E-002   9.0804202585061614E-003   1.4406143522667676E-002   2.1658201241964888E-002   2.9123911010006748E-002   7.0767805694776725E-002  0.11994385474469563        9.7633779005245128E-002  0.17888311317255065       0.23442742273172210       0.30439024359111827       0.30708058633229762       0.11617504208485271       0.38861378133121444        7.2329777547991162E-003   5.5862768839552122E-002   5.1180353660291852E-003
          57  -5.0524719441149516E-004  -6.7149640105129888E-004   1.2342195455573651E-003  -9.7679686277867320E-004  -2.1237954927019872E-003  -2.7472157821524870E-004  -2.1285000086283974E-004  -8.5336051531004675E-004  -9.1303096893721096E-004  -2.2177141879965927E-003  -1.6659890403548361E-004   8.0706106407816766E-004   1.2125086048165663E-003  -9.2020295113031476E-004   2.2269812867504600E-003   1.3885420859290466E-003  -9.4392732663168064E-005  -3.5572371861743173E-003  -8.4079198960704260E-004  -1.0449668019150472E-003  -1.3621712922545408E-003  -3.1644068249921777E-003  -1.2443691216609458E-003  -3.4332910413484084E-003   1.2811979353877811E-003  -2.5274679281904397E-003   3.0605432316945036E-003  -5.0133374320359284E-003   8.6926929411383684E-005  -1.9342936370767806E-003  -9.0177465327580409E-003   1.8293715205976039E-003  -1.6344104188655745E-002  -3.3671679408953516E-003   6.0895617214910035E-003  -2.7494905150587199E-003  -5.4354426472192309E-003  -3.1342124160709556E-002   6.8757074197696291E-002  0.17976023168895727       0.47825509796397359       0.87859367579378800        1.2496078440915381        1.6066185765017333        1.7649798672587307        2.9653918028143549        3.7716838143665785        3.7653430172884161        4.3674147599559632        4.4931699390655702        4.7243332475877668        1.1654068407593052E-003   1.3851806106636737E-003   9.5440075637377839E-004   9.9879635122881397E-004   1.0626147413420183E-003   1.0495526346475954E-003   1.1284537859692309E-003   1.3334112652677445E-003   1.7309396882414817E-003   1.5510020515028329E-003   2.5768441414561359E-003   1.5525877454314273E-003   1.4683934685606162E-003   1.3278053357812197E-003   2.2415752681304718E-003   1.9030937006462758E-003   2.0529012935117442E-003   1.6638334699757903E-003   1.2303633995288546E-003   2.9071592207933067E-003   3.7888969405803739E-003   2.3886436793889164E-003   2.9721563173529223E-003   3.3282902696630183E-003   2.8603491394436106E-003   4.1779484851496391E-003   4.3558016215229133E-003   5.3958010724201467E-003   6.0739333957403573E-003   6.2119170930285891E-003   7.9146999928386506E-003   6.0282308123389390E-003   7.9116136225296993E-003   8.6730081425594654E-003   1.7999949009015401E-002   1.1099114509896419E-002   1.5442009645746827E-002   2.2601051393202700E-002   3.0187599919647107E-002   7.0890403544380823E-002  0.11788095555201993        9.7892511364463031E-002  0.17282627880033088       0.23535418735164707       0.30674863479422138       0.31235453949367026       0.11793344942683621       0.38856334878057436        7.9666721884795802E-003   5.8308531133037231E-002   4.2536182589374390E-003
          58  -9.8875581549497321E-004   1.7681406262339042E-003  -3.2320184119393776E-004  -1.6600584034138226E-003   1.0023057687116371E-004  -1.4281199842806392E-003  -2.7732297030488850E-005   7.0304397254518258E-005  -1.2223525121239755E-003  -2.9938243264126881E-005   1.7728349656874738E-003  -3.6872631734616990E-004   1.8254659703588734E-003   1.9063504451828539E-004   1.3750997209665329E-003   1.3015960112172599E-003   2.3821627926447395E-003   9.4996385661622751E-005  -1.2671250839951143E-003  -1.5476861546086949E-003  -1.0241264848099582E-003   3.6622151014441191E-003  -3.8050721371542125E-003  -3.1722721256703537E-003   3.9905594512790717E-003  -8.9758964809051990E-004  -4.5399179679289203E-003  -4.2422420841193445E-003  -5.9683841218622974E-003   3.4624572984445008E-003  -6.0626724343097850E-003  -1.0663772215765497E-003  -9.4313686690725151E-003  -8.1676174816653711E-003  -3.5837589952846154E-003   2.0115073224247806E-004  -1.1108665146932756E-002  -2.5719740019284898E-002   6.6155919382901607E-002  0.16848037337827948       0.47276800607162972       0.86291913946834264        1.2238849631441375        1.5703234367366996        1.7574927502421247        2.9523620889442030        3.7692898882141042        3.7674464224055764        4.3622518896577827        4.4903024474771360        4.7243092100009125        7.8602989361653986E-004   8.5786503837429308E-004   9.3584505387276523E-004   8.1432267938779117E-004   1.1999569633871002E-003   1.0314466504276608E-003   1.2480569095013599E-003   1.7256734172674169E-003   1.5511611914136847E-003   1.7617711292766069E-003   1.2316286362980195E-003   1.8918472958971170E-003   1.7684244396366617E-003   2.1431455608118171E-003   1.5715586859871185E-003   1.4644426332131107E-003   2.1269794472191864E-003   1.6373270073285575E-003   1.9739190700394974E-003   2.4635766610302092E-003   2.1383640846527217E-003   2.8894425301858899E-003   2.9091871344950906E-003   3.4041426676269513E-003   3.4940323242777945E-003   2.7466475477489049E-003   5.1583919918768099E-003   3.6063890967181289E-003   3.1576879581745351E-003   4.3289010467184915E-003   5.9608428637053928E-003   6.6809235896434808E-003   8.5380000369299457E-003   9.9927303800435748E-003   1.5437361938532493E-002   1.1751362027161824E-002   1.6331087464995904E-002   2.4980612057639975E-002   3.1725511775214349E-002   7.5593182085713834E-002  0.11935704120597035        9.9345829698367555E-002  0.17083197467850156       0.23842850460788015       0.30586479491265089       0.31383625052096842       0.11862283817289966       0.39486322640923233        4.8809895278288688E-003   5.6730640551358812E-002   3.9424207097037995E-003
          59  -8.9725107142105638E-005  -5.8025457972999718E-004   6.3931300949459898E-004  -7.6354218722834066E-004  -1.8428004225535288E-004  -3.3433462836239167E-004   1.0481580078795559E-004  -1.1184581970012889E-003  -8.8637789064348695E-004   1.6629705616952515E-003   2.1030647564926007E-003  -1.0601081107208812E-003   1.7495929346847130E-005   1.4871986717848362E-003   1.8205555917562382E-003   1.8964641061069653E-003   2.9518253383661081E-003   2.5671280348021355E-004  -8.6893965012630945E-004   1.1178925974350557E-003   1.5788944496730832E-003   1.0986228685623072E-003  -1.3588287173415291E-003  -1.2806582875882926E-003   3.3579817802616495E-003  -3.5998782627777713E-003  -1.6597125606835350E-003  -7.8358194765162700E-003   6.5132618683893899E-004  -4.3703439416467767E-004  -4.2939753753212743E-003   1.9065302325427162E-003  -7.5790823934761111E-003  -8.9558932753284453E-003  -5.0639104505572820E-003   1.1177528306173499E-003  -9.8134300551177469E-003  -1.8244099946576040E-002   6.7636208952176327E-002  0.15641356194622333       0.46797997169010247       0.84564898718166337        1.2028803365809324        1.5417972531126907        1.7476224551401345        2.9461558977293354        3.7641850579935792        3.7673080455489125        4.3745285132176788        4.4933362583054430        4.7229056138117729        1.7105979421349791E-003   1.0910761323266308E-003   1.3912387803347557E-003   1.0218501667759469E-003   9.3836778703173553E-004   9.5319399881627249E-004   1.2911073702029836E-003   1.7160700180387240E-003   1.2127064500237180E-003   1.1355245184712644E-003   1.6608852498214252E-003   2.4418562706736780E-003   1.5147113722562189E-003   1.7059781491393288E-003   1.6615552634065512E-003   1.5929802213913698E-003   1.5381569366650016E-003   2.5914310463333447E-003   2.6645871385950351E-003   1.8113093262049689E-003   2.9958855705708607E-003   2.4775672718261059E-003   2.2702709076437531E-003   3.5639197024316229E-003   2.8184179252119307E-003   2.6507280344408015E-003   4.8631301306773130E-003   3.7883074947916333E-003   3.8721786632366791E-003   4.0155745879248599E-003   6.9804988513653063E-003   5.3652527716137903E-003   6.5683148716034192E-003   1.3515194507540913E-002   1.1021553385319353E-002   1.0267647318648359E-002   1.5928631864500904E-002   2.4361530011899574E-002   3.2182131325501809E-002   8.1025653308547302E-002  0.12136243122777723        9.9345580952126075E-002  0.16518695510343850       0.23816527988844974       0.31050602804448973       0.31690117494663633       0.12028229269533561       0.40167742015883323        5.8816337167399476E-003   5.8765893763370887E-002   4.1550773947676856E-003
          60   1.1764970241114471E-003  -7.9280719833153384E-005  -3.2190190475013330E-004  -7.0278415573131578E-004   3.3850597006494548E-004  -1.3243665003634302E-003  -1.8092848823707359E-003   6.9653659209379130E-004  -4.9329243775084240E-004   2.5650906868907772E-003   4.4632065187425742E-004   1.8290298707098038E-003  -1.9560024415442745E-004  -1.2077355626591826E-003   3.2468855307796252E-003   1.5222176229310262E-003   6.4477792847741921E-004   1.2268301599066981E-003  -1.1396143356842197E-003   1.5584366026388604E-004  -1.1296682804222888E-003  -3.0370228434729295E-005   1.9052460206790726E-003   2.2463363711652177E-003   2.2528688302032147E-003  -2.2648139824730019E-003  -8.5205371619092446E-004  -7.2453230088094294E-003  -3.2668165270549909E-003  -5.1731566081369721E-003  -3.1729636062231025E-003  -4.7352846463639686E-003  -6.0094010314887137E-003  -5.7779139880964007E-003  -9.7965835542387133E-004   4.4754960397423525E-003  -6.1857937994760914E-003  -1.9551506008810594E-002   5.5101677944657389E-002  0.15899522244864789       0.45657605610867846       0.83315896307492077        1.1742798607914604        1.5151844414787239        1.7231981381510846        2.9357562247197539        3.7698044806244586        3.7633041836135237        4.3723397152774588        4.4923683595935566        4.7173010033417437        1.3813418657548930E-003   1.5180951324889037E-003   1.1160036449618248E-003   1.3455150473270713E-003   1.2149321217543095E-003   1.0915579549878695E-003   8.7162086252604259E-004   1.9551855838942610E-003   1.9494560642015133E-003   1.0353616460548225E-003   1.1581591394955542E-003   1.7368735579964543E-003   1.2077068082568814E-003   1.3372285743665847E-003   1.3384788818210339E-003   2.8929273772490272E-003   1.7069108289322491E-003   1.6462453157481247E-003   2.5965741934159212E-003   2.1093599658809363E-003   2.3155072080063024E-003   2.6004627861950717E-003   2.0777265710669947E-003   2.8964641229522205E-003   4.1925426736416074E-003   5.4532398979250064E-003   3.4943731196519566E-003   4.5012811830650659E-003   4.5669225655634001E-003   4.6976988326808272E-003   8.4897861629463882E-003   6.6328243712375978E-003   1.0299187979130811E-002   1.0442071433744590E-002   9.8713652517507262E-003   1.1104974782921519E-002   1.5137509437229088E-002   2.7390066635052539E-002   3.2209930381590521E-002   8.7518194012659478E-002  0.11766231604669640       0.10018244794479697       0.16323588022546651       0.24140235582363440       0.31133217306708871       0.31570805230259902       0.11977213211367879       0.40471788388423846        4.6299639577546793E-003   5.7248391526298743E-002   5.3784058433175540E-003
          61  -3.5905142849215836E-004   1.0029271972050122E-004   2.8438321359956574E-005   4.5422972749537867E-004  -1.8299157284517323E-004   5.0305291959530077E-004  -4.5315570935634933E-004  -1.5483805122171255E-004  -9.7296803469379321E-006   2.3436344824836857E-005   3.2785879038839670E-004   1.3469967578743634E-005   4.8853550923863608E-004  -2.3631670503348056E-003  -4.8255107213764515E-004  -4.4108946019993787E-004  -5.0409201860724565E-006  -2.9816673246222194E-004  -5.4593506374942926E-003   5.0338728302249953E-004   1.4067906033513725E-003  -1.4581864132852654E-003   4.0324133752212866E-003   4.4371253292681259E-003   1.7474418422351349E-003  -1.4827097429880422E-003  -2.5820864088671258E-003   8.5480944606126940E-004  -2.1269126743413188E-003  -1.5655350054207338E-003  -2.6618646130037362E-003  -1.8523074741235242E-003  -7.3443063772689766E-003  -7.7535904899916318E-003  -4.4250084463823671E-003   6.7212816588454374E-003  -6.2651395807833028E-003  -1.7314207421985115E-002   5.3229199292751675E-002  0.15152005594586274       0.44089613828488272       0.82174120207345380        1.1485550695139510        1.4881436592313684        1.7112738035560178        2.9260758727169573        3.7665973355244873        3.7497521073604196        4.3705953475004726        4.4958061994016987        4.7210827139021365        1.0648374348217362E-003   1.0285697447192982E-003   1.1348622276936735E-003   1.2099827205875630E-003   1.1593190044216874E-003   1.2460024067319235E-003   1.0870715567525937E-003   1.6324338480287099E-003   1.1983472197583393E-003   1.4300173042318140E-003   1.8254011006025707E-003   1.6086708591018914E-003   1.4184788594419520E-003   2.1812313692010730E-003   1.4839605777199963E-003   1.4863111069632646E-003   2.2033096411574696E-003   1.1007681570855360E-003   2.3519047220208430E-003   3.3426395845701524E-003   2.6481461293552644E-003   2.7911544412883519E-003   2.3320217128358785E-003   3.1514064092671031E-003   3.2409698154057501E-003   3.4530618228623832E-003   3.5920074744690096E-003   3.7397005410869321E-003   5.9151345744409218E-003   6.7072012712896048E-003   9.4301864936827875E-003   8.9085916243266915E-003   4.7669596636449032E-003   1.0972503464124156E-002   1.0489047436771759E-002   1.1190153203413678E-002   1.2321192820582244E-002   2.8783973976294570E-002   3.4100049836287866E-002   8.5100719814122830E-002  0.11900155856694193       0.10187311209831351       0.16137334695669636       0.24254001214008400       0.31354290660073908       0.32418152712252324       0.12143564053779148       0.40965067363801888        5.4603692566645746E-003   5.6720769315082326E-002   4.0201221816293219E-003
          62  -2.7580911524468870E-004  -2.0784052752634904E-004   4.8722847814361132E-004   2.1510404138355265E-003   9.1950409513102439E-004   5.0609075397996142E-004   2.4633055263114322E-004   8.1663174915453990E-004   1.3577378003662983E-003   1.5295422944114033E-003   7.0082795064322419E-004  -1.4880149303716896E-003   1.5489878211270888E-003   3.6273248860467397E-004  -2.7396554209695241E-003   1.7587160264198921E-003  -1.3389110469969611E-003   5.4478529950873274E-005  -2.7812278849977611E-003  -2.5421181681276393E-003   3.8450410837733069E-003  -6.2471578077294345E-004   5.5597193085564066E-004   1.6376014633793670E-003   3.2202662735477229E-003  -3.0946794265873886E-003   2.3837789787521423E-003  -4.2829911111644586E-003  -1.6299100404639651E-003   2.6034743462470585E-003   2.1193968064579319E-004  -8.1450035055549205E-003  -6.2679880408863181E-003  -4.0193269331438844E-003   9.0721580603714584E-004   6.9450336813808317E-003  -7.1366751602811229E-003  -1.3993788079983254E-002   5.0795242959314785E-002  0.15131314645800781       0.42364553431235624       0.81406601765679987        1.1315111973555836        1.4601017831237597        1.7004089329108785        2.9173605675771794        3.7556120171513494        3.7430510891300810        4.3690159991502018        4.4943826087023924        4.7197860941123650        1.6098973775445745E-003   7.9676717276401130E-004   1.4384266934332449E-003   1.0890815542490323E-003   9.5996360162717038E-004   1.3676640997497930E-003   1.0637139607676898E-003   1.3272267701453513E-003   1.2986559297731703E-003   1.0882994375870849E-003   1.5895792508378056E-003   1.4329605950065235E-003   2.2373325149421105E-003   1.9268291479932434E-003   1.7054037693625380E-003   1.7665293411027242E-003   1.4101891942535554E-003   3.7183175313943379E-003   2.0869068278400360E-003   3.0960005622626143E-003   2.4712962068770376E-003   2.3617548797887672E-003   2.8682022697097088E-003   3.7166447540982360E-003   3.4077183071195270E-003   3.5666608793099601E-003   3.7383166602871433E-003   3.2113603292755620E-003   5.0917255749177975E-003   5.4096020983021029E-003   9.3039460690612398E-003   1.0620144561126917E-002   6.4763466337807545E-003   1.0216251371900673E-002   9.0356105930682416E-003   1.0191432733309143E-002   1.3811864380259452E-002   2.8260616616336432E-002   3.5910023153455997E-002   9.0394664386218862E-002  0.12089232233336705       0.10189381021397335       0.16250213984494133       0.24600083667216183       0.31985375144543132       0.32976443412714690       0.12195940934639010       0.41755267205601099        4.1758888711468274E-003   5.4635281753501963E-002   4.1500904337691165E-003
          63  -3.7586348956733853E-004  -2.7243028113358179E-004  -6.9841274574784123E-004   2.6239244273905588E-004   1.9820993602584379E-003   8.5147165688607247E-004  -2.3557295955231141E-004  -2.0324497069674669E-004   6.2311256513048233E-004  -3.2040152934088921E-004  -7.1325063025330334E-004   3.4309641937607014E-003  -3.6571078238562481E-004   1.3576660483117470E-003  -1.9812069601567272E-003   1.7194889398680739E-003  -1.0940429537730201E-003   2.4399646475248885E-003   2.3116827642687539E-004   1.9664570850712747E-003  -2.6430596547206313E-004  -1.1111992966328690E-004  -1.0405231804385762E-003  -3.0756123973115111E-003   1.2815130932179117E-003  -2.3908855133551524E-003   1.9908755472996904E-003  -3.1226054060091322E-003  -2.0546689890147915E-003   5.6120135682517841E-003   5.8249929576448586E-003  -6.7195742055264473E-003  -1.6557240861119274E-002   3.5457013634367907E-003  -6.0191273924614843E-003   4.2588478138373357E-003  -4.2556783890809755E-003  -1.7495764712430098E-002   4.7118739550450317E-002  0.14880805779967904       0.40239781645560407       0.80309847592420203        1.1085835097016563        1.4344906498796079        1.6853120413785523        2.9083322567783658        3.7560063970527744        3.7365063788520363        4.3696839339753080        4.4921525981011099        4.7232461793851224        7.8082557712112581E-004   8.7520631399366257E-004   1.2017026177852785E-003   1.3670256935246696E-003   1.0333277278171051E-003   1.3705021341865616E-003   7.6378512457531210E-004   1.4305473199882576E-003   1.0883570172327852E-003   1.3282407173148868E-003   1.8999533212724334E-003   1.6593204315812136E-003   1.6879376739228952E-003   1.7645339420140063E-003   1.5169495792616181E-003   1.4141344661196980E-003   1.5752722326176642E-003   2.4703718315678808E-003   1.9938090100451635E-003   2.5143192390343176E-003   3.5550606203206734E-003   2.4657951887303515E-003   2.3144787819645188E-003   5.2872613839388717E-003   3.6077434796749821E-003   3.5014263318024516E-003   3.7142431076950685E-003   3.8683338828201896E-003   5.7180906514800456E-003   5.4914088088013433E-003   6.0825712085423424E-003   8.8413268653253271E-003   6.3225635320844102E-003   1.0842545263607062E-002   1.0869078600465149E-002   1.2242730004015549E-002   1.3366345415034326E-002   3.1205913676538834E-002   3.6603835934792814E-002   9.1159603151254820E-002  0.12561648453189161       0.10351786825157541       0.16161249399684877       0.24695873660011242       0.31518836753123869       0.33580901754258724       0.12287580348094870       0.41787217526206294        5.1093003432122631E-003   5.5015284835544596E-002   7.1437159430088647E-003
          64   1.9390077930422466E-004   3.0711864119193976E-004   1.1743145743418313E-003   1.4144657048827563E-003  -7.6599696725705225E-004   2.5300838480551372E-003   2.0655013446865532E-004  -1.4169847076426251E-003  -1.6249434067168384E-003  -4.7077371692482121E-005  -1.2512919221267416E-003   1.0487987236187349E-003   4.0271607797759596E-004   2.2308768867415319E-003  -2.2390927535930411E-003   2.6520216860537326E-003  -1.1389333729629016E-003   2.9677715134559380E-003  -2.2143933241005379E-003   2.8746147681400235E-003   1.1667426114971282E-003  -3.7644981271704029E-003   1.2596680915227946E-003  -6.5679449494705378E-003   3.0108692469052916E-003  -6.6553161130570671E-004   5.9887816383672847E-003   3.8730945373823831E-003  -7.2147910868912658E-003   4.0770851850987604E-003   4.1462512014323492E-003  -3.1764761598148858E-003  -1.4381750424354809E-002   7.9863521687237905E-003  -1.3028078791242936E-002   5.9524061916754693E-003  -4.1232198200171480E-003  -2.4912295608401004E-002   5.2172998204746267E-002  0.15034248505843528       0.39286068556967318       0.79537589200371739        1.0914077157329236        1.4055137868561725        1.6709460445489606        2.9084472662788441        3.7488409395287849        3.7313006540605902        4.3750147822658274        4.4923118069381722        4.7203144356275288        7.4506762942906407E-004   1.0375202934095351E-003   8.0320790155618085E-004   1.2075362392352032E-003   7.9437775184507283E-004   1.2885553391155031E-003   9.5217524222804772E-004   1.4864896526284757E-003   1.2653621840721964E-003   1.1858742765648033E-003   1.5961752623810134E-003   1.7202963188537774E-003   1.4673176817824834E-003   1.3446883246715170E-003   1.7332905045701686E-003   2.4967671688459247E-003   1.9545120773291217E-003   2.5563854104603775E-003   1.8718898927552663E-003   3.3964109697571950E-003   2.2771731821709580E-003   2.6531459455229459E-003   2.5230428648018548E-003   3.8504087848817863E-003   4.8909656033226841E-003   2.6252524037433719E-003   4.0864176511331510E-003   4.4183796504907820E-003   5.0763924807901853E-003   6.8822607465846182E-003   5.2547036225479727E-003   8.0152012695628248E-003   5.2104043095832784E-003   1.1475492908198052E-002   1.0754338163124006E-002   1.6525616750661505E-002   1.4521908481403526E-002   3.0054560970999303E-002   3.5623468840492264E-002   9.1634930195551370E-002  0.13124779625077973       0.10286611721752191       0.16081796123427222       0.25307876188137995       0.32029665041750505       0.34232702638585827       0.12451856506140659       0.42438513506581893        4.2964212793845909E-003   5.6915808411857019E-002   4.8791408096847217E-003
          65  -1.4291004955011238E-004  -9.4257846345375033E-004   7.5755266943690618E-004   2.3849918951572323E-005  -1.9870793322959091E-005   2.1170011945701034E-003  -8.6334726994641254E-004  -9.1245214571430901E-004  -2.0549790051754705E-003   2.6069779238474260E-003   1.3681800378210665E-003   5.3871842655279535E-004  -3.9297562792288475E-004   2.9921439484752099E-003   4.7431277280230583E-004  -1.1733097429350193E-003  -2.3082011130876852E-003   7.0832964470104803E-005  -8.9966891541089558E-004  -1.3850245590588924E-003  -2.7906825335522359E-003  -3.9763726858752440E-004   1.8313324164353705E-003  -4.8879517315634623E-003   2.6951738962837691E-004  -1.3263506481927831E-003   2.0833872947949930E-003  -8.7250484700296629E-005  -3.9816575005127940E-003   3.1784256296547987E-003   3.6141823210745225E-003  -2.8372185485351200E-003  -4.4676924814681298E-003  -2.5693935954604822E-003  -1.9306779174724113E-002   4.8057569561943160E-003   6.5406510117329009E-003  -2.7970257314164745E-002   5.2434384862432286E-002  0.14890200098870696       0.37927522918503276       0.78771375428878643        1.0707982020561730        1.3814328435982910        1.6587578486343624        2.8917234644150391        3.7495829649769821        3.7230387559609297        4.3736407995606896        4.4956048561393391        4.7253636015335321        1.0399417100785940E-003   8.8617122825830586E-004   9.2000532171957253E-004   1.2494302154840646E-003   9.7678041052438858E-004   8.4010884568218194E-004   2.1220528979401464E-003   1.0285042404317491E-003   1.6089460274997158E-003   2.2162331645167455E-003   1.4480088010344824E-003   1.1626351832382143E-003   1.5549320462617893E-003   1.8425680917319406E-003   1.6685744830076384E-003   1.9868195218893684E-003   1.5889773887230285E-003   1.4389611159722679E-003   1.9368549373916071E-003   1.4707163628345620E-003   1.5729606880065649E-003   2.6556856191215462E-003   3.4195802715937481E-003   3.4210882837828814E-003   2.7665274235647943E-003   3.8357491169736112E-003   3.8225710901966512E-003   4.5989056808926551E-003   4.7107955627887299E-003   4.3343623514236363E-003   8.0168145769724270E-003   6.8234018510968455E-003   5.7296536817410095E-003   1.1634404141716740E-002   1.1120514824046062E-002   1.0775337294803429E-002   1.5208483075437384E-002   2.8605916080927600E-002   3.6090135519518243E-002   9.5805144429933972E-002  0.12763155980956165       0.10120421961454973       0.16064354060354183       0.25094256837319989       0.32321704964488351       0.34587466133978523       0.12685180598583853       0.42989565089598158        4.2265071935485140E-003   5.6915852559537454E-002   9.0906346914328643E-003
          66   1.5917652010767361E-004   3.1680898586761462E-004   8.7316129953140566E-004  -4.0500124644212571E-004  -4.4718487762962793E-004  -1.1983047685746109E-003   7.4182885815190353E-004  -1.6993828034096538E-003  -3.8744556553024892E-004   1.4055609200813450E-003   4.7547866676522110E-004   6.3465364289394565E-004  -9.2512042801642708E-005   5.6706138875764586E-004   1.6305181042510007E-003  -6.7203117938118137E-004  -1.0147092919085452E-003  -4.2408808669919369E-005  -1.5723322873894701E-003  -1.1996276507614716E-003  -1.5785119666303807E-003   1.4183125892488423E-003  -1.9630251522640353E-003  -3.9085399073274822E-003   1.2900082365444009E-003  -6.4928254474687570E-004   6.3442107173885456E-003  -1.7314792773957656E-003  -4.1331905059314991E-003   5.9970028177419197E-004   4.1725646616354957E-003  -2.6791470206727181E-003  -3.9660200767922095E-003  -5.6602644937807011E-003  -1.8644339890026285E-002   9.7532641631446707E-003   9.3981280456933956E-003  -2.5390814610871882E-002   5.4893786397966451E-002  0.14391415856807849       0.37058974276204470       0.77502563357275045        1.0569522469769990        1.3582132331126953        1.6502600623098966        2.8854991622658228        3.7428153213493278        3.7178670856963665        4.3788960513741033        4.4925243883271984        4.7261229511907299        1.0672613646423846E-003   1.1643634528317774E-003   9.0429510730413406E-004   7.4541196929620783E-004   9.4720802990498404E-004   1.7117078548907877E-003   1.1763536528151838E-003   1.0769629953895541E-003   9.7014087468328986E-004   1.4988732658833103E-003   1.9219938015253395E-003   1.5295112956175080E-003   1.6423000624604183E-003   1.7493813329734177E-003   1.7464533124695706E-003   2.0633556139230307E-003   1.9771443603617319E-003   1.3011672805674083E-003   2.9479285936138584E-003   2.1622898029686382E-003   2.0082936782934557E-003   3.4477892804986730E-003   5.5640154005507109E-003   2.6135344614609864E-003   3.0390895973563333E-003   3.6192551265066364E-003   3.3000073755435583E-003   5.5436297066695072E-003   4.8469292973313928E-003   5.8385763084471279E-003   6.9488531512430108E-003   7.6060486741681222E-003   5.5550041561763207E-003   9.4664970298708878E-003   1.0646914127473706E-002   1.2162055897334743E-002   1.4599871440075725E-002   3.0277556378758060E-002   3.7271294224600876E-002   9.5810262029604507E-002  0.12571259331979417       0.10246760751614531       0.16146391654075476       0.25658000554525912       0.32654942681114213       0.35159328685238528       0.12858322142923531       0.43175683742885562        4.5190804756962731E-003   5.5110263476472882E-002   7.4604153104987385E-003
          67  -3.7740869809794970E-004  -1.1941475223634834E-003  -6.4969487967807672E-004  -2.0612821896815411E-003  -1.4985119156761641E-003  -2.0694286973276040E-005   1.5277541072406453E-003   2.3504775379294472E-003  -6.5612821557031471E-004  -1.8107665063502127E-004  -1.3926432302109268E-003  -5.8285182996156628E-004  -1.7279357637709765E-003   2.2880718474140916E-003   1.5477014376242850E-003   1.0624133538803316E-003  -6.3725219079650028E-004  -8.8453828685230106E-004   9.1813022798093260E-004   5.7070634206184123E-004  -1.8200271573265505E-003   3.7154586276179442E-003  -3.2056218495701847E-003  -2.4000985689623948E-003   1.6630310334520362E-003   2.3212284757977530E-004   8.6544580162299968E-003  -4.0576842886236465E-003   2.6488358054983986E-004   4.5086673361033627E-005   4.7835423889318251E-003   2.5785966094106435E-005  -1.3495080001567140E-003   9.1043778382803725E-004  -2.1141040486218787E-002   7.1495126101660715E-003   8.9003333257055717E-003  -3.0635752788266888E-002   5.2719468538190054E-002  0.13765025792937377       0.36497190091250042       0.75377047542529196        1.0373447468577321        1.3307098490895048        1.6468366366139735        2.8774681419023813        3.7347991592216538        3.7083376894732796        4.3727033898796517        4.4976591558557208        4.7223902035813818        1.1267397992438767E-003   1.0975215372296154E-003   1.3161018096937737E-003   7.2230279274167251E-004   1.1004806387179436E-003   1.0420560554482562E-003   1.5999512350264320E-003   1.3430225627876202E-003   9.2917702759094298E-004   1.1263478291987500E-003   1.2988618043789776E-003   1.1793800271593000E-003   1.4196396715824089E-003   1.7587743008334127E-003   1.7834101085603044E-003   2.6091125124385090E-003   1.6858185957467683E-003   1.4034875409744121E-003   2.2237070657068862E-003   1.9704326486398483E-003   2.3485930134705406E-003   2.2219451772275390E-003   3.7444144981341500E-003   3.5214678143613491E-003   2.9078171832744876E-003   3.4109830315970256E-003   3.3959362591661798E-003   4.0808891305058595E-003   4.4336956737048103E-003   6.3678108079979583E-003   6.0400923187000684E-003   5.9835596659465490E-003   6.0268788045604654E-003   8.6584299833388726E-003   1.2272843207456722E-002   1.5070478254767500E-002   1.7552236983773350E-002   3.1021217310876894E-002   3.6390626326675092E-002   9.6796900485581136E-002  0.12026496148944983       0.10110548532565043       0.16473378635489028       0.25878334542856302       0.32983488631681640       0.35575513852591029       0.13047353812448143       0.43841019648014734        4.7154319843793749E-003   5.4408708424023372E-002   6.4554666195827471E-003
          68  -1.0547410024336964E-003  -1.7086582383062155E-003   4.4393358246207627E-004  -3.8282505837765270E-004  -1.3088360431234942E-003   1.0495600194957355E-003   1.4956518984982742E-003   2.8138562583544407E-003   5.8663091212604710E-004   6.2136933340833412E-004  -2.8152486896369219E-004   2.2112509834145344E-003  -1.3869204782920015E-003   3.4648803398936649E-003  -2.5342654276350624E-004   2.3778747800505384E-003  -2.4989426214472429E-004  -1.1695386701025270E-003  -1.4064768324074507E-003  -1.3263273642136393E-003   2.9366047427020086E-004   6.1050454975783743E-003  -7.8230618343618267E-004  -2.3864343409386950E-003   4.4728288297066682E-004   2.0316812045714275E-003   6.0713475756200988E-003  -2.6169476895798911E-004  -4.4962153174386808E-003   6.0008845355888404E-003   3.5688779711980311E-003  -2.5107610288709215E-003  -2.0140109866592984E-004   2.8040364609283395E-003  -1.8990647730288808E-002   4.0567097836251729E-003   1.6961003337456149E-002  -3.0973524651544536E-002   6.5353997752118170E-002  0.13030097741982624       0.34859068721886943       0.74178785782648005        1.0200052933921842        1.3089527875201414        1.6430643658881168        2.8684451034264122        3.7327497193549912        3.7022233801686326        4.3698784854978472        4.4883858857626162        4.7197257093919252        1.0968599057408356E-003   1.1373543767124624E-003   1.1176084105832683E-003   9.4140631270042750E-004   1.0453501437566381E-003   7.9584044621699697E-004   1.1061234208642368E-003   1.1702569556589963E-003   1.3015766965233297E-003   1.7333064172580105E-003   1.2176790910445861E-003   3.2001366992281048E-003   1.6166995358391245E-003   2.3410216497008821E-003   1.9439502446209876E-003   1.9397768519491007E-003   1.8364990190998245E-003   2.4273979002881032E-003   2.5242437861512129E-003   2.2091431762734717E-003   1.3572562209878127E-003   2.5794345052049688E-003   2.9505808583601273E-003   2.3697723793853287E-003   2.4984244782862331E-003   4.4440081492107203E-003   3.8551675912196484E-003   3.7402493183004547E-003   3.0163614408383970E-003   7.3861153568951232E-003   5.8880783700920505E-003   5.9289764633618383E-003   1.0490359543383614E-002   1.0813097090714194E-002   1.1773098949040953E-002   1.5133109675453780E-002   1.8570481151936467E-002   3.0438444762428414E-002   3.9651523324277217E-002   9.2984385962853910E-002  0.11594768607293046       0.10428361920857478       0.16743566433540868       0.26037069630764137       0.33437304337476426       0.35975444609562990       0.13083370986120368       0.44499197214383768        9.4177894804988865E-003   5.5544846667303097E-002   4.4572204863427807E-003
          69   7.5099833363120123E-005  -5.7435623185806718E-004  -9.1784932043195288E-004   7.3422548002712918E-004   7.6536766396874878E-004  -8.3850420443646971E-005   3.3191226371356185E-004   7.8668700519412930E-004  -6.6119520477206657E-005   7.2891947587304438E-004   1.3414534994717435E-003   2.0625858349330011E-004  -3.5969200880696422E-004   3.3458723090560067E-003  -1.1683099163395212E-003  -8.3188414853485582E-004   2.4369962842087280E-003  -2.6031078364704475E-004   8.4123349944728739E-004  -9.9016715702334303E-004   3.1173770485362227E-004   1.8783013627302544E-003  -2.9963585868570519E-003   3.6309640105183986E-003  -1.5693346575893841E-003   2.4072081735317104E-003  -1.2404996753430061E-003   2.1942983306370472E-003   5.2274646354372352E-004   6.8703921834876907E-003   3.0643017470866388E-003   4.3283063218525165E-003  -5.7608418248623243E-004  -3.9741248521000397E-003  -1.7053295960270595E-002   2.3138418461885538E-003   2.1922817271752430E-002  -3.8231966178396526E-002   6.5320144870646801E-002  0.13826387992176997       0.33260162792789438       0.72844484408333210       0.99681784219116365        1.2873452832591226        1.6196090443869404        2.8554479325755393        3.7307949768697459        3.6936980495531628        4.3689958491918190        4.4886248134293174        4.7209048828027971        8.4058790435937922E-004   1.1673497898932587E-003   1.0330420857257415E-003   9.4840819558584860E-004   1.6978064050111412E-003   1.2745270802076325E-003   1.5727320899025540E-003   1.1110172563188439E-003   1.2448683113004113E-003   1.3866403760705792E-003   2.2481658653947466E-003   2.2472011762902939E-003   1.7834551873359998E-003   1.6811024537498487E-003   2.0826993380535798E-003   1.6019476681946186E-003   1.7426554772715535E-003   2.1038529830109719E-003   1.9375560267188001E-003   3.6254580579217401E-003   2.6181654622424214E-003   3.4706414163949988E-003   1.8331192023358894E-003   2.8703581948138776E-003   1.9901337759680414E-003   4.2833123191098055E-003   3.3584680441310455E-003   4.3246826597298218E-003   3.2693671294168462E-003   5.8022422668593809E-003   5.5883658025306154E-003   5.1780797648991010E-003   8.9516115956524006E-003   9.9659979198836214E-003   1.1788581539032615E-002   1.4490559153024218E-002   2.1256445775046189E-002   3.0401252663566098E-002   3.9365354611019393E-002   9.3101444869416183E-002  0.11413723236218154       0.10511943040566395       0.16575493353422383       0.26230232023514821       0.33553493604473072       0.36412209515955296       0.13290686273821284       0.45260007387262813        8.2953823305627720E-003   5.8304660174090209E-002   6.0409681574527885E-003
          70   3.6716557388563083E-004   4.3367654690040504E-004  -3.9927772543409021E-004  -1.7695784547151240E-004  -3.9701572923822988E-004  -5.3518365005399658E-004   9.1521585181857383E-004   3.9689834209656594E-004  -4.4090072452519855E-004   9.0291405807329693E-004  -8.3053792733725940E-004  -7.1196310239008277E-004   3.1714850967558701E-004   3.4819374539487094E-003  -1.1733838198844798E-003  -1.2402249147157880E-003  -1.4303344768653119E-003  -8.9417250067308626E-004   4.9619159920938852E-003  -2.1229852854151030E-003  -7.0652406641534082E-004   2.6529200007552141E-003   1.6010476406264559E-003   4.4651914888540652E-003  -1.8653417622692310E-003   2.7619481401847542E-003  -5.1507802408872318E-003  -1.7085230742051609E-003   1.5157134142207221E-003   1.2641610618584952E-002  -1.8124616747440191E-003   3.7750211001361059E-003  -1.4521198061310615E-002  -1.3357795066127375E-003  -1.0176800983831981E-002   3.9493868778303883E-003   1.5239368961505805E-002  -3.2277111811883398E-002   6.8220084902975001E-002  0.14206435843370790       0.32197510770460280       0.71900002027271237       0.98114730512752157        1.2643622247863702        1.6203860396499656        2.8478801322583975        3.7294600567665035        3.6911329736318153        4.3639600171495170        4.4904505988004066        4.7148789085274068        7.6942547237719304E-004   1.4242633745457723E-003   1.0904454200973742E-003   9.7893095208042950E-004   1.2570337505678284E-003   1.0226930887275358E-003   1.3111426061839309E-003   2.0903488078739944E-003   2.0036971491175053E-003   1.3580557921506079E-003   1.2831113351796789E-003   1.6335823848970807E-003   1.8079798368705385E-003   1.4531235833752968E-003   2.2220979258291891E-003   2.3522929687955609E-003   2.1820787014644790E-003   1.6776696401531101E-003   2.6778883337007634E-003   3.5015842413761000E-003   2.8583678315154018E-003   2.9942757570623076E-003   2.5410245990087998E-003   3.5489673768752312E-003   2.9916466207239312E-003   3.5160115489797279E-003   3.4941887833858580E-003   5.4738053611176384E-003   3.9838916604763496E-003   5.8533390876884597E-003   5.0477051995690709E-003   5.0734148849638150E-003   8.1100441455676728E-003   9.7444051206583213E-003   1.0739196563210420E-002   1.2232878061665878E-002   1.9968420430542578E-002   2.8820291024741981E-002   3.8799290310277165E-002   9.6284995477948956E-002  0.11329796341605289       0.10407542448138736       0.16870478432838973       0.26351750903007443       0.34112031648735291       0.37039422304840491       0.13415106031801047       0.45371639299070865        1.0125642866837732E-002   6.0575797825551510E-002   6.2779474135721451E-003
          71   2.8640219792035908E-004   9.9602117497110481E-004   7.6853575354674170E-004  -2.2576935190424224E-005  -5.0777756726936359E-004   8.3167406618470596E-004   1.1417822489723632E-003   2.0003603444928813E-004  -2.1409431173590996E-003   1.0427540666460725E-003   1.7376127503695370E-003  -2.1536817248858082E-003   1.3958629644699990E-003   1.9888176856062011E-003  -5.1800399233339369E-004   1.2194027146256250E-003  -7.8520503267017990E-004  -8.3002413394646317E-005   1.5180003124305660E-003  -4.3405340075516772E-003  -4.1724601400890349E-004  -1.3126281613813774E-003   4.1725147906526419E-003  -3.8246891269489287E-004  -9.9417767210423485E-004   5.2746032260169683E-003  -8.1152476512177264E-003   2.0024945298188742E-003   2.6065499721250282E-003   7.0528388050172279E-003  -5.4203097145175535E-003   2.8304454186352814E-003  -1.2574147365817459E-002   4.8158749560934719E-004  -1.4918057509503270E-002   3.4933763855782970E-003   1.2279240838228688E-002  -4.2979102845192602E-002   5.7332665348325519E-002  0.13478539378644622       0.31391249356162920       0.71206721926144256       0.96770038910497747        1.2473409480780602        1.6189564738982531        2.8344662034134518        3.7255058584272596        3.6854935122515231        4.3708945981718719        4.4930925216787747        4.7159433184375237        1.1173636017274913E-003   1.0961906824946165E-003   1.2229579785572242E-003   1.1152437467362416E-003   1.4626662555868490E-003   1.2770225739782903E-003   1.2011099445527597E-003   1.7500681598355793E-003   1.5183180614873569E-003   1.6533946481140744E-003   1.5817465437706017E-003   1.7339340921192583E-003   1.3593136238989219E-003   1.5864472373621234E-003   2.5090242962678886E-003   1.8593106168275060E-003   1.8149734080245266E-003   2.2378301895964073E-003   1.9788543130942124E-003   2.9355451893116405E-003   3.7334682429626246E-003   3.0588937488452419E-003   2.6219364473130001E-003   3.4761948586492903E-003   2.6469906375705785E-003   4.2313932652972598E-003   3.1342913754917288E-003   4.2372232549371600E-003   4.4030235945156137E-003   5.8040454804174435E-003   7.4148588918419864E-003   5.3731026394088837E-003   9.6017805068698177E-003   7.9591743849883670E-003   9.2641824243766806E-003   1.3453958783507955E-002   1.9447929012996069E-002   2.7248336779142613E-002   4.0531822026106674E-002   8.7718469550368661E-002  0.10991655684748169       0.10596252806896873       0.16772883087114060       0.26395380815918096       0.34408535861455214       0.37410493352634044       0.13527717452012014       0.46331422800950528        8.5192292547095812E-003   5.7993162454807179E-002   4.8103748439095864E-003
          72  -3.6323781810874446E-004   7.9205986364864220E-004   1.5584442490030619E-003  -2.6387839076112533E-004  -2.8323211829701901E-004   3.6755861950226332E-004  -3.6571533675773326E-004  -5.2221986501226937E-004   1.9480142073117490E-003  -2.8753519112636497E-005  -1.9183163278960363E-003  -3.1611323919138751E-003   6.9817483393515799E-004  -8.7273064566792597E-004   3.4246331856146745E-004   1.6171351860695964E-003  -1.7340433144994946E-004   3.7879786176120422E-004   7.2779748708675133E-004  -2.5217805354655568E-003  -1.3011721695789442E-003  -3.2019177822349030E-003   3.4978568845020013E-003   1.8582662911057919E-004  -1.9347838234684872E-003   7.3950534194266900E-003   1.7068227585351398E-003   2.6010171787353145E-003  -1.7968574640262807E-003   2.2104058553374770E-003  -3.5896607365113941E-003   4.8167866821826767E-003  -7.2100791971518984E-003   1.0651314319064376E-002  -1.6622379079024203E-002  -1.4175076317458484E-004   1.2502152733610855E-002  -4.8395796603082873E-002   5.1241864438974612E-002  0.13350998397747241       0.30430726379596335       0.70211958136729424       0.95127535615687941        1.2185189979960060        1.6059711028604624        2.8255375694799252        3.7220095549292522        3.6776506833451781        4.3701425864047359        4.4944026832802768        4.7222058909395264        8.8088377037620299E-004   1.3613259425998593E-003   1.4391930696995810E-003   1.1087060093735895E-003   1.0556413877986423E-003   1.3838487566413861E-003   1.1941646499165580E-003   1.6873220112094862E-003   1.2926751222934402E-003   1.7006868178778345E-003   1.2634747472837873E-003   1.5438065443880453E-003   1.7639541928434603E-003   1.5452647314412303E-003   2.4378806628683682E-003   1.9326377369645806E-003   1.9627624786607875E-003   1.8290221152333600E-003   2.4197187992109400E-003   1.7899892371116310E-003   2.1381218838987743E-003   3.3676805546084452E-003   2.5032854117125526E-003   4.1546207854497447E-003   2.6069709249522208E-003   3.8430937834819648E-003   3.8098733674560427E-003   6.0968608565528590E-003   4.4554626013614887E-003   4.9089136342360309E-003   6.3558783253419059E-003   6.3205056748828524E-003   6.2871348177021063E-003   9.4410653912872181E-003   7.8320224762027588E-003   1.3380504334400528E-002   2.6629082011786268E-002   2.7160083074171011E-002   3.9121294898801562E-002   8.4228722756534133E-002  0.10712904055699214       0.10436186611767720       0.16842883378811876       0.26727349326874550       0.34530001358095286       0.38140793970815839       0.13577701730051020       0.46618434052410601        1.0804766304421298E-002   6.0392249120227670E-002   6.8608577243599658E-003
          73   8.6877630699432973E-004   1.2948744644466126E-004   6.8078289557713210E-004   1.3651747681383327E-004   1.9933514774935074E-003   1.3673262749222448E-003  -2.2070543269303807E-003  -1.2477871333757961E-003  -2.5959228295529239E-004  -9.8716650181545493E-005  -3.3973654440221861E-004  -5.7994197730314612E-004   3.4440046806220051E-004   4.2113600666410608E-004   1.5785812332130243E-003   1.8851928406026831E-003  -1.3326488203394876E-003  -1.5206222855308776E-004  -1.4895135478053048E-003   1.8496232763859266E-003  -4.3208482830824058E-004  -1.6492060395944920E-003   2.3691865262843995E-004  -1.9778023702869602E-003   2.2272863701371607E-003   6.1803805436717336E-003   2.1348151511557003E-003   5.8825597750704122E-003  -1.7624465869426089E-003  -8.4999237404021486E-004   1.4561210007372504E-003   3.7111694154903559E-003  -4.6278483412286854E-003   7.9378229402490546E-003  -1.3493191448673522E-002   1.2674635629353540E-002   5.9596130466547624E-003  -4.3347927332302159E-002   5.8318812547203704E-002  0.13394903133569183       0.29264395147185834       0.68922354878801129       0.94025859250248445        1.1937269526420740        1.6085203154343639        2.8170533160718647        3.7182819095065072        3.6673798489299330        4.3652156553622472        4.4974139601027820        4.7259027811702028        1.2586502433108594E-003   1.0798165510143441E-003   1.1155804879806300E-003   9.3847494913010460E-004   1.7835627032708736E-003   1.8184645734798264E-003   9.9777210150274681E-004   1.3989337877477388E-003   2.0296290966616260E-003   1.1991537250979629E-003   2.5163912000884235E-003   1.5399869659249105E-003   1.2837199640101720E-003   1.3867233671118178E-003   1.4927522488271930E-003   2.3156337821526982E-003   1.7761912327687018E-003   1.7932999337638869E-003   2.5685513202526470E-003   2.0940581793049131E-003   2.4152731471525687E-003   2.7444816888885439E-003   1.9456325687871089E-003   3.7016516264009921E-003   1.7505031374786832E-003   3.5272991039656089E-003   3.6230342310055782E-003   4.0994893167361074E-003   4.0499933742795752E-003   4.0498260840740831E-003   5.3271487001654797E-003   7.3446128997941944E-003   7.3197890644813943E-003   9.6361218106722994E-003   7.2715531033831007E-003   1.3146384810874531E-002   2.6019532827048646E-002   2.9043296843273978E-002   3.7747173857609187E-002   8.3948520146959277E-002  0.10334033860739471       0.10848813851198809       0.17087442094509156       0.26757119765428394       0.34875376727619151       0.38238012227864060       0.13667460774401188       0.47070464533686079        1.2314362505303749E-002   6.0142224201928392E-002   3.8355678005082710E-003
          74  -1.0574314375702314E-004   5.6724958276231147E-005  -4.6772741076461360E-004  -1.1502297492975163E-004   2.6022276342307330E-004   3.5610418136164482E-004  -2.1104860102253591E-003  -1.1435952314867387E-003  -2.1924533960528910E-003   1.0180493130787348E-003   1.4780224642009765E-003   1.1085110384947941E-003   6.0529576654040911E-004  -1.1210484671399156E-003   1.1001969402171371E-003  -1.4011879351964518E-004  -6.9807358351761206E-004  -6.1417788463391315E-004  -1.1111509850027855E-003   4.9684817879716717E-003  -1.3010938504514290E-003  -2.6544739826188679E-003  -4.9074179177690950E-003  -3.1285580772827252E-004  -1.9419937097393352E-003   5.7882588103967810E-003   7.1421258999134494E-003   2.4830686007487638E-003   3.1867081793896883E-003   9.4476690008311024E-004   8.9109294149016731E-004  -8.4017071174137467E-003  -1.1030835975534078E-002   4.7813674919546670E-003   1.1861599443465612E-003   6.4478884797300896E-003   5.9734620958982300E-003  -4.7244816930953393E-002   5.4970742392815762E-002  0.12621423854218769       0.28140089206746483       0.69046856642346677       0.92570442155215182        1.1717879632680495        1.6088835407671307        2.8113098107706831        3.7177940415242365        3.6620366602574448        4.3616398825035096        4.4967277812296169        4.7198326409374367        8.6703857495171058E-004   9.3412315956389609E-004   1.4123724742979211E-003   1.3398427091701327E-003   1.2917457023223949E-003   1.0531774814999269E-003   1.0645806464361183E-003   1.4009951911362279E-003   1.3369285265600957E-003   1.4347761333127558E-003   1.3548809754532216E-003   1.1716241482055665E-003   1.6837896674601037E-003   1.6565622119784974E-003   1.7847918530337948E-003   1.4909681638661508E-003   3.0727203555005475E-003   1.1785407818349005E-003   2.1060788512370253E-003   1.9873808923731398E-003   3.5687403390170557E-003   3.2894739689193126E-003   2.6657378613883140E-003   3.1080233428758116E-003   3.8094932575153126E-003   3.5823506116335591E-003   4.3848220391398867E-003   4.0558534391191376E-003   4.6242924523556030E-003   5.5132947750616617E-003   4.5873631783925001E-003   6.0494711231408298E-003   8.3641500087814832E-003   1.2094729187787926E-002   7.7757968705996399E-003   9.7610634864842595E-003   2.9039556641369948E-002   2.6285257202799471E-002   3.9263972006058676E-002   7.9379989610679519E-002  0.10262891269008188       0.10851469528422937       0.17224396522512370       0.26635863279675243       0.35797793713254117       0.38615835891278011       0.13680077596233589       0.47529818173601307        1.1904429310810535E-002   6.2482588247077753E-002   5.7208565551737645E-003
          75   6.0176086967621571E-004   9.0801990452714961E-004  -7.3219762627576006E-004   1.8984946289834343E-003  -1.7242816651200719E-003   1.0674803880045191E-004   5.8870320064060904E-004   3.5457288083222031E-004   1.4736314773593432E-003   7.5969972223376354E-004  -6.2480749892076907E-004   1.8670494842414049E-004  -3.3758114076280060E-004   1.8849351066913911E-004   6.4550673465007841E-004   1.0990733886793987E-003  -4.6215713514383242E-004   1.8785477700459375E-003  -2.1104960277719176E-004  -5.5565867490207585E-004  -1.3720924573768748E-003  -2.5542105644939415E-003  -2.6174683476183022E-003  -1.1611664263001904E-003   2.3087009900327683E-003   4.1600134556013767E-003   2.1138564579068833E-003  -2.6597289086483849E-003   4.4839505358044160E-003   5.1707252476452508E-003   3.9788365189068137E-003  -1.5084649603693564E-002  -1.3542998325704884E-002   8.4877510696537341E-003  -3.0729615807550052E-003   2.8849150453554902E-003   6.3598408155441490E-003  -4.2136692674186772E-002   6.1747175505355953E-002  0.12926008416116902       0.26988561370138253       0.67463357062582407       0.90823106474610371        1.1502428268989617        1.5945592506642101        2.8104768883266833        3.7179957890514159        3.6577156704853846        4.3612028046865143        4.4929609955790175        4.7226730917222053        1.0374062361098836E-003   1.1247923127613959E-003   1.0877289459933041E-003   1.1758815166149183E-003   1.2711125182851414E-003   9.6271427474143309E-004   1.4284739022161837E-003   1.7089269989694082E-003   1.1405363455359858E-003   1.2376416115095793E-003   1.2580855224142125E-003   1.6810105802256296E-003   1.4569463202980702E-003   1.6430460520260978E-003   1.6327138105082266E-003   1.3971036704805348E-003   1.8797420270180536E-003   1.7854119485461695E-003   2.3030544234394160E-003   2.4777402255866461E-003   2.7082522038789185E-003   3.2075869156904585E-003   2.7935429571657763E-003   4.4952776912717471E-003   4.4720349497629139E-003   2.8300669420159765E-003   4.7368917285336961E-003   4.3698426714115198E-003   3.7226978125610719E-003   4.2011377372759120E-003   3.7837651307374362E-003   6.6317780412950980E-003   7.2244802034767764E-003   8.6127541817098401E-003   7.1987536532886120E-003   1.5416781629875094E-002   2.4286956331535929E-002   2.4127411272036246E-002   3.5930306242509299E-002   7.0569145316326118E-002  0.10387522341677131       0.11060864938908424       0.17166277621191253       0.26878452546134146       0.35962553932374702       0.38775607603521883       0.13825705634258137       0.47919154623479021        1.5186470264563828E-002   5.8960982109575302E-002   7.6661903329632176E-003
          76   2.2217989980169183E-003  -5.0219637185376631E-004   9.4321126779172061E-005  -2.4058868745132538E-004  -2.0590339443241450E-003  -3.3971536253899121E-004  -1.8629288247075493E-004  -3.8475776568050815E-004   4.4678845004879889E-004  -1.7502354341271617E-003  -1.4177015752586159E-003   7.9958980862891672E-004  -2.3169893393152141E-003  -1.3155520521429640E-003   1.0594248155319148E-003   2.1968625076402917E-003  -1.8326484331491679E-003   1.3873482326078339E-003  -5.9455093359104009E-004   1.6204127960398604E-003   8.2446110187192037E-004   4.3146863516422602E-004  -3.0038840579154663E-003  -3.1352684751434433E-003   3.2263925512670444E-003  -2.5272204513414087E-004  -1.5681680343023316E-003  -4.9902596785012408E-003   7.2486268328187759E-003   2.4246441184526623E-003  -1.6712480063937365E-005  -1.1812977972046553E-002  -6.9529499652254073E-003   9.3556420294265488E-003   7.9886893740989343E-003   6.5633232196259158E-003  -5.2660673285947748E-003  -3.8563757829999080E-002   6.5436970471748915E-002  0.13287540025704586       0.26273883015234950       0.65643829204079462       0.89335468352988701        1.1295517288921375        1.6036024755447609        2.7947388981114121        3.7155497626051472        3.6563592646893572        4.3595094091668063        4.4973669307949962        4.7282346261353485        8.9189873952133807E-004   9.8629271370441734E-004   1.2036825264290292E-003   9.4418117018351050E-004   7.0748481125553083E-004   8.2376113436095162E-004   8.0569201215090419E-004   1.6050057475842999E-003   1.6812831003685566E-003   1.2614578261142635E-003   1.4603734896092911E-003   1.7418913116401325E-003   1.4564378365222216E-003   2.4761693058767162E-003   2.0916714052204985E-003   1.6608800902172553E-003   2.2276736547804077E-003   1.5509333178718666E-003   2.3801811547347206E-003   2.8472014896844598E-003   3.4242489792028230E-003   2.0896659582063885E-003   2.0851559434895296E-003   2.4848341558026269E-003   2.9381864974784813E-003   5.7363788411740873E-003   3.1232031043024757E-003   5.3909884369585416E-003   3.6633523918729017E-003   4.4455141461370792E-003   6.1477352092625843E-003   4.7857204185265271E-003   8.1783695906828251E-003   8.5663975456786758E-003   7.7196692269443220E-003   1.6646599476434036E-002   2.0348756934587028E-002   2.4369781310272474E-002   3.4911095253049980E-002   7.1448929418997123E-002  0.10380096724808247       0.11362302642257707       0.17461921209582709       0.27006507747629421       0.36546519912419539       0.39024219853327158       0.13898064693396700       0.48483138129305764        1.5821428192441592E-002   6.0860757381482757E-002   4.4776657261877085E-003
          77   7.9140122128155651E-004   1.2260469114567720E-003  -5.9414803148803827E-004   8.9365561316081578E-004  -3.5989218537692155E-006   1.8710914014254984E-003   4.4194678935515868E-004  -2.5238672620655063E-004   3.1562246549870116E-004  -1.7964211594925946E-004   1.5939246619863432E-003   8.7615433685943734E-004  -2.6595488402799609E-003  -1.4609921027467962E-003  -1.9181363778131011E-003   3.4962482877998249E-005  -7.5915000158040334E-004  -1.3449905967146439E-004   2.6361366501789990E-003  -2.9799156541428972E-004   1.3621080587089814E-003  -6.0753586648196580E-004  -3.0283797146551067E-003   2.3125243665375814E-003  -7.9324009306986167E-004  -1.0970055722907862E-003   2.6077906929529470E-004  -2.3680816215475788E-003   4.9292289217945703E-003   1.8441860912872059E-003   1.3129437373255073E-003  -2.7370511981365808E-003  -6.2852103760299323E-003   3.3777611134654722E-003   1.3582262352593143E-002   5.3230645399370332E-003  -5.8953404681232643E-004  -3.7187465640269930E-002   6.1467969091003972E-002  0.13656333225989928       0.25443770450006731       0.65452803741237653       0.87220550619625647        1.1070383274067195        1.5981511495699929        2.7862930011023321        3.7137474923767950        3.6505323728542587        4.3568299884214037        4.4908675998587233        4.7247092546492029        7.9951474326342116E-004   1.3978062075747056E-003   1.3312636293924204E-003   1.5665217306045209E-003   1.4525543829376707E-003   9.5642588398215452E-004   1.0176519286661898E-003   1.5858531175846876E-003   1.8297591061083827E-003   1.2971174550759623E-003   1.0892708923228684E-003   1.7700375839605302E-003   2.1558656420041103E-003   1.9979157589567697E-003   1.8240250860538044E-003   2.5544061209829263E-003   1.8725318254310152E-003   2.7102857087669655E-003   2.5301785340749255E-003   2.1749230479499440E-003   4.0593654906888512E-003   1.6969285446579623E-003   2.3616020835082784E-003   3.1710316794107537E-003   3.5955620416442311E-003   3.1550460403495881E-003   3.5447724290527689E-003   3.3560332673365709E-003   4.2634961110728014E-003   4.4675029492157979E-003   5.1731635557306210E-003   6.6450908279028333E-003   7.6975900884138160E-003   7.5523854536413866E-003   1.1119015062661596E-002   1.7302382205494078E-002   1.9620171359869650E-002   2.5763138997978670E-002   3.4504894142613762E-002   6.9435354985136630E-002  0.10380193320642199       0.11594506902754460       0.17486717380725350       0.26814159159666695       0.37067435603806209       0.39421383782825065       0.13940097122511078       0.48813934303421069        1.6264670663478406E-002   6.0435374481184585E-002   4.5493428857951001E-003
          78  -1.1766091213807782E-003   8.0884854348023990E-004  -8.9499842112447799E-004  -8.4672421094488285E-004   4.2398818195323675E-004  -6.3570354570576144E-004   1.5089598671479622E-003   1.5900584662414986E-003  -1.2683274267884853E-003  -1.2403780141401939E-003   5.1304044383461314E-004   3.4187348161745531E-004  -1.4207352205642463E-003  -3.1367881408217945E-004   5.8321613831495748E-004   2.4618378550038942E-003  -3.3522055892132199E-004   2.5147486221110730E-003  -1.8364050794104775E-003  -1.1887827945166088E-004   1.0428804276165263E-003  -2.7020638231774039E-004  -1.5385911045924121E-004   3.7763309095719929E-003   1.4519053065645785E-003  -1.7782516910302595E-003   1.3023550137404394E-003  -3.3427657720827243E-003   7.3598180540732760E-003  -8.1641886728755380E-004  -2.2408005147980725E-003  -2.7582417237150664E-004  -3.9660858858680338E-004   4.2116701989174249E-003   1.0793107960960740E-002   6.4649096808592106E-003  -2.6154788508707585E-003  -3.8286829469792588E-002   6.5346282587596921E-002  0.12957274594625867       0.24021462092467002       0.64706372619168040       0.85855166162310481        1.0846170529231953        1.5897422363637606        2.7771110809858168        3.7151590845671336        3.6459366869251526        4.3596325946363228        4.4957144437545278        4.7207639406652460        9.0886762673690754E-004   1.1447767805296228E-003   1.0554746549837624E-003   1.1751346602521739E-003   1.0877606780206124E-003   1.0350446715460767E-003   1.1454635526644843E-003   1.3921402929026206E-003   1.6349398601868748E-003   2.0681202671832830E-003   1.3767046197392288E-003   1.2651138786441882E-003   1.2331521898170574E-003   1.8594833121425409E-003   1.4064617276863811E-003   2.2973063013717971E-003   2.5658038536503715E-003   2.4382959232245641E-003   1.8041547692437040E-003   1.6251221620290069E-003   3.1391623990528741E-003   3.2763188952950185E-003   2.7994556001350521E-003   3.4467328713599739E-003   3.7241299738008144E-003   4.8923688279393467E-003   3.1769937933617911E-003   5.1275706203114087E-003   4.2781949683180429E-003   5.4518448305461717E-003   4.2334473672752775E-003   6.0631218699242475E-003   6.9112432180791928E-003   8.5236328139701827E-003   9.6826788602312648E-003   1.7888582387176784E-002   2.2638725397966478E-002   2.5733669356358586E-002   3.3469879149429699E-002   6.7561614916458651E-002  0.10530227633714728       0.11606322464081768       0.17536953984155690       0.27056988217443179       0.36786466752854868       0.39866351245523562       0.14014576851839364       0.49644106119160653        1.8783054106989504E-002   6.0423758909481137E-002   4.9907114858320509E-003
          79  -6.1002546028281050E-004   5.6032806634829179E-004   2.8753894157905135E-005   7.9737077142853427E-004  -4.3154742886176317E-004   1.2273797007077731E-003  -1.3311175939815359E-004  -4.1654706997565778E-004  -4.7567893463444064E-004  -2.8553581478125002E-004   1.6472265620370132E-003   1.6173856888090539E-003  -4.5331680200319811E-004  -2.4225107770577919E-003  -2.3431224405685907E-003  -1.2712962128355926E-003  -1.8872007363115425E-003   4.4241380233780807E-004  -7.1337324163307537E-005  -2.0135237736735373E-003  -3.1623467793532923E-003  -1.6650712685515718E-003   8.7507447026186026E-004   1.8557135834502204E-003   1.1286515100312237E-003   6.4302682548740423E-004  -2.8081791748665540E-003  -4.6930055202476940E-003   4.6104641974565866E-003   7.8879920595311586E-004   1.4681468876506166E-004   3.8171344080103961E-003  -5.1970371306676623E-003   1.3183395847729713E-004   5.7108831156987474E-003   8.6869037994690857E-003   1.1005277487126258E-003  -3.8303121432000993E-002   5.4108863074743350E-002  0.13737368637998504       0.22659759106921035       0.64433836724265070       0.83955184804517358        1.0646395201528096        1.5833244464403868        2.7653278169127775        3.7142666715603836        3.6428491005623562        4.3611997845743042        4.4925606113040688        4.7236621110482018        7.0963890783371690E-004   1.4219593954107324E-003   1.0397895390851621E-003   1.0911546283281018E-003   8.9053723403693561E-004   1.3251218804643261E-003   1.3621287511043417E-003   9.8816452906361446E-004   1.3825160651284693E-003   1.1099949206642564E-003   1.2617729243898142E-003   1.4327652237477390E-003   1.6867015751879178E-003   2.0889217186123490E-003   1.4444684823945553E-003   3.0165389735662424E-003   2.4584482367191376E-003   2.6657774949648242E-003   2.2054789125486559E-003   1.8472071979419020E-003   2.9780704747482591E-003   2.3202795668301021E-003   3.6674619882953552E-003   2.4633218912731032E-003   3.0591442165780369E-003   3.5600773501107000E-003   6.8828290157033822E-003   4.4347419387211380E-003   5.6580034017859318E-003   4.3337765141073150E-003   6.2146772709549131E-003   7.7653301657636562E-003   6.5380118727525255E-003   8.4859316063471239E-003   1.3745078556852140E-002   1.8828789551935298E-002   1.9063949261708658E-002   2.5334418471877899E-002   3.2995475337723804E-002   6.5046736368764388E-002  0.10666235531302085       0.11926382501480386       0.17478002511580509       0.27090854053923713       0.37791460802317522       0.40535281626439917       0.14188544166310174       0.49919008217059857        1.8859060741115045E-002   6.0973488669735669E-002   5.8304282442302935E-003
          80   1.6601705183754395E-003   1.4468251373293114E-003  -1.3832127592698627E-003  -1.0887865007269033E-003   1.1508394201439911E-003   4.1143909603716763E-004   8.3866307191926518E-005   3.8809426365536324E-004   7.4382625577644652E-004  -1.4276472194473800E-003  -2.5416326785930162E-003  -3.3637653004888633E-003  -5.8857969219347766E-004   4.5794143731461910E-004  -4.7862573804813481E-004  -1.4070683581458830E-003  -1.0594295206270386E-004   2.8543247059258873E-003   2.2060752603497847E-003   1.7689029107044699E-005  -3.1543461634396600E-003  -1.6962998827609318E-004  -1.2124678839946897E-004   2.3173030846890788E-003   2.4309395820018577E-003  -3.0885060574012396E-003  -1.2598577754600955E-003  -2.6333065782347784E-003   9.8464363734134860E-003  -7.2237623197368740E-003   7.3417787602307136E-003   1.3464969934500649E-002  -9.0124079331582053E-003   5.4863530581142125E-003  -1.9576029329962533E-003   3.0639050478233873E-004  -1.6837174907051949E-003  -3.5646037540710225E-002   5.0605451199684841E-002  0.13112072137269246       0.22516710915838917       0.63205801728128819       0.83196086560178373        1.0448773407235168        1.5706087347333066        2.7476645371027870        3.7093367187862256        3.6394438549805943        4.3583167334455757        4.4913921353748156        4.7237519047526879        1.2027536323025118E-003   1.2950041601917936E-003   8.6119728281065691E-004   9.8047342431600523E-004   1.0441764744388803E-003   1.4938339958157352E-003   1.2741858437646718E-003   1.2821095397586835E-003   1.2649727092470435E-003   1.4875546124890431E-003   1.4244935500471929E-003   2.5339283450431290E-003   2.1623324488116444E-003   1.6569321975665194E-003   1.5759080647658635E-003   1.9739561636495772E-003   2.3515489306138379E-003   2.1209775095118078E-003   2.0336786709631593E-003   2.2082234254514584E-003   2.9142961876743060E-003   2.1114076859378790E-003   3.5864853707872051E-003   2.6869276509439038E-003   3.3172353861416104E-003   5.9168833803753783E-003   6.0727934645398319E-003   4.2930146728268840E-003   4.1142844446226661E-003   5.1322532360694373E-003   6.7870204419132052E-003   6.4568760213011582E-003   8.5582577824458682E-003   7.0755091721314816E-003   1.2750699807412114E-002   1.5682753498777714E-002   1.9622609572007999E-002   2.8672294766319911E-002   3.3853892176073153E-002   6.3137580195918294E-002  0.10668653326445615       0.12432277605967337       0.17484610699531353       0.27413812022509371       0.38272058207239568       0.40577331872009398       0.14246372264791859       0.50385479713277648        1.9624357734362684E-002   6.1268477362450800E-002   6.0997171195256578E-003
          81  -1.3935388700844870E-003  -1.1462925011020704E-003  -7.9013794975085595E-005  -8.6756069648990413E-004   5.6381740495015315E-004   1.2596304548713629E-003   9.7384724938429416E-004  -1.9326871310771363E-003   1.3061819911585485E-003  -7.5429675997758098E-004   1.6805579294736572E-003  -8.6870574503949288E-004   1.0880466356306430E-003   2.2218213019013625E-003   3.1564989043693245E-004   9.9756395060065497E-004  -2.2964560801978875E-003   1.5709090382325676E-003   3.1264682928242066E-003   1.2395838251966114E-003  -3.8433297169543010E-003   8.8248482270302301E-004  -2.7452983839906923E-003  -1.1931005381899580E-003   6.8596912226298844E-003  -8.9555403147443429E-004  -5.1397998038019586E-003  -2.1898117106098490E-003   5.4760070128863933E-004  -1.0573300734794937E-002   1.1520847011745817E-002   1.3019816160151160E-002  -9.8135146931178537E-003   5.2858504185813084E-003   7.1382965851700939E-004   2.9618859541677310E-003  -4.4329156842017655E-003  -3.5480700706308856E-002   5.0517770636503992E-002  0.14272740731039799       0.21387919284287368       0.62186125921599167       0.81298627153636360        1.0266517045359052        1.5714077361277934        2.7377296687463342        3.7101573926460234        3.6353513401330368        4.3514106491541291        4.4969584249720826        4.7263850601969031        1.0761897865785199E-003   1.5842938104835204E-003   1.5932859928381564E-003   9.6236189962387129E-004   1.1438615193012215E-003   1.6855851686704340E-003   1.6547025476732838E-003   1.0776505061043530E-003   1.6773973852645839E-003   1.1853004730197096E-003   1.0923318172679109E-003   1.5934414377684213E-003   1.4640005017477250E-003   1.1458941777616537E-003   1.2072209216158556E-003   2.5324020168817660E-003   1.6368179392485197E-003   2.1649795880312153E-003   2.2260837070236157E-003   2.6875353720182274E-003   3.4080556919224235E-003   2.9659300916247897E-003   3.5014094884681548E-003   2.7648529843729498E-003   2.9202037177739892E-003   2.6903871883014086E-003   4.0426207526417434E-003   3.4375445982726916E-003   4.2127335673171912E-003   6.0310746696691413E-003   4.6005929853273168E-003   6.9711617053005714E-003   8.6110982377750871E-003   7.7363203569984279E-003   8.4818199125545699E-003   1.6643884018902003E-002   2.0144609798162485E-002   2.9230786603402153E-002   3.4487123918173705E-002   6.4640462752556999E-002  0.10756473144819054       0.12876435269675507       0.17564847312164170       0.27945073960909644       0.38533372767240193       0.41093704305401985       0.14511657260933786       0.50679187679951276        2.0137910569592733E-002   5.9289449992202342E-002   4.4074303168278872E-003
          82   1.3074353106096753E-004  -3.9407974739305855E-004  -4.9577856262029586E-005  -8.0327603082532820E-004  -2.6555519504004851E-004  -3.0414706026459420E-004  -1.4225394853591667E-005   4.2391864778151491E-004   3.8248674776174296E-004   4.5166707618563608E-004   2.6025784990336504E-004   1.2328544412389705E-004   1.1509259586819308E-003   1.1045072703907018E-003  -1.8065759810567139E-003   2.4467046926615978E-003  -2.0605483445049980E-003   2.8944887043307818E-003   9.0135766328216604E-004   7.6164197486255049E-005  -3.9216219994401454E-003   2.8178300710320820E-003  -2.7753192860201078E-003   5.4372263399796031E-004   5.4498325646479585E-003   1.1259417786194359E-003  -2.1253473527925678E-003   1.5789941587563219E-004   1.0067551931110120E-004  -2.7398493059658654E-003   5.7038910386722191E-003   5.0053856430205441E-003  -7.4963423479885221E-003   2.3843610474291736E-003   3.5137430644805915E-004   9.0403696535278294E-004  -4.2492296133962732E-003  -3.5369760919336260E-002   4.6263959758960534E-002  0.13950077810607031       0.20288154222186819       0.60659414754730312       0.80384320136754728        1.0100957439411782        1.5596457624273738        2.7256157545966504        3.7043514343394564        3.6294062081644620        4.3501872847834937        4.4967746048592545        4.7241675203595630        9.1638150314425192E-004   1.1625430106882247E-003   7.0145597006531326E-004   1.1337791027068872E-003   1.0507560284050801E-003   1.3951523433988985E-003   1.0413719245111603E-003   1.3537113481371002E-003   1.3135272905363828E-003   1.2055622685568207E-003   8.9260474692915749E-004   1.2494941816017962E-003   1.5545126114219680E-003   1.3648526041331796E-003   1.4988458645969873E-003   2.1862777598824668E-003   3.1204442507377752E-003   1.9107559553476481E-003   2.6149844263283436E-003   1.8943480513531989E-003   2.8630753534718287E-003   2.3551928141969580E-003   4.2723484085946863E-003   2.8275900882367656E-003   4.3867054980034478E-003   3.8575141528236923E-003   3.8950480589303722E-003   3.6348273358475795E-003   4.6572833359662391E-003   5.9800246272131890E-003   5.8481194429096071E-003   6.3762024182377449E-003   6.7477568201658438E-003   7.5017052681191658E-003   9.0445744563837169E-003   1.7082514224218290E-002   1.7707794592865183E-002   2.5781708678081581E-002   3.3659885525335255E-002   6.3716853771808649E-002  0.10598451065562253       0.13363115725645072       0.17539810233684941       0.28336394234519452       0.38892899042775825       0.41840442414631618       0.14492018620573605       0.50621190235337765        2.4501935126419894E-002   5.9270956530140473E-002   6.3382360029259838E-003
          83  -5.6541454799544110E-004   2.6509294297754059E-004  -7.0163027279089704E-004  -9.6216122439994427E-004  -3.1278489251708664E-004   8.1731370410881472E-004   7.5716397838226620E-004   1.6610201496889325E-003  -1.3937006273515133E-003  -4.0958753624669754E-006  -3.8087922409108156E-004   6.4106040274093646E-004   1.0441047179252734E-003  -2.7199138393547848E-004   3.1177455171343755E-005   1.4803894228034929E-003  -5.8555327749445411E-004   1.5763990005080019E-003   5.4812479577448165E-003  -2.8842233993626432E-003  -8.6245662895385826E-005  -1.0640113584563433E-003   5.0098218722961004E-004   1.1768067930679619E-003   3.5659802426548939E-003   3.2980731176173359E-003   2.8697615979248877E-003   7.5837399248257992E-003  -2.5164356422665828E-003   1.9750500670372680E-003   1.2436900673887769E-002   8.5564182864808457E-003  -9.3264131002452171E-003  -3.8379584726368249E-003   2.2465395953234213E-003  -5.6277123735129385E-003  -9.2050658489950983E-003  -3.3945667480523092E-002   3.7201188833486776E-002  0.14028771475303201       0.19025623470448907       0.60078166458956217       0.78408058761370758       0.99659227680965834        1.5475989429111656        2.7182901327488711        3.6951044447059598        3.6330051409017163        4.3516319053466841        4.4933899291881652        4.7275522564208847        9.5234986214730885E-004   1.0579605855635364E-003   1.6186574121494224E-003   1.4413998160899455E-003   1.0254360263407443E-003   1.3694648586514418E-003   1.5892747645830394E-003   1.8621335953019234E-003   9.2959545471463635E-004   1.4716337456731452E-003   1.6687089348037440E-003   2.0526967609360075E-003   1.6933312022877102E-003   1.0781423337559149E-003   2.0013203649578586E-003   2.0890623905706960E-003   2.2978348080794166E-003   1.5046694844807554E-003   2.5228271784877763E-003   2.5660096750450678E-003   2.8673552943634384E-003   2.1538943048588694E-003   2.5504969346767481E-003   3.2535975117004112E-003   2.6264680088071810E-003   3.3046879600745743E-003   3.2952925162933861E-003   3.4256854598079109E-003   3.7569656864423588E-003   5.9671522495389840E-003   6.2080136456387700E-003   6.6239183598472799E-003   6.8914965954735069E-003   9.1947330673258273E-003   7.9518430771601412E-003   1.6100818855084711E-002   1.5911269556485669E-002   2.3462303797828273E-002   3.5148274528274952E-002   6.1646176754233867E-002  0.10773634427191887       0.14087907462002330       0.17564325082736279       0.28824852132594353       0.39587532576297252       0.41990545695908865       0.14560678933891824       0.50652737107161794        2.4654604486732679E-002   5.8366682447677953E-002   4.6457040456104361E-003
          84  -1.0516406605676442E-003   3.5148618111787343E-005   1.4787761285185941E-004  -8.4800805635664063E-004  -5.4228637653741009E-004  -6.2973318719995838E-005  -2.4648309473787448E-004  -1.6868643702678469E-003  -2.0735305186776474E-003   1.0559505266535913E-003   1.1059534669556959E-004  -1.4303465040144245E-003  -2.2236304158278070E-003  -1.7719798944231615E-003  -1.3221435232864238E-003   6.8709568876046769E-004  -1.8219559001849480E-003   8.8326683379050112E-004   7.1284372378483340E-004  -2.9906265314756071E-003  -8.5782863319880827E-006  -1.3261547467882842E-003  -8.9824389415999416E-004  -8.3121949746632379E-004   2.2337489844533346E-003   1.7298534911101393E-004   4.6325138517100281E-004   5.5127903676527364E-003   5.0001551910159648E-004   4.3633044431791723E-003   3.4079306415102819E-003   8.5082786075523827E-003  -1.4883611258454280E-002   8.3774988760471555E-003   5.6640857235552558E-003  -9.5983216675175811E-003  -9.8434813832587150E-004  -3.0079062812983438E-002   3.5452329018113689E-002  0.12865574104061245       0.18175508089713446       0.58494807025123741       0.77361644331961643       0.98345013307012841        1.5409979788933919        2.7104048722432506        3.6916057566191829        3.6259358511992645        4.3433139954758735        4.4949631875008897        4.7193273047688260        8.0154970206143441E-004   1.4972706535303843E-003   1.5313053418910874E-003   1.1294098140731570E-003   1.6945226911794099E-003   1.3238481638931246E-003   1.6488696587040556E-003   1.4902006954782493E-003   9.9126489891524536E-004   2.2530448504437441E-003   1.5207504129111399E-003   1.2284602965581032E-003   1.5417649792013365E-003   1.6174265918231612E-003   2.1961982252004008E-003   1.7167244136959544E-003   1.8468274932135962E-003   1.8589776069522555E-003   1.4049244399093252E-003   1.8475703326390929E-003   2.0071174279567001E-003   3.2944639121076430E-003   3.3041924753822653E-003   3.5834041666390646E-003   6.7702488258250095E-003   5.1874855961025609E-003   4.4397631634388078E-003   4.0127246257828861E-003   4.9941122708833290E-003   5.9465670174486266E-003   6.9563304167833640E-003   5.6180904160095246E-003   6.6796376905494713E-003   8.4890600286374428E-003   9.7269818560589763E-003   1.3486868845562255E-002   1.7451858893564574E-002   2.3364873637014300E-002   3.2594475866193316E-002   6.2419980458673543E-002  0.10576966308834444       0.14345592106834387       0.17586175513276739       0.28688224091743786       0.40249500459392612       0.42584728213042566       0.14883354880037428       0.50549161678661636        3.0387352118786806E-002   5.7093854986900908E-002   5.0686723574309258E-003
          85   1.3960083756731583E-004   7.1838859384350284E-004   7.3852319227915976E-004  -4.1369782303681338E-004  -1.1499561862144240E-003  -6.5802430511310731E-004  -5.3985874890963986E-004  -5.4753325361448315E-004   5.1027275117375567E-004  -2.5457290897500383E-004   4.7561420440531024E-004  -1.1530697232972245E-003  -3.0572805659662242E-004  -1.2927215254726154E-003  -3.9729207791505385E-004   6.4507772219605817E-005   6.6441914721852868E-004  -2.8706543582442960E-003   1.5457371685422445E-003  -1.2424370532106049E-003  -5.4014278451122895E-004   1.7089573812102061E-003   2.1208440659629306E-003  -5.8388688655273910E-005  -8.8782471184374113E-004   2.3955192087256332E-003   1.0732717817251976E-003   3.0119997133319226E-003  -2.6539323967465969E-003   3.3595291373750844E-003  -1.2516809405238290E-003   5.9622349009393711E-003  -7.4109610104037271E-003   1.4691000020800767E-002  -1.2252229183773907E-005  -1.1546800601448665E-002   5.6845126017184466E-004  -3.4156140587558600E-002   3.8734548931077875E-002  0.12363535393968454       0.16824829642907954       0.57264281974033637       0.77168752808414065       0.98454441548277105        1.5305157783263961        2.6960883157760303        3.6911048457573599        3.6217719515189950        4.3446711884642566        4.4921105857245021        4.7209588326582272        7.5228676353865029E-004   9.7761539887443959E-004   1.0715498611550331E-003   1.1868741931131349E-003   9.5021799812401698E-004   1.4515756117133216E-003   1.0012310453294444E-003   1.2096381063394163E-003   1.3385889058191145E-003   1.4564255336566006E-003   1.7595309352326026E-003   1.4563776471384234E-003   1.4918301457736538E-003   1.6333391088017668E-003   1.3752731558373981E-003   2.0067332746930458E-003   2.0115527550733322E-003   1.8581308730876824E-003   1.5753083641376049E-003   1.8054735785363841E-003   1.9196485388529162E-003   2.4303288464884117E-003   3.1780077723037869E-003   2.8516888657715619E-003   3.1394917058337685E-003   4.6862802786796906E-003   3.2939429021485267E-003   5.5367079311176275E-003   4.3838659076708983E-003   7.4098388150189362E-003   5.6005991151729072E-003   5.3995489970204060E-003   8.5189820661223901E-003   7.8422480477219406E-003   7.1252321758101750E-003   1.6152656329955179E-002   1.9785537673076618E-002   2.0985997152935108E-002   3.3868587592427002E-002   6.1521350239085962E-002  0.10398960692147140       0.14528496116654613       0.17610889614491390       0.29188754333122902       0.40655796410667006       0.42567715069774215       0.14933577237407597       0.50762928988793143        3.2260867683484226E-002   5.7967821255740938E-002   4.2496161405918362E-003
          86  -8.6704900579693980E-004   7.5115884903631286E-004   1.1627106122579566E-004   2.0828469175291067E-003   4.4395339505853165E-004  -8.0037632229968943E-004   1.0126025982597739E-005   1.1087211668880631E-003   6.8969403089696427E-004  -8.8089207386483806E-004  -1.4427082777988313E-004  -4.7799270149839269E-004  -3.2163555478074654E-004  -1.7843949826507760E-004   1.0146450608447242E-003  -3.5791396471652039E-004   2.0387631401283738E-004   6.9496195229059123E-004   4.3281934513571426E-004  -2.9023514862636652E-003  -7.2105555197750750E-004   3.8643277337876343E-003   7.2550870107924395E-004  -2.0626207716584318E-003   3.2322991030685803E-003  -4.3562504803138017E-004  -5.7352740809832434E-004   8.9854046384038968E-004  -5.3969566064146872E-003  -1.0179664592730477E-003   3.0685820811988469E-003   8.2339685795267022E-003   1.5582821468621661E-003   2.0015866090666655E-002  -3.4570358884061358E-003  -1.2508430433571216E-002  -7.1741160988007715E-004  -3.9382706461046559E-002   3.3050800094796488E-002  0.11720931842170849       0.16390834051787109       0.56347577900346935       0.76491137160081879       0.97694676366947242        1.5231994992692492        2.6867480664830286        3.6918031147101322        3.6278929204953387        4.3436693043553563        4.4949550388758848        4.7206810594433462        1.0067831645849195E-003   1.2972624980880690E-003   1.1222970601344618E-003   7.6832820390160673E-004   1.1058080375758736E-003   1.0035242640260820E-003   1.2033888128154784E-003   1.1903938625340996E-003   1.4034111203125241E-003   1.1003448963663443E-003   1.5904066053017097E-003   2.0220577946674393E-003   1.4579376820552381E-003   1.9031322744556512E-003   1.8308845348856482E-003   1.4965563549522122E-003   1.9416627721197061E-003   1.5830150696090188E-003   1.5125404196643056E-003   1.9243690227473704E-003   2.1619305354527900E-003   2.1138816083199835E-003   2.8203277547865818E-003   2.5365284945648237E-003   3.4740606957275335E-003   4.1419912051023910E-003   2.6281800003692892E-003   3.8862704259491052E-003   4.3685966972688839E-003   6.1719414105137508E-003   4.8060414058315138E-003   7.2183765835066105E-003   1.1280577026549306E-002   8.4034585205332215E-003   9.2838853405555234E-003   1.8682038716947263E-002   1.8442539290939561E-002   2.3146888753955121E-002   3.9490649367340383E-002   6.1835995996323154E-002  0.10540403131398443       0.14315140955474079       0.17723559350439921       0.29275081125284291       0.41406627754851122       0.42828734073570551       0.14868627916134938       0.50406158111614918        3.5554914454547754E-002   5.9457623195590725E-002   6.1332533292244931E-003
          87  -1.1324839329822638E-003  -9.5753481870969727E-004  -1.4704789620011141E-003  -7.2666678505227996E-004  -1.4170434188285195E-004   1.5000120998889352E-004  -6.2397740335376858E-005   1.3615572828050860E-006   2.9243005326420418E-004  -1.4266961020445299E-004   2.5629405903106352E-004   1.3524020898784579E-004   1.6549118000966977E-003   9.3369387012146564E-004  -4.0506246612698622E-004  -2.2756387657694630E-003   1.2887467294664882E-003  -8.5171221054946363E-004   2.1176190360766923E-003  -1.9104261051152824E-003   1.7177177072009474E-003  -2.1548807722699859E-003  -4.6730751916275194E-004   4.5086364016453984E-004  -1.8699377139645883E-004  -4.5511790681410629E-003  -5.2863893280140082E-003   6.2647988721458272E-004  -5.1147095227414424E-003  -5.7429293412572550E-003   4.3340650167842361E-003   1.3864918438571960E-002  -2.4694162103345023E-004   1.5693800531894394E-002  -5.5802098489740604E-004  -8.1725684559823455E-003   2.6114606526210444E-003  -3.5588968363762699E-002   2.8146665758934968E-002  0.10894981099720415       0.15267635890899742       0.55916583297149458       0.75263867119285810       0.96753462439765203        1.5131378498999561        2.6773697785277619        3.6980065118761951        3.6281589933635834        4.3443578723135863        4.4970127211694644        4.7218206038394959        8.1778870760001413E-004   8.8620535570435414E-004   9.4551348271213441E-004   9.8668809827512642E-004   1.3870443886253060E-003   1.3235826101365405E-003   1.3227207666110226E-003   1.3329030239618471E-003   1.5078222736391162E-003   1.3078853391971345E-003   1.4207750123747434E-003   1.0896244128451307E-003   1.5553948742895211E-003   1.3871247121465774E-003   1.8679546706279772E-003   1.7548318932914773E-003   2.2132983691821829E-003   2.1431791188777946E-003   3.9710935174874264E-003   2.3794392580088900E-003   2.5691113432433936E-003   2.9542149315430551E-003   3.3505421790158162E-003   3.9323618146013609E-003   3.4566504408307850E-003   3.5554205847948862E-003   6.6919146446463140E-003   4.3779148494399048E-003   3.8699427700813016E-003   6.6733576795277808E-003   7.0387758835675218E-003   6.7507471097943876E-003   6.0676670340063001E-003   8.6347280333651452E-003   6.9378193720483908E-003   1.9192069748401923E-002   1.8835568723534670E-002   2.7978027635384501E-002   4.1102661775786135E-002   6.4391008200515035E-002  0.10342992203438062       0.14856105057344962       0.17764855447324546       0.29868059236584427       0.41973810646566145       0.43113420052986307       0.14857123176373163       0.50194462801953477        3.4822552506884978E-002   5.5448913431896153E-002   6.2817961955423766E-003
          88  -8.5296012209234539E-004  -4.7113514030060189E-004  -1.5641870942698611E-003   7.2817162019704269E-006   2.4585586965299421E-004  -4.2972061158821320E-004  -7.9592973837980642E-004  -4.0322826291608706E-004  -7.0232928997294078E-005   8.4151984020638590E-004   1.3322477708034445E-003   4.8964671623474886E-004  -9.0836835874455395E-005  -2.4012158398553840E-003  -1.3756681350215523E-003  -1.0062965614434784E-003   1.1748250121229335E-003  -1.2228571975646527E-003   2.5640537835641486E-003   5.3569332099588425E-005   1.5091882349875048E-003  -2.8926494626147271E-003  -1.8817104156131483E-003  -1.2503895811114855E-003   1.1254636340301597E-003  -5.1340640491341610E-003  -5.5212950149387081E-003   1.8637119557745211E-004  -6.0623023458457430E-003   1.8835569340135269E-003   6.5026275378346635E-003   6.8109741849649730E-003   8.6585754166630374E-003   1.3826769454061990E-002  -1.6372941753977706E-003   1.1019808994359936E-003   4.8357363425541346E-003  -4.1605114106356436E-002   2.8438123732127649E-002  0.10826931533189101       0.14169440840437916       0.54791204878478272       0.74317528195808857       0.96552637036992373        1.5112291049150284        2.6781286659506973        3.6963230113834817        3.6383195884229429        4.3369956093890289        4.4937670139711692        4.7226612314011422        1.1117542145279255E-003   1.4641673638383090E-003   9.6126193206493428E-004   1.0199519639319209E-003   1.2133120815493626E-003   1.1073685024584154E-003   1.6300048723977387E-003   1.2685056014517374E-003   1.7481579189191441E-003   1.2687784347534242E-003   1.4385112778631335E-003   1.5609935455501713E-003   2.3448654017197072E-003   1.4069080787577767E-003   1.6827318744873452E-003   1.1622176997480665E-003   1.5130344205999487E-003   1.7936863976964969E-003   1.6716875961679347E-003   2.2828505975042903E-003   2.2571743002382525E-003   2.9292811626294760E-003   3.1641784863229729E-003   2.6936215644220427E-003   3.0476784755541896E-003   5.1555211246413178E-003   3.5706160808191690E-003   3.8419476352062466E-003   4.2768871577364932E-003   5.7193594927103389E-003   7.0266143227940324E-003   9.0858408807475768E-003   6.6005295480801932E-003   8.4401171377957267E-003   1.0118522679599539E-002   1.6147040396049479E-002   1.8446377374179250E-002   2.5768754956750118E-002   3.9049252312782841E-002   6.4793565331593653E-002  0.10309640849566500       0.14986022092222351       0.17692352334716593       0.30502224144907514       0.42739673286369434       0.43723182835337027       0.14935359219480446       0.49713857163253322        3.7568892116335795E-002   5.5428331666284650E-002   8.2505994847677424E-003
          89   8.7229898497856033E-005  -2.0813269785555010E-004  -7.1989666781590862E-004   1.2769035053529647E-004   1.8714791391430529E-003   1.7249621072061217E-004   1.3513867821877100E-003   4.4944402228977491E-004  -5.9219429344112902E-004   1.5971838781362261E-003  -8.5711637934879882E-005   1.6076044307569996E-003  -1.5698388992108913E-003   3.1683643499348901E-004  -1.7245738962429679E-003   6.3656960294114972E-004  -1.2414901318096364E-003  -1.1773432693196885E-003   4.6637326928501721E-004   1.0111315438800510E-003   1.6345977874696700E-003   1.4706172535522677E-003   2.1635780922031867E-003  -1.0853397492522872E-003  -7.8075273041516423E-004  -9.6192549475376159E-004  -3.7003049908275664E-003   4.6202743571814812E-003  -5.0677788863973377E-003   2.8688988609813725E-003   6.1939937342193043E-003   7.4892947322012142E-003   8.7572117614712515E-003   1.2464622771953263E-002   9.1201856264369174E-003   3.7149676675726764E-003   3.9071772195585159E-003  -3.8874568464881201E-002   3.0584903895322434E-002   9.8792320708357029E-002  0.13819394821334019       0.54061918986071478       0.73503118245311438       0.95276538681882228        1.4978680490539724        2.6705550982889976        3.6910808281472431        3.6381356319053064        4.3355522353776541        4.4867416518839525        4.7168492447228720        9.6724052395895474E-004   7.7696393285162459E-004   9.5483710865791084E-004   1.2928543030593304E-003   8.3612674391916767E-004   9.8083287662690632E-004   9.3618072995305546E-004   1.4319506453375444E-003   1.9489579872727736E-003   1.7552639748404952E-003   1.3259577764433079E-003   1.6315522407511468E-003   1.5424767042294403E-003   1.5461935124800334E-003   1.8686320505422831E-003   1.9934024725937168E-003   1.9126488021997689E-003   1.9081665147236422E-003   2.0096681411352619E-003   2.5865720276793112E-003   2.3252406363749164E-003   2.9114496142144323E-003   2.3047873861692463E-003   2.9884552305909757E-003   2.6612347594594365E-003   4.2938608771311039E-003   3.2244507111692067E-003   3.5661112611375732E-003   4.8418292337195279E-003   6.5007092706084275E-003   5.7888660074632897E-003   7.9076336949558280E-003   6.9224781831228399E-003   1.2414431618218726E-002   1.3090906908632755E-002   1.4744941033541606E-002   2.0078103610871093E-002   2.5844608764294577E-002   3.9628718782712007E-002   6.6423181863008010E-002  0.10192294795705525       0.15126850450423593       0.17708615603560585       0.30928283655062916       0.43696877591219002       0.43437221460421171       0.14897901947693015       0.49094151336224695        4.2394401843153698E-002   5.8827013389560326E-002   5.2595012391439466E-003
          90   2.3926364130386657E-004  -1.3101950533857289E-003  -9.2303543459937751E-005   5.4940124696079235E-004  -9.1443895680971355E-004  -8.6603088868648101E-004  -6.1756611297025972E-004  -1.4759271218454881E-003  -1.9628354342350303E-003   2.1686603907486324E-004  -2.6136136129571578E-004  -9.2363849494981026E-004  -1.2952872065702655E-003  -1.1648873000691998E-003  -1.1130965774375989E-003   2.6217018258303821E-003  -1.2482295482779448E-003   5.7575358847409077E-004   1.0020243277352352E-003  -1.7886245523087742E-003  -1.0621997537190273E-005  -1.2961697264146942E-003   2.5114285649820208E-003   6.3016158208492883E-004  -2.9789869016804481E-003  -1.0725716362312971E-003  -6.1221752995328027E-003  -1.4068417845782609E-003  -1.4334709775102477E-003   3.6191696511298482E-003   2.7638185581944194E-003   1.0860182628038610E-002   6.8741821267404336E-003   9.2104356450227395E-003  -1.0822792239952692E-003  -7.4294428966638843E-003  -2.6522354697883035E-003  -3.1545333947344531E-002   3.1894746274373019E-002   8.8868117970730603E-002  0.11568117756242527       0.53853150787199733       0.72296827088818938       0.94472032854055887        1.4840320016606976        2.6594007560446138        3.6851734414331703        3.6416479058084406        4.3331038196255349        4.4938639121055441        4.7213590067934801        1.0538950277560698E-003   1.1580580325461830E-003   8.9566698777928451E-004   1.2762420367643760E-003   1.2010933845563716E-003   1.0027797945528394E-003   1.1884595642260409E-003   8.6962877973768859E-004   1.1946340843043890E-003   9.9420997806444911E-004   1.7657784240134651E-003   1.5131165645223751E-003   1.3947878068490600E-003   1.5375362183758367E-003   2.2537836697397772E-003   1.3919248224069252E-003   1.9147504285743260E-003   2.1502274085844408E-003   1.8454869456628023E-003   2.4022453418924071E-003   3.5701076655603619E-003   4.0313831773992823E-003   2.8216838859213200E-003   2.5269315951180955E-003   3.7993309029758131E-003   3.3515067020819388E-003   3.2966813403464772E-003   5.4014724480700958E-003   4.0236889952681848E-003   3.6407730008036045E-003   5.5005466529818936E-003   6.7977919921258676E-003   6.8947367282813235E-003   1.4422609666690716E-002   1.3705823515206970E-002   1.5017061360627569E-002   1.8193518290563329E-002   2.6336736066117684E-002   4.0976652857947785E-002   6.5981732348250680E-002  0.10044858264623482       0.15449597699220652       0.17594492887744217       0.31530646067986107       0.44569932371878168       0.43871378490944818       0.14981777514984762       0.48308697468448647        4.2921055668576069E-002   5.8345493424916371E-002   5.3781134147245536E-003
          91   2.0307950034812572E-004   6.7088753929798951E-004   1.0664076300802309E-003   3.6712906568390504E-004  -7.9522513202506730E-004  -4.1329998730765019E-004   4.7200464788950506E-004  -6.1676796001221214E-004   5.7321163461627176E-004   2.1493350338850950E-004   3.1394264659229489E-004   9.9925032641877800E-004  -4.4789187990191306E-005   8.1654316282521049E-005  -2.9182559210418454E-004   3.4701692616577128E-003  -5.9581365838780786E-004   2.6257036561644969E-003   2.5401894394352285E-004  -2.5613198506391818E-003  -1.8272116606435176E-003  -8.8153928331984694E-004   1.4882432340695864E-003   3.8688684654877704E-003   4.2016085361179624E-003   7.7440483738021293E-004  -2.4111241695219106E-003  -4.8593538940875387E-003  -2.7353554893359945E-003   5.4709991346442010E-003   4.4181933082204543E-003   5.7276328186179519E-004   6.8029905089669615E-003   4.9234455167884248E-003  -8.4575724513879947E-003   5.9267385729777234E-003   9.7447168914348753E-005  -2.6912998618270775E-002   3.3106862042253021E-002   8.7164028229539475E-002  0.10699236464705543       0.53248097642182091       0.70846557442698044       0.92790119431381812        1.4683854088530233        2.6475700816113679        3.6874801465235283        3.6523202461570037        4.3315589785752264        4.5005327688861501        4.7199813830035513        1.1264476784574329E-003   8.9718285692788049E-004   8.3406286172707067E-004   8.7440127395806947E-004   1.4608314156214746E-003   1.5255071290609429E-003   1.3736360831081687E-003   1.1434383323673317E-003   1.1116831762725608E-003   1.5445890394144312E-003   1.1614404400281514E-003   1.1096257175314431E-003   1.7114237348708049E-003   1.1850408093549744E-003   1.5258086674768514E-003   1.6589254133036609E-003   1.8589982317019445E-003   1.3708345487368574E-003   2.2504846712524929E-003   2.2532806606941247E-003   2.6463462254617026E-003   2.7153867362023892E-003   2.4055775052679706E-003   4.1587087639457570E-003   3.0307226376154483E-003   4.0141763043471026E-003   4.0515030593661679E-003   5.7071291150318105E-003   4.4169527036626750E-003   7.1715673534834389E-003   6.0209389032816474E-003   6.8291946006086108E-003   6.5688334378286740E-003   1.3373931352983532E-002   1.0440184237040710E-002   1.3454403250909025E-002   1.9760260554440710E-002   2.8418355617494520E-002   4.6080253030433067E-002   6.6684121971158569E-002   9.8731468662380903E-002  0.15951142309256558       0.17437280998202484       0.31796753573173864       0.45368636204671370       0.43754683470810452       0.14885709049704302       0.47955319281168929        4.4081128397835137E-002   5.9511963057592154E-002   5.7539290134646830E-003
          92  -3.9045455167636376E-004  -1.9131602625520720E-003  -5.0590761093520205E-004   1.1625568087219741E-003   1.7812682017131765E-003  -1.4810082379851033E-004   1.1720575589808690E-003  -7.7546597153687995E-004  -3.1314645574099866E-005   2.2711261687501389E-003   7.3068797089664232E-004  -9.0416915576670706E-004   7.6231823253741662E-004   1.3256706471846858E-003  -1.3333473557233281E-003  -6.2230062720544644E-004  -2.4976477939215509E-003  -8.5782313875491380E-005  -5.1184528611321100E-003  -5.5624893099234470E-004  -2.0967981027996624E-003   7.7951962409521030E-004  -4.4721947706172964E-004   1.7151608337335543E-003   4.6500635114826483E-004   3.3744183331893755E-003  -4.5385546226478979E-003  -8.2387283916097731E-003   4.7492715615564628E-005   5.6248559187011367E-003   7.6909000215178206E-004  -1.2877591830821747E-003   6.2111171400817244E-003   8.4424993734950708E-003  -3.9117349518478879E-003   4.4057334451263154E-003   5.1212854756855315E-003  -3.0329527835055679E-002   3.9542479196263976E-002   8.2470374288568835E-002   9.6371540180928333E-002  0.51883990333381214       0.69860602625584034       0.92544952562039107        1.4546460140448276        2.6452634075236023        3.6867150810346256        3.6574931773024471        4.3333520484906876        4.4973671724159443        4.7208260595919631        5.8547831892207967E-004   1.4433404307244674E-003   1.1743293243502589E-003   1.5103654738692709E-003   1.1398589325595839E-003   1.7343773994664114E-003   1.0140691271365392E-003   1.1232011147021342E-003   1.3268395131627296E-003   1.5561017938177258E-003   1.5232948596153150E-003   1.5987637940806539E-003   1.6164300232921157E-003   1.5777759641730524E-003   1.5941182869476966E-003   1.7508420143625008E-003   2.6770614447418134E-003   1.5006151470940354E-003   2.0215933066801573E-003   3.2665345869828917E-003   2.3140751462155515E-003   2.4371732404975476E-003   2.4402991940296877E-003   3.7074909892904841E-003   3.1782356933812844E-003   3.2965915190124534E-003   3.2888435356654127E-003   4.7091664003092474E-003   4.8312948485102905E-003   6.1825143701491258E-003   4.1877893164152906E-003   5.8237859666445220E-003   1.1223510713682857E-002   1.1000473825900643E-002   1.0042284363952651E-002   1.3327464171249765E-002   1.6478141994167854E-002   2.8772658860498689E-002   4.9052564612922386E-002   6.7459678542440671E-002   9.7941723832561695E-002  0.16163760334831978       0.17364140833773664       0.32416489339283849       0.45973241897842254       0.44511652507895433       0.14688863494674836       0.47143975318236736        4.5573312051113188E-002   5.7168224603411193E-002   5.6236663587269486E-003
          93   1.7886258184617547E-004  -1.5595421163496651E-003  -6.3874504989901984E-004  -3.3385979082155627E-005  -1.0913253356797390E-003   1.2992907153041412E-004  -2.0758845626910184E-003  -5.2386944073865808E-004  -1.1049690677700612E-003   1.6698242234341636E-003   1.4134293725223589E-004   9.9347821547365097E-004  -2.8758618226931118E-004   2.6068474975471669E-005  -1.6430985713573099E-003  -2.6431657907580882E-003  -3.5835345138345584E-003  -8.5265547162772192E-004  -1.0636588360925436E-003  -6.8883142050259302E-004   2.8515111993280559E-003   2.4815361548284299E-003  -1.6486218376853012E-003   5.5734652061511358E-003   3.0543987556799789E-003   2.1514127620664691E-003  -6.9261352623966928E-003  -8.3213455997755634E-003  -2.5961783331515998E-003   6.4406749672236288E-003   1.3454501938930904E-003  -1.6162902765427187E-003  -2.4279402788638296E-003   4.5737336899363103E-003   1.6628313831461307E-003   8.4422951595964028E-003  -2.9663640746536986E-003  -2.9346327681925664E-002   3.9600915183288662E-002   8.1339339131307267E-002   9.0965010424318468E-002  0.51732619018979387       0.68148561339209068       0.92083503789673238        1.4391501263925204        2.6348924546985133        3.6887912753469654        3.6548812656010279        4.3356903564118117        4.4952832468854123        4.7205798834600756        7.9163812669685743E-004   1.5610164061089370E-003   1.3275860697990961E-003   1.4257315570944213E-003   1.2628286727040668E-003   9.8507993901778153E-004   1.3323611178322058E-003   1.0713969154005092E-003   1.3119868203708880E-003   1.1757843962698245E-003   1.2763495278827683E-003   1.5101944250366221E-003   1.6789355004810976E-003   2.0755245771375387E-003   1.8895283010735920E-003   2.1457243021177136E-003   2.1551617000340672E-003   1.6955179330386246E-003   2.1144028145408090E-003   1.3984106468232223E-003   2.8297058904402498E-003   2.4550288450474233E-003   3.9758701696675147E-003   3.1339774257816873E-003   4.1227867610620535E-003   3.3037434573663614E-003   3.3050508581731310E-003   3.7316793304071317E-003   4.9502935860666845E-003   7.8088825522161188E-003   5.6587789894368291E-003   7.8033601526463596E-003   1.0827699757237966E-002   9.2031720955307351E-003   1.2696830762219852E-002   1.2702626338776078E-002   1.5798042472807229E-002   2.7945360802969270E-002   4.5266463598192544E-002   6.7625554546074690E-002   9.9125631611055545E-002  0.16530937942577667       0.17170649095158205       0.32974590263028003       0.46395913321778498       0.44739776213122379       0.14671879768284801       0.46954996257921949        4.5290782035712941E-002   5.8002365649293564E-002   4.5981203313786283E-003
          94  -1.0178388706829566E-003  -2.9729125737635123E-004  -1.4344335683668500E-003  -7.6842922566700000E-004  -1.0905824042879749E-003  -3.7510316395453028E-005  -1.4873405319137721E-003  -1.2857606066918070E-003  -1.2679139844071634E-005   7.1036913602689643E-004   6.3806516199793497E-004   4.1182943022309511E-004  -1.1218272041223719E-003  -1.7989369186687746E-003  -2.9057090692560170E-003   1.3809739403177516E-003  -2.6927176280290440E-003   7.7372166611842301E-004   2.6566813741861969E-003  -1.0587185924492884E-003  -7.2757898567695498E-004   3.2367105569851224E-003  -3.1412341970656859E-003   4.9769731728018596E-003   4.0144067888122639E-004  -7.4807825014585434E-005  -8.0992124644513174E-003  -4.1733255660100776E-003  -2.3725658768452276E-003   2.9070637267207006E-003  -2.0174855741674253E-003  -1.0284889468850133E-003  -2.1355818612037282E-003  -3.3894129854173606E-003  -5.3351493196005439E-003   1.6150772817875865E-002  -5.3171510053169170E-003  -2.5183271181829982E-002   3.4588476067745816E-002   7.0335426308096916E-002   8.0644511028093627E-002  0.51005568978047944       0.66591711800086195       0.91138410346062138        1.4299832305464060        2.6259348562008844        3.7025358278139207        3.6579707377938617        4.3345258050504505        4.4917110279553807        4.7218330652931746        9.2836149946912778E-004   1.1635216795358538E-003   1.0021922565895398E-003   9.2830984818211275E-004   9.4787910310348571E-004   8.1426344213575115E-004   1.5297948799887810E-003   1.4030880033850837E-003   1.8580265355541824E-003   1.8094728994086586E-003   1.4963084772815511E-003   1.4025744393991605E-003   1.7683449651893300E-003   2.6987343465893145E-003   1.6974704034307001E-003   2.6081185330011458E-003   1.7585391463877129E-003   1.7000388175445198E-003   2.1145792686333839E-003   1.9892816850591703E-003   3.4124020366815911E-003   2.3748876476163833E-003   2.6876263090270390E-003   2.4378997422723012E-003   3.1867695347475443E-003   3.2015897985113975E-003   3.1435307240734504E-003   4.8681232938096895E-003   4.8896477909068474E-003   6.4135368265159226E-003   6.1876520049040512E-003   9.1897201572773979E-003   8.4031182969436964E-003   9.1942090033694697E-003   1.1907546815589597E-002   1.8107977356668893E-002   1.7351976415513393E-002   2.5918621313445966E-002   4.2262625329073225E-002   6.7884861504071511E-002   9.7267054528888841E-002  0.17165911621841978       0.17005074004429616       0.33327217378176949       0.47000829797589488       0.44745600946060804       0.14830074223177125       0.46188960109178617        4.4090589469276166E-002   6.0514425353523790E-002   5.7069178268940564E-003
          95  -4.3094173600939530E-005  -1.7540952393361620E-003  -7.8899812964062079E-004   8.7671023078598153E-004  -1.8733583330140933E-004   6.1178704691103552E-004  -8.0862431153530187E-004   9.9632609444998263E-004  -1.2742720306501679E-004   2.4557136930921765E-003   7.4523689164120383E-004  -1.7312035201431813E-005  -7.3346603013475797E-004  -5.1384736745448069E-004  -3.2758851245112408E-003   2.6302218329509962E-003  -1.7189202668175588E-003  -2.3079762584513664E-003   9.5788662454492036E-004  -1.2968294423171985E-003   8.2315681512759966E-004   4.9294051098275771E-003  -3.0329333699006270E-004   3.9986361503700878E-003   2.0238953027377632E-003  -2.9264228745198256E-003  -3.0790862594125674E-003  -1.0585880295960960E-003  -7.2018408483905966E-003  -3.2068264956665415E-003  -8.0468327531667055E-004  -3.3576252795107047E-006  -8.1565843106591804E-003  -4.2547183401449714E-003  -1.0564247985982718E-002   2.1707549595571553E-002  -1.4173235933198081E-003  -2.8189603212114389E-002   3.5217981128077058E-002   6.2061989896857496E-002   8.0173391533375854E-002  0.49102770838259352       0.65945777790620674       0.89798791101543984        1.4217154234307272        2.6235278404465903        3.6931913248457335        3.6658175589392488        4.3258945786774374        4.4992905381372816        4.7221505086844831        1.1322933846474132E-003   7.1136573476240537E-004   1.4317358271379386E-003   1.2602196590891235E-003   1.2890108088823599E-003   1.2029210999216795E-003   1.3022229263609136E-003   1.6797192121183750E-003   1.5853969494553193E-003   1.3232109900633117E-003   1.0909635036796110E-003   1.5866387098337979E-003   1.3229201041245831E-003   2.2723339227795876E-003   3.1344211601767517E-003   1.7124233347870930E-003   2.1352010142148764E-003   1.4660399684944749E-003   2.5005829113508610E-003   2.6762381555436271E-003   3.7781201684108736E-003   3.5935315183518546E-003   3.4980035074890599E-003   2.5982435230647040E-003   4.6541006069805834E-003   2.5833404588538026E-003   3.4457563183021038E-003   4.3777222015573799E-003   4.3714295308318676E-003   7.0953609408750456E-003   7.6575814814882938E-003   4.4834242486280563E-003   6.5297043919108006E-003   9.1328451908175845E-003   1.1720413598289046E-002   1.8705557625860715E-002   1.7609580399584445E-002   2.7293997069873982E-002   4.6314794980923869E-002   6.6762282430430794E-002   9.7050285642801867E-002  0.17336864200291929       0.16904156568566323       0.33412235411679925       0.47980753837651269       0.44932615296256151       0.14619295276682126       0.45769445177422097        4.6087442700792840E-002   5.7362497741905188E-002   6.2063838714737519E-003
          96   5.9495798834328451E-005  -9.5850530649345983E-005  -1.1733044636037137E-004   1.5255492871744673E-004  -6.4296520378155956E-004   1.5935282134490871E-003  -2.3206067767252030E-003   1.3521648938968336E-003  -9.5909141269621967E-004   2.3968345509875577E-003   1.6260082162514657E-003   1.3728478933504019E-003   4.8567764316449432E-004  -1.9448833458201858E-003  -3.4448867401053591E-004   5.1758252915759951E-004  -1.8905395466940846E-003  -2.5884466515319342E-004   2.4599222236475400E-003  -1.8024987383862957E-003   5.2924099536341045E-004   5.0096818204809594E-003  -1.8106982177790595E-003  -4.1882126894516869E-003  -7.6684772930790343E-004  -1.8741135221587762E-003   6.7408439992743029E-004  -4.0275798623038862E-003  -5.0708915248163177E-004   1.8020805246079024E-003  -1.1815210267991203E-003  -4.3363914775668682E-003  -6.3445099084756063E-003  -1.3951715685230903E-003  -9.9915071104483590E-003   2.1546029651900056E-002  -5.5125150423881138E-003  -2.1007236644545575E-002   2.6241691666407625E-002   5.4960637006137708E-002   7.0298003103406961E-002  0.47843455225326054       0.65629770368403095       0.88816542713273539        1.4031837936441085        2.6122927936482894        3.6974231868668581        3.6763172250869478        4.3357147172451453        4.4982768701631546        4.7224233083686720        2.0071515049662671E-003   7.2600664921322795E-004   1.6168275196950868E-003   1.0289881433526312E-003   1.2368844238408810E-003   1.6566695251177266E-003   1.5600915201708131E-003   1.4791304931055060E-003   1.7684788416101513E-003   2.6693268379501230E-003   1.5003867997297417E-003   2.4968671037288652E-003   1.7364847947756972E-003   2.0659885286852704E-003   2.0247404961534188E-003   1.7144293404698990E-003   1.5221199782202025E-003   1.4394422898413243E-003   1.9446503936509409E-003   3.2415923966987370E-003   2.4168961320441551E-003   2.6101624874354740E-003   2.5275664975275467E-003   4.6490944799720798E-003   2.7463101631746878E-003   3.7054600356580853E-003   2.6876321979003165E-003   5.0259842650603433E-003   5.2386226949557076E-003   7.7956820950717239E-003   8.8166766473646938E-003   5.4545380958615037E-003   5.9043189687295666E-003   9.6251472001323973E-003   1.0387936682589248E-002   1.6153527552956331E-002   1.8188926205799143E-002   2.6458745153959160E-002   4.5256172958527033E-002   6.6298530306839076E-002   9.6647504541941515E-002  0.17571048331111003       0.16802784663821985       0.34652855994867260       0.48080394420906053       0.45425416653465894       0.14514805247771836       0.45333187224353466        4.6971199277635337E-002   5.8240917599867180E-002   8.7186354464397157E-003
          97   1.2773656764880302E-003  -8.1762299283770251E-004  -8.8153211325854195E-004   1.6171841030964344E-003  -7.2179092438069573E-004   9.2453870461221442E-004  -1.0653671360154218E-003   9.9416557347755514E-004   4.3482269200753528E-004   1.2754009054234520E-003   1.0925005198334538E-003   4.1268938340234427E-003   6.6584811997194722E-004   4.3944112199101592E-004   2.4477968050606769E-003  -2.9875076913191217E-003  -1.2510847772843523E-003   3.8571492289160016E-004  -1.4151745997122078E-003  -9.4804256063439347E-004   3.1305805037776554E-003  -1.4540889790384940E-003  -2.6872688578331544E-003  -5.2550929263879304E-004  -4.2224681084458565E-003  -4.6403998451830962E-003   1.9699268162170011E-004  -4.9134476371641726E-003  -6.9835207506078883E-003   4.2938494936457985E-003   6.5774723585889229E-004  -7.4506408045019734E-003  -4.2053242180363449E-003  -6.9083159480987843E-003  -5.3196656983987463E-003   2.5931386049622616E-002  -7.8338095321197894E-004  -1.9177122178836135E-002   2.2874626809288000E-002   4.6898983373254141E-002   6.4693851573898092E-002  0.46717100112806553       0.64748263663876127       0.88069324782209024        1.3954081332110053        2.6094860916096017        3.6960888552236901        3.6824383448521969        4.3346312397624676        4.4972827362696988        4.7187263949013989        9.7246632263435712E-004   1.4571577645818624E-003   8.2121318108002315E-004   8.9932027624735139E-004   1.0294923225291856E-003   6.8240312161857886E-004   1.4113834559998477E-003   1.7900328129361117E-003   1.6115260721588655E-003   1.2515646409265182E-003   1.1089903157744398E-003   1.7506839520186803E-003   2.0586881918653837E-003   1.4453791570838146E-003   1.9285972509209992E-003   1.4549299227272620E-003   1.5182903386004498E-003   2.2109747593420511E-003   3.0520075955045292E-003   2.0367312257771547E-003   2.0149250302170406E-003   3.1242114686922794E-003   3.7190858636278203E-003   2.7420065425261342E-003   2.3932902034182520E-003   2.7871203958988876E-003   2.4131309597680410E-003   3.7628872581862201E-003   4.9884885985583350E-003   7.3555907281477083E-003   5.3142480772313582E-003   6.6613244942801426E-003   7.8346985691784242E-003   6.3559485393783399E-003   9.3424231884178428E-003   1.6453513827539075E-002   1.9875105716973599E-002   2.6638360144992289E-002   4.5532499630275829E-002   6.6801805113651136E-002   9.5556722101986069E-002  0.17801263628253403       0.16717404101852862       0.35343807779518682       0.48275417736982845       0.45406806704869485       0.14499106636867354       0.44791141472481966        4.7825792481043364E-002   6.0332100366714325E-002   7.4382720138104243E-003
          98   5.5093820893576989E-004   5.1195470245428377E-004  -1.0308290761357410E-003  -4.8281057275796835E-004  -1.6745329296702193E-003  -2.3302311090665141E-004  -2.1683012189422445E-004   1.0750036111102936E-003   3.6718905428587486E-004  -5.7448076446670577E-005  -2.3938091886405464E-004   2.9103334855785407E-003  -2.0601872510965679E-004   3.6755341519939628E-003   7.7166405291367868E-004   2.4645736416056235E-003   1.3702673386066782E-003  -1.9519461496317985E-003   1.1282814219688761E-003  -9.8433395374711188E-004   1.5330515823682380E-003  -3.4654616164751296E-003  -7.1129265293752054E-004  -1.4780169153112302E-003  -6.6433302429466821E-003  -3.5155543893074358E-003   1.8278850736646124E-003  -7.0495399662297183E-003  -2.1665693603666047E-003   4.3531507618465972E-003   1.5404415712310263E-003  -9.0431885664145496E-003   2.1739425348529922E-004  -8.5437115585872241E-003   4.0417503793262885E-003   2.4592443860156153E-002   1.3479757190850705E-004  -1.5836848007793676E-002   1.6137280123498327E-002   5.2360395389611944E-002   6.4581894931919001E-002  0.44973390244694156       0.64278090284741884       0.87762796657197206        1.3904933855116997        2.6105267080345156        3.6980737589214701        3.6894722909864801        4.3316973722959462        4.4940764842193950        4.7161267390283914        1.2200664324820642E-003   1.0250193958736035E-003   1.1098764905443828E-003   1.0114586535205673E-003   1.3661928457999819E-003   1.2059437995692414E-003   1.4232265188217584E-003   1.3568421735689297E-003   1.3474956943531628E-003   1.0904867462402962E-003   1.1859810792199988E-003   2.0454058244927698E-003   2.2897964376179547E-003   1.5126271805989959E-003   1.6524495725704757E-003   1.6826701934007646E-003   1.8102867231505671E-003   3.0953479356866107E-003   1.9486608624090312E-003   3.6243281241450640E-003   2.3590906568718155E-003   2.1473199022543220E-003   3.1796678360577883E-003   6.0118900333070487E-003   2.5915224884956950E-003   2.5116987004085711E-003   2.6868368075765262E-003   2.3676498175036176E-003   8.4180708343838950E-003   6.0539045266963512E-003   8.1847866123919491E-003   9.5570831954608689E-003   5.4133116531350127E-003   7.1650838738682044E-003   1.1470011770177556E-002   1.7858471977151492E-002   1.8216122869883604E-002   2.4969719419800421E-002   4.7493114100482278E-002   6.5523876355059157E-002   9.6492417441748204E-002  0.18109238252334880       0.16654283303365564       0.36280074120297529       0.48163845850839571       0.45763263485593608       0.14511048512263922       0.44007709200372885        4.7106522346608386E-002   5.8772500719824608E-002   1.1145241088876436E-002
          99   2.4089572223518540E-004   9.0179686306264388E-004   1.3374335082666207E-003  -1.5339522356903783E-003   3.8517394739971412E-004  -2.6043973133781838E-004  -1.1276953263917278E-003   3.2083227691135952E-004  -2.5982286946348151E-004  -9.0658266510592524E-005  -1.3348937442098080E-004   7.6991084169025054E-004   3.0973390784252687E-004  -3.6248263972063694E-004   1.1010133319877846E-003   2.7334529344482570E-003   1.7276687567828687E-003  -9.7943629248462222E-004  -2.5891166080410481E-004  -3.4187612137294449E-003   2.6548486626034110E-003   1.1051897813450895E-003  -1.1458087331977569E-004  -4.3653255816231305E-003  -6.3789935290472343E-003  -1.2501534444340083E-004   9.9684120288520196E-004  -5.7565702866518359E-003  -3.9868751355347848E-003   2.5960735505358126E-003   5.2855123142739433E-004  -7.9022240770454701E-003   3.2833059292522475E-003  -4.1899528693920404E-003   3.3947703819974333E-003   1.6188356285479124E-002  -3.5130444135269556E-003  -1.4320628621877026E-002   1.2915264722327187E-002   4.2309534805820455E-002   6.2300852539859945E-002  0.43689236589823749       0.63606417773603174       0.86718004604308740        1.3886841580019944        2.5913720401012204        3.6976413736675626        3.6843655728456133        4.3326872564675796        4.5021700669451059        4.7111688620626868        6.6233142173030188E-004   9.9561888344012247E-004   7.4955583350634365E-004   9.2379393441203105E-004   1.0315886274423398E-003   1.6492254553431300E-003   1.4214326850001122E-003   1.2716290908287274E-003   1.3977262487359636E-003   1.2494354747790070E-003   1.1518916498851129E-003   1.5993400769675719E-003   1.5916967170074570E-003   1.8039283132994701E-003   1.6471659982281036E-003   2.0545445398112770E-003   2.0072398831530720E-003   2.4331094921738639E-003   2.8797777379952565E-003   2.3484779358352113E-003   2.8279040943442364E-003   2.4102173096439568E-003   3.3635114393523718E-003   4.0823941884588167E-003   3.0935526196257585E-003   2.9562363708253801E-003   3.2072624593076603E-003   3.7571555294980789E-003   4.7077627684921700E-003   5.1422530103292759E-003   1.1291822838020089E-002   1.1737035443525581E-002   7.3505171272014325E-003   8.8942039323872766E-003   1.1367298673752024E-002   1.5898658789018381E-002   1.8151958338262556E-002   2.4703455913256494E-002   4.6786236061399325E-002   6.5641311712472367E-002   9.6996805555599461E-002  0.17882110365980228       0.16515071624200242       0.37364799436721058       0.48539817740800950       0.46059871457802742       0.14418149282107243       0.43787305763782514        4.3019292331405154E-002   6.0550230530457862E-002   8.7798491381312887E-003
         100  -1.8758702913184078E-004  -8.2782575042327151E-004   4.3901359246349599E-004  -1.4081858585890227E-003  -9.6384412511618252E-005   2.8776633893704283E-004  -1.7759689164465026E-003   2.2718041443318469E-003  -9.3968320342033350E-004   8.7516540024714339E-004  -4.2039048043274668E-004   1.0148508004685977E-003   7.1850407557302886E-004   1.6303604609173650E-003   2.2838148668539331E-003  -9.7785185981315672E-004   1.8924293176791277E-004   3.9013526468541584E-004  -6.1788172341340375E-004  -4.6253065731359701E-003   1.4702995484317956E-003   1.4568227504814548E-004   2.1459095283096422E-003  -8.0164076787410236E-004  -7.0607590661755639E-003   5.4146648880563650E-003  -4.9066860275745385E-003  -8.0338263250345973E-003  -1.6672157637752422E-003  -2.7055230120192476E-003  -4.0362010673045839E-004  -3.9368742527272549E-003   6.7876804036881653E-003  -4.5809761307612036E-003   2.7409868633569098E-003   1.7007875477679322E-002  -4.0457017216062041E-003  -8.7289506120484181E-003   7.9072565294913064E-003   4.3154093986754426E-002   6.1515083610229011E-002  0.42275921701143054       0.62532235993308261       0.86529711075492799        1.3815890938330229        2.5841341029834783        3.7014737001708773        3.6906391766106110        4.3319062677626423        4.4952939306531858        4.7115551205646078        1.2310771996951893E-003   9.6259169474510221E-004   1.2219035472900118E-003   1.1944510603012096E-003   1.1227369530481734E-003   1.6554562831664888E-003   9.5187907104237628E-004   1.3770003513583541E-003   1.4093836747823372E-003   1.4212807731411288E-003   9.5052552945837582E-004   1.5176214186690829E-003   1.6137263712920843E-003   1.8326632975315975E-003   1.2686454171902872E-003   1.7014881028299595E-003   2.0349017067906022E-003   2.1215569004745969E-003   2.5359657675556981E-003   2.3886773221046651E-003   2.4618211506854050E-003   2.7158267070085556E-003   3.3056171447623174E-003   3.2633261063004216E-003   3.0310724609684953E-003   3.0319602330730945E-003   2.4893560349972753E-003   4.0451508389327123E-003   5.0415367277550993E-003   6.3216932004439563E-003   8.0102547450954364E-003   1.0478522251398821E-002   9.5438186174103823E-003   6.6974594867562987E-003   1.0098042505316126E-002   1.6841612366927026E-002   1.8726684954579659E-002   2.5860796345020549E-002   4.6572059789674491E-002   6.2659982334264744E-002   9.6786326601222258E-002  0.18040357572665561       0.16410379357274732       0.37653432360668698       0.48875599309754919       0.46288177987392592       0.14653469494793941       0.43259589884163591        4.3831297862618593E-002   6.0597011219649416E-002   1.0036598430685953E-002
         101   3.8785234657798755E-004  -6.4932184745425023E-004  -7.2684474474614803E-004  -7.8294288320894176E-004   4.5388212806722936E-004   4.9933341921784254E-004  -9.9723281733985424E-004  -8.9934278399084422E-005   1.0838410807367581E-003   3.7268851103770394E-004   4.4817732656050299E-004  -5.0232479338802483E-004   4.2673638755625482E-004   8.7293984170183154E-005  -1.6386326810272711E-003   1.3234909008812812E-004  -2.8166992954207104E-004   2.3452607945643683E-003   1.4288173730988758E-003  -1.7086152890070842E-003  -1.2868176612167784E-003   1.0590083477296358E-003   1.4816683380119724E-003  -3.2999669507573571E-003  -4.5051099965606155E-003  -1.3937282647734979E-003   1.0072893847902712E-003  -1.0536725333705602E-003  -1.7846482898907867E-003  -7.5234231828067424E-003   2.2070385960459406E-003  -6.2789983830822682E-003   3.6022743909802524E-003  -1.8853179946429885E-003   2.9595363389852327E-003   1.6561785201574846E-002  -1.1156851848577136E-002  -7.1986043177637942E-004   4.9703759732828571E-003   3.7804200231538881E-002   5.9798896144028189E-002  0.40927044239387744       0.62783103751376212       0.85304201674112778        1.3731553983459877        2.5872030939540669        3.7017684234997850        3.7000945831670453        4.3343096483231163        4.4995372103285929        4.7122563333425918        6.4255746919413535E-004   9.0955232390800556E-004   8.6699352077505008E-004   1.1294886504870263E-003   1.1328719289293312E-003   1.3130419291781758E-003   1.4908836043233886E-003   1.1964424550374036E-003   9.7047205559498305E-004   1.4212235678775461E-003   1.6899955721989700E-003   1.2981243229210312E-003   1.6968025231831750E-003   2.2777084717531546E-003   1.4813708563385973E-003   1.5770615584488560E-003   2.1075950114062551E-003   2.3412814897213765E-003   1.9025878084699419E-003   1.4631834698977078E-003   3.3645131171838225E-003   2.3914725555670624E-003   2.4813407346578357E-003   2.7449612292390901E-003   3.9202517835392695E-003   3.5216798023352627E-003   4.2215689901131202E-003   4.4821512571799772E-003   4.3932757377665574E-003   6.0703529177334259E-003   7.8561139361534860E-003   9.8053214233833237E-003   7.6009624882571250E-003   7.8393996771646962E-003   1.0231889131875506E-002   1.4341030716801990E-002   1.7670853674220898E-002   2.4033286808739014E-002   4.5343676273635787E-002   6.4034701582583384E-002   9.5170789365509503E-002  0.18371368985850045       0.16412769071207056       0.38189920286374940       0.49568565207274928       0.46587350886856826       0.14542035287560273       0.42583454569863943        4.3272061868463607E-002   5.7075634637592153E-002   1.0691034826615382E-002
         102   1.5476814177897045E-003  -1.8911293150882568E-004   1.9842692804319250E-003  -1.6271554662626413E-004   8.5079402060724032E-005   7.5901738375294453E-004  -6.2859050365154337E-004  -2.3990464637845332E-004  -4.9960768808636838E-004   1.8230193541189973E-003   4.6770317812310191E-004  -8.6590134813880650E-004  -3.0322390906675810E-003  -1.0679017621737928E-003  -2.9611231190543458E-003   4.6566927503504810E-003   1.0254650448716840E-003  -1.4669344949442655E-003   1.6497483702947841E-003  -8.5178657030249316E-004  -1.6980741514438591E-003  -2.4521846758120140E-003  -8.4256338484285361E-005  -1.6363103044813715E-003  -2.5107888255236702E-003  -8.1480240201552677E-004   4.1134315100021194E-003  -5.3228396746451793E-003  -2.8647282976520388E-003   4.1787598394427453E-004   2.4525305106403547E-003   2.4704157067115813E-003  -3.0492981844684711E-003   2.8655939057150095E-004   7.2723162250689548E-004   1.6195479769284805E-002  -1.3699061832619623E-002   1.5410258510941152E-003   6.1392111686404257E-003   4.1736590608984561E-002   4.7799608481508396E-002  0.39299908760426661       0.62015241088347905       0.85303641545536057        1.3751109833197432        2.5815995307778965        3.6969461691087142        3.7049589547972999        4.3293191020813815        4.4973650508470886        4.7095774076345078        1.0824069402235524E-003   1.0651554566564155E-003   1.0330910069911354E-003   9.2544253726447115E-004   1.2192367936623254E-003   1.3045845462425784E-003   1.3060990622975502E-003   1.7866972017576215E-003   9.8145358217516265E-004   1.6113420579618517E-003   1.3757389176825927E-003   1.5483898727772138E-003   2.0824664295124020E-003   1.5627103265138348E-003   1.6312993378958208E-003   1.7623684105828132E-003   2.3159936875613565E-003   1.9727903483467190E-003   2.0305775589187034E-003   2.2249182087721166E-003   2.2332001853198505E-003   2.0992908968828694E-003   2.2643109506052927E-003   2.0938523636775826E-003   2.5284244524043354E-003   3.3138845152514097E-003   3.4004492236916076E-003   4.6685482272048225E-003   3.2331387754653699E-003   7.0191529647782493E-003   6.2456607491100389E-003   8.6966751719781306E-003   6.3439700260250701E-003   1.0154496756529586E-002   1.1424960661921392E-002   1.4826629211079996E-002   1.8401112472132126E-002   2.4992444061579570E-002   4.4869742032570485E-002   6.3179205519273668E-002   9.7020701501732198E-002  0.18484272153622891       0.16422388060692369       0.38634000963188836       0.49460104162323759       0.46732842626034959       0.14617596980900718       0.42760561059293672        4.2398033862911223E-002   5.6460258448158961E-002   1.2643139150527125E-002
         103   7.9321442877755731E-005  -5.6883615459145423E-005   7.7585109642907472E-004  -1.0227689039257108E-003  -1.0272120026135665E-003   4.4488697975293683E-005   1.9855905698359556E-004   1.3995534957066636E-003   6.8330805215288467E-005   6.0968289285270687E-004   1.8414986883077491E-003   2.6831776760004674E-004  -1.3699818050428299E-003  -1.8526302026742061E-003  -2.9787035854293887E-004   2.4164951954209661E-003  -2.1753484619260302E-004   5.9423270625762095E-004  -1.9448865181024399E-005  -6.4024780135649650E-004  -7.1308628822137421E-004  -3.9416084390878417E-005   4.3933093626141788E-004   2.2736411751011184E-003   3.3404399747785181E-003  -5.7830705948281702E-004   5.0179063432973159E-003  -3.4998115202668897E-003  -9.6989550758938743E-004   1.0288788613119035E-003   5.4281342977411360E-004   1.0730445314674823E-002   5.4289067392621496E-003   6.6308639179174190E-003   1.0683012847215305E-002   1.5986911986035673E-002  -2.0402119377990229E-002  -2.5764584524979681E-003   5.9360790379126959E-003   4.0573853986481882E-002   4.6156751898565537E-002  0.38224208611536969       0.61398515540525855       0.83733276077968766        1.3714681256341639        2.5743587200196765        3.6967722030763772        3.7054723588560132        4.3349655900023327        4.5035750933668428        4.7036443618515706        1.0393753226284035E-003   1.0245271365140879E-003   9.8768916804037646E-004   1.0690512427652254E-003   1.5576218106201913E-003   9.2139195827387922E-004   1.1393574678989749E-003   1.2654996530495892E-003   1.2382519293930986E-003   1.7169601585299878E-003   1.8871049684289147E-003   2.2279841437168693E-003   1.8423187368187927E-003   1.5050214213005420E-003   1.7414960851906464E-003   1.3709432723273615E-003   2.5233129545771870E-003   1.8857568210506692E-003   2.2858283177807663E-003   1.9921738986255558E-003   2.4707607225352294E-003   2.3529907637063613E-003   2.4841104342811955E-003   2.4354491577374764E-003   3.7672163023758304E-003   3.9171723938945533E-003   4.2940032042553178E-003   5.2888228315550552E-003   4.1573057920645225E-003   4.4939394233650927E-003   5.6113391426793795E-003   7.4562744279088036E-003   5.1887488885224917E-003   9.4091918289686202E-003   1.1264432990884641E-002   1.5851527660732490E-002   2.0540075581810771E-002   2.6041682548720146E-002   4.5092173871095348E-002   6.4677583303068734E-002   9.5507382498793786E-002  0.18553265058440863       0.16202826322532249       0.38767790226664967       0.50167155291558840       0.46755793322541384       0.14574879837304788       0.42431406779158976        3.9407158436515675E-002   5.6081315654024078E-002   1.3233867640331302E-002
         104   8.4568678681392815E-004   8.0206436302899080E-005  -4.3957207753670091E-004   1.3025577366964183E-003   4.8379624350747670E-004  -1.4666792394542954E-003   9.6913785096262709E-004   9.5728378486688000E-004  -1.7453410723997746E-003   1.2794608489810370E-003   1.6749417578061745E-003   3.3023568244549189E-004  -6.9912686119654355E-004  -2.9362449679050258E-003   7.2435731515649955E-004   2.3935377785756851E-003   2.9162615219459212E-003  -3.0928888864105971E-003  -1.7195427682394156E-003  -1.5105719650681964E-003   4.4585081342894926E-003   1.0731396005658456E-003   8.6551959888507240E-005  -2.3631506175636080E-003   2.2495585951296895E-003  -1.6050897960229276E-003   3.7765674491080353E-003  -7.3501406273758236E-004  -4.1786939570314487E-003  -3.0341234954449000E-005   9.1219370432419691E-003   1.1217130832940847E-002   2.9459727187070657E-004   3.6055805710334871E-003   6.2039457463572293E-003   1.4178764401916870E-002  -1.8628463553156165E-002  -8.0238071062538868E-003  -9.5460454578881677E-004   3.9251931017083165E-002   4.4873622805846253E-002  0.35993249240884084       0.60164662225683208       0.83269667693117067        1.3563301542310746        2.5786535812117779        3.6950132063783774        3.7033516214987570        4.3422572061882905        4.4964026658713996        4.7062152484714295        9.0922258584533167E-004   9.3355668228162420E-004   9.8867058775248024E-004   1.1137631690241771E-003   7.8545997659763291E-004   1.1034995547263770E-003   1.1177497548767309E-003   9.9511692363553252E-004   7.4375034913465234E-004   1.3252637033955253E-003   1.3890678113920160E-003   1.8205304789258576E-003   1.8430769352160493E-003   2.0214673355931573E-003   1.8119075427670268E-003   1.9899615520984960E-003   1.6886800012911316E-003   2.2073533821936227E-003   1.9299892500997135E-003   2.5358615299199685E-003   2.2150648231181766E-003   2.5266700090578772E-003   2.8764755785850816E-003   2.8591565675866147E-003   3.7598477052421708E-003   3.2549429180483793E-003   3.6753927462151730E-003   5.8774369675423455E-003   5.2626760598322242E-003   4.4452374966467284E-003   6.4565896828692633E-003   8.4825568348722812E-003   6.5303087558910488E-003   8.1506450738677415E-003   1.2229565224918471E-002   1.3652505390558442E-002   1.9380948937769340E-002   2.7240349607136762E-002   4.6220916772669575E-002   6.2744523875146660E-002   9.7989149107817475E-002  0.18248157827369013       0.16136107325287477       0.38867028013815641       0.51042867514328738       0.46694414853422966       0.14707743358750891       0.42393212565045529        3.9149919120917441E-002   5.5846098829980928E-002   1.8359292899345198E-002
         105  -8.4719071298728634E-004   9.6615603683249888E-004   3.6683497580717929E-005   3.8430074450957022E-004  -1.5409377674441747E-005  -2.1948319890702636E-003  -6.8461528207440525E-004   1.2011821301010919E-004   1.4497081681322714E-003   1.7963839053760776E-003  -6.0254466420897254E-004   1.3242529120601726E-003   4.6852181438152241E-005   1.3507769985346763E-003  -1.7436891051225761E-003  -2.1097244854911416E-004  -3.9962878521665934E-004  -2.3228585753598207E-003   1.9730940959845547E-004  -3.5554087579387443E-004   2.7525207285687436E-003  -4.4551085559175624E-005  -2.6606516211051322E-003   2.1628461685327813E-005   1.9024054754129447E-003   1.9306152502347141E-004  -2.8822937747379198E-003  -4.0797821705135535E-003  -5.1780862606043013E-003   7.1592116829241499E-003   1.4260085367043374E-002   8.3241892145672521E-003   2.6312652917566894E-003   3.8839502209245575E-003   6.9150700388709331E-003   1.7313572021496866E-002  -1.3148122800288532E-002  -1.0301744981025344E-002   5.2919732948425449E-005   3.9042068247583446E-002   3.4026736800440063E-002  0.35632411814014370       0.58819671424019948       0.82258565159542341        1.3559187695351624        2.5726033992285049        3.6941936415007666        3.7053193952464940        4.3404191930114830        4.4952920629774820        4.7066560610407304        9.8934320384113424E-004   1.1236401777368877E-003   1.1392412903389376E-003   9.7358711525709395E-004   1.1939545303131481E-003   8.3024732839137247E-004   1.0396425155682269E-003   1.2795878182807745E-003   1.9106315249560100E-003   1.3240816901001853E-003   2.7793587760370697E-003   1.2983783918896327E-003   1.1490851784974727E-003   1.4590845501214714E-003   1.7855783627263302E-003   1.6667626481359568E-003   1.7836071631425492E-003   1.5207721264298636E-003   2.0392612772565616E-003   2.7469588085145742E-003   2.9628819911004262E-003   2.1069870688600013E-003   2.6668699319037396E-003   2.7529119320806490E-003   4.3526488760677710E-003   4.1346850275020058E-003   5.6146676569164850E-003   3.8990709501598737E-003   5.0908879652274116E-003   4.2233069714042379E-003   9.3061731929141803E-003   7.3887870933092492E-003   6.2033294204080422E-003   1.1188812302676260E-002   8.8835419980529198E-003   1.2754925269583021E-002   1.7628664917435827E-002   2.7871662553519156E-002   4.8500300810632370E-002   6.0353596370154250E-002   9.5762139071209326E-002  0.18101434908774269       0.16080067863061703       0.39274605316457817       0.51313653972348494       0.46739499978872140       0.14614858188411572       0.42345229362476566        3.5411464065095009E-002   5.6180762994688806E-002   1.4821776708365809E-002
         106  -9.1290161929523709E-004   4.1655253420556758E-004  -7.9181472593165513E-004  -1.1843769701954622E-003  -1.5384819641170160E-003  -1.0816587647334069E-003  -9.6068218665318588E-004  -1.4530736781372237E-003   2.3762741607471589E-003   9.5032659128012115E-004  -1.6230499673553871E-003   1.4665820795814704E-003  -4.7348373607231537E-004   1.0350135619837689E-004   5.5109182486082621E-004  -3.5477626013203284E-004  -1.2394511263465083E-003  -3.4573502290321813E-003  -2.4857655444721153E-004  -2.1620415593740397E-003  -2.9531500223819481E-004  -3.0563031789345944E-003  -1.8448092324276134E-003   6.9877448370188528E-004  -4.0748648627501145E-003  -1.1606967429373444E-003  -3.4074850817816830E-003  -6.1673049326601325E-003  -4.2686453920950560E-004   7.7922907898413819E-003   4.1353410522087372E-003  -6.2007819231414934E-004   1.3678323933880408E-002   1.1055888311132698E-002   3.6403134511413678E-003   1.9206363238058279E-002  -1.5075505249871132E-002  -1.3117997932043237E-002  -4.5353835784076538E-003   3.2054970806367003E-002   2.9149099340550093E-002  0.34047412951110329       0.58435501778711596       0.82196821952703958        1.3496957714283118        2.5698664978155801        3.6958032376533092        3.7009993166210178        4.3419481753208808        4.5031514940133119        4.7038543332438616        8.6104018055014654E-004   9.1242492935529021E-004   1.0598898203959240E-003   1.3753314043615514E-003   1.4746203645315467E-003   1.2772278343731373E-003   1.2155351211480645E-003   1.2443016888968876E-003   1.2036236432768736E-003   1.2918190200831472E-003   1.5737326377294341E-003   1.9365307869834672E-003   1.4219481271894115E-003   1.7068165410321417E-003   1.9009929250596168E-003   1.0668627782925814E-003   2.3802455462948726E-003   2.2614037157039722E-003   1.6981687253144232E-003   3.6291403332706180E-003   2.0252242051688220E-003   3.5170695814901137E-003   3.5604386221525868E-003   2.1353329633066456E-003   2.8497822391453514E-003   4.7146055139416186E-003   4.8345375341093321E-003   3.2036596643009209E-003   4.2497743855687518E-003   5.1008742342331182E-003   8.9122319888215260E-003   7.5913012611678633E-003   6.6935550316491810E-003   1.3738953907942089E-002   9.8727742385898761E-003   1.3132060704915299E-002   1.7988169210809212E-002   2.3160582047130090E-002   5.0230494738673470E-002   5.9661958318278148E-002   9.7278767869859506E-002  0.17565891921597798       0.16085171672075826       0.40032546643082290       0.51560992885502932       0.46454008529070734       0.14845071803242949       0.42748732222105673        3.4943615538055244E-002   5.6712470094971414E-002   1.6389555826170191E-002
         107  -6.8949096538693160E-004  -2.9839093696510494E-004  -1.0246242221944493E-003   4.7350336740122791E-005   1.0347780681590672E-003  -4.3047570536493013E-004  -1.2256880981043041E-003   1.3019415255048430E-003  -1.2163917519139242E-003  -1.3121703660247520E-003  -6.0028990982229622E-004  -2.2921316098074244E-003   9.0526312510493117E-005   2.1762239343355986E-003  -3.2060926683698393E-003  -1.2009538922213418E-003  -1.6341451862760369E-004  -4.9065494518570508E-004  -3.1592270020332569E-003   4.7400251774066979E-004   3.3564427309061545E-003  -3.3348613987477477E-003   6.7678729671919911E-004   3.3169843221612584E-003  -2.6038777391489188E-003   2.8975287724466556E-003  -2.8570543340306147E-003   4.5121355307304843E-003   1.0934954627856504E-003   8.9383135805381018E-003   2.8011067232656347E-003  -1.6265429477331500E-004   1.1954659382313999E-002   1.0202080735941607E-002   3.5197681265702785E-003   1.7072652106017137E-002  -1.0414931507836213E-002  -3.4879844426139602E-003  -1.2946069712387872E-002   2.7558430359662173E-002   3.4191316309379841E-002  0.32982690027147704       0.57450950096217002       0.81959026712913297        1.3498104408035376        2.5679679785894631        3.6972009402642225        3.6945666161893422        4.3385070733604429        4.4962237038006991        4.7059636799827356        7.7944535182233009E-004   8.9548355233059302E-004   1.6101304351033073E-003   1.2907878855262891E-003   1.4706689323528803E-003   1.3396291416199768E-003   1.4669231407924168E-003   9.9369935212781217E-004   1.3563085490623755E-003   1.2276443006500547E-003   1.3811328642691835E-003   1.9844533521547465E-003   1.6292895450139924E-003   1.8663271657857390E-003   1.5381387528735527E-003   1.6813209683329180E-003   1.4090080553910774E-003   1.8685785045564421E-003   1.6936226948577459E-003   2.2887258553463317E-003   3.1564880941205805E-003   2.8295442995378097E-003   4.2881557265139134E-003   2.2167828471765568E-003   3.2918459733903465E-003   3.7284887789072406E-003   4.2624678798324194E-003   3.9787530893815384E-003   4.4204234834809503E-003   6.0694114079736221E-003   7.8846154064992000E-003   5.9223455344443697E-003   6.4651006701563875E-003   1.3453290691799718E-002   8.8940838286495020E-003   1.4142972381744442E-002   1.7707078279381255E-002   2.6807267350247407E-002   5.4776985929548855E-002   5.9404073858771382E-002   9.8692143254393336E-002  0.17607325706901217       0.16038306329569327       0.39849092005540776       0.51950843871766683       0.46892276363506979       0.14968219528403609       0.42829330421328626        3.4109025508510228E-002   5.9889013559439382E-002   1.6120778271939588E-002
         108   6.6857525092667161E-004  -1.6093427645969892E-003   1.0179946990244034E-003   1.3662540553461638E-003   4.5399734213217430E-004  -1.0104179386178100E-003  -4.3300924079255304E-004   1.4813220908615156E-004  -2.9908182339026582E-003  -1.0149595783787639E-003   1.1188356764013894E-003  -3.5803379381711453E-004   1.3740192106647972E-003   3.9762311890797743E-004  -2.2727362538650484E-003  -4.7514491348153443E-003   2.0261295153935809E-003   1.5317277644509503E-003  -2.3265767779562848E-003   2.0540159736703789E-003   8.2175839540966065E-004  -3.2378668415349505E-003  -2.2176610956423063E-003   3.5346373693828518E-003  -5.2789727687783785E-003   4.9583502771200789E-003  -4.6074403151663437E-004   3.1614507370214956E-003  -3.8311477574610028E-003   2.2559125796475948E-003   3.7054900734039783E-003  -2.4073230387066302E-003   8.8842985495256165E-003   4.5380624429316695E-003   3.6506499772845469E-003   1.5942242658598865E-002  -9.9897087329104215E-003   5.3896547417366953E-003  -1.1597725907579301E-002   3.2796421607147262E-002   2.4376166458280550E-002  0.32605000098259251       0.55888031959871742       0.80879385705190232        1.3498660665905933        2.5761604667418259        3.6907344908519315        3.6909809181350424        4.3422796464477775        4.4971735355468505        4.7086326654267827        1.0957522843987610E-003   1.0651263324561488E-003   1.4994200027985483E-003   8.2029318572099743E-004   1.2627023919620074E-003   8.9769031549147781E-004   1.2136470761751506E-003   1.2914280301816177E-003   1.9751181082553609E-003   1.5659595079751071E-003   1.7491902592848246E-003   1.2286908135388695E-003   2.7782527886680676E-003   2.6693558986519662E-003   1.1657455493290683E-003   1.9127791555631473E-003   1.7032993628712492E-003   1.5200238765884645E-003   3.4507504616600139E-003   2.7451274774782657E-003   2.1544467649953661E-003   2.7777347544060758E-003   2.7056892408348740E-003   3.5054111459834575E-003   2.7579964305266299E-003   3.5457430430927369E-003   3.4835049054877890E-003   3.5077952022013106E-003   4.1540567401245248E-003   6.3392671688418728E-003   6.9368507420616244E-003   6.1866584240916588E-003   7.0782229237634922E-003   1.0430095823977761E-002   9.5091904949207318E-003   1.3148579274992262E-002   1.6034932465010265E-002   3.1440089642097421E-002   5.6978567869501388E-002   5.9791656939933380E-002   9.9386647743877662E-002  0.17184079374507688       0.16074525906539755       0.40806073772954693       0.51886121052425849       0.46794066230291215       0.15098581681799844       0.43174223559384478        3.2187579159743893E-002   5.9729845433548853E-002   1.6283570411030849E-002
         109  -1.4999358302269969E-003  -1.5265195208470923E-004   2.1905764777780762E-004   1.2868921716613657E-003  -6.8768569606410842E-004  -1.3732699478227538E-003  -8.7828521032186043E-004   6.6399000271869402E-004  -1.2833496099766395E-003   1.6150255512395093E-003   2.0268559559403782E-003   1.6593519275557344E-003   8.5338703366023123E-004  -6.2205376458355057E-004  -4.5807372771081666E-004  -2.5680806416451272E-003   9.4433731602975722E-004  -1.0979872971726432E-003   1.5835343388650989E-003   1.2391048722740403E-003   6.3712706250709848E-004   8.9979151183284362E-004  -1.5560315706842722E-003   1.5050520122493285E-003   1.0763418500211736E-003   1.1974167855338654E-003  -2.3545211271360777E-004  -2.5136047236992015E-004  -1.0087375170156944E-003   8.6301303160537732E-003   1.3647644489050625E-003  -7.0911815284945728E-004   1.1231172862644544E-002  -6.8906405867834803E-003   3.0012796121157603E-003   8.9549999133168925E-003  -1.0505012303656525E-002   1.1656128925046826E-002  -5.5279353320718131E-003   2.6883608269279331E-002   1.9099022333141449E-002  0.31374761850477395       0.54526637896796293       0.81215039253181909        1.3440217055784107        2.5638903168403591        3.6901575484007334        3.6873415828514409        4.3394239146121816        4.4999494495760244        4.7018447484385364        1.4354514285001140E-003   1.1091524095457306E-003   1.2097902912025110E-003   7.6950334804425059E-004   8.6587899264549265E-004   1.1071599696124475E-003   8.6737404755618606E-004   1.0755937975548446E-003   1.3537594222871570E-003   1.3472146518836272E-003   1.4389082723927217E-003   1.7207408296082746E-003   1.4313593839013945E-003   2.1260715540378358E-003   1.4870709630588207E-003   2.0307106365861282E-003   2.2502448180510364E-003   2.0646529432536277E-003   2.0245880163492014E-003   2.4081682534753514E-003   2.3286169073016946E-003   3.7463740059954461E-003   2.8253909133179413E-003   3.5120220608240863E-003   3.6261829110071316E-003   4.6271588915166107E-003   3.6351789249183574E-003   5.0572192020601741E-003   4.1720173630889557E-003   6.1372263101388486E-003   6.3853741646940345E-003   5.6994017105602120E-003   8.1198595185695156E-003   9.6494513812969262E-003   1.0589499311629587E-002   1.4196647264306408E-002   1.5944983869806129E-002   3.5563378044918277E-002   5.7986665057801909E-002   6.0473794614736544E-002   9.8755831052116244E-002  0.17039883695560329       0.15905647406788984       0.40798213178985504       0.52084525287704730       0.46929038332091766       0.15167565223024498       0.43571340620003246        2.8485409517248435E-002   5.7738089254540138E-002   1.6489889359475943E-002
         110  -1.5633646569498381E-003  -1.6637072753645460E-003  -1.5917889588263122E-003   2.4323951394901399E-003  -9.6302814038276509E-004   9.9809849454859912E-004  -7.8267181543328695E-004   3.0920386285433651E-004  -2.1510743409215491E-004   9.7660604556753443E-004  -8.7793017026343613E-004   6.1617363060789538E-005   6.0270160854341745E-004   1.7776319604290917E-003  -1.9308079440614916E-003  -6.8664830475802165E-004   9.8170921252599126E-004  -6.8325918574381798E-004  -2.9784712299118052E-003   2.0359752986821781E-003   1.9704040564554421E-003  -1.8208761385073915E-003   7.0648312476314211E-005   1.0424663676900970E-003   3.3044598934138308E-003  -4.1156970262962427E-003  -3.1449406995689290E-005  -2.2657951196645976E-004  -5.9635424760549221E-004   3.4463775194052001E-004   3.6333788638991458E-003  -1.1994315805343803E-003   2.3821364085619694E-003  -1.0122770136769162E-002   4.6144906231107612E-004   1.2294420238068027E-002  -6.7644097469754258E-003   2.1761492493480472E-002  -7.0621218151309898E-003   2.4080452900687610E-002   1.9023751013811388E-002  0.31017527753533047       0.53834010441645064       0.81159038820918761        1.3386558582284143        2.5607720395583513        3.6903426849997403        3.6858199149837541        4.3459067865365446        4.4966120092008213        4.7077332156622784        8.6688056587168945E-004   6.2674506673363680E-004   1.4015701449629720E-003   1.1020172381621500E-003   8.5169865329250615E-004   1.4482770628119054E-003   1.2760384555863767E-003   1.2229964456356478E-003   1.9233730816478206E-003   1.1743910028226615E-003   1.4027036390491640E-003   1.5909309602837184E-003   2.3869813008601235E-003   1.3589272541907145E-003   1.5914275204398844E-003   1.6903095944072603E-003   2.3649228225809558E-003   1.3265147388315131E-003   2.5335162711339482E-003   2.4582512594830928E-003   1.5543969222028280E-003   4.4328005588996780E-003   2.3336807225575419E-003   2.3896358275663546E-003   3.3237993960894578E-003   2.7274579464083193E-003   2.7843812705530438E-003   5.2949558796941097E-003   5.2050906335933053E-003   5.8753811787780261E-003   5.8214060672987693E-003   6.3339063865709951E-003   1.0903336147143741E-002   1.1171498498843821E-002   1.0165674978827158E-002   1.2314907935145442E-002   1.4674450098588261E-002   3.7048887618252646E-002   5.7180784829830460E-002   6.0313273282001312E-002   9.9201241772341298E-002  0.16730439955248327       0.15992957807133243       0.41156001051467983       0.52114388887624530       0.46682073283295406       0.15503547169505164       0.43424223708503340        2.5510983492629424E-002   5.7805556619607013E-002   1.6461045569702102E-002
         111  -1.6317766057496023E-003  -9.2958832788225820E-004  -3.2551344211036664E-004   1.3022306629392282E-003   5.7904412574014477E-004  -6.2100265192129012E-004   1.2613790912723900E-003   7.9015685939041861E-004  -3.3140720717590708E-005   1.0054738028485769E-004  -1.4494601525927909E-003   2.2217459956088994E-003   1.2675376349155390E-003   1.3563372003783639E-003   4.3887450355980677E-004  -1.1206887226634312E-003   1.7973534148370536E-003  -2.3715655639867028E-003  -1.1486447626091567E-003  -2.4919860318840053E-003   1.3985851331690239E-003  -3.6211582467971990E-004   1.6659108556680092E-003   4.5424209789709982E-003   1.2201829087892591E-003  -1.8620340279660124E-003  -4.3288450380289728E-003  -2.1530024909644191E-003  -1.2309344545662867E-003  -5.8925466531369458E-003  -1.5407409502947837E-003   3.1338535441549878E-003  -1.6980378477708652E-004  -7.4966656910308935E-003   1.2616540921344824E-003   1.3318911388634103E-002  -5.6975348415666356E-003   1.5912421269397774E-002  -1.1214406581739993E-002   3.2539562429725187E-002   2.0929632358406319E-002  0.29552243864215982       0.53037575315603658       0.81045485620263946        1.3372662572092699        2.5725139336963356        3.6839764187484074        3.6851937786502731        4.3519488442995673        4.4996046738394604        4.7013441838097272        9.7584617160513640E-004   6.7426724806736330E-004   1.0059494058537349E-003   7.3898600768168825E-004   9.1007523516063542E-004   2.1730966075621701E-003   1.3198514899743668E-003   1.4753706566080777E-003   9.4550036481338029E-004   9.1708046401524791E-004   1.3351671092334770E-003   1.6196471432422996E-003   1.7821092545030716E-003   1.6508847251671091E-003   1.2885861094802864E-003   2.6158564667728098E-003   1.9980392244767849E-003   1.7632879871674560E-003   2.4501412784176287E-003   2.1457775943293728E-003   2.8511648047717299E-003   2.6427015637089284E-003   2.4413273485098031E-003   2.9065020721245152E-003   3.4900586522717721E-003   2.8723576669295913E-003   3.4308486432514779E-003   6.0060140477017345E-003   4.2137973737176593E-003   6.3188845260894431E-003   6.0240639590792931E-003   6.8986519919430177E-003   8.2408165985897626E-003   1.1025726333431581E-002   7.4475682029095797E-003   1.4436371274397192E-002   1.4229468576482810E-002   3.8488541751581680E-002   5.9117189528015632E-002   6.1492237219474541E-002   9.7506526307098301E-002  0.16758188349309638       0.15972817613215159       0.41788284901960637       0.52160189385139333       0.46797787894493736       0.15664253651256690       0.44242457986377426        2.4299743416904388E-002   5.5176371139195914E-002   1.7488404535002805E-002
         112  -1.3005907402837420E-003   6.1163589186753709E-004  -3.0698961830552421E-004  -1.2547334033104768E-004   4.0443006011109536E-004  -1.9133298229737597E-003  -5.2496214607454159E-004   2.3158654481099934E-003  -1.6301745337188227E-003  -2.1744628079536070E-004   9.0630619841916148E-004   1.8795519976393680E-003  -4.1933353952250951E-003   6.4933816169267309E-004   8.5471459516955222E-004   3.2686574437341943E-003   4.0754114084812602E-003  -8.3208337046321616E-004  -1.1556037735279295E-003  -2.8995656522292595E-003  -3.7164033691273347E-003   2.8454211408223537E-003   5.4360207686794202E-003   4.3039935065957363E-004   6.5515033568486073E-004   1.3999762075754053E-003  -4.7984044239142963E-004  -3.8620684569445974E-003   1.3223753716746099E-003  -7.4923353928400376E-003   2.2601258292475400E-003   5.1463363398611146E-003   2.9986464193945675E-003  -2.5603120921063181E-003  -6.9829388469278301E-003   1.5392652089314183E-002  -9.1453071531780797E-003   1.6720991996773828E-002  -1.4417560891676649E-002   3.7327499546302767E-002   2.1506611655864118E-002  0.28997895203311297       0.52120473646052068       0.81551842149072762        1.3304451893009799        2.5686302175183888        3.6820555289679269        3.6784033982314575        4.3517755687073052        4.4960719658515576        4.7088959980997744        8.3970797979787410E-004   1.6848752724092436E-003   1.0369969963249109E-003   1.2369917595784765E-003   9.2228116795500846E-004   1.0656560093126148E-003   1.2395558676641689E-003   1.3199224059515788E-003   1.4312518358092819E-003   1.7336578636510736E-003   1.4466510513322986E-003   2.1170348989177387E-003   1.6540641875350001E-003   3.1891294423491514E-003   1.1306967758406335E-003   2.7740579094890283E-003   1.8879934444692307E-003   2.2973775964005121E-003   2.0391312251113207E-003   1.7461859075682624E-003   1.7134043303630461E-003   3.2762593789087747E-003   3.9636720443328487E-003   2.3006831271329127E-003   3.3903500763252177E-003   3.4265643195458269E-003   3.8497145749389291E-003   5.3652637716552374E-003   5.5334193948465577E-003   4.3382325433260231E-003   5.3652695161573935E-003   6.7373462440867057E-003   6.0897845902896227E-003   1.1817055194580296E-002   8.4277541176415224E-003   1.4265323748306601E-002   1.6371201753751931E-002   3.9460109012928311E-002   5.8579603356969608E-002   6.0189634862784731E-002   9.6863209127971611E-002  0.16024867242356158       0.16023562819489712       0.42245929764083451       0.52444520959698615       0.46649364980921715       0.15797969232653183       0.43723623546687485        2.2007866627231941E-002   5.4987567931605218E-002   1.8056996842872319E-002
         113   9.7460706128817289E-005   1.3077531442889545E-003   2.4470755117589696E-004  -2.4218691372101788E-004  -2.0407914468307422E-004   4.6189135534594817E-004  -1.0967860636737668E-004   2.7121733184475109E-004  -2.6859151614013243E-003  -1.1971948271338692E-003  -1.1851471586968145E-003   1.0212358051990031E-003  -1.5138285646278302E-003   1.2088440300594193E-003   3.4644079412949709E-003   8.8935522387477363E-004   2.9809138881832639E-003   3.5772640297639151E-004  -3.1649764606537694E-003  -2.2393377890577715E-003   4.6407720292084654E-004   6.6330018775974148E-004   1.7222866695110442E-003  -2.2896829869513500E-004   2.6915383313582536E-004  -3.8706785423036814E-004  -2.3784683672072294E-003  -1.3801693963780488E-003   5.0186904746023298E-003  -1.0619489265298360E-003   4.2438806014834813E-003   2.9007276208273101E-004  -1.7221558702659066E-003   4.3715572011402918E-003  -1.1206502156339665E-002   2.1107439802923240E-002  -1.2125238658558201E-002   1.7325281585404282E-002  -1.8589692933362652E-002   3.9599416375629283E-002   2.1155932941790464E-002  0.27604500137456933       0.51285473669477100       0.81619200424939564        1.3324341217807298        2.5695634528330382        3.6794597199124310        3.6805080967884973        4.3592203544726482        4.4961103763733652        4.6989516040561607        1.5502974777097127E-003   1.1792994787766624E-003   9.6001512773593244E-004   1.3073878103342942E-003   1.3529801607469806E-003   1.4884594938885480E-003   1.3699770630567771E-003   1.2198235355524191E-003   9.6860979604306669E-004   1.2929994466062188E-003   1.2258833461952199E-003   1.1320262311922762E-003   1.2210090829973179E-003   1.0564707446981559E-003   1.5058600044912059E-003   1.7929983075800867E-003   1.6352726494500060E-003   1.7798054737658087E-003   1.7523715887517309E-003   2.3500666247404096E-003   1.6379112073059740E-003   3.6233336782642996E-003   4.3353380324896414E-003   2.9331587190314029E-003   4.1087279042512272E-003   2.6790311915663623E-003   7.7478065286516063E-003   4.0501539243157393E-003   4.2507543565751139E-003   3.9012665014837638E-003   5.9253296833037686E-003   8.5791322848233331E-003   9.1766438680386166E-003   9.8332700028616691E-003   9.1379585615953291E-003   1.4028321944431260E-002   1.5358788185372891E-002   3.4734745662283399E-002   5.9046231775960162E-002   5.7118654500731607E-002   9.7905189867329434E-002  0.15739633723907920       0.16069297167213967       0.42438188140858796       0.52135476494817012       0.46885168868265797       0.16116233506170588       0.44098821711936270        1.8133452381793948E-002   5.6853139146335586E-002   2.0134149044385152E-002
         114  -2.6923921507313823E-004   1.8911527089582251E-003  -1.0582535958547916E-003   4.2071280848860105E-004  -1.1218776954855362E-003   1.6760505449820563E-003  -3.4842893182572957E-003  -1.7387973826628203E-004   8.1815190277213128E-004  -8.5812362883965442E-004  -1.7615902740766914E-003  -6.1171037924002047E-004  -1.4188110463221560E-003   3.6948568868286298E-004   3.9745083401496981E-004  -1.6054572880334905E-003   1.9112185321565592E-003  -1.0013321462887784E-003  -1.9197182621741281E-003  -9.9705140286132532E-005   2.9609511917176928E-003  -9.6123647540097024E-005   8.3852026949196644E-004  -5.3759800189357408E-003  -5.2545177810784061E-005  -1.6429002645189656E-003   1.0038567890141470E-003  -2.9826554740680715E-003   1.3401799734360175E-003  -8.7202442050941156E-003   3.2553089944028593E-003   3.0141729142637427E-003  -8.1853527071057783E-003   6.5889707055990752E-003   1.5772581604486275E-003   2.5640536394149427E-002  -1.3460022645979008E-002   1.6365432329199490E-002  -2.7594323691667508E-002   3.8989228813161199E-002   1.9878050979559241E-002  0.26565590875290868       0.50271989350322877       0.82040540050048893        1.3235189840471036        2.5684290383124972        3.6771142943517288        3.6780890178149179        4.3614335168904717        4.4988457358890068        4.7026855446041349        1.2407434248944051E-003   9.7126073322846616E-004   1.2854703536030029E-003   1.5914489577142344E-003   1.2332234085593175E-003   1.1268888686205417E-003   1.3755253387295885E-003   1.6195583271545822E-003   9.5309723420010373E-004   1.2899669507525932E-003   1.1937680093261542E-003   1.3059659099012792E-003   1.8331811092236801E-003   1.2322033692455236E-003   1.3856945748553125E-003   1.2753963111328149E-003   2.4831233162893249E-003   2.1869510280771529E-003   2.0154903320375233E-003   1.6104852010082444E-003   3.6444784558254690E-003   2.2675987352777987E-003   2.1979999819651259E-003   3.5793660056287323E-003   3.1363897949585389E-003   2.9676918984207455E-003   4.7230724997440396E-003   4.4554934422926925E-003   4.0223062106102938E-003   4.0442526368990464E-003   5.4802059982420864E-003   8.8159976130274455E-003   1.1407482087053257E-002   8.8529283167630493E-003   9.7751902742610267E-003   1.4467660492809346E-002   1.6029265796682950E-002   3.4582609964279511E-002   6.1572158297125160E-002   5.7003781396345377E-002   9.5859777598162429E-002  0.15289852760273770       0.15978478085732178       0.43152416719410197       0.52924487105903406       0.46893393911399106       0.16293976272518007       0.44643443254696591        1.4948783722874474E-002   5.8516532248011191E-002   1.9071484628658580E-002
         115   2.8637378404996078E-004   5.6100282604814287E-004  -2.8738909292586707E-004  -2.5249544159970726E-004   6.8803684226707699E-004   2.4455622298326309E-004  -9.0306301143568475E-006  -6.6306702978504166E-004  -6.1542055399865857E-004  -6.8561679997769411E-006  -7.6691106885467555E-004   2.2236594071595676E-003  -1.1079941603201087E-003   1.4023972003097748E-004  -2.0249369085322193E-005  -3.2464111345180933E-004  -5.8129527364444143E-004  -4.7983236606863764E-003  -1.9053120282257064E-004   8.9826202360240371E-004  -7.6851622507646703E-004  -4.5208802309690667E-004  -2.9581273731661424E-004  -5.7509318970837102E-003  -1.0039665467692897E-004  -1.0121798347371080E-003  -8.5411443911889706E-004  -6.3453530433555871E-003   9.0222506114209233E-003  -7.1727540258448306E-003   1.3736673732866011E-004   1.1115495783582479E-003  -9.3211962635091419E-003   2.9670111015812979E-003  -7.6885144156170124E-004   1.8322901892409690E-002  -1.7812576427629304E-002   1.3200696768167170E-002  -2.2290650049705742E-002   4.0087060016275280E-002   2.2102070929021049E-002  0.26600142951394995       0.49638205959148873       0.81670223355539440        1.3271613267801285        2.5740193930865787        3.6732277091069339        3.6701601222919620        4.3572530322887824        4.4978969500832964        4.6981690201854072        1.0653884698356667E-003   1.2816808206844773E-003   9.9925676993256195E-004   1.0605453143188919E-003   1.1254835934719799E-003   1.0554097397779041E-003   1.2564642024510281E-003   8.0559424430220875E-004   1.2940834521943227E-003   1.3601970998808619E-003   1.1148934688208615E-003   1.4322422335540511E-003   1.7670836010588811E-003   1.9779331772536257E-003   1.6626946954597091E-003   1.4065558794840757E-003   2.4965379124104368E-003   3.0781046736264536E-003   2.4365428079506876E-003   2.0069551603393975E-003   3.5750208725775726E-003   2.9905841073655519E-003   1.8230487377889873E-003   3.5389149180195881E-003   2.9696020250847390E-003   3.5408029846046032E-003   4.3135541030329422E-003   2.9205049958636884E-003   3.9104970394155817E-003   4.5618827487395710E-003   5.7331928717804731E-003   7.7814316060180379E-003   1.0827401527958264E-002   9.1100538164521575E-003   9.7582526110865288E-003   1.4217937997818942E-002   1.5424037789904182E-002   3.9837980744855839E-002   6.1070442709863088E-002   5.9207415478879331E-002   9.7196158657401777E-002  0.14736810756586463       0.16031647253780135       0.43346562063554767       0.52114943143031389       0.46952647498157829       0.16514647117603098       0.45091436858457135        1.2504431155010119E-002   6.0825288139644593E-002   1.8969334531392459E-002
         116   1.5921538648073388E-004   2.2206487417547691E-004   1.0861166524425846E-003  -1.3996994754371377E-005  -4.1235740798988468E-004  -2.6164883011531661E-004  -1.5150278533300606E-003  -2.2638853698127683E-003   1.8892290227113726E-003   7.8364286772055597E-004   5.8768476854503652E-004  -9.9293872481923400E-004  -8.1373091019946726E-004   3.8742067759093852E-004   1.6780934187441218E-004   5.8702197455761252E-004   4.0323192700301748E-003  -1.3790297409459105E-003   6.5209607278555711E-004   2.2837185618519184E-004  -3.1599974490305947E-003   1.9000986711719496E-004  -2.6171226848180774E-004  -5.9178505079803142E-004  -2.1602927204614252E-003  -8.5380152656615229E-004   2.5953363019281926E-004  -7.0901168730639957E-003   3.8530090014863689E-003  -4.6432749798884657E-003  -8.3129247091023872E-003   3.1463282480067457E-003  -5.6163461920672973E-003   3.0930465618587881E-003  -3.3188532566270769E-003   1.7523122914777398E-002  -1.4004377793031153E-002   1.4493464546560170E-002  -2.6089294696017586E-002   3.8664827531217541E-002   1.6257316342972453E-002  0.26465810149388935       0.48520444691571291       0.82010161440812135        1.3256333155569602        2.5808068725175968        3.6753304157417812        3.6668527916881284        4.3648859343667903        4.4960756521453087        4.6952012163725412        1.9038536736163739E-003   1.0772720786584920E-003   9.2439521210785716E-004   1.4444429977323538E-003   1.2911681193524998E-003   1.1755236459278947E-003   1.1470690180589063E-003   1.6017791146802061E-003   1.2220503704025827E-003   1.4953020874496380E-003   1.5216264503931120E-003   1.5661726014788852E-003   2.2172545546452361E-003   1.8786084623528434E-003   1.8380969859328607E-003   1.9716311709684917E-003   2.2054932484208509E-003   2.4792994865439569E-003   2.7568604776248618E-003   2.8555895894884472E-003   2.2595224642811100E-003   2.4821310323574772E-003   4.6413603096032065E-003   4.0293038060633555E-003   1.7702033217638234E-003   3.1485739397353477E-003   3.6290012496347189E-003   4.2150262342235366E-003   4.4232598656714344E-003   5.5090632482041003E-003   5.3772176292652563E-003   9.1368993214068998E-003   1.0714230197149569E-002   7.6903869881601817E-003   1.2292743418906051E-002   1.3136316871949456E-002   1.6276102829052997E-002   3.8550957119195532E-002   6.1698999993614403E-002   6.0630263330265555E-002   9.7370279380850425E-002  0.14484354907983157       0.15959069217374616       0.44339268329675918       0.52150246598882932       0.47187468065361404       0.16702286808224043       0.45303887147916938        1.2546898729249977E-002   6.4184669984614362E-002   2.1949863491933376E-002
         117   5.2365884849106569E-004  -8.0722329104968829E-004   1.1881340120477408E-003  -1.1388460616115316E-003  -1.5278912031945144E-003  -1.0402951090654326E-003  -8.7326326343641178E-004  -7.4017528155828117E-004  -1.4459989269309068E-003   5.5663607783654082E-004  -1.0927186976310091E-003  -1.7260206443187598E-003  -1.5873059043933606E-004  -6.4265623469682558E-004   1.7701541481017140E-003   2.2015892947371812E-003  -1.2221213580892643E-004  -2.2123967742246013E-003   2.9244002623979326E-003   1.6549096153385502E-004  -1.8131412611733320E-004  -1.7067649525427972E-003   1.9249833521410630E-003   1.1797344798686435E-003   2.7909279463409872E-003   1.7351889366264126E-003  -3.8349684114356510E-003  -1.0684418780519266E-003   5.4313923652741991E-003  -5.8785155147663163E-003  -6.5336733988821732E-003  -3.4192198703045570E-003  -1.6195499333975729E-003   9.7005174985911673E-004   6.8918315504256964E-005   1.3462009302243708E-002  -1.3383304429577959E-002   2.1587363436663690E-002  -3.4375027326450126E-002   4.4542908973387932E-002   1.9624749680249402E-002  0.26090096958391762       0.47530424359790385       0.82386889383976258        1.3293104193572725        2.5783889943901692        3.6762805743651796        3.6690685219502175        4.3673859528937360        4.4972449646555592        4.6997439001737495        9.3133556125802968E-004   1.0856725935902741E-003   1.1739762899216008E-003   1.1263521951186564E-003   9.9110532533660807E-004   9.2235486071733054E-004   1.4960589564123848E-003   1.6127383187771866E-003   1.3111152915363329E-003   1.4252086737369023E-003   1.3898606611618171E-003   1.3449958825252515E-003   1.2336136285643533E-003   1.6868878285286651E-003   1.4569921425274881E-003   1.7839079367992572E-003   2.8847026148573385E-003   1.7535426428846447E-003   2.3670559456003765E-003   2.7176295552471933E-003   2.6273932728342157E-003   1.7016273601463954E-003   2.3766547851724893E-003   3.7784738850246773E-003   2.2157192282711534E-003   2.7768274756255662E-003   4.1578715245491581E-003   3.9717000395918115E-003   4.3718319925863287E-003   7.6497150652961232E-003   5.1395476400466341E-003   6.0411916515842644E-003   1.2586417682627494E-002   7.4340674299739323E-003   1.0188609519597850E-002   1.3583202817730670E-002   1.7793988813233897E-002   4.0594767012824065E-002   5.9479141345406300E-002   5.6946224252403803E-002   9.6563659958022643E-002  0.13850107897960703       0.15687841172722125       0.44395624382865484       0.52199995302591662       0.47444439841179148       0.16927521574175364       0.44865721332888564        9.8385172120541448E-003   6.8887239743376238E-002   2.6791937748168949E-002
         118  -4.0913150457593076E-004  -1.0169484794995485E-003  -8.4081739955662823E-004  -5.0056508615120099E-004  -1.4810295474068996E-003  -3.9076377590163539E-004  -2.9172115492223814E-003   5.3736647060632014E-004  -2.3180315417665795E-004   2.2816031052643325E-004  -2.5470859353834111E-003  -1.5787302236099073E-003   1.3809710915469830E-003   1.4835808821100655E-004   1.4381764743767109E-003  -3.6332803115157047E-004  -3.9261539706686666E-004  -3.5667401307354408E-003   1.7561647218074959E-003   2.1293956609900037E-003  -3.4939720803786106E-003   2.8521078943522811E-004  -5.3245403859385134E-004   3.8911856179899514E-003   3.0557908518037608E-003   5.2839549905286543E-003   1.1428632386737689E-003  -6.9456121500817364E-003   6.0912713488161130E-004  -1.0613217265618563E-003  -5.1485607372956715E-003  -6.7266009719084744E-004  -6.5561547087684786E-003  -2.6667192187517807E-003   2.2150490085235414E-003   1.4055249995382638E-002  -1.7809416751912010E-002   1.9269032749721252E-002  -3.5322677279625424E-002   5.1414065405247213E-002   2.0695931720024676E-002  0.25995345885808813       0.48140148731498988       0.81786200875281312        1.3344457896437083        2.5783653573966303        3.6752882453950328        3.6681794257117284        4.3677771569537107        4.4825295039227733        4.6969795698272003        1.1660020324645440E-003   8.3941940555185772E-004   1.4333686303019857E-003   1.1909772737150961E-003   1.1130108678558575E-003   1.0721530597820233E-003   1.6652065580685460E-003   1.2180404398753598E-003   1.4840799332265146E-003   1.5285339477585161E-003   1.8118256908785505E-003   1.7076007629833786E-003   2.0302965209062825E-003   1.9180194797121409E-003   1.4254383476762129E-003   1.6039926818593626E-003   1.5413647352994959E-003   1.6143554552042441E-003   2.1275421039862858E-003   1.5813792623360532E-003   2.0197924288910957E-003   3.2081205221965235E-003   2.7618257768294713E-003   4.1548222831489946E-003   3.1719464847294846E-003   3.0398321432540121E-003   4.0357459276282072E-003   4.7405341483254043E-003   5.3929996872548571E-003   5.8159641869349006E-003   5.7558442393387281E-003   7.1555668726368642E-003   1.0625035571831630E-002   6.3939719101355754E-003   5.8963458610116698E-003   1.2887899789882468E-002   1.4831689508109236E-002   4.1752770428500341E-002   6.3004414122490499E-002   5.7086653357227249E-002   9.8469526986388833E-002  0.13891306315580124       0.15777522962409246       0.44966520865938514       0.52384106426204102       0.47868273498313452       0.17126051088493097       0.45542274222314516        8.7366751108375329E-003   6.8955839007545469E-002   2.5200974241412703E-002
         119  -1.7391840099838724E-003   6.2192050013357950E-004  -1.4762924637641269E-003  -7.8324183844000563E-004  -9.5769928633875621E-004  -3.1784325240808418E-004  -1.6124104357559529E-003  -5.6472288254889554E-004  -2.4655159256071238E-004  -5.4331274494007209E-004   1.2121070776722194E-003  -9.2636279206103372E-005   1.1953662581453079E-003   4.2080604333751161E-004   1.5547023234474757E-003   4.3869618124637563E-004  -1.2815915144123017E-003  -1.9667767087445647E-003  -1.8554980832056589E-003   2.4301181513169691E-003  -1.9942065053618219E-003  -7.2004766639119995E-004  -3.0852983568816642E-003   3.7835587117540327E-003  -2.2433083137070255E-003   2.5752351531922869E-003  -1.0019381077336551E-003  -2.1494559008867213E-003   2.1294513719926603E-003   9.6344574188111161E-004  -3.1786961320028964E-003  -1.9824066228461340E-003   1.5792584380731310E-003   8.5023890804276870E-004   1.2310060769915295E-003   9.2048082607712745E-003  -2.3333889110478980E-002   1.5867928405375643E-002  -3.7535410961764604E-002   5.0748686461055188E-002   2.6845195476606645E-002  0.26843434231832525       0.47736807071958309       0.82326597203785823        1.3337555723650090        2.5817641026368530        3.6743924417771305        3.6710373343502480        4.3660910669369724        4.4846991215731151        4.6949813351343055        1.1568997122919993E-003   1.0017193143843279E-003   1.4640363307304016E-003   9.8249186309308230E-004   9.1247664639281260E-004   1.0465225016282249E-003   1.1140864866980840E-003   1.6354508157426196E-003   1.3121880002466382E-003   1.1432022703725998E-003   1.1750347699188352E-003   1.7570112536349038E-003   1.9080357413323410E-003   1.8404766187350618E-003   1.4324952656639867E-003   2.2891785764650365E-003   1.4779816371366175E-003   2.4939266896500394E-003   2.3984994168563638E-003   2.0949846672336982E-003   2.7703717505772048E-003   2.7873903257076655E-003   3.3969909573764345E-003   1.6637524042915346E-003   4.1544770609912521E-003   3.9856792862243053E-003   4.2114369966166918E-003   3.8695115270231898E-003   6.5505118736412134E-003   5.8742532751249257E-003   5.8330679262460937E-003   6.9955813185527110E-003   1.0038440234480042E-002   6.9806355103890754E-003   9.5257546370857357E-003   1.0328453630724467E-002   1.6707254292559121E-002   4.0374270235877953E-002   5.5467821593754026E-002   5.4207063836777591E-002   9.8264488231274857E-002  0.13826791948747000       0.15675270964894492       0.45129084890583293       0.51976050882483993       0.48094313620634604       0.17306947374711845       0.45409913839735783        9.4055224514358188E-003   7.0914907040665137E-002   2.5741911888470533E-002
         120   6.3247724936667000E-004  -5.1610103695720090E-004  -3.8586747885418034E-004   7.1230293977746456E-004   3.1859495467873809E-004   7.4347948887035404E-004  -1.8170891042861034E-003   1.3688975982414830E-003   6.2089620667807495E-005   4.0546217664158752E-004   8.4606020937756795E-004  -1.1839257354225472E-004  -1.7546744004582962E-003  -1.9860467447292051E-004   8.7784243173505015E-004  -9.9594270954513780E-004  -2.7013233261561570E-003  -2.6013351902217608E-003  -3.3506242275386728E-003   4.6480952162843842E-003  -4.9064799550298773E-003  -2.1265809136789839E-003  -1.3132749180214721E-003   3.1489435509421959E-003   2.8924265315376308E-003   2.5545818355671060E-004  -2.0811289758540744E-003  -1.4214149054082210E-003   1.5345820457067941E-003  -2.9283173100277003E-003   8.4320675883635632E-005  -8.3439127217021746E-005  -4.7366095482391220E-004   1.0229030852441522E-003  -7.6039467145814967E-003   5.9093295558336947E-003  -1.7625096751922364E-002   2.0061486491951008E-002  -5.0490024413231673E-002   6.2463987207783143E-002   3.5155078675966962E-002  0.27195788989036007       0.47328481815753454       0.82703998534255774        1.3290117538669395        2.5772737704443611        3.6700715895560507        3.6687229968400406        4.3681683179950284        4.4746299318183871        4.6880677396295791        9.9120348413445146E-004   9.7526578054147163E-004   1.1108669263918554E-003   1.0176919119082284E-003   1.1970149953673935E-003   9.4583813669498059E-004   1.3728265997258746E-003   1.9734242616061257E-003   1.3167420715456378E-003   1.5018151019637249E-003   1.0926674451727247E-003   1.9914861356765579E-003   1.7064539209792377E-003   1.5368051868495734E-003   1.4579414073756243E-003   2.2646692590087307E-003   1.6053557509636248E-003   2.1321435767633328E-003   2.7575406465943936E-003   2.0040084025997017E-003   2.5999511315215351E-003   3.3543273916485121E-003   2.4868197937761476E-003   2.6979425899419074E-003   4.4601474869162107E-003   4.5852667398483754E-003   4.0726948345970945E-003   4.0745537438688821E-003   5.5447031462246546E-003   4.1255629088733595E-003   6.9554838710806982E-003   9.4504736818652214E-003   1.1291372952947482E-002   9.5156864940710607E-003   1.0009529580485661E-002   1.1303172003817414E-002   1.9284249969534369E-002   3.7863915350233444E-002   5.8193292806868649E-002   5.1872279485764589E-002   9.9099245328201357E-002  0.13823034874093132       0.15800883880278674       0.45522914498089939       0.52136019898081565       0.48600800563270030       0.17457456245489453       0.45535333042073028        6.7409069386673093E-003   7.6839665184239236E-002   2.6691687962484511E-002
         121   7.1225462612930460E-004   1.6038363643341121E-003   1.5126999909103466E-003  -6.7014341477650741E-004   3.1261629621428616E-004  -4.9027574814753197E-004  -5.9256436035695246E-004   6.4265011875114198E-004   9.4548948120818657E-004   1.7706852990263331E-004   6.1386886391223824E-004   1.7561604186942920E-003  -9.1615788216346664E-004  -4.3608808059909760E-004  -3.6072529423348008E-004  -2.7153333805820222E-004  -3.1118915695240393E-003  -1.8500082039956177E-003  -3.5599871937748581E-004   2.3040214860034331E-003  -2.7384391727778724E-003  -5.5633020169518523E-003  -2.0648563467570197E-003   3.2927806193468853E-003  -1.1237622908469285E-004   1.3086665669758372E-003  -1.5686834111338865E-003  -6.0458544337709140E-003   3.5719550510784864E-003  -4.1565405475388739E-003   1.1198359597337337E-003   6.3063368701400495E-003  -4.0826710145937820E-004   2.3857234166485691E-003  -7.5747954001382529E-003   1.8028449721383955E-002  -1.9241182509764795E-002   2.2501075143024345E-002  -4.6859555033528649E-002   5.8482311815141436E-002   3.6293055946288337E-002  0.26473260721975034       0.46850880717483301       0.84387564664520243        1.3360170858795746        2.5714234682680375        3.6685920821905706        3.6616005053477978        4.3731108102583471        4.4725816193860366        4.6851214386306870        1.1792365314977178E-003   1.0550901158663903E-003   2.0808629956995655E-003   7.6834647443629835E-004   1.4030433243337013E-003   1.0816746760386150E-003   1.5309681053239355E-003   9.4725020279595696E-004   1.0409513892738489E-003   1.1514390847779396E-003   1.2854822093768352E-003   3.0257483174541745E-003   1.4134154407642241E-003   1.7116985731275409E-003   1.5964062056577669E-003   1.5701741135184927E-003   1.9507845738799250E-003   1.5394981050407021E-003   1.9796003434247780E-003   2.1025256004658715E-003   1.8417002524148466E-003   2.6518159518417917E-003   2.5599636269808602E-003   2.5111634108323242E-003   3.4666428849496203E-003   3.1272733688558745E-003   4.0939882816084221E-003   3.1936246599431335E-003   4.2053494046608193E-003   3.8270993425999428E-003   5.6018185378904108E-003   7.5264630817936922E-003   8.3241262282458955E-003   1.1358643902678272E-002   7.4881529118626805E-003   1.2144531997116948E-002   1.5406738618907232E-002   3.5134231313784320E-002   5.3187007227990857E-002   5.0031016162479083E-002   9.6657430587698601E-002  0.13467136611697900       0.15857053897321141       0.46504430046599105       0.52851268354409986       0.48812115615782470       0.17423613920234199       0.45764602352132761        5.2357754478559292E-003   7.8111944508200637E-002   2.7640609282008267E-002
         122   1.1156771300940664E-004   9.0460821236597365E-004  -4.3345415248455786E-004   5.4240401852713471E-004   8.5457066080409029E-004   5.3107433941617548E-004  -1.0758655377987856E-003   1.0131159456537445E-003  -5.4567196401857294E-004  -3.0210050054678456E-003   9.1100898603308888E-004   3.0876581575579361E-004   9.2356126944384000E-004  -1.1491386337205783E-003  -6.3304111126669246E-004   2.0758045999007892E-004  -7.4612438783013460E-005  -1.5360176175720094E-003   1.8003205058080610E-003  -1.2423319675224579E-003  -5.5046488072212083E-003  -8.5751957769589102E-005   5.9659464730431560E-004   5.2779188192024918E-003  -5.0987762960267040E-004   1.8651163071201844E-004  -2.0948068654917896E-003  -5.0995822045251825E-003  -1.8132506043762979E-003  -2.6094789139774347E-003   4.0960098962518430E-003   6.4959779803761188E-003  -1.6776666420162956E-003   1.5003672216320645E-002  -8.8653717136669436E-003   1.6651308982190371E-002  -2.1237558783736604E-002   1.8091164894488032E-002  -4.0395296083007112E-002   6.0989033615725587E-002   3.4121041491222824E-002  0.27029818952918394       0.47081782302333097       0.84506726221384776        1.3381998544430327        2.5664908530888551        3.6660306225142345        3.6685920620984431        4.3725726999188037        4.4715192881123302        4.6852173126288781        1.5814001433956844E-003   1.4005137276281291E-003   8.0447853976813889E-004   1.0754815636427311E-003   8.1951679480863791E-004   1.3953407947267494E-003   1.4489255073298101E-003   1.3031869678016257E-003   1.0197326584247910E-003   1.4823006929340259E-003   1.6954656621690010E-003   1.2002701171251132E-003   1.9042225921832550E-003   2.4100219367911972E-003   1.6723038054739679E-003   2.4555837574861870E-003   2.1253148604512451E-003   2.1696601742189460E-003   1.9169477592258506E-003   2.2099782370275690E-003   2.3252138603999392E-003   2.2121637722528043E-003   3.2394665826768563E-003   2.7031495042170151E-003   4.2255751577030707E-003   2.5666582446643451E-003   5.2620695442451007E-003   3.5909426476885614E-003   3.7773024886130976E-003   4.4229720548380367E-003   5.9207597343816434E-003   6.9631311840823154E-003   1.0236686751756791E-002   1.2504377764736032E-002   7.1629195273032811E-003   1.3346247583488288E-002   1.4175285818543439E-002   3.4682082005219876E-002   5.2729214188994206E-002   4.9908132696312529E-002   9.6517577013068526E-002  0.13488607617775508       0.15865318062142408       0.46943175533919840       0.52465137895738467       0.48840427823080257       0.17732419647504560       0.45743916866986783        5.8684908439397398E-003   7.9813979852893735E-002   2.9390299520772378E-002
         123   4.5693378703659618E-004   1.4923327328220319E-003  -7.0544782472481448E-004   1.7270157455651944E-003   5.4199876461892389E-005  -1.1999437158322771E-003   7.6329615556926212E-004   4.6130898752610018E-004  -1.7192615953815415E-003  -8.2881167712520903E-004  -1.3383559459533114E-003   9.9446731934502370E-004   1.9385773796963051E-003  -1.3260207793494908E-003   8.5990681568965581E-004  -2.1946017543622940E-003   4.0862202927723713E-004  -4.9325100194773798E-004   3.2575231048559195E-003  -4.5773262347493507E-003  -5.6260129802208209E-003   5.3863064781746711E-004   7.9591365121450548E-004   8.8823058004155802E-004  -6.2870261911495721E-003  -2.4746892155876125E-004   1.3366412887471863E-003   2.4831900095859366E-004   4.1427326658259305E-003   4.1364761146777985E-003   2.6609296623590784E-003  -1.3950925180138758E-003  -2.5458718059721028E-004   1.5576949130420967E-002  -7.0706388442750949E-003   1.8770117442148803E-002  -1.3537130104971033E-002   3.1609362078095365E-002  -4.2243738480818589E-002   7.6645570485140826E-002   3.8151163118689747E-002  0.26309289346906090       0.47077258975319330       0.84907420871455275        1.3271209187517718        2.5732892832616057        3.6589458579599339        3.6708176451789587        4.3699693712166781        4.4678349466839418        4.6754669463895171        1.3333903126004007E-003   1.0308883507673852E-003   9.6475678471203026E-004   1.3666982966388172E-003   8.3529037060023218E-004   8.8846813289049299E-004   1.2108162348383529E-003   1.1405672864358203E-003   1.2793200653958500E-003   1.6580268244173958E-003   1.4041349039302057E-003   9.3707984921134041E-004   1.5713207445629828E-003   1.8700828374960223E-003   2.0524543796897510E-003   2.4115870446427849E-003   2.0393765036309107E-003   2.0081483623645138E-003   2.2670626375130695E-003   1.9785315141578573E-003   2.6801201966971237E-003   3.5091438536760983E-003   2.7049282716511882E-003   2.8144531122577558E-003   3.1435573056125964E-003   3.4176417231844905E-003   4.4533988785840830E-003   4.8851572467966805E-003   4.0734983680688636E-003   4.7348506409643550E-003   5.4634434124089856E-003   9.4598090930394316E-003   7.6128618559155722E-003   1.5220214341727167E-002   9.6747537720743432E-003   1.2807328871572965E-002   1.8294308977367012E-002   3.4640430672834115E-002   5.1018727685559977E-002   4.6944979499612835E-002   9.3279012294032349E-002  0.13314023318855284       0.15952363027856842       0.47241137528725158       0.52583220469684899       0.49362174392225922       0.17708746477577958       0.46039185885754164        5.3886739394104497E-003   8.7241726851616394E-002   2.9899363214026854E-002
         124  -2.4193602603607864E-004   2.9156759249790795E-004  -1.1296151058640923E-003   1.1200321583778340E-003  -8.8224027125277595E-004  -1.6768486080189168E-003  -5.0693350933483027E-004   2.7976754407827454E-006  -2.8629275362795095E-004  -1.0017233522337191E-003  -3.0276931714458093E-004   4.2804300975088057E-003   1.6530260841501930E-003  -1.5077635386964123E-004   1.4075577702113717E-003  -1.8114103874089201E-004   2.3526803616545577E-003   1.6477149888280218E-003   9.1083660227290174E-004   2.4292492124760004E-003   1.3580471997423789E-003   3.6430659455655738E-003  -2.3136066588997765E-003   9.8180155404389347E-004  -5.5817257014064208E-003  -3.1234257999845829E-004   5.6222085992133535E-003  -2.1321974717412664E-003   5.7127402847713940E-003  -5.1010923370249520E-004   9.1719459366244316E-003   4.3764676860156785E-003  -4.1442601150181776E-003   1.8372853171212504E-002   8.5076675234712306E-004   1.3727730293143479E-002  -1.2673171441281762E-003   3.0585454714463160E-002  -4.7548094747385486E-002   8.2358540205418204E-002   4.3228331316706288E-002  0.26718732715358506       0.47357907399503585       0.85373264048899367        1.3325422161947256        2.5647502988464184        3.6670210560440331        3.6682667554508575        4.3743100028692741        4.4687363797486208        4.6778757137592661        1.3627035488870899E-003   1.3144002474239319E-003   9.6848925401241137E-004   1.2039793312739004E-003   1.1843885739203374E-003   1.3793657114958813E-003   1.2713504168120463E-003   1.2125759777693711E-003   1.4999349377281699E-003   1.7860282115618419E-003   2.4130604315520591E-003   1.1462651734676771E-003   1.5141352714091113E-003   1.9580455858789797E-003   1.7682828078639274E-003   1.7077255269683552E-003   3.2473843073496985E-003   1.4117157853637532E-003   2.3142007550916925E-003   1.6950631377330081E-003   2.5524493552700235E-003   2.3915872956318091E-003   3.1238559294424774E-003   2.5990146957200399E-003   3.8752418705662664E-003   2.9969407280549492E-003   3.9896585180320696E-003   7.0451668456300949E-003   3.7069719019530360E-003   5.1032295169295286E-003   7.5575276247054702E-003   5.9749067723337684E-003   8.1354740575697495E-003   1.3851182916513141E-002   6.9149888464958365E-003   1.1102280677103563E-002   1.5488565775131405E-002   3.3111589465808049E-002   4.3834220867144023E-002   4.7204713926060168E-002   9.2358317347064151E-002  0.13364832146373631       0.16130412705425662       0.47672445263278562       0.52500531990157417       0.49785100684052119       0.17737564106781492       0.46111164953480882        6.0591073937439092E-003   8.5651288937683770E-002   3.2918644512707332E-002
         125  -3.3368612181328318E-004  -3.5894134836716963E-004  -8.1109851893508404E-004   1.5639414839019952E-003  -5.6882175230156475E-004  -1.4986843159032790E-004  -8.1672916130568222E-004  -1.4182115275356664E-003  -6.6218462527801959E-004  -5.9091059624096431E-004   6.7341730466379424E-004  -1.0015556407680370E-004   3.2636300589231385E-004  -8.0789024935034323E-004  -1.2585079138696773E-004   4.7422502794330993E-004  -7.3012935789886272E-004  -1.2411346647472766E-003   3.4579930344023537E-003   1.5818818671148481E-003  -2.1240660811732659E-004   1.4678182306029604E-003   1.0008940395667206E-003   2.2355213744846255E-003  -2.0595072091225022E-003   2.6356255628192243E-003   5.0143508351261582E-003   2.9225103178951192E-003   3.1515587568431498E-003   1.9887423317502574E-004   4.6394632940260196E-003   1.3772590773983946E-004  -9.6681923044139519E-004   1.4081268243520916E-002   2.0522856574227491E-003   2.0098598438782665E-002  -4.6327350365696941E-003   2.7151437441730507E-002  -4.8493214401785396E-002   7.8396782727041314E-002   4.5105393956417765E-002  0.27254180102015829       0.47661666400883562       0.84720475437721865        1.3357658499713176        2.5679708133651786        3.6589174150268722        3.6604795568317541        4.3727637635959473        4.4730642216774266        4.6812039688468152        1.4328816145989529E-003   8.9101796250137355E-004   8.4336404966150341E-004   8.9233102986488737E-004   9.2354962262798071E-004   1.1215780266059898E-003   1.1574842653434387E-003   1.0150760704178766E-003   1.1329953998567553E-003   1.3141431906029688E-003   1.4561356453698772E-003   1.8901706011437650E-003   1.2047752452967080E-003   1.4377165417459523E-003   2.0175071373037135E-003   1.6742599315599082E-003   1.9614510114516932E-003   1.9319136049567706E-003   2.1418357103767899E-003   1.9727581609958861E-003   2.4796344537676564E-003   2.7818599153079876E-003   3.1267816975874101E-003   2.3943949069082965E-003   2.5537237580365740E-003   4.9019735999257259E-003   4.3969822102675558E-003   4.5464594832925866E-003   4.8060680897537454E-003   4.2738180217253468E-003   7.1652610385192208E-003   7.5864048394116285E-003   6.8342386739699479E-003   1.1412475779629753E-002   7.4394947308162049E-003   1.0394196599027745E-002   1.3798235323515462E-002   3.3218355762660516E-002   4.5401432270116525E-002   4.7523724547886760E-002   9.1927481462579091E-002  0.13314256012697187       0.16177657544094329       0.48414587468368364       0.52112833365773514       0.49691213578270238       0.17826262684029703       0.46656342339915324        3.1674441339054828E-003   8.7666935046825753E-002   3.4796503839363342E-002
         126   1.1147534401695625E-003  -1.1558053762637529E-004   1.7553362119105561E-003   8.1286868344788976E-004  -3.3368692208791468E-004   1.3350526488220488E-003  -8.9111283256889144E-005   4.7451559986944210E-004   1.1491110782510762E-003  -9.1370155098407049E-004   4.7242828498352321E-004   1.0798450982710504E-003  -1.3066001925254463E-003  -2.1987272951299718E-004   1.7403087251133820E-004  -1.3597415551644615E-003   1.8242191983165771E-003  -1.7124921927839417E-003   4.0228036862284750E-004  -1.2583808569347854E-003   3.4561588291916285E-003   2.3762006025928603E-003   1.2815168961072094E-003   4.2113580198821328E-005   5.1512851075531333E-003   4.4289486584143918E-003   7.7938012953485223E-004   3.4323324616722006E-003   1.1264476202945644E-002   2.4948153862639328E-003   8.0637236184072855E-003  -3.1742221983462434E-004   2.6110514224716133E-003   1.1638482657522299E-002   7.8303651633343969E-003   2.1368727361476544E-002  -5.6947693618722078E-005   2.6156161322000025E-002  -4.7081120969633170E-002   8.4571286668227066E-002   5.9886801684975510E-002  0.27039960613244735       0.48349044680787434       0.85753233654186423        1.3419338925051076        2.5691312271941675        3.6639766289336819        3.6657629328623216        4.3717996020015049        4.4671192869650955        4.6773628218560281        1.2689044258858031E-003   1.1414673780928645E-003   9.9361073880277050E-004   1.2882588404710476E-003   1.0017793740001763E-003   1.3722411823165806E-003   1.0039527550791522E-003   1.0018878620963526E-003   1.2779639595342847E-003   1.2155086453501649E-003   1.2380129275911249E-003   2.0109722361489699E-003   2.5278186284505176E-003   1.3833179768628474E-003   1.6141000258991984E-003   1.6497803386431099E-003   1.6033661829100887E-003   2.3969245914755256E-003   2.4071014834021079E-003   2.6826842315789234E-003   2.2721323342497208E-003   3.8475651142065100E-003   2.8174960730050643E-003   2.6209957066882267E-003   3.2431415631548176E-003   2.1931319350945756E-003   4.6068504241790513E-003   3.0445286942291398E-003   4.2359271372589390E-003   4.6711118841434940E-003   5.2089681541475667E-003   6.6327013753443515E-003   7.2982944367953927E-003   1.1400679070475808E-002   7.5887770346828188E-003   1.1032687591039028E-002   1.3380463346024893E-002   3.0530511986563907E-002   4.2619734059990810E-002   4.6168356830159830E-002   9.0533315427015482E-002  0.13288800087602168       0.16354740475341914       0.48897637177980352       0.51674686744857368       0.49920299173651828       0.17852711773087576       0.46612149483555060        3.9131444993610407E-003   8.6587038244923281E-002   3.4543547355217655E-002
         127  -2.1171602298659858E-004   1.8255539135458353E-003  -3.9995722848118926E-004   4.5610379832056675E-005  -4.6279993435525447E-005   6.7963371278772708E-004  -1.6068423886762685E-004  -1.0726337422593479E-003   1.9478616890550259E-003  -1.2211159676283007E-003  -1.2575794789462758E-005   1.9277087117989674E-004  -2.8872801757884913E-003  -1.9180462090241913E-003   9.4306897985053971E-004   2.1474919450103405E-003   9.8464233593107743E-004  -7.5039116407315046E-004  -3.0173016518753502E-003   7.3885327265361305E-004   4.1706211340489336E-003   3.5027385430400803E-004   3.9383764654111562E-003  -3.2248499876082637E-004   2.9585650708701633E-003   1.7952715229949939E-004   2.0730682930511983E-003  -2.2393143108662560E-003   6.4386231388322513E-003   2.1048731215588907E-003   1.4110525207905565E-002  -6.2629746681663705E-004   5.3887279537746880E-003   1.2565907313870294E-002   5.1665795047014110E-003   2.3436807333275612E-002  -1.9797361622453115E-003   2.8678439101784976E-002  -5.3954741091201193E-002   9.2085794950469133E-002   6.1612816457390841E-002  0.27837569288107439       0.49121509303049482       0.86000591653334502        1.3407592371146511        2.5756220945458219        3.6633842044078069        3.6618421274041166        4.3745991473618782        4.4685709526965036        4.6763544927311811        9.9294827084028185E-004   1.0177350917092438E-003   8.6297440512147301E-004   1.5213066787449401E-003   1.3421410888139818E-003   1.2886547182158633E-003   1.7635921564269903E-003   1.8091345173050040E-003   1.3068162398217863E-003   1.4035359651000310E-003   1.3264124704136955E-003   1.5248042332698713E-003   1.1920068364167811E-003   1.3153929333411026E-003   2.1126030744071859E-003   2.2367723358908899E-003   1.1713707174282552E-003   2.4199106801399456E-003   2.3536381058588676E-003   2.1787871691667814E-003   2.7823504006392048E-003   3.9635092653713616E-003   2.3764199753713118E-003   2.9325820046653258E-003   2.0379042723114365E-003   2.3069975667176011E-003   5.0149216760823449E-003   3.3625277144789540E-003   4.3921212446164700E-003   5.4487186038551013E-003   7.6713672859832676E-003   6.2161184218295631E-003   9.4059562550412954E-003   1.0614954870623474E-002   7.7050393167972381E-003   9.2651459864040095E-003   1.6131433365107761E-002   3.4305172525773878E-002   3.9556721093018318E-002   4.5461481589828288E-002   8.7712175618690227E-002  0.13133468632682704       0.16417883248509310       0.49517546846869570       0.51252081808339267       0.49898171430983485       0.17772196021802511       0.46187913201302166        4.9105901477577091E-003   8.7799110925238788E-002   3.6942872752318646E-002
         128  -9.5638059817527185E-004   4.9700223306502840E-004  -2.1651839703333298E-004  -1.2118317485315724E-006  -3.7022321004118072E-004   3.7239776804071670E-004   5.9273550573133425E-004  -1.0126093475986901E-003   1.2961623272678988E-003  -1.3047460251593196E-003  -7.4024954363443283E-004   2.5742649293413020E-003  -1.7012549342174214E-003  -8.1711364117749950E-004   1.2856938888456053E-003   1.1873542501862505E-003   1.1963774573674304E-003  -7.9735662502725227E-005  -2.6601330842339712E-003  -3.0836617613136594E-003  -1.6442830968917382E-003   6.5117588105857716E-004   4.4398046851904481E-003  -1.2966208896631442E-003   2.3426594132980763E-003   1.0021718948298416E-003   9.8745698092429757E-004   6.3457023765094882E-004   7.4925102743354875E-003   6.3817889172775527E-003   1.2483835146133106E-002  -3.1827804831997385E-003   6.5479701345608670E-003   1.3233980803172191E-002   4.9950915196051047E-003   2.1602696488513713E-002  -6.7010939394565143E-003   3.0325361400323318E-002  -5.8421532243398890E-002   8.2953559067331678E-002   7.0413635563255389E-002  0.27424696671814802       0.49425679091444680       0.86161786672106444        1.3434802892055120        2.5694531891029473        3.6669415115840702        3.6670178498288766        4.3735401535927689        4.4638419735307542        4.6746868391682774        1.1237393995768338E-003   1.0063693848421124E-003   1.3026422704439592E-003   1.4494759608447727E-003   1.2980073229802631E-003   1.9202199934398715E-003   1.0248210749266924E-003   1.6529055555237178E-003   1.7557726991352892E-003   2.2125326525734212E-003   1.5187853309086583E-003   1.3430647676644829E-003   2.0004107292806096E-003   1.4174599121007144E-003   2.2444999299875180E-003   2.4622646978283425E-003   2.3168820688298682E-003   2.2256126152479421E-003   2.1071285459622990E-003   2.4720280069118546E-003   1.8369231927977260E-003   2.6801963198508296E-003   2.6688593161537043E-003   2.3424916356316640E-003   3.7774757658270339E-003   2.5655423530416867E-003   4.6796121646371083E-003   4.2332684729739700E-003   5.2838393910324940E-003   5.1269200033467674E-003   8.4974575696854949E-003   7.1705253665150133E-003   7.6279857849927916E-003   8.1419787300992287E-003   6.8671385727300293E-003   1.1329835598379348E-002   1.4234702527495126E-002   3.6397019325023962E-002   3.9593377301836333E-002   4.7737067309187371E-002   8.7262874148376343E-002  0.13192097132565050       0.16661915641468381       0.50455560617722861       0.51089584618658213       0.49915796763728226       0.17650501319530532       0.46034938046702628        4.1717540414097209E-003   8.9792739325567791E-002   3.5083076486053688E-002
         129  -5.3000485954022235E-004   6.1802975238490836E-004   6.7697034462225385E-004  -6.5483098675507047E-004   5.6688080271946216E-004   6.2118212076352046E-004   1.3011946966722883E-003   3.5930909799387374E-004  -2.2058386836841332E-005  -1.4643065906651874E-003   1.0069139861464277E-003  -2.6490375167575477E-004  -8.8075843296660597E-004  -1.5209281632817802E-003   2.7323912624489630E-003  -1.9180298724561370E-003  -1.8444121956178237E-003  -7.0657238819773886E-004  -1.6813366912600556E-003  -2.9262545481045598E-004   1.7666102125180672E-003   3.4222585392115133E-004  -8.8902726166925736E-004  -9.5600247714451949E-004   2.3144481045250936E-003   3.9020683030710850E-003  -3.7094198061791996E-003   4.2291346487407519E-003   4.6598283945457784E-003   3.0013297090921032E-003   5.5262034581534704E-003  -5.3052229528935064E-003   2.9357264010289714E-003   1.4193521079094527E-002  -5.6648732622745978E-003   2.1082747586789949E-002  -5.1328798928024751E-003   2.3978881060073454E-002  -5.1643651332848199E-002   8.5375561890823945E-002   7.3566690241412727E-002  0.27464326295799341       0.49796856910142434       0.86817009759353525        1.3499437273083208        2.5724622118171911        3.6704933482313447        3.6712376078004878        4.3733680380127016        4.4615935129935975        4.6672733525411578        1.2087598290593310E-003   1.1808426213926683E-003   1.2728448972720433E-003   1.7000387373931804E-003   1.7571242681150780E-003   1.2537494737383744E-003   1.0272331564225971E-003   1.1144916451276384E-003   1.2680187050287510E-003   1.5645431770745812E-003   1.8614882594616177E-003   1.1189000684568027E-003   2.1452597321900855E-003   2.0852842862747064E-003   1.6098990276954132E-003   2.3262855194961900E-003   1.6617640659078508E-003   1.8670441636472008E-003   2.2159072921489509E-003   2.9762355793633124E-003   2.2585912629759213E-003   3.1591972324083476E-003   2.4533019602942375E-003   2.9995883030846282E-003   3.9781691446107480E-003   3.8600610899766786E-003   4.2733009617366936E-003   3.6531987352833428E-003   3.9255842165300554E-003   5.3679081154261368E-003   5.7813042699529169E-003   7.5188806333091641E-003   7.4708682953651484E-003   7.7923727443521195E-003   7.0944367151018033E-003   1.0714055016840774E-002   1.9236814434968771E-002   3.8914084532280582E-002   3.9068835614090323E-002   4.7086022210308186E-002   8.6402650828081087E-002  0.13237017126054185       0.16649023046828995       0.50262731155181373       0.50486740341644032       0.49976719567523442       0.17618076423285722       0.45775856798318892        4.7106925359978128E-003   9.3921685248583950E-002   3.6234135000611296E-002
         130   4.5685593124486387E-004   1.5705217013816145E-004   8.0927880425576851E-004  -2.8566846046990086E-004  -1.1371155968043703E-004  -9.9701383737313691E-004   3.3897253458642997E-004   2.3048340853941558E-005   1.4822262640086287E-003   1.4609312957009771E-003  -1.1094647988818386E-003   2.3536413468925292E-004  -1.9129577986657668E-003  -2.0618532418409480E-004   3.5124700596261165E-004   1.8313496947422510E-004  -8.6104127710080627E-004  -1.6781944536251813E-003   4.3431956066168642E-004  -1.0650655053405155E-003   1.5387853539463006E-003  -4.0448242794006786E-003  -5.2962605550070131E-003  -5.7979378550586796E-003  -8.9196206991300057E-004   2.5386706467220577E-003  -3.6364906557812488E-003   3.2427684016288308E-004   3.4769688217306991E-003  -1.9749213760691217E-003   5.2872701756887233E-003  -4.4543506683650379E-003   6.5896178488790225E-003   6.7844228023980950E-003  -3.3051120392660590E-003   2.0628885625002796E-002  -2.3364572225440046E-003   2.7363106569990945E-002  -5.3588774756862717E-002   8.5659063420067627E-002   8.2617704870259573E-002  0.26506749046913797       0.49650723305107808       0.86974624015038748        1.3547043969118626        2.5808856884600915        3.6725869073250359        3.6720612988542074        4.3732778848095810        4.4564971577003858        4.6739135806245020        9.1943812979765349E-004   9.9059645008817143E-004   1.0175827019362797E-003   1.1492876888553525E-003   1.0900140612894688E-003   9.0405088323456599E-004   1.1100990129873833E-003   1.1415575805914797E-003   1.0768315811547778E-003   1.3125021146684962E-003   1.2113610769237640E-003   1.3397181931600474E-003   1.4670860899887548E-003   1.6239166794456349E-003   1.9350424728600999E-003   1.5963815213594311E-003   1.5483183875888902E-003   1.3809095209832462E-003   2.0676183102390964E-003   2.2136860327461407E-003   2.4751463851919102E-003   3.2270764480569849E-003   3.6110942568007387E-003   2.9148896619014841E-003   4.0323962745658515E-003   3.7864089150353398E-003   2.6114712048779763E-003   3.3904588411790421E-003   4.6612920527435266E-003   7.2950516706096948E-003   6.3213426499073586E-003   5.1523176532577257E-003   6.7111465891596970E-003   5.2981776108550977E-003   8.7300576573086010E-003   1.2073978284613474E-002   1.9678775702708151E-002   4.1221923694545581E-002   3.5192377613200106E-002   5.0361624843984175E-002   8.5770480683483322E-002  0.13281013585873186       0.16710007799707263       0.50495601776044408       0.49981660840739017       0.50328891775332674       0.17697709867622025       0.44818983604832319        5.1475911743057885E-003   9.7692867096205879E-002   3.5451896647688927E-002
         131  -8.9717919703602770E-004  -4.0878261533723321E-004   7.2290442231593354E-004   9.4419058236931317E-004   3.9450620864643615E-004  -1.5134673684480315E-003   1.3560101369224612E-003  -5.6987490423148626E-005   1.5697738419426655E-003  -2.0696731681486204E-004  -3.2760764218849032E-004  -5.1917510450999211E-004  -1.8700330595127963E-003   6.0003654194242201E-004  -2.2977791695759195E-003   1.7364911149449940E-003  -2.2096771864634464E-003  -7.0209988442137877E-004  -1.3153149785242559E-003  -1.4798195172698171E-003   1.7256674128162035E-003   7.7497089163840248E-004  -1.5327379104340523E-003   6.9690441726447182E-004  -1.9907420781046562E-003  -1.3000191337522241E-003  -3.8103702280529238E-003  -9.9657877280994313E-004   5.6950923963755761E-003   1.8177329511209982E-003   9.3566675135753532E-003  -2.8839443798252154E-003   1.0642589649802329E-002  -6.3126477648577832E-004  -4.1013212754916935E-003   1.6443515798663575E-002  -6.4196473562297138E-003   2.3465621006482317E-002  -5.0219580347407602E-002   9.8385138768256317E-002   9.8005153295982861E-002  0.26928074888951203       0.50823066789935856       0.87049832470442068        1.3615127598338062        2.5853844360708131        3.6779986153583222        3.6743483085170792        4.3754920728704709        4.4528357154728839        4.6726061759933550        7.8098659885530487E-004   9.2003395405946132E-004   1.1478850150320960E-003   9.6094185399478059E-004   9.6964763534411935E-004   1.0901441969859596E-003   1.0224236722432317E-003   1.3746455081462146E-003   1.2310458021780593E-003   1.2507643315922406E-003   1.8825062921217679E-003   1.2280538489448099E-003   1.9230002413932090E-003   1.5837673726481520E-003   1.2027432353544398E-003   2.5940058123885019E-003   1.5366784045039202E-003   1.8350233372804422E-003   1.9850028400812125E-003   1.8165567827040409E-003   1.9560418233923425E-003   2.3410883616098799E-003   4.2858481046934294E-003   3.1363242904767102E-003   2.5793543942903502E-003   3.1884376972668464E-003   2.8906061283012529E-003   3.4010645067004681E-003   4.4618418523909784E-003   4.7608104764895907E-003   6.7527817375456966E-003   9.3103471130333657E-003   6.2822059614717346E-003   7.0719379301948026E-003   8.9218720071134721E-003   1.1462144562692752E-002   1.4022595597503865E-002   3.8887251622850449E-002   3.5864286742835982E-002   5.4532788846007964E-002   8.0325967418105645E-002  0.13282324946398760       0.16948277418861957       0.50876495216090101       0.50016841870540252       0.50184129732281557       0.17555815181862722       0.44518808144256877        6.2432179805451578E-003   9.9314737308795850E-002   3.5838877411831921E-002
         132   9.7464036840312727E-004  -1.5059516756810972E-003   8.7542353055410061E-004   1.4224254169551488E-004   2.3491268927767900E-003   1.6746058983830531E-003   1.1688880811985183E-004  -8.7621727143140555E-004   2.1386147293493874E-003   1.2976745293930268E-003   3.9845509097335513E-004  -2.2406336419282359E-003  -1.7461913578580121E-003  -6.9084214231963784E-004  -2.1374549502768151E-003  -1.6618885724418331E-003  -2.2200504730395961E-003  -1.3704889801349994E-005  -1.8109344129420063E-004  -1.1842299420139041E-003   1.3019049975115213E-003   1.8545606775709593E-003  -6.2707373774568791E-004   1.7040824369095968E-003  -6.6401715225454657E-004  -3.5837321211438281E-003  -3.4883925804772634E-003   6.1156599495140556E-004   2.8076243402618798E-004   1.7460424947168579E-003   4.8247308134305687E-003  -5.0434880509630468E-004   8.0898024249934624E-003  -2.6741111452247301E-003  -1.7689031080586240E-003   1.0956995220865738E-002  -4.8773423097892010E-003   1.5896989035680601E-002  -5.0889999452932842E-002   9.9196707145948623E-002  0.10113736074459267       0.27678994059824763       0.51506662636759881       0.88060846152837047        1.3748657994701405        2.5820216064788695        3.6769332839379421        3.6754545869172750        4.3743915473812773        4.4524681535559134        4.6690183920266950        1.4147226760435041E-003   9.3826455110728227E-004   8.1834516381181150E-004   8.6309872424061721E-004   1.0751788731033166E-003   8.3292609386988398E-004   1.2027013195762776E-003   1.0306732576452764E-003   2.2979783354163635E-003   1.5338131103629774E-003   1.3173214874567668E-003   1.7971482431889127E-003   1.9684322424108106E-003   2.2338764482982680E-003   1.3236019587070517E-003   2.2564362892829970E-003   1.9448792687820717E-003   1.8336054867583653E-003   2.1984765894263788E-003   2.2633145954546814E-003   4.0198314685386616E-003   2.1683977694430105E-003   2.2490336421812107E-003   3.5326239599885964E-003   3.1498945846813791E-003   4.7957659791928583E-003   5.3968793063113498E-003   4.9477546284489374E-003   3.6815121500955936E-003   5.5582571476981589E-003   5.7762876483440240E-003   7.4034236784355657E-003   6.1009392608391390E-003   6.1333317724668107E-003   9.0604152110249359E-003   1.0704808184403579E-002   1.3322907992136191E-002   3.7950536120833704E-002   3.5402085598048486E-002   5.6144113431666254E-002   8.2411971423377653E-002  0.13277297937048593       0.17105825154263493       0.51349891216984789       0.49368183343551703       0.50264494146658689       0.17228475082640135       0.44311731111632419        5.5250273066596318E-003  0.10130425600637187        3.5453160225337885E-002
         133   2.7951222156214736E-004   4.1639854041880292E-004  -1.9642929700200469E-004   9.7025209087323844E-005   8.8909649888566642E-004   4.9736316113125049E-005   1.0915189739375553E-003   7.0978254212670567E-004  -1.8502453577227559E-003   1.4089620006834322E-003   2.3020648737712301E-004   4.5025546075956033E-004   1.1373042885794266E-003   1.0937646515039937E-003  -2.0666431541931369E-003   4.6786860037023066E-004   2.7666304994668439E-004  -2.9775542012570790E-003  -3.6641135453128913E-003  -4.0721983163730970E-003   1.8943790799142101E-003   1.9732475519315387E-003  -3.7421746169166823E-004   4.2746581553614440E-003   2.7289199917748517E-003  -6.5857896721206819E-003   5.5542402783992214E-003  -7.0351690959635895E-003   2.7237474953522361E-003  -2.3875158871367280E-003   8.1236195401450612E-004  -7.4606782808592743E-003   3.5551321766505418E-003  -3.0135006707116153E-003  -1.2288406254894611E-003   1.2562233468965834E-002  -2.4855359049668628E-003   2.0108694521415942E-002  -4.3705883419417828E-002   9.3341775807622068E-002  0.10565588439236538       0.26931251629665404       0.51450311106822844       0.87840911995970261        1.3781607411469488        2.5883469276407682        3.6869302068775140        3.6750169894215645        4.3744542146713146        4.4505650254893396        4.6727271494667892        1.1626507519918647E-003   9.4405064810514018E-004   1.0191242366916270E-003   9.1642503243246070E-004   1.1579512207773137E-003   1.2006218084074313E-003   1.5833954041263752E-003   1.1498923289347672E-003   1.2577378178506746E-003   1.7674273643899152E-003   1.3259136183058112E-003   1.5763679563743417E-003   1.1911432422413936E-003   2.2745647768057857E-003   1.3167507031529200E-003   1.4445771985102597E-003   2.2360132042193973E-003   1.7154238241898049E-003   2.1734859906646082E-003   2.1856579279642004E-003   2.2057437393467444E-003   3.1813547256987706E-003   2.0452053280482245E-003   2.9425506243185955E-003   2.0277975414037838E-003   3.3012097046184884E-003   4.9296443892710394E-003   5.7704849143976689E-003   4.1327466817860196E-003   5.8498262382614017E-003   6.1656617364553041E-003   7.3669952775387865E-003   8.6254514100673266E-003   7.2686615226303279E-003   7.3547808783024325E-003   1.1415167565573878E-002   1.3643753047748557E-002   3.3658710189997255E-002   3.4528519225611898E-002   5.7602984915647297E-002   8.2279194754939514E-002  0.13149172804133602       0.17349005642980858       0.51659569007153205       0.49024611807367630       0.50290622376311678       0.17010027792354887       0.43934174794352876        4.6902471668297044E-003  0.10312361766279218        3.5890440317895886E-002
         134  -9.0889928643439304E-004   8.4583952072796154E-004   9.4262134241887530E-004  -3.9752455932539486E-005  -5.5065983570201052E-004   4.5976167754566063E-004  -1.3159143403682842E-003  -1.5125202143475474E-003   5.5080808485988286E-004  -1.4131141102188181E-003   2.0433846856290827E-003   2.2879183601571275E-003  -2.7901200955080029E-004   3.2960694078262801E-003  -3.1288812665033767E-003  -3.9475118514786328E-004   1.8146038914930242E-004  -3.9279257859005043E-004  -1.6083931336397786E-003  -3.8042574831300357E-003   5.1175641450021056E-004   1.7131316065882808E-003   1.4224428374097482E-003  -2.1781444298647106E-003  -1.8454371879523372E-003  -7.2384678941400495E-003   7.3631825029805550E-003  -1.7199011127597675E-003  -1.9316416203878737E-003   7.9333364524375519E-003   4.5156460919880343E-003  -5.5040605448352401E-003  -2.9044920041397158E-003   5.8479411793271596E-003   2.6491494101695506E-003   1.0999906422459432E-002  -2.7022083731364898E-003   2.4538164109352542E-002  -4.4166691681039455E-002   9.9836352974926379E-002  0.11127888009087962       0.27475308982218338       0.52090739050545432       0.88095091771949474        1.3855447688431020        2.5847083855158575        3.6917509231992378        3.6821727895643703        4.3705576403493893        4.4483360975341197        4.6729228211631124        1.2457176772630871E-003   4.7214314094314827E-004   1.1183798721077485E-003   1.0246657230762281E-003   9.3018535049831921E-004   1.2373445946227074E-003   1.5953329558961880E-003   1.4092695862189242E-003   1.4982184877219739E-003   1.2270610511667134E-003   1.9609915624723175E-003   1.8492991064135236E-003   1.6191614368243176E-003   2.1495909925636674E-003   1.5145568378339346E-003   1.5656909650788506E-003   1.9561488370058930E-003   1.8272548812805142E-003   1.6376855833642749E-003   1.9593445573375771E-003   2.1943868550732704E-003   2.1881414317163478E-003   1.8917689522427344E-003   3.5062610530049031E-003   3.2727718200973939E-003   3.7675118604802442E-003   6.2691972982016515E-003   6.0981321325734869E-003   3.8038783260058908E-003   5.3556723027833771E-003   5.7753308308552808E-003   8.4526742261055738E-003   7.6331308130343327E-003   6.3434392464799512E-003   7.5873486872068780E-003   8.4364256475301172E-003   1.5819423803427275E-002   3.2068826771399141E-002   3.4914935716049457E-002   6.0272129676224258E-002   8.3864398972274268E-002  0.13070663610083319       0.17602172452603337       0.52075735106635190       0.48347072336180963       0.50007674590467699       0.16864423490210165       0.44109886405324550        5.2998552569862162E-003  0.10818660109243412        3.6053771705655310E-002
         135  -4.2817466326209534E-005   1.0813391786998513E-003   2.2200244165580777E-004   1.9885640605881499E-003  -4.0558216556019184E-004   3.9757133822083648E-004  -1.0462373651609139E-003  -1.0755376379033776E-003  -7.1968820090852073E-004  -6.7306469138727417E-004   1.0468007041716035E-003   8.9764949547901853E-004  -4.1642791923066265E-004   2.6531035592827767E-003  -1.1284742349137204E-003   1.1132133210162967E-003   7.9589298111399059E-004  -2.4196790913169667E-003   2.3007150299373923E-004  -2.5188849009088196E-003   2.6003543884554853E-003   2.6316529151793884E-003  -5.8487395758256345E-004  -1.3191008186559895E-003  -2.6801479748776356E-003  -4.2477229117337898E-003   2.6592130125317275E-003  -2.1954544424589490E-004   2.1667165204215934E-003   2.1610258057821363E-003  -2.1800255978655747E-003  -7.7955467099645502E-003  -1.8607871838597838E-003   8.5753467307789720E-004   8.3440787151736161E-003   5.4710866360268562E-003  -5.2922507055559826E-003   2.3738400479218057E-002  -3.4082013835561448E-002  0.10263144861726385       0.11651567345428235       0.27925099971145595       0.51701344827128370       0.88782389151888552        1.3867106643316398        2.5941673294627647        3.6917579996648420        3.6815045664701045        4.3763885986904709        4.4493804790245468        4.6748339636824223        8.3202810891196057E-004   8.6001078992165698E-004   9.1598159628882697E-004   1.0819782990329663E-003   1.5203403841795547E-003   1.7350520240785705E-003   1.4169952619943031E-003   1.0158260215962051E-003   1.3333956612968892E-003   1.1910238655264607E-003   1.2009630738048455E-003   1.4200582761461225E-003   1.7792111627552198E-003   1.6254687681273364E-003   1.4900974827448486E-003   2.1248400978752845E-003   1.5131821472111116E-003   1.7967619630305663E-003   1.8866293826307590E-003   2.3544984523409650E-003   2.1869812035173021E-003   2.0422921914087732E-003   2.9755403841158785E-003   2.7298521412524165E-003   3.3523910867199894E-003   3.2404546020279056E-003   5.9074642668408631E-003   5.0850094104943015E-003   3.0381698384450398E-003   5.3640343352107126E-003   7.6839130018844706E-003   7.3838442734957778E-003   7.0577855604742595E-003   7.8804092964038959E-003   9.1720512045582597E-003   6.5857108138659979E-003   1.5052098043886577E-002   3.0154663679394126E-002   3.4882525565188303E-002   6.0164858482896905E-002   8.5284163957833642E-002  0.13134365267870543       0.17898875270863573       0.52039411036726579       0.47606822546222843       0.50634165141119869       0.16632767211868940       0.44310470940852636        5.8438216782710183E-003  0.10794324940066594        3.6169568940615585E-002
         136   2.6461529010411190E-004   2.0154371172654840E-004   3.9912026960994839E-004   5.7680933473583536E-004  -1.3289067556122374E-003  -1.4516830352289325E-003  -1.2742325294191083E-006   5.5528609229180736E-005  -6.8995688311710996E-004  -3.7011837803289997E-004  -9.9091008489753042E-004   2.6149910514726475E-004  -1.4783706201603391E-004   8.0230093761778131E-004  -1.2916442375211207E-004  -2.0438653527382910E-003  -2.2715456290357204E-004  -1.7180683796911218E-003  -1.7865760282366865E-004  -2.1188417505297349E-003  -1.4698466931375353E-003   1.7661327779469834E-003  -4.9412803285460126E-003   9.4254211279577878E-004  -9.4886997931979764E-004  -4.1264188064020716E-003   6.0605457215659559E-003   4.2618878397152355E-003   3.9217692505481216E-003   1.0990817923474444E-002   2.1185340926469253E-003   7.3924659661308678E-004   4.7225362305155965E-003  -1.1615486056031784E-003   1.8142741974177701E-002   1.6639697532875072E-003   5.4377043644817328E-003   2.1896948405620346E-002  -2.6989253991408838E-002  0.10782787313538794       0.12173813786849137       0.27610740315502547       0.52147497568889378       0.89397232567749618        1.3880918385846179        2.6016002465485850        3.6924022794505169        3.6742936832478295        4.3750283184399130        4.4387444464400705        4.6745709690826098        1.1988532767366721E-003   1.4744144416841793E-003   1.1533948429651682E-003   9.7736835119485656E-004   1.4115988367197037E-003   1.3691600176805392E-003   1.1875434520455875E-003   1.0575648163990827E-003   1.2321708352261104E-003   1.2215576372588350E-003   1.2950900315563322E-003   1.7596578096596223E-003   1.2979113880223036E-003   2.3739094360611273E-003   1.3925220788469795E-003   1.8805904049789466E-003   2.1421445104051169E-003   1.8372606590843397E-003   2.0448034885590933E-003   1.9701300797505422E-003   3.1496768005005041E-003   2.7075095592450529E-003   2.4423515055828336E-003   5.0162651517748078E-003   2.4198313103931625E-003   4.6317720011351425E-003   4.7162403440492726E-003   3.4792771014754650E-003   3.9637083174141252E-003   4.6482677513723560E-003   6.2537236066159303E-003   5.1349258780515753E-003   7.1078958455592705E-003   5.4175608141068532E-003   1.0377519366406695E-002   9.8287333160606803E-003   1.5601882068434346E-002   3.0075254336441540E-002   3.3803040772345881E-002   6.0790094137031250E-002   8.4359856914728928E-002  0.13301627112451198       0.18017177254974936       0.51960117414791629       0.47280292374938643       0.50740179734279389       0.16384142147001332       0.44311909148393408        5.9865129049864714E-003  0.11220588985104339        3.4190687253964985E-002
         137  -8.9595328629894204E-006  -1.0821067373517595E-003  -2.8679726778605713E-005   2.0822605354178388E-003  -5.0134303897614828E-006  -1.9823564871960628E-003   4.9073738872816976E-004   1.6333696110044781E-006   1.7043101912043329E-003   1.1328995365664813E-003   2.3936533053963713E-003   1.3415240092073252E-004   2.1080268622715092E-003   1.9138118604959948E-003   1.4091351470384608E-003   2.0093928257779864E-003   8.4479465736381307E-004  -1.4491097948859171E-003   7.0334475854525813E-004  -2.2065778917742139E-003  -2.3041090180046160E-003   2.2251883523833965E-004  -2.6881448364424955E-003   1.9851730510345709E-003   2.0949004176420583E-003  -9.4170216055409974E-004   3.3024437818817958E-003   9.8024514114226262E-004   2.3719281349187217E-003   9.2868767193606660E-003   4.3744751683661336E-003  -2.3509190495033549E-003   1.6983948809204893E-004  -5.8416410983733822E-003   1.2381630698987820E-002  -6.7561200241876623E-003   4.0260467600483482E-003   1.1607397207120073E-002  -1.4727821869808829E-002  0.11612321053747778       0.12458173931400952       0.28025352062882897       0.52996673804966321       0.90013449469552953        1.3875112024141860        2.6011201381852809        3.7068956184730415        3.6673679638665386        4.3813551947431630        4.4450330729489220        4.6771955041602133        9.0888322314108155E-004   1.0405863922144352E-003   1.2133965541281054E-003   1.6956620578218134E-003   1.1643015526297087E-003   1.3176628981104140E-003   1.2898687768990620E-003   1.7092050258495511E-003   1.5665593023426380E-003   1.3000538584476379E-003   1.4183695461200832E-003   1.6522651416083930E-003   1.5722617204862882E-003   1.5963936745373704E-003   1.9133402268135219E-003   1.9487736248704791E-003   2.2258841224442835E-003   3.0330897275933763E-003   2.3108613343396939E-003   2.0540326623402624E-003   2.6396947273270911E-003   2.7917426514433006E-003   3.5271056833879374E-003   3.1811134570492610E-003   3.0425644793654200E-003   4.1140486697873154E-003   4.1720020984839295E-003   6.5338250759695926E-003   3.7658128447845421E-003   5.1684658387938015E-003   5.2998485364037619E-003   5.1391978106494988E-003   8.9531779010007789E-003   5.8171288337728558E-003   1.1728727568900277E-002   1.4561176274316894E-002   1.4937785199796902E-002   2.7473052633219964E-002   3.3642482538147660E-002   6.2166921126378359E-002   8.3759108803367288E-002  0.13312478554136994       0.18061085724428047       0.52235880220009556       0.46828925929529480       0.51114617978633425       0.16120014532300195       0.44167959470038187        6.0080996145711668E-003  0.11238647319040597        3.3594253428352372E-002
         138  -4.2723581398997469E-004  -4.3180275072113571E-004  -1.1987427944102486E-003  -1.5426452533854036E-003  -2.1601151028520908E-003   1.0507575118208835E-003   9.5877254267388466E-004  -1.1774918778651592E-003   5.4070660955214721E-004  -9.7567865799782583E-004   5.5218232372070478E-004   1.1173469674431863E-003   1.6763465504333122E-003  -1.3495990336521416E-004  -4.4644251920584771E-004  -5.5081226594720309E-004  -3.6332815894231439E-003   7.9811856065630936E-004   1.0732381449488535E-003   9.0409938480897191E-004  -7.5586700076422703E-004   3.5110984683729999E-003  -3.7212382543576257E-003   3.4213884231683572E-003   2.8765789262212211E-003  -3.7742509549720058E-003   3.7541759381848018E-003  -1.3427490225807303E-003  -7.8610810950723443E-004   3.7477692215455182E-003  -3.7572215640798996E-004   2.3760280850317239E-003  -1.2289163103910697E-002  -3.9441222060645679E-004   1.3726455533686909E-002  -1.4227287735403400E-002   1.5790636029284217E-003   1.1723897823105837E-003  -1.0347047600445209E-002  0.12776260464635680       0.13290802137682103       0.27786647843281820       0.52886048361208671       0.88885385457707322        1.3977229037283407        2.6095222175032835        3.7084222742976309        3.6691752635121255        4.3787808680735214        4.4396312176414350        4.6795971137754204        8.9687620087582976E-004   1.3103153267740330E-003   9.9886536720380711E-004   1.0031412747445714E-003   1.6240277992755621E-003   1.0847703298495011E-003   1.1024390443936315E-003   1.0038279065740878E-003   1.0275585320436641E-003   1.4709177249467215E-003   1.3590497938414875E-003   2.1408505676169974E-003   1.7691470057745074E-003   1.6561133458861848E-003   1.9978372137515886E-003   2.1961918579960719E-003   2.4104579236843070E-003   2.6424261578964839E-003   2.3453883564923000E-003   2.6100632964658988E-003   2.0616479892922269E-003   2.1336031689312973E-003   2.0009996737593858E-003   2.4000360533420733E-003   4.7044946274865619E-003   3.0531702832127540E-003   4.0334995229283936E-003   3.7279965377701781E-003   4.6218923550636268E-003   4.4381957142873834E-003   4.6188874987949128E-003   4.8548596935705391E-003   8.9169747611546682E-003   6.1754945732549757E-003   1.1959752894399451E-002   1.3232920381480006E-002   1.6191803081787148E-002   2.5555654967421407E-002   3.4330563250441440E-002   6.0566425884479823E-002   8.4291722917320733E-002  0.13449249009695852       0.18216581809193907       0.52529275267121267       0.46090271127230131       0.51166319875522281       0.15997160991531281       0.44125500364752968        3.7170650928262409E-003  0.11546588574300953        3.0982175279893238E-002
         139  -3.5275726458155337E-004  -8.8390634315782312E-005  -5.0993630819510529E-004   1.3845930529763026E-004  -2.7465643532282430E-004  -9.5938312969286773E-004  -1.1755512827255173E-004  -5.8063320533972048E-004   1.1185938530776116E-003  -2.2110227734536725E-004  -8.1995266750595599E-004  -1.4909814113894268E-003   2.0400389898226406E-003  -1.3298192397166683E-003  -8.7385575914314276E-004   5.6286503778328449E-004  -3.9088384096313935E-003   1.4414573665870226E-003   2.2137407489366974E-003   1.1539842193314419E-003   1.0154807337346549E-004  -2.1693843230434673E-003  -9.9338028997788879E-004   5.6257388490877176E-003   3.1944316815053215E-003  -4.4625303505353865E-003   3.3886203378185277E-003  -1.3443755443569546E-003   3.5871034677515162E-003   1.6200230824336133E-003  -3.2247079966952336E-004  -2.2339806515463368E-003  -8.5397230636292121E-003  -5.1139921494117307E-003   1.1912876668466075E-002  -1.3793325392271821E-002  -3.8760768102490905E-003   1.7952777757043899E-004  -4.4406011307269420E-003  0.13137892989474792       0.13883461582847961       0.28224874998498495       0.52303564109030509       0.90176210157150927        1.3881649769776183        2.6185684735038084        3.7188426312847604        3.6710621250211739        4.3783631223602333        4.4380677260277954        4.6836388308304864        1.0328470659453479E-003   8.7618041420288906E-004   1.7448471256692715E-003   9.1717255222349247E-004   9.3076212509212591E-004   1.0691059426273211E-003   1.5013826798180815E-003   9.9956820383150782E-004   1.1646402453239144E-003   1.4187270396323719E-003   1.6233570363061720E-003   1.9614745808397161E-003   1.3450144507154089E-003   1.5902964709112596E-003   1.3327950714433026E-003   2.0668852535701528E-003   1.7648346246224604E-003   1.9966362174383655E-003   2.4382226833578875E-003   3.6507705871221098E-003   2.4705637804386693E-003   2.3644245301445380E-003   3.4307387847112270E-003   2.9284804262922461E-003   3.2559842814995558E-003   3.8705377283271706E-003   3.4135603709948767E-003   3.7708479354569913E-003   7.0963910491995607E-003   4.5159226244578469E-003   5.6923019939007155E-003   4.9094825102961549E-003   6.5729511342754992E-003   8.9931390261834120E-003   1.0980928190167754E-002   9.6852807773951770E-003   1.8709071559249543E-002   2.5186920526965348E-002   3.3614035367601991E-002   6.1251738112204433E-002   8.2737558797337310E-002  0.13483734807612149       0.18240442212592914       0.52074576572168974       0.46094647785429455       0.51630520356887166       0.16011584347176103       0.44122102709358418        3.9481678613101602E-003  0.11463128799427943        3.1299693281511012E-002
         140  -1.4375105624580692E-003   2.1299933837153279E-004  -1.2160132710611481E-003   7.3316986974092781E-004   3.2925501381505623E-004  -1.0517508567357025E-003  -1.4290301978495290E-003   1.5662019489467711E-003  -5.7259200220011934E-004   1.3439642124488662E-003   1.2565459567014754E-003  -4.7083315716828282E-004  -9.1648538059567117E-004  -1.2576851230865702E-003  -1.3818493985338681E-003  -7.6609290585765235E-004  -9.0174043599376165E-004   4.6395879648277594E-004   7.6943046624026415E-004  -9.4525387629793706E-004   4.4603470714812005E-004   4.2299566129444374E-003   1.8683550347018912E-003   1.7643582504950244E-003   2.9920743903246783E-003  -3.7314365788928441E-003   2.2726370870645449E-003   3.0480564473670338E-004   6.7627028202077713E-003   3.3017708614138021E-003  -1.0138589720295759E-002  -9.8842324594922145E-006  -9.3503715819420827E-003  -6.4088261062995710E-003   1.6582992586579554E-002  -7.5379533000885538E-003  -6.5273169291927662E-003  -7.9385211874295983E-003  -4.6217302133539593E-004  0.14170744889220169       0.14006984091529884       0.27991698367626483       0.52213316367167184       0.91178102239071246        1.3873684341448320        2.6274193086188191        3.7207620176459768        3.6670404396401155        4.3779873057314473        4.4371088418956521        4.6812481961049777        8.0276400181825743E-004   1.3726431316775736E-003   1.1246357259057369E-003   8.6516286831306863E-004   2.1087313556771327E-003   8.8285388980538699E-004   1.5051358621220483E-003   1.4246446103561546E-003   1.4068235746961129E-003   1.6483148512456459E-003   1.3428667770694965E-003   1.3395256399998223E-003   1.5745134217664367E-003   2.0029203282591196E-003   1.8310929257748210E-003   1.4752334770796445E-003   1.7931737715501208E-003   2.3312819966862107E-003   2.9106220648213096E-003   2.5738836338940461E-003   1.6795808735639163E-003   1.6848908647891998E-003   3.1727054598862025E-003   2.9391106557246126E-003   3.5348692243591263E-003   3.2095440536658412E-003   3.8903948762195415E-003   2.5631083169508346E-003   9.0722118187496741E-003   4.6801269330854333E-003   7.7067190770303056E-003   9.3605734472014847E-003   6.4355724075105649E-003   1.0332834768906642E-002   8.3355026868777923E-003   1.0738765016502703E-002   1.9331335833227988E-002   2.6050765609209124E-002   3.5717367664754196E-002   6.0755874120169785E-002   8.0535308338801417E-002  0.13635533150813814       0.18174384601853200       0.52082470539663417       0.45720389271848177       0.51559244825696127       0.16207432150442680       0.44253754839610954        5.3636840777064191E-003  0.11523148422878041        3.0974902653574724E-002
         141   1.9553629716383540E-004  -5.2812466140501817E-005   1.2391693370033039E-004  -1.1272781009283596E-003  -6.2115447290461625E-004  -2.4321504655436043E-004   1.1955785856775613E-006  -8.8907011863541426E-004  -1.0947659041680414E-003  -7.1169142374746623E-004  -2.2461205601962621E-003  -1.6408123109888385E-004   1.2278982110934704E-003  -1.4203867157258074E-003  -1.2002748603399144E-003  -9.9050826232713308E-004   1.8181240071141564E-003  -1.6346420827759256E-003   2.6746539750667334E-004   1.9402460330003638E-003   2.3918144868680298E-003   4.0179250413855437E-003   4.5697484240292295E-003  -5.3224204731579564E-004   1.7378238290693124E-003  -2.0599912876849806E-003   4.5066084897430592E-004  -1.1802984348631373E-004   6.7575742740637783E-003  -2.9577822404807985E-004  -5.3480987573454571E-003   3.9577682377987412E-003  -5.0438680497506957E-003  -1.0484167565534969E-002   1.0205139264256560E-002  -1.0132008383866291E-002  -2.1403010702671808E-003  -1.0593499807902758E-002  -9.9004847225733577E-004  0.13696390036923267       0.15058266341320284       0.27068058665654060       0.52265423423138591       0.90764388016118980        1.3844082836733473        2.6378328028654918        3.7192625955352598        3.6716791854015187        4.3766299651157725        4.4346740308881119        4.6824017190006817        1.7045961494535254E-003   9.1472605039607700E-004   1.6597101751108000E-003   1.4358311295411014E-003   1.5239446228537197E-003   1.2474523157475475E-003   1.1442086417042855E-003   1.8220128380965297E-003   1.3754559095931422E-003   1.1581300736267350E-003   1.4613853845421114E-003   1.3900091221397048E-003   1.5040090884811690E-003   1.6122516489624915E-003   2.1501318031661161E-003   2.8903470224751608E-003   1.8464560049103202E-003   2.8800857914383251E-003   1.2411484995302627E-003   1.8971626689012120E-003   2.3396248218921526E-003   3.1202716324193244E-003   2.6770492050974186E-003   2.4078558253532740E-003   3.1912607628557035E-003   3.3659778069909550E-003   5.0888422422211838E-003   3.2574029570703934E-003   6.8326541930140558E-003   3.4485901928772095E-003   7.8069592907460336E-003   1.1025769035113400E-002   7.5126315690701509E-003   7.2017161857826978E-003   7.6296892171695118E-003   1.0359673643118338E-002   2.0668027654599883E-002   2.6927525353709070E-002   3.3385728802835274E-002   6.0724949048988626E-002   8.0125065997186287E-002  0.13350657831465990       0.18266780860708196       0.51721491218069260       0.45242438837970461       0.51665748800058975       0.15836132943859918       0.43780978742039861        4.8223434985875139E-003  0.12031994295005975        2.9819952239410443E-002
         142   6.6944122849627106E-005  -1.7372636454543787E-003   2.8622510372311899E-004  -6.9569151470839777E-004  -1.7420240241835924E-003   3.9017040936104751E-004  -1.6700646455517813E-003  -2.5419916671300666E-004   6.1813586386959068E-004  -1.5692494682575166E-004  -1.2610743454872578E-003  -8.6676537859803197E-004  -4.2880895488656156E-004  -2.3986746757046025E-003  -1.1368104046795030E-003  -1.7734058619873747E-003   2.8451152498705054E-003   8.0230016269814645E-004  -1.1796722474843302E-003   2.3494788793758147E-003   3.4277066508126715E-003   1.8643151291856230E-003   7.3345610694533654E-004   1.3123330961879211E-003   2.5976077834708724E-005   1.7928623993872770E-003  -4.0657498492073117E-003   4.0850221448505706E-003   2.2323493514887489E-003  -3.5293016730733925E-003  -2.0841783520871714E-003   4.1767657032479909E-003  -2.8833401486501389E-003  -4.4059162363814545E-003   2.8456937993299272E-003  -1.3230906164646552E-002  -4.5403876440909359E-003  -2.0622237108738742E-002   6.2135882099842938E-003  0.14523669411710025       0.15456677521898657       0.27140340369594351       0.52471172728339288       0.90876311573419410        1.3766349892438667        2.6452445222679253        3.7281871782372535        3.6645559863982777        4.3771530413054993        4.4358622422446388        4.6867155478212146        1.1548012721893915E-003   1.0282257968386808E-003   1.5531996301344454E-003   1.0725557204629278E-003   1.3997405391751607E-003   1.0233231940899624E-003   9.1868091848281439E-004   1.2283749649459978E-003   1.3368205770880593E-003   1.2850627680858883E-003   1.4895775810747766E-003   1.8104393536643915E-003   1.5638850680216726E-003   1.5744662493473226E-003   1.3604462645796698E-003   1.5633433213743829E-003   1.8779473335892353E-003   2.7098009164987229E-003   1.8450794531021184E-003   2.2942674821952104E-003   1.6186207207042253E-003   1.9527057216030075E-003   3.0556766658305749E-003   1.9522735662576417E-003   3.7546404545051224E-003   3.6953683351062167E-003   5.6103132852353106E-003   4.7566471693050137E-003   6.5946107014386813E-003   3.9737638009025205E-003   6.9988859118293315E-003   1.1082863377468029E-002   5.8285870366613889E-003   7.4308186974593937E-003   9.0466674180756483E-003   1.0334503844314617E-002   2.3241529945061654E-002   2.6195759653449033E-002   3.1863666447426560E-002   6.0078203748602177E-002   8.0685628179773108E-002  0.13510934384744544       0.18100115412178791       0.51739396752439093       0.45232510266343973       0.51792484797169691       0.15791135708340442       0.43642610188415343        4.2968400827277792E-003  0.12429212398002273        2.9852704512027720E-002
         143   8.3230984352496921E-004   6.7927187863386603E-004   2.3235015211147070E-004  -3.4502102345278972E-004  -3.8918345865559899E-004  -1.0962888200253761E-003  -4.8981055078512533E-004  -1.3809426549628661E-003  -1.6583234702944082E-003   7.0743499987088200E-004  -9.5037776427481712E-004   5.3007596674399537E-004  -2.1384965401461445E-003  -1.6959185237212131E-003   1.9671052936273731E-003  -1.9563737281496972E-003  -2.0973615159100901E-003   1.6972457115386223E-003   2.1719047219633317E-003  -2.0453538808856671E-003   2.1605834507949727E-003   4.5929707754195761E-004   3.3100651736408756E-003   1.1906062688077285E-003  -3.4746305932965038E-003  -6.7209394986183273E-005  -3.0641981611774318E-003   6.3464108015530889E-003   5.1609756481782757E-003  -4.5714074039566212E-003  -3.3326998844820789E-003  -2.0276408229201923E-003  -3.3291123923056285E-003   2.0745196686307592E-003   9.9731506785569676E-003  -1.4246658026470956E-002  -8.2918070683152510E-003  -2.3076545617890694E-002   8.3640424612820563E-003  0.14413009754295489       0.15005062114256559       0.27890163440192572       0.51819161409156711       0.91559959945490332        1.3756892704697479        2.6522495030199740        3.7322986875742212        3.6613834117103670        4.3765908550638386        4.4260410476311964        4.6886961757860499        9.0412173560777860E-004   1.1200894791346190E-003   1.3286177073237818E-003   1.1018122447526563E-003   1.2601075687671418E-003   1.4090585579625463E-003   9.9991037026697129E-004   1.2761603990474736E-003   1.2712578354613364E-003   1.4182128363189638E-003   1.7910415015382599E-003   1.7748287899735913E-003   1.2968731102174804E-003   2.7338905716481543E-003   2.0462956426422381E-003   1.0604763377738574E-003   2.0636323335760623E-003   3.3085650897389201E-003   2.7132280928148025E-003   2.3329169220915116E-003   1.8468827679999134E-003   2.2014334679748347E-003   3.1488181934522519E-003   3.2876566860308280E-003   3.2656210117199542E-003   3.5435816719502386E-003   3.5442068912369933E-003   5.0563778293449910E-003   5.2841120832088813E-003   5.4184653071828234E-003   9.0642234796785345E-003   1.0318436772417684E-002   5.9279229285330677E-003   8.9946676599542350E-003   8.1543241200547189E-003   7.9900363179870471E-003   2.0395055250036469E-002   2.6059863361191413E-002   3.3429286724135948E-002   5.9244038887960336E-002   8.0975016256541243E-002  0.13684796729243134       0.18219354549235980       0.51567488978715970       0.44930661575669750       0.51715767168097559       0.15524686969632115       0.43907648764646157        3.9712824038602964E-003  0.12619287417638442        3.1280211254733528E-002
         144  -4.0723619086959417E-004  -5.0596576780830634E-004  -8.3298300795836024E-004  -3.5524400672842966E-004  -2.4463431491962633E-005  -1.0927077155077679E-003  -1.0130461893258569E-003  -3.5536117863703064E-005  -5.7819576802116749E-004   1.4825068195940009E-003  -7.3902161059804237E-004   4.3872053419444234E-004  -4.4136156849641783E-003  -6.2200915920334970E-004   8.4255580061371935E-004  -2.3693012653882460E-003   1.2264170501888401E-003   2.1935019808177049E-003   2.3182658727581664E-003  -1.4168217615049786E-003   2.7687078008862762E-004   4.6351218750388477E-003   1.8982115161400174E-003   3.0820951888436937E-003  -6.6584209130982662E-003  -5.6972556757854437E-004  -3.9010433267175983E-004   3.5533392716211362E-003   2.3128203857285755E-003  -4.3219613942193083E-003   2.0316582840553671E-004   1.9071835368034821E-003  -3.5162709250054604E-003   3.7754405179321418E-003   1.2539559476827158E-002  -1.8192242217368027E-002  -1.5013352030929652E-002  -3.1863370866380747E-002   9.2365613300725274E-003  0.14454318655371995       0.15320210666356709       0.27557066183171869       0.51679292846234792       0.91746370768658569        1.3744253995559688        2.6576903372886727        3.7356967919153958        3.6612453996219716        4.3770456135296456        4.4288503407834705        4.6882492438516854        1.0686794179728652E-003   1.2974921073215411E-003   8.8994850097208922E-004   9.5200198587002695E-004   8.8509037096863043E-004   1.1313426835416532E-003   1.2952092907049693E-003   1.1796971105942891E-003   1.0436675901176319E-003   2.1281868591388675E-003   1.4259425165571507E-003   1.9863269378811821E-003   1.7192072289627959E-003   1.8304323360526296E-003   1.7276087110304149E-003   2.3691831371825648E-003   2.1908292062762509E-003   1.7127873352855759E-003   1.9216723067871789E-003   2.7177067857022080E-003   2.3892331718853113E-003   2.8177155507175685E-003   2.9628351696459974E-003   2.2836331460283931E-003   4.5921827203645989E-003   2.5272112851483608E-003   4.3924177016568082E-003   4.2520338703404747E-003   5.3186561604688862E-003   5.0513397757141285E-003   1.0207592048952815E-002   7.0565206055767356E-003   5.2065191803900646E-003   9.1071831582207451E-003   8.8034503757983083E-003   1.2317920044322557E-002   2.0098409759861265E-002   2.6448622062195382E-002   3.6120617004127872E-002   5.9204734963446602E-002   8.0394879406105318E-002  0.14092953359992824       0.18193462029540658       0.51376749997641669       0.44945808305164869       0.51618559746575410       0.15796248542477401       0.43897482769571078        4.4253709824920049E-003  0.12501545832295391        3.0835849748789175E-002
         145  -1.8708090228506259E-004   3.8656103143252493E-004  -1.1144117879604691E-003  -2.1058458023162806E-004  -1.3960458751884884E-003   4.3668954649517727E-004  -3.9938356727231404E-004  -5.2543335724037732E-004  -1.3075335251062005E-003   1.8042768455897977E-003   3.7040792074442055E-004   1.0597418422818442E-004  -2.1854841650018417E-003  -1.2365574937052393E-003  -2.5295623570400420E-003  -1.4758680145561813E-003   1.9714966734746178E-003   2.3276510439091376E-003   2.3261237225758579E-003  -2.6398245106787686E-003  -7.3056458624668190E-004  -1.0071782813641749E-003   3.0752697570514227E-003   1.1210319412564488E-003  -4.5637304630439393E-003  -1.9696078115419126E-003  -2.2451601035035369E-003   7.6459897244951624E-003   8.2035602195726853E-004  -7.1812467914237959E-004   4.2622054244116957E-003   3.2798839229795599E-003  -4.9803224340991964E-003   5.6806823861241763E-003   1.5430123283303898E-002  -1.2353903297962520E-002  -2.7844057740375782E-003  -3.3708686341354252E-002   2.1597848849294339E-002  0.14617174804179736       0.15728349065209826       0.28207488384645946       0.52880745903509607       0.92124143959612015        1.3741714988145259        2.6614413373611736        3.7369707016286209        3.6590630955156866        4.3796162247165311        4.4271933900988376        4.6969695761836840        1.2138170426490818E-003   1.4188246696165007E-003   9.8889230796831047E-004   1.1634877639598109E-003   1.5686681368657083E-003   2.4586464236531456E-003   1.6181321074333211E-003   1.2359724384334236E-003   1.4279856271033990E-003   1.2844983054118389E-003   1.8406511617138621E-003   1.9263547965971798E-003   1.1384998980572215E-003   1.5971018624108243E-003   1.8180663555916201E-003   2.2811169372891934E-003   1.9656431857886431E-003   2.0406480454435755E-003   1.8670361586194621E-003   2.0682378706748739E-003   2.5525213719887895E-003   3.0430039556786108E-003   4.0047702908107483E-003   3.1954439920286949E-003   3.2634067420792309E-003   3.5422887818752562E-003   3.4550975889870786E-003   5.2747014859375824E-003   4.7015245189680772E-003   5.9607162140873421E-003   1.0573445818982372E-002   6.7142318962841469E-003   5.8732040243487209E-003   9.5090873681327875E-003   9.7060542350478288E-003   9.1361476917951809E-003   1.9835497977332941E-002   2.7189704829703266E-002   3.7103667977129398E-002   5.8918326650235851E-002   7.8725297181604856E-002  0.14361531645406744       0.18135546783768650       0.51111546935934749       0.44648092563166708       0.51594821611788422       0.15368820826664997       0.43717634968635460        4.8060940812711447E-003  0.12727440565262282        3.2527000329419208E-002
         146   2.2828015262694456E-004  -7.9803188349540047E-005   3.2963880995093319E-004  -5.0938966638019360E-004  -3.0803671949100256E-004  -3.5892039868615330E-004  -1.4022201182433385E-003   7.5374689785415378E-004  -4.8010464724942324E-004   2.4598704384642673E-003  -2.7131161051561364E-004  -8.5974918851572390E-004  -3.7064388033098664E-003   2.8453033654799001E-004  -1.4899386269742463E-003  -1.5868035519672767E-003   2.6988643925661931E-003   4.0269849635833953E-003   4.1013431656641841E-003  -3.3540177001194481E-004   2.0779289241442696E-004   2.5432230122249605E-003  -1.4525187558394688E-003   4.8014642757975880E-004  -6.4786403361748370E-003  -3.3069071245699264E-003   2.8000395965298019E-003   3.6850296639812127E-003  -4.1287083505880577E-003  -2.2640548749145745E-003   7.9687108767150065E-003  -3.3914818624264454E-003  -6.4405793947313024E-003   4.9669415637127953E-004   1.5091480073513909E-002  -1.1320302682616823E-002  -4.3835854249784957E-003  -3.1590336578224118E-002   1.8840156531899951E-002  0.14501623085837176       0.16179785871207883       0.28710651823925459       0.54217244837650069       0.91839316071658539        1.3808843693132935        2.6724999231392150        3.7378853205186005        3.6553315314121191        4.3730180976412063        4.4267094827028570        4.6928290339116296        1.4991677414523015E-003   1.1148655664003054E-003   1.3648248538244111E-003   9.2625538929870825E-004   1.4127787547700131E-003   1.1871630783774356E-003   1.6652402526069437E-003   1.0518911003908568E-003   1.3136762696526355E-003   1.7094344964947159E-003   1.3375357844122272E-003   1.4374633135528100E-003   2.4884402517243811E-003   1.6187558461000335E-003   1.8524920848392468E-003   1.8835822696464586E-003   2.2555327076093637E-003   1.8965205128980195E-003   2.2020551410121035E-003   2.0772118136100758E-003   2.8212805547670945E-003   3.1256568469320012E-003   2.7965633903101385E-003   3.2741240800804559E-003   2.9875993837874845E-003   2.8866311341283514E-003   3.8729997478425819E-003   4.5517234992197009E-003   6.7727198113229055E-003   3.8413480643264913E-003   7.8696400315958204E-003   5.4836796324069523E-003   6.7628981893928450E-003   8.8484303537345148E-003   1.0621281896578507E-002   9.0772045470255622E-003   1.9556516941286649E-002   2.6435580818636454E-002   4.0266158451627801E-002   5.9858153263690969E-002   7.7207821780813840E-002  0.14836808201997165       0.18334347438117538       0.50865985664055746       0.44093639478405966       0.51588814369546787       0.15342089525304020       0.43753665621582266        4.3857410359321126E-003  0.12798193327136018        3.1644639844223416E-002
         147  -6.2165311729645879E-004   3.2893932220445896E-004  -3.5720009796801614E-004  -9.2565795545477251E-005  -1.0844734826149075E-003  -8.2812232915688614E-004   3.0619341143766146E-004  -1.9489201087424901E-004   3.9195466568247791E-004   2.8022314666024703E-003   1.5845031840550931E-003   1.9484643924093091E-004  -7.4243358702647509E-004   9.1489549257549622E-004  -1.3847710988765076E-004  -6.4330477108336115E-004  -7.2596002873477779E-004   1.5730639601895927E-003  -3.8355722950304632E-004   8.5748561025225753E-004   9.1741483918864541E-004   3.9949869014134472E-003  -4.5576188060878273E-004  -1.0836595502759735E-003  -7.5161979222548869E-004  -3.6700649603813501E-004   2.8682332570450701E-003   5.2443026630115252E-003  -2.2241784907554821E-003  -2.2097899680848642E-003   4.7500576746710077E-003  -2.7963524611597109E-003  -4.9062662322058173E-003  -4.7328200488449840E-003   1.7382091496322135E-002  -7.2758388670589626E-003  -9.0606537757282161E-003  -3.7841180838540892E-002   1.8491435845711668E-002  0.14324224115124592       0.15859113272421727       0.29049072689188976       0.54361353061384698       0.93053844474915448        1.3713972603814377        2.6866831496658903        3.7389375457245153        3.6529206637450140        4.3719568566681746        4.4213682798499168        4.6937277444793315        1.0714445313575822E-003   1.8418237668640747E-003   1.1780660131358513E-003   1.1555533725034358E-003   9.8712971760166798E-004   1.5128601872112294E-003   1.7093102138055463E-003   1.1975293879701173E-003   1.4024542890570663E-003   1.4650995702985073E-003   1.3325786833200922E-003   1.7545667382373262E-003   1.2504379893059465E-003   2.2002286382588553E-003   1.3568631896821231E-003   1.6774928708253834E-003   1.9619406609317769E-003   2.0959367580763357E-003   2.5194461688328403E-003   2.5622992173409877E-003   2.5052749675749325E-003   3.2624699357380431E-003   2.5183812326963822E-003   2.6909657443215250E-003   2.9079558474950410E-003   2.8393065717800536E-003   7.1810190090651925E-003   6.0335859770596157E-003   4.6380163026431736E-003   4.2867343011524393E-003   9.6106729757692126E-003   5.3970391043815799E-003   7.2569771405098897E-003   7.3507362771865724E-003   1.3070295887089302E-002   1.1632455330551395E-002   1.9085904394753543E-002   2.8052411959883703E-002   4.1780189744160701E-002   6.0864994757045057E-002   7.5824707483157283E-002  0.15242347665068995       0.18665621466767743       0.49884074697663366       0.44502870058621730       0.51515749559035362       0.15347051471050513       0.43563316292609411        4.9678487060696415E-003  0.13017648145595687        3.1704704777582297E-002
         148   1.2109875899344500E-003  -5.5464907256357282E-004  -9.3548968826825658E-004   7.0391898513368794E-004   2.9643878958784465E-004   8.5132091502338381E-004  -4.9609262204437408E-004   1.0390978748702677E-003   6.4309778623421231E-004  -2.3206741403484970E-004  -6.4342153507562880E-004  -2.4131529861273824E-003   3.6006330232374729E-004  -7.5138459992515167E-004  -8.9069983629191563E-005  -3.6933263946115308E-003  -8.6014698263122801E-004   1.9384096119328654E-003   2.8382447109676886E-003  -3.4163106584762701E-003   6.8830421785368533E-004  -9.6002756399729582E-004  -7.9958266398874817E-004   2.6053136222346147E-003  -3.2452549387591482E-004   4.3780208373830698E-003  -8.2413412371233948E-003   2.5685389462569148E-003   4.1569862763755569E-004  -3.2468646119587193E-003  -3.3924107707440702E-004  -2.3799796411171541E-003  -2.2955749768317972E-003  -4.3097189295678772E-003   6.7557787887035318E-003  -1.6659228558582337E-003  -5.4689084822899230E-003  -3.2258450111527906E-002   1.7100466668858266E-002  0.14198660048874084       0.16982532237811021       0.28331815476012795       0.55313804914310782       0.93520515500816215        1.3739990923999998        2.6998648088513879        3.7428419138535287        3.6503970985304481        4.3753480612997269        4.4226532957368541        4.6970689001559647        9.2796982162274960E-004   1.5621815444388394E-003   1.2283407838205352E-003   1.1133450516527931E-003   1.0240607155986338E-003   1.0419576254590294E-003   1.1585716154391044E-003   1.8042632692862395E-003   1.5729147795526639E-003   1.2775054989796078E-003   1.3442751346872971E-003   1.3933094607649170E-003   1.2308323874212781E-003   2.0626861960363597E-003   1.4678953507543237E-003   2.4377726149289792E-003   1.8370634016695794E-003   2.3832029721479863E-003   1.8365625680395745E-003   1.9468944273541989E-003   2.2263401116532720E-003   3.0150735992046855E-003   2.5166453008832485E-003   3.5016604585433896E-003   2.6932340432745346E-003   4.0272374553609429E-003   3.4462799813914447E-003   5.1060027079501248E-003   4.6589790483146003E-003   4.8015540481264945E-003   5.6916695546354095E-003   6.7595309634957725E-003   5.8372056326888681E-003   6.6965998240630384E-003   9.7314980623161660E-003   1.2325722453651256E-002   1.6698040793710733E-002   2.9199693389096185E-002   4.1542243183268573E-002   6.0540988595419093E-002   7.5002632659032717E-002  0.15337138650050389       0.18724752312151086       0.49891992465226898       0.44057925747634746       0.51642348267498916       0.15364860747656445       0.43525873095288670        6.1746696889518242E-003  0.13196676559120724        2.6397441771986302E-002
         149   4.0835784752196557E-004  -1.8520577296605508E-003  -9.4185158929728161E-004   2.4706811012314804E-004   1.1475143581562966E-004   7.3595342879902788E-004  -4.8564868836968968E-004  -1.1912013969855970E-003  -7.9427561343994770E-004   3.2453527550684068E-004   9.2557501088775097E-004  -2.8489770909349158E-003   2.3783553589229288E-004   9.0113686692554706E-004   1.3146879531659437E-003  -1.1210926737111233E-003   1.7193242493297382E-003   1.8807776059011276E-004   1.5622637368328562E-003   1.3852157002751885E-003   1.7146059411947377E-003   2.2021917211052975E-003   7.5397202261541236E-004   1.6591514487093229E-003  -1.8786585305177953E-003   4.9091349199316958E-003  -1.0151850923264113E-002   2.8117680810407374E-004   1.5209389459893182E-003  -2.0709568608197819E-003  -1.7829713667231357E-003   4.4477459145245461E-004  -2.1945363761827911E-003  -6.2796893929320486E-003   9.6377856455571974E-003   3.3707483466198221E-003  -3.1631880437702478E-003  -3.0958844884061545E-002   1.7942423098561207E-002  0.14195101044304842       0.16863062066457432       0.28772216020336228       0.55997752729686923       0.93924816310718628        1.3685531109408728        2.7011330951374748        3.7525208226743056        3.6484687433456746        4.3745923795547537        4.4209623653925973        4.7064841104346247        1.0560500642787926E-003   8.2734303019371290E-004   9.6109615469503840E-004   1.1788884521283199E-003   9.5760980394843473E-004   1.0407250370637589E-003   1.2110057432155789E-003   1.1792404286825428E-003   1.2004496606087885E-003   2.0514936636590033E-003   1.0132874558034335E-003   1.3916791374545164E-003   1.9126652284815850E-003   1.2828809934794223E-003   1.8010072603022347E-003   2.4057810040516961E-003   2.0219904454052843E-003   2.4811903667754081E-003   2.7316250718774676E-003   2.2771986882460533E-003   2.4087874630792051E-003   2.7599704198080889E-003   3.0754545208244092E-003   2.2041742946343722E-003   3.1644372039437625E-003   4.0163700277319131E-003   4.5987246354566268E-003   5.2337936987334856E-003   3.8944315449601949E-003   4.3567525684448391E-003   5.5325776103746400E-003   6.1895172160389344E-003   5.9941870250349669E-003   6.5928951325137080E-003   9.8090498373231451E-003   1.3135554705625043E-002   1.9931487341843995E-002   2.9879478405526193E-002   4.4206960371838550E-002   6.1597724189564024E-002   7.4481036397016503E-002  0.15414088592938424       0.18709459849967003       0.49570854897380839       0.44191817115573306       0.51841506526925085       0.14791037338767876       0.43202673002640241        5.3166438737852545E-003  0.13078343909372106        2.3792382612382486E-002
         150   8.5265055720616103E-004   4.1126502213001929E-004  -5.2959275898269381E-004  -6.5267911782728946E-004  -1.0277250521195846E-003   4.1221921510577962E-004  -1.6119543731313731E-003  -1.1755298368892574E-003   6.2898173776971286E-004  -1.7073182630353645E-003   1.1842622228332507E-003   1.1437349365991459E-003  -2.3277142970712654E-003   1.8521693671092897E-003   9.7554400887246023E-004   9.6372439408162563E-004   7.4678497315706731E-004  -1.8184576788068108E-003   6.9536107303126693E-004  -6.1262339615587868E-004   1.4318955283103790E-003   1.0621726050506935E-003   2.0326857512876924E-003  -3.1262605367257954E-003   2.4838649484691194E-004  -4.3909556215519681E-003  -2.4836610226248159E-003  -4.3749464133988883E-003   8.5370236364569734E-003  -2.3311445167968151E-004   3.1074012140827399E-003   2.7174156039914087E-004  -2.7357631960578358E-003  -6.2005794944424517E-003   3.6894850934311840E-003   5.5417529237939567E-003  -4.8262926608170591E-005  -2.7111583369787216E-002   1.5876524787606958E-002  0.15381668546265967       0.16537675575895977       0.28481690468004650       0.55934906878866786       0.94049320424899763        1.3784837342612433        2.7157785080397567        3.7545271549476529        3.6508884929997842        4.3737956237496229        4.4243502588049699        4.7022348636166242        7.5498518361725173E-004   1.0415424515639981E-003   1.0431016928018457E-003   1.0853973515631040E-003   1.4602498543762027E-003   1.5264311502950184E-003   1.2239130211534500E-003   1.1607381373170669E-003   1.4914928618132589E-003   1.1909001828000849E-003   1.3644242658394277E-003   1.9310894008565057E-003   1.4923246396679364E-003   2.3912882722031516E-003   1.4192872209699990E-003   1.3374709653831544E-003   1.7856769827322427E-003   2.5559627406367314E-003   2.5468454779308163E-003   2.1188459783058862E-003   1.7842961346574676E-003   2.6420534563727184E-003   2.4523636678457938E-003   3.2049227074457528E-003   4.1016135193390280E-003   5.4774822380736533E-003   4.1067215563033747E-003   5.9728291032677674E-003   3.4780029239886434E-003   5.5363505782728339E-003   7.4434827165977564E-003   5.2987540648843923E-003   6.9436926286418604E-003   7.0216021606581761E-003   1.0308281221161480E-002   1.2692631072006310E-002   2.0631485309017119E-002   3.0415932278796461E-002   4.3539228333392729E-002   6.4197454838322232E-002   7.4807692173350676E-002  0.15880933851813389       0.18859015441995436       0.49025668729203947       0.43729424360766272       0.51682479615245192       0.14743684271089669       0.42363333163185279        3.7353674711518366E-003  0.13126255652510796        2.1793832139705423E-002
         151  -1.5238748601567700E-003   2.5703645762267528E-003  -9.7037741171262886E-004   8.9181840886683888E-004   7.9841900251669830E-004  -7.2510042833131845E-004   1.8526768232889088E-003  -1.9115913972743491E-003   9.4014058149343284E-004  -7.7974018109856075E-004   2.2649403875407001E-004  -1.0572640228111510E-003  -1.6872501067720332E-003  -8.5346127481645878E-004  -8.1868146354810596E-004   9.1190225752252796E-004   2.3537370572263585E-003  -1.5438523605281894E-003   1.6032090142483262E-003   1.7754148674376038E-003   7.7235797632770390E-004  -4.3119517639828687E-004   1.1101392920563015E-003   1.5876218656557454E-003  -5.3739226993134478E-004  -8.4002331090722926E-005  -1.7020989717854351E-003   4.6678581805246962E-004   3.1510144807438255E-003  -1.5697997595286999E-004  -1.0892026434602266E-003   1.5182334513467676E-003  -5.8032552134039683E-003  -1.0689620299432450E-002  -2.6625733331456665E-003   7.1772471050575209E-004  -1.0084859767474178E-004  -3.3838454667211915E-002   1.6087290864544617E-002  0.15408835061911208       0.16101415151826270       0.29407229504442350       0.56899440680275115       0.94253436409253433        1.3749441775514080        2.7188571177378553        3.7595822528858380        3.6541656737878885        4.3799235828620855        4.4208607759216969        4.7058992333916363        1.0072164197027851E-003   1.3154835238805304E-003   9.8712517141501949E-004   1.2276063038948533E-003   1.2719680620768348E-003   1.3969063089532242E-003   1.2926390212603437E-003   1.2757766481379248E-003   1.2521174623622414E-003   1.4371989467256584E-003   1.6969287392091296E-003   1.5341943373809090E-003   1.4137013058197390E-003   1.6387593018270434E-003   1.4712872126286447E-003   1.7684445793193231E-003   2.0396109509015332E-003   1.6964026547169062E-003   1.3124173895144161E-003   2.3630201743162606E-003   2.6501020920479436E-003   2.6855780953455003E-003   3.6887732360782913E-003   4.1964962050269660E-003   3.2408026852847010E-003   3.5977052838916655E-003   4.1889787815459385E-003   3.3841172219957649E-003   5.5146276933464343E-003   4.4532950329884812E-003   6.8332610478860772E-003   9.5857310078513065E-003   7.8028667922926355E-003   7.0674699740499291E-003   1.1333948375359499E-002   1.4793504324120552E-002   1.9661135580750663E-002   2.8101366342206023E-002   4.2538298942787371E-002   6.1689982479581525E-002   7.4606993057048682E-002  0.15990463254754519       0.19089982999716068       0.48391012931136196       0.43633502208845942       0.51885559439471163       0.14522298449099463       0.42333139598770686        5.4269117690076514E-003  0.13186719903618516        1.8227961570068157E-002
         152   7.0987244608671957E-005   2.8876574174323949E-004   6.6228242529693432E-004  -7.5669555068358710E-004  -4.0150343620792514E-004  -1.5930263275930475E-003   3.9449701090692017E-004   1.6474181262075222E-004  -1.3038831024819164E-003   2.3674596534619813E-003  -4.9517599279099876E-004  -1.3347355828324072E-003  -7.5585109837719819E-004  -1.8707986514158350E-003  -3.9245822870272026E-003   2.4895735106162760E-003  -4.1918193151966660E-004  -2.6897328222603373E-003   1.8387728795435404E-003  -6.7454918060490439E-004   1.1139902363024512E-003  -3.2531598562864886E-003  -1.6199673308756122E-003   5.2633685217781745E-003  -3.0206695655323802E-003   3.7601153349678955E-003  -2.1870698811107033E-003   3.8189684208000687E-003  -2.8032522325205141E-003  -7.3278924261023384E-004   1.8284012293780655E-003  -1.9504983894146921E-003  -3.6447589530118453E-003  -1.4650541216334445E-002  -1.2317866272638402E-003   9.0638612747788120E-003   8.8496364095792769E-004  -2.8432172063781357E-002   1.3473739415387816E-002  0.15484323126460414       0.16054748539354394       0.30793246429752757       0.57633278374406449       0.94796325381480639        1.3791445641190909        2.7231587168184275        3.7550384469830047        3.6583420666570290        4.3734248644267897        4.4174327083787404        4.7125074612485118        7.8176434492105364E-004   9.7872488810764671E-004   6.8426173823089387E-004   7.3012126521763184E-004   1.0875229295496639E-003   8.2556174323973836E-004   1.2291266125995411E-003   1.3215267613279629E-003   1.3560563901327675E-003   1.4907062373918545E-003   1.3269255853829210E-003   1.4421747939507362E-003   1.1039227483336364E-003   1.4056506718054553E-003   1.8942368235577843E-003   1.9367372851513017E-003   1.6058039449001126E-003   1.6491327963828626E-003   2.4069071648978734E-003   2.3971005652220637E-003   2.8635777484836882E-003   2.6572035192206642E-003   2.0496200211826180E-003   4.3901776574377157E-003   2.8777897386972986E-003   2.5047590316418394E-003   3.1957778306684996E-003   4.1816375459669012E-003   4.0211374446946458E-003   3.7668373674899342E-003   5.7472885854144727E-003   1.0352751018771698E-002   8.2468073729488039E-003   9.3272341951310071E-003   1.0945301689611291E-002   1.1118477946413741E-002   2.0319932439346013E-002   2.7480644684342213E-002   3.9737489188092633E-002   6.1179455853744930E-002   7.3294457159686022E-002  0.15843341191319463       0.19021191874650054       0.48095372193747082       0.43746903736380699       0.52039167812138321       0.14128027840084489       0.41956507412756666        5.0660665907920743E-003  0.13853827496274268        1.3904580016652240E-002
         153   6.4414272422541542E-004  -8.5073203062212028E-004   9.1667684484964440E-004   6.4133717889138843E-004  -1.3230899327446408E-003   3.7046461181925101E-004   1.7086067437096649E-004  -5.1058192708392446E-004   6.6953959041528364E-004   1.0617051962260667E-003  -5.4186832535156550E-004  -1.4516582554085417E-003  -6.9464942132541432E-004  -9.3179037852033980E-004   1.4247459788100693E-003   5.5602007322732531E-004   6.9241978970978457E-005  -2.5198341783219283E-003   2.8788266527720226E-005   8.7423764542202557E-005  -3.1329518577184402E-003   4.9676041329772304E-004   4.0531560497542394E-003   2.8734572471033901E-003   3.2975199836589151E-004   3.0559090188727591E-003   5.3061430489856516E-004   1.8192660808997408E-003  -6.3950823562592051E-003  -3.2987628276574237E-003   5.4479218220731488E-003  -8.6916227220192900E-004  -2.3144185234029841E-003  -7.4953316310992450E-003   2.6323437984605061E-003   5.8319408025490288E-003   4.1507620486483469E-004  -2.0730158812082712E-002   1.0805906216256140E-002  0.15732723769849821       0.15949821722874161       0.30460164868944994       0.58102031868416160       0.95194711728297132        1.3810606476181380        2.7275850617959128        3.7648030364764415        3.6606629765695788        4.3746467881759212        4.4078922469215236        4.7069565248490886        1.0797640792647499E-003   1.0787615564863918E-003   1.6514221384371891E-003   1.4178304670015573E-003   1.3558745553920151E-003   1.0381995864250338E-003   1.2061031678722819E-003   1.4847992243683771E-003   1.2041761910313157E-003   1.1386018525234938E-003   1.1856761950025773E-003   1.4191195142249922E-003   1.8915623230232124E-003   1.8699196978663238E-003   1.9806040206415193E-003   1.6963632589924330E-003   1.6341804665302151E-003   2.9890397966345485E-003   3.3168677579745107E-003   2.1932856574075786E-003   4.5271896348981168E-003   2.7781256520133988E-003   2.9159146511130306E-003   3.3566248825947194E-003   3.1421711980556418E-003   3.5797648130494360E-003   4.1102317632871425E-003   4.4421533190205503E-003   4.4184093029056085E-003   3.9631820727917301E-003   6.5503541274407728E-003   6.1540039180629467E-003   8.2049132553174264E-003   8.8871460814997222E-003   1.2165149783527437E-002   1.5113197876336144E-002   1.9673694494942381E-002   2.6463820087450143E-002   3.8961729107837413E-002   6.0865989210996639E-002   7.6808615762384194E-002  0.15888426009556059       0.19164191533020059       0.47177078246921367       0.43778098800897569       0.52202149219432792       0.14311066372680717       0.40923822026733314        5.2409011119620612E-003  0.14299799025293358        1.5430499339408585E-002
         154   6.1579668008873083E-004  -4.7001112792515159E-004   9.2185045494444298E-005  -1.1783856317669457E-003  -6.9800296664657008E-005  -5.3371952400499165E-005  -1.2559035525760011E-003  -2.6043562441514220E-004   1.7592755522914465E-004   1.5293323772858467E-003  -8.0309540715194127E-004  -1.5394573940010765E-003   3.8005186908552600E-004   8.1903153487375941E-006   7.9161883662367595E-004   1.3593762123462754E-003   3.0375728076952323E-004  -2.8839111968092477E-004   1.5035361947063346E-003  -3.1672293319873576E-004  -2.9765810668544702E-003   4.1475821406782780E-004  -9.6603515961266224E-004   1.2013223471857015E-003   1.3252952006171377E-003  -1.1494550843662943E-003  -1.2483951622882783E-003   3.9152209086427622E-004  -4.3717278656732906E-003  -9.6349510762813624E-003   3.5571798504135171E-003   6.0409977650398910E-003  -3.5493930695706197E-003  -8.1923841932717342E-003   3.0990207958378683E-003   6.6569429666264819E-003   5.5203325363214727E-003  -2.9538677093089310E-002   1.6447553500854506E-003  0.15412637969316562       0.15552824088339090       0.31536459270493472       0.59354985857096887       0.95700571409213919        1.3937656877593909        2.7350992685038436        3.7718735231691651        3.6590300710931110        4.3688147950031730        4.4127956231945769        4.7151908319156970        1.1125087634833168E-003   1.0135862885515300E-003   1.0965569149292624E-003   1.2784275501872844E-003   9.2413650586944691E-004   1.0985271590650311E-003   1.1583545875577489E-003   1.3393617922552387E-003   1.5431168463021295E-003   1.2874436106082520E-003   1.4068156366059065E-003   1.2708077226120736E-003   1.8075778834412632E-003   1.8751681658918794E-003   2.0844604781757705E-003   2.0826249069557426E-003   1.2173686125400913E-003   2.5728760956750746E-003   2.5344626550253060E-003   2.2725842817251799E-003   5.6674454729094357E-003   2.4807668833740286E-003   3.8971033375618668E-003   1.9670920902506482E-003   3.3195890443613626E-003   3.0432686576839334E-003   4.0664040399569917E-003   3.7253240218570495E-003   3.5362199023004602E-003   4.4415688565047585E-003   6.7225087034321453E-003   9.0908497372920154E-003   7.1914917996378459E-003   6.7190692732587674E-003   1.0324041093842192E-002   1.7515101233408392E-002   1.9122917265618228E-002   2.7620324252134995E-002   3.6068328894327581E-002   6.4334993061280418E-002   7.9041749906910194E-002  0.16227340074865954       0.19216842859235267       0.46593081684658266       0.43886240955792222       0.52151367782510683       0.13939306018105410       0.40308918345876871        5.4812483848120427E-003  0.14408539213166632        1.2343571929204192E-002
         155  -2.7662854088331389E-004   5.8316158124440787E-004  -2.8439030067738249E-004  -5.2267535728330841E-004   5.2078228259159489E-004   2.9143105933857066E-004   8.1705958539913463E-004   3.7965716231235422E-003  -1.9917427796668815E-004   3.8574667032793977E-004   9.9663597529816195E-004   1.2546500418964756E-003  -1.1242565660205569E-003   1.6026221240339339E-003  -3.3076052343531911E-004   2.7436769354028008E-004  -8.5775039965377557E-004   2.7875538341879673E-003   1.6780063314249241E-003  -8.0926877381839427E-004  -2.4873581808633164E-003   1.5663099852376956E-003  -3.9354525818551611E-003  -5.5826446197486368E-004  -1.3368294275630350E-003  -3.6380178415182274E-003   3.5201205119449828E-003   8.6690332838963323E-004   2.3631264267763592E-003  -8.0153294132342227E-003  -5.7396307271049603E-003   2.6885665272518709E-003   2.6723692832057487E-003  -1.7511846769682499E-002   3.1083928566736085E-003  -1.5152850508389217E-003   6.6315843934231606E-003  -2.7193328700899324E-002  -3.8035928722162009E-003  0.15125866135192270       0.15615150694844684       0.32492164905454796       0.59971758976818845       0.95807819639130953        1.3987293081201415        2.7318586352691603        3.7743308782163383        3.6612579011769628        4.3810860073815316        4.4113853100708011        4.7195573401471211        1.0534610902825543E-003   1.1153764146674386E-003   1.1515791685206304E-003   1.5015106661318400E-003   8.2701469694990116E-004   9.5709807922756340E-004   7.8320356643981639E-004   1.2168558616804527E-003   1.2184045178269178E-003   1.6776753964267020E-003   1.4440115048593293E-003   1.8813909098384534E-003   1.9982763186297552E-003   1.8347663838552898E-003   1.7573719626000094E-003   1.3067406686941032E-003   2.1566607417273361E-003   1.5759942121690129E-003   2.8493599212029755E-003   1.9362973732789392E-003   3.8131768195846546E-003   2.7288876743019603E-003   1.9467115430821449E-003   3.1672928946605370E-003   3.1435066920303479E-003   2.2387378612669403E-003   3.9919353037840806E-003   3.8471743232923591E-003   6.2828809246354292E-003   5.5294946543394214E-003   6.5996261647627043E-003   7.5878671991430292E-003   5.6635184311483672E-003   8.5411456718000409E-003   1.1683901597391015E-002   1.4548483208905229E-002   1.9609098393413162E-002   2.7844672022553640E-002   4.0011175857647761E-002   6.3494638532323372E-002   7.9265824157341153E-002  0.16187709619147020       0.19294539687049386       0.46323116082642679       0.43538468910214612       0.52165528054124566       0.13748442900770774       0.39954594068748217        5.0335261058888116E-003  0.14664912429020321        1.2547739734269781E-002
         156  -5.2713624076283934E-004  -6.6436389602172075E-004   1.1551544271215996E-003   4.2213679139845820E-004   9.8385107253333372E-004  -1.6552717022009673E-003  -1.3863006841069341E-003   2.2343012272074744E-003  -1.5208442875520680E-003   3.9948232491386274E-004  -2.7817144522389417E-004   1.0743399941697858E-004  -1.7990005824293363E-003   5.7892466637867151E-004  -1.5228859842727588E-004   1.6929834351276827E-004  -1.8763186839366966E-003   2.0907454271160511E-003   3.6655044205744450E-003   2.2993432527404168E-003   2.4444090079979077E-003  -4.8875506918910530E-004   1.1039889237210584E-003  -1.0318182847463624E-003   9.4821103464406140E-004  -3.8961445140434895E-003   4.6474089403337037E-003   4.8866095303222933E-004   3.5250384229014121E-003  -1.4735918765200174E-003  -4.4061598005784358E-003  -8.0743182117387082E-004   7.6193262109169628E-003  -2.0230778332147852E-002   5.1652351631618926E-003  -2.3154560572068547E-003  -5.6327987404955621E-003  -2.9673528985963114E-002  -3.4508838226301546E-003  0.14213558903364792       0.15699010144466358       0.33425678467191466       0.61496920803198873       0.96681797410890036        1.4024464989681522        2.7413822431067509        3.7755565866988907        3.6637083321399917        4.3782381136887576        4.4040533506260910        4.7138375197736684        1.1766025791628376E-003   1.2124569113190794E-003   8.6429506732422698E-004   1.6904755107010631E-003   1.6209548903427218E-003   1.1923383860215383E-003   1.2947817059478545E-003   1.3922351092058253E-003   1.0043157009800715E-003   1.7216948777845908E-003   1.2463073260806107E-003   2.4838746018995793E-003   1.5997491089617191E-003   1.8750215097178588E-003   1.3316434026523936E-003   2.1756613526298643E-003   1.8542332950828883E-003   2.2888375526546045E-003   2.5923355621510049E-003   2.0001596849065890E-003   2.7539031306228335E-003   2.1364214348590809E-003   3.4868004289388254E-003   2.5403358671150125E-003   3.2121881229804626E-003   4.4445352753783090E-003   4.7857201712464296E-003   2.7576727227265627E-003   4.6693313047696779E-003   4.8848963341271935E-003   6.3133414965581567E-003   7.8939422422091548E-003   1.0384522329375289E-002   9.9985846235151506E-003   1.3693478211339897E-002   1.4773454916199883E-002   1.7772334756763715E-002   2.7192948706095350E-002   4.2119721944080056E-002   6.2515496589705441E-002   8.0040408460518020E-002  0.15792981041235388       0.19409260296159619       0.45744029805351766       0.43355141736030656       0.52165604896297657       0.13375237434807566       0.39107386016407969        4.2142862174697491E-003  0.14893701367801371        7.9596175323196801E-003
         157  -1.1767523403418425E-003   1.3332851504571661E-003  -6.5263618957640934E-005   1.2807439131692412E-003  -6.1413082004386956E-004   1.7188004828939472E-003   1.7043909761775994E-004   5.8622540014610528E-004  -2.8889250948780975E-004   7.9344293138334086E-005   3.5265140012681812E-004  -1.2414243337780754E-004  -1.6300130432543821E-003  -2.3960460787801801E-003  -1.1240551099467547E-003   1.3124774981635905E-003   2.1037173998855816E-004  -1.4658064250991915E-004   1.5562260904249158E-003   3.5704528636298109E-003   3.1907110917901707E-003   6.2118660733966925E-004   1.3479311595265050E-005  -2.5766571300827905E-003  -3.7906352518546492E-003  -1.7951273422979817E-003   2.6536325870448281E-003  -1.5731774851897270E-003   2.9207011107824370E-003   4.1765937222257861E-005   2.8717254846324708E-003   8.0843245947007496E-005   5.5521747626639069E-003  -1.5877983437954681E-002  -3.3563438732339256E-003  -1.4746206485062594E-003  -1.0054862157261059E-003  -4.1432884555035202E-002  -5.4014066253066763E-003  0.13501290243308481       0.16300162194212431       0.33879575874608997       0.62250896481724360       0.96896659988226586        1.4080580537620195        2.7464842380570258        3.7808565123937106        3.6713464104359259        4.3746599039846492        4.4026750568925879        4.7092221288758882        1.2675614787423387E-003   9.3361212857636148E-004   7.3433181250650377E-004   1.5719901637650685E-003   1.1028235452951278E-003   1.3742511429175939E-003   1.9048973853093008E-003   1.0498048384377521E-003   1.5809922811174794E-003   1.8177008288535379E-003   1.5746289929909920E-003   1.2775751031249398E-003   1.8621179981799651E-003   1.6903080729255096E-003   2.1835327741529767E-003   1.6734318605397497E-003   1.7269750580803658E-003   1.6385272784905302E-003   1.4247840016030002E-003   1.9858288532876496E-003   2.8990888001430965E-003   2.5752935982713368E-003   2.1497626766504973E-003   3.3280079922159015E-003   2.6233076506870078E-003   4.8909836564400965E-003   6.0742528835812286E-003   4.1605502132905916E-003   4.0315448306618949E-003   4.2725424724892463E-003   6.9494367629520893E-003   8.5714877828448055E-003   6.6794837184646662E-003   7.7670502242690861E-003   1.0011138824682251E-002   1.2343145025978131E-002   1.9153120173173752E-002   3.1989287174557589E-002   4.5332137235080741E-002   6.0646176424416519E-002   8.2986189417985107E-002  0.15913105871186511       0.19661618559732444       0.45496497518893225       0.43183131475601411       0.51714613248992836       0.13133015327352718       0.38029675162220661        4.2851253205255660E-003  0.15141949883186939        9.7167123860685215E-003
         158  -7.6139061138913954E-004   3.6568501024208765E-004  -5.5146078242476380E-004  -2.1934030445055965E-004  -2.6697094532037672E-004   1.0355486531376441E-003  -2.0665866901738448E-003  -3.1042215026209631E-004  -1.0775731109109248E-003   7.4277035412255899E-004   3.5250169432744387E-004  -2.2225307507443373E-004   7.9017605111400514E-004   3.1963984785732746E-004  -2.0845391561222156E-004  -2.8004015311864538E-004   5.6199616699720940E-004   2.0223913351133981E-003  -1.7840053606343321E-005  -1.5219821479554585E-003  -1.3702531823466227E-004   1.8242280014793983E-004   7.6135943586288666E-004  -2.2152297264686773E-003  -2.1135979061012557E-003  -4.0808476066150189E-003   3.0656504990655125E-003   3.6403974569968337E-003   2.9303852168585474E-003   2.6507369576105342E-003   5.5377794411244213E-003   3.1067140113519953E-003   7.7079140309673872E-003  -1.3082320466942977E-002   3.5019881752093988E-003  -4.3583933961070916E-005  -6.7402382353526965E-003  -3.9901173876441182E-002  -9.1123397963682844E-003  0.13378105682883898       0.15700518054947415       0.35089244385400525       0.63208356529005694       0.97197003251078484        1.4144593994919723        2.7520199799244902        3.7869466976970663        3.6813175445937061        4.3747615358599221        4.3992816853434267        4.7186252934848074        8.5178198782116115E-004   9.3312911620001444E-004   7.6211482087614011E-004   1.6173966274987109E-003   1.1189403528816147E-003   1.6889281868546692E-003   1.4340966523126782E-003   1.2417681220637299E-003   1.2575177369029309E-003   1.1520478692059917E-003   1.4356186796299604E-003   1.6576086912075991E-003   1.8430373991628508E-003   1.5731935220149628E-003   1.6241253663287067E-003   1.8227142818055663E-003   1.4624447462549125E-003   1.5479483417080353E-003   2.4752385960253426E-003   2.3336389712862600E-003   2.8967323660224116E-003   2.5920725005304278E-003   2.9022763954550173E-003   3.9667363476880192E-003   3.5433623931872232E-003   5.6169659652851329E-003   4.4520674505957019E-003   5.0898666092006476E-003   5.3599968047408136E-003   6.2087708717890877E-003   6.3659055995823523E-003   6.8530797947212929E-003   7.0455232581863123E-003   1.0995442817372051E-002   1.1798716095021478E-002   1.6069892386214688E-002   2.2351195469183946E-002   3.1655960388274229E-002   4.5823701307606178E-002   6.2432522287562582E-002   8.4712338718894067E-002  0.15832900488365190       0.19865626074438317       0.44781285030288465       0.43660147057773496       0.51527615723847209       0.12921862036941337       0.37035026977576124        6.6690102316288970E-003  0.15756758962748468        1.1398267246261237E-002
         159   4.9689805628158916E-004   2.7153493231425838E-004   1.2175343259786949E-003   5.0935542285410152E-004   4.5842841981721591E-004   1.5279522898628646E-003  -9.9483280331355388E-004   6.6737440255587718E-004   4.4674634868421934E-004   7.7387532409591258E-004   1.8009436661213427E-003   8.6632182574883853E-004  -1.9300338575802395E-003   8.4501702032473288E-005  -7.9387215634206640E-004   9.0809582310581675E-005  -5.7333393811021720E-004  -2.0227165131667833E-003  -7.9629272425196318E-004  -1.8524085435245856E-003   3.7317362339271448E-003   1.0429062240299677E-003   3.5023151533662271E-004  -1.9995253632982021E-003  -2.6697613943593287E-003   4.5752389334961953E-004  -4.5669710279601797E-003   6.2119191294834888E-003   4.0122518467417597E-003   3.3730833407682992E-003  -3.4436612928705232E-003   5.3870626838055779E-003   5.5596579613070686E-003  -1.1109122004218386E-003  -3.3777720243551765E-003   2.4923595543307983E-003  -9.1262358553258205E-003  -4.2190392886805678E-002  -1.6469217477454671E-002  0.13214508059911742       0.15756519336292171       0.35330304928955486       0.64567653297381278       0.97246121853976275        1.4208195784828079        2.7575760228481605        3.7929344641412697        3.6843996198334619        4.3789617833817376        4.3894529958634303        4.7172752256678780        1.1976487444963636E-003   1.3576597124042979E-003   1.6337254107817590E-003   1.0494642815623591E-003   1.1655639831257157E-003   1.2560138838145596E-003   1.2664382316673417E-003   1.3221515624981706E-003   1.9373363459107280E-003   1.4748464815569212E-003   2.0261812136687673E-003   1.2367894495700961E-003   2.4720005250325819E-003   1.6535810208120933E-003   1.5589689414876389E-003   1.5546731649738424E-003   1.4691961913988172E-003   2.3223075212495427E-003   2.0581864236455315E-003   2.5698126422590709E-003   2.6920529129229264E-003   3.7897160819085145E-003   2.7777123727614314E-003   4.1517706183018350E-003   2.9259865760734960E-003   6.3416494986145728E-003   3.3634271450619598E-003   3.5445037575080910E-003   4.8039409716389581E-003   5.1044391299186007E-003   6.0462327352643125E-003   5.8287979367543635E-003   9.2792586340898712E-003   7.9587321611185504E-003   1.2056089389928498E-002   1.7470580522957923E-002   1.9464936441126245E-002   3.3119373665486854E-002   4.5772594943521046E-002   6.3495601629445425E-002   8.5268944678051406E-002  0.15820659328790762       0.20123716227239100       0.44690770139603786       0.43317824822231910       0.51269230386245579       0.12421422396604197       0.36299375107855103        5.2330475735309105E-003  0.15917905960309436        6.0720226540989138E-003
         160   6.4381245064076852E-004   5.0413187597180779E-004  -2.0119526031041110E-004  -1.2721981997189486E-003  -2.1061989960594421E-003   1.0811285980348833E-003   3.9770311203261188E-004  -4.5444931249400403E-004  -3.9998459297643405E-004   6.5273649424999478E-004   3.7253943872407250E-004  -7.1323483386992014E-004  -8.5380028022932720E-004   2.1446293257754061E-003   6.0979474720091256E-004  -2.0792647285527697E-003   9.0721421498095127E-004   1.3947939482626590E-003   1.1445233060797719E-003   8.0369811678567709E-004   3.6986755389503338E-003  -2.6485180190587809E-003   2.7352729282833907E-003  -1.3800832373706581E-003  -3.6872872502772300E-003  -3.7549121592627094E-003  -4.4934836422016507E-003   5.3571957087843328E-003   6.6120550988530997E-003  -9.7712924353537105E-003   7.9566334783328328E-005   9.0145342191979578E-003   7.8533539560837196E-003  -1.8333725588455185E-003   2.2286746508990204E-003   1.5483395571978600E-004  -2.8206285367585729E-003  -3.7013872233452996E-002  -2.2291363217707621E-002  0.12476662601177040       0.16486238419026436       0.36292264580962785       0.65329897769952283       0.98649353689023167        1.4310023689048053        2.7678830077791234        3.8077974009945725        3.6869547811329686        4.3730732934272503        4.3915933650726657        4.7150279055181272        1.1610905669467624E-003   1.1046993760247426E-003   1.2837245529946719E-003   1.0169376777756818E-003   1.1234804827366070E-003   8.8247017627786416E-004   1.4708861016584757E-003   1.1493703606009302E-003   1.3553691564637874E-003   1.2007394869207044E-003   1.2206316897135148E-003   1.7101465917528562E-003   1.2095463298785458E-003   1.3053417840509860E-003   1.8252044127380147E-003   1.7672728624635982E-003   1.8623912123949561E-003   1.7157917824043867E-003   1.9697633055345966E-003   2.3527012951831783E-003   1.8674621530870004E-003   2.3582333417095864E-003   2.0736580121843238E-003   2.5527405479365021E-003   3.1546551541896391E-003   4.3132431687421509E-003   4.2109945725003883E-003   4.3070022007899661E-003   4.2313075122840781E-003   5.6385309118402510E-003   6.6369715855973295E-003   8.3953830410559392E-003   6.0090403013329449E-003   8.6046147223594587E-003   1.0463979157610191E-002   1.6142629739257064E-002   2.0027868084730980E-002   3.0657454293442087E-002   4.7117237958481883E-002   6.3267731727025031E-002   8.3544982592535968E-002  0.15792177633046667       0.20099511061839298       0.44768339761527060       0.42841428715025925       0.51113959622362759       0.12303669608094378       0.35768153381633533        3.4411385342069606E-003  0.15950770311789139        7.6025173165924350E-003
         161  -3.4466623988779386E-004  -1.4646337883141681E-004  -3.5393974489673674E-004   2.0540432575081871E-005   1.8549283990286348E-004   7.3161899489045188E-004   6.6907555323828373E-004   1.1730164603374336E-003  -5.5278455640326142E-004  -6.6365638417230691E-004   1.7254897878495362E-003   2.1826046844011441E-003   3.0449481573723860E-004   9.6401390437073770E-004  -1.1244974159741177E-003  -8.5053045672429950E-004  -2.3912653289157879E-003   1.8141054204468190E-003   1.9349617046843964E-004   1.6688646431090362E-003   2.5364075450317698E-003   2.3283240531291618E-003   8.7902271721321441E-004  -7.6156367866476614E-004   6.9299707364979838E-005  -6.9063938995016227E-003  -4.6384934765602353E-003   9.7943476774959917E-003   5.7430595064034149E-003  -2.3680309769641100E-003  -4.3948688505315138E-003   7.8035258833118477E-003   1.0934154778095607E-003  -7.3411563537947467E-003   8.4408316962408326E-004  -5.7150419104020798E-004  -3.6588601833191466E-003  -3.3355019805015547E-002  -1.9541699795072268E-002  0.11370439029957378       0.16765431610947712       0.36954911428683296       0.66947280162429956       0.99150695649234855        1.4448134450416128        2.7738298013649474        3.8070465890310836        3.6927489698846614        4.3752457422969808        4.3942047108041349        4.7145737772545520        1.2626443148275222E-003   1.7336420376026446E-003   1.2941053024123723E-003   9.5359394905302928E-004   1.1575876979004886E-003   1.1471681742314106E-003   1.5763829100713432E-003   1.0607981716658939E-003   1.9513418248555631E-003   1.9462148381631024E-003   1.2881423761318511E-003   1.3280482689467844E-003   2.7432597787696356E-003   1.5851706528952631E-003   2.0333269133513223E-003   1.8560766154543508E-003   1.9546858692617527E-003   1.7900683508150180E-003   2.6860981759800171E-003   2.4952765580390193E-003   1.5781186381387115E-003   3.2180837442182986E-003   3.0185300931399482E-003   2.6315865598495018E-003   3.2550419277041793E-003   4.0157237038986049E-003   3.6942696069843200E-003   3.5885744594411971E-003   5.0137218497708393E-003   4.5882440100150253E-003   5.9242511090953449E-003   6.5013373599689811E-003   6.6164147899119693E-003   8.5582820204895844E-003   1.1746041870565674E-002   1.4100473910333325E-002   1.8655172821363013E-002   3.4639156752568956E-002   4.9805135229220726E-002   6.4291558125007461E-002   8.5148992316104510E-002  0.15466421463960606       0.20345683039237858       0.44565485839945829       0.42430792831413155       0.50618263108657302       0.11951626727335608       0.34995573242100331        4.0677381439696335E-003  0.16024115629892682        7.4667319943544667E-003
         162  -6.2660194662573923E-004  -7.5209256758823465E-004   1.2959032625451791E-003  -6.9956205989508253E-004   1.4085622377231044E-003  -4.6220112941166289E-004  -1.2156529659139549E-003   3.9326703503065870E-004  -6.5104429622768668E-005  -8.5210007085300093E-004  -8.1773994830977722E-004   2.9219336865649709E-003  -2.6646848960780048E-003  -1.0411896451878681E-003   4.7576901769204734E-004   1.1700072095137894E-003  -1.6590553903342888E-003   4.9371050200158805E-004  -1.1383106012174146E-003  -9.6577119568203842E-005   2.6366114547667102E-006   1.8040282791019389E-003   5.0759921704480087E-003  -1.5187705793131244E-003  -1.7834642635166386E-003  -1.0997703882914933E-003   2.2714264076899906E-004   1.3773235426699979E-003  -1.2500690964139269E-003   2.6423977693019835E-003  -2.3043185369606275E-003   1.5340631779192235E-002   4.3764141087041745E-003  -1.1799413173214814E-002  -5.3384276898202224E-003   3.4082910921594749E-003  -2.7009001166878903E-003  -1.7974535730086838E-002  -2.5670393490095013E-002  0.10926068828363630       0.17339043378768007       0.37969863579765967       0.67619439513442958       0.99281938037897022        1.4519059591703933        2.7775624828605388        3.8058165441530325        3.6930370789381484        4.3761869045167048        4.3962229213342727        4.7189344379518081        7.8552471306255866E-004   7.8968038129510287E-004   1.0681506181674032E-003   9.8839582959530953E-004   1.4957388011765382E-003   1.4071814667662478E-003   1.3755264233014180E-003   8.5408946834240245E-004   1.9746843762185077E-003   1.6209058927286468E-003   1.8136276316328885E-003   1.2664103436511684E-003   1.7770311396319810E-003   1.5843413915759233E-003   1.6401140901838190E-003   2.6351821504662708E-003   2.1383945419068324E-003   1.9677143221420116E-003   1.6659871796127043E-003   1.7793532871538595E-003   2.0287310582884962E-003   2.5621778897616920E-003   3.4843548229742181E-003   2.6580001796485389E-003   2.7972131031205718E-003   3.4333465926046501E-003   3.9571594154277148E-003   3.9074779424848926E-003   5.3162487493342570E-003   4.4216829018018022E-003   5.7000017796429697E-003   6.8193340811247742E-003   7.9821290998350787E-003   6.8172106718784736E-003   1.3386353040181891E-002   1.5244246425312620E-002   1.7386604670546247E-002   3.1599897786125410E-002   4.7546437536979062E-002   6.1972758985708323E-002   8.4648198528143842E-002  0.15682039358619432       0.20602775946019231       0.44099186328754669       0.42083656630527566       0.50013391318673117       0.11651728905299143       0.34366407318306069        4.0200769678561329E-003  0.16338143186794324        9.4655708225732695E-003
         163  -1.0545822543310170E-004   8.3968080910039040E-004  -4.2491445938726036E-004  -1.2469759562371778E-003   5.1569403356769628E-004  -3.7803752418862313E-005  -3.0647204267520778E-004   3.7907064067783567E-004  -1.6772586855939872E-003  -1.7107323783018982E-003  -1.0291343565513923E-003  -7.3209309191873593E-004  -1.4310776714795471E-003   4.8789168138102055E-003   1.1726106203034652E-003   9.6367595136255481E-004   3.0867365497011257E-004   7.3486939231529394E-004  -2.5683119593760800E-004  -1.5425625772640165E-003   1.0996566375260609E-003   2.2238785379231490E-003  -2.5046210777634656E-003   3.4447846764004589E-004  -3.2926952919278283E-003   2.7265077721113262E-003   3.2002179185764042E-004  -6.1422037186864575E-004  -4.9303998524870577E-003   5.5002406590778201E-003  -6.8754791096674144E-004   1.2497558171546238E-002  -2.6056786257087463E-003  -1.3328109447747240E-002  -6.5514253975762892E-003   1.0632399784585606E-002  -9.1520118958217361E-003  -2.2066234215511061E-002  -2.6682647501526265E-002  0.11208575849016794       0.17034169468594029       0.38462904819421267       0.69207454736839102        1.0042163738268670        1.4644934777694516        2.7819490829500042        3.8192048780265258        3.6967112490251064        4.3802927668029650        4.3940650308845273        4.7191070560358819        1.1385316909752951E-003   1.5406818846159761E-003   1.0646749999928620E-003   1.0585551447364003E-003   8.6011374755416746E-004   1.2720599598616520E-003   1.2394694693957753E-003   8.5469166381335127E-004   1.2553384599235456E-003   1.2211429604179784E-003   1.5694663543975435E-003   2.0560130045842134E-003   1.4898528452326209E-003   1.8556221703335968E-003   2.0241188010584883E-003   1.9234903962116699E-003   1.6554470116678730E-003   3.0827035189348166E-003   2.0511672137185390E-003   1.9058773338597459E-003   2.2727079207893811E-003   2.5376917448368336E-003   2.0737877643804527E-003   2.6144754951797867E-003   2.8740313939339996E-003   3.0430438863005196E-003   4.5618366793217990E-003   4.6596370534484335E-003   4.8265003992459792E-003   4.3477091666107425E-003   6.3248381581262605E-003   3.9489681814182179E-003   6.1656662994867455E-003   8.5927541614267515E-003   1.1151620362821503E-002   1.2608938209790831E-002   1.5234105474704837E-002   3.4229359608070754E-002   4.6446565272513320E-002   6.1761615141697083E-002   8.3960128295776523E-002  0.15769420541689841       0.21434874568578380       0.43903391758743282       0.41617898732978226       0.49633436350376975       0.11273407771720977       0.33540918339445314        2.7838047166685162E-003  0.16431705109061850        7.1285681090675884E-003
         164   1.3291267965578554E-003  -9.5867190475658012E-004   7.2419906774608275E-004   3.6512359794180015E-004  -8.0580872565730896E-004  -3.0933997291301784E-004  -1.9715771097026440E-004  -9.0621824968112113E-004   5.9320411510375688E-004  -8.7356991989975125E-004   5.9327425043515700E-005   5.5953623353575954E-004  -1.3743912963804560E-004   9.7926510355616039E-004  -1.7479505880690581E-003   2.7445758247332053E-003  -2.0559351388464969E-003  -3.2958841032565017E-003   1.2919057511131171E-003  -5.7247768742869746E-004   1.6701827653220612E-003   2.0376773800905783E-003  -3.7894495975615583E-003   2.1359012434902709E-003  -3.5526198279502079E-003   5.6625782429699312E-003   1.5456710199075305E-003   3.1768754027059176E-004  -7.3275958182372593E-003   5.3291580696416948E-003  -6.2009674553630760E-004   8.1994911123501272E-003  -2.9642353709001594E-004  -1.2967110313505826E-002  -1.9133765643306426E-002   1.0970466384580595E-002  -1.2284102436354643E-002  -2.4980351462395380E-002  -3.4816736871066872E-002  0.10736906536850835       0.17073850169440385       0.39224067405246638       0.72061681701429880        1.0102680011862639        1.4670498963829104        2.7943340260154401        3.8150746448525910        3.7062871667621371        4.3712272755928003        4.3800966814804276        4.7230841173641380        1.6600811944210820E-003   1.0401630402706390E-003   8.9109899854212951E-004   1.3612790352192340E-003   8.8057673474705627E-004   1.6451529221261827E-003   2.0497071904638751E-003   1.4664651160996754E-003   1.1252762248856552E-003   1.4393809341532674E-003   1.4783081618186791E-003   1.3046406850786422E-003   1.7506088022045717E-003   1.7393300310711895E-003   1.6505949779982297E-003   2.0110573598607156E-003   2.0268507348661755E-003   2.4912871436981883E-003   1.9415976701571973E-003   2.3743421288757766E-003   1.5970725172099686E-003   3.7031019661991215E-003   3.8775021429279409E-003   2.2748968362784868E-003   2.9902869171938894E-003   4.8130054645473376E-003   4.4931913532724795E-003   4.3433547828292283E-003   4.6898425831243800E-003   5.0232362231914874E-003   7.8735676065338368E-003   4.3323818005032849E-003   6.7192026159958443E-003   7.1221953616669798E-003   8.6424538771961538E-003   1.0711255623926578E-002   1.4471966496519093E-002   3.0173124389522805E-002   4.6494228126267911E-002   6.2836041255203715E-002   8.4597155413696612E-002  0.15015807816049284       0.21537302978038544       0.43734758169762444       0.41110047688918128       0.49505587961964642       0.11835480605647287       0.32960982470135053        6.0562048639986391E-003  0.17068891962270880        6.0053931367956203E-003
         165   8.0496882868504559E-004   7.6143244763793294E-004  -2.0266516125025920E-003   3.2767259604456759E-004   1.4098269465858974E-004  -4.7181258578585749E-004  -1.5485153596788440E-004  -3.0203196694960629E-004   6.7442362027871463E-004  -1.2684651729179749E-003  -1.9293033897738092E-003   6.6545863115292534E-004   5.4624645564404172E-004   1.4062012152239198E-003  -7.7431687149504545E-004  -2.2284024406729036E-004  -3.5840025843048040E-003  -7.2077408642059007E-004  -1.5473487648758023E-003  -2.5945143381097416E-003   3.3821184518623509E-003   3.4373642509274351E-003   2.0870285642511960E-003   1.1529712276270353E-003   9.2809936624204466E-004   1.2190309272793107E-003  -4.0220911666884939E-003  -1.7689113263890874E-003  -3.2159707894204113E-003   4.0942719451815173E-003  -5.3085052149975023E-003   2.3141008113516243E-003  -5.5330851061037350E-004  -1.3069621978282710E-002  -7.1699770737953770E-003   3.4816497871878386E-003  -1.8433964580387291E-004  -1.1218286810075829E-002  -2.7840969328084764E-002  0.10049016683808296       0.17643194088742142       0.40146979650900649       0.73450375821572322        1.0169631169942790        1.4833458586187962        2.8013125524343394        3.8194238787588839        3.7190293371950878        4.3766146175604952        4.3813211312189155        4.7228420563959199        8.2752532868524348E-004   7.7102316827489675E-004   1.4711617701528895E-003   6.2886695953412149E-004   1.3528206792010459E-003   1.4557932004664530E-003   1.0117639463768295E-003   8.2480144098133847E-004   1.6223591471282378E-003   1.2293327506910686E-003   1.3270971701560236E-003   1.9851143225962696E-003   1.4253792383667732E-003   1.5657636170114261E-003   1.8982605410737747E-003   1.3248621702725079E-003   2.1181178689924827E-003   2.4423124676828398E-003   1.8652622835080405E-003   2.5102510159654163E-003   2.4810592854864195E-003   1.9385246982631314E-003   2.5226143792782445E-003   2.5631801376187449E-003   2.9990808463193921E-003   2.6110659668857998E-003   5.8442579886972641E-003   2.8628365342749243E-003   3.8274496767130082E-003   6.0782571472420546E-003   8.6766472349048482E-003   6.1840888796849715E-003   6.7112625572387976E-003   8.5090525298419459E-003   8.2197118653491025E-003   1.1362027453476050E-002   1.4962201646124256E-002   3.5009303278254293E-002   4.3077082835591370E-002   6.8607961124265371E-002   8.3148749009275824E-002  0.15072745320506659       0.21816750180621877       0.44302048069040717       0.40413130233919892       0.49328006209667735       0.11266176210788251       0.32044321823642358        4.5577369822359373E-003  0.17011039187515029        7.8374024378338805E-003
         166   1.4187263581907879E-003   6.8587084565278379E-004  -9.7759887032479367E-004  -2.3426114617059699E-004  -2.2321731617447514E-004  -5.3385287266845922E-004   2.6027668659424591E-004   2.3816932358080613E-004  -1.0437633311247152E-003  -1.9428266720731141E-003  -9.8395105391295553E-004   1.3720436322955603E-004   4.0406293412741855E-004  -4.5565055278645299E-004  -5.0020133995422548E-003  -5.1991360562808370E-004  -5.5188378016489230E-004  -1.0122960140571948E-003   1.0163683709665770E-003  -7.8915333813027054E-004   1.2688536144151738E-003  -8.4707604938572001E-004  -3.1096867466289106E-003   2.0887142588586773E-003  -5.8674819731863092E-003   1.5741318908978330E-003  -5.4823440698454915E-003  -1.8543385833530957E-003   9.8317964458917895E-004   2.2996327077584242E-003  -2.7339651832207572E-003   4.2051248608084308E-003  -4.7239853231825684E-003  -1.1015042868152880E-002  -8.6264585371388612E-003   1.5422212930403130E-003  -2.8204036435556059E-003  -7.0771273022356123E-003  -2.7430438565530492E-002  0.10356584853896651       0.17316020257252335       0.40907563444088996       0.75065217384728322        1.0177650067926920        1.4899178315403163        2.8138264603552501        3.8120254043889941        3.7293157016747172        4.3758278797431442        4.3850256265794645        4.7230625510321413        1.1278652252511400E-003   1.2033971420604074E-003   1.2734215047720458E-003   1.4747907236861272E-003   1.2951696432058340E-003   1.0587672306342415E-003   1.5404679950130451E-003   1.1907158882159057E-003   1.1966471166782152E-003   1.3530933806401102E-003   2.0887926183331598E-003   1.2979815574970955E-003   1.4480542290992017E-003   1.5750398810604369E-003   2.5312173461587125E-003   2.1368304230207020E-003   2.0372149135940041E-003   1.9163434899739603E-003   1.8994383843179133E-003   2.6608235867015941E-003   2.6561911586221593E-003   3.0714744302977170E-003   2.7406096162030367E-003   2.5444339449448416E-003   1.8728654013235970E-003   3.2885572354595066E-003   5.7104095517920639E-003   3.9841915732640029E-003   4.2996549679948171E-003   5.6495598814688104E-003   7.2210792584551107E-003   4.6834176037728013E-003   7.6350353362959521E-003   9.2187615549046541E-003   9.7282083215145740E-003   1.2350893120953473E-002   1.4723896789551553E-002   3.5824654132294458E-002   4.1389231802593476E-002   6.2567374413260338E-002   8.3684747484113822E-002  0.14814424802990492       0.21941485669348795       0.44179916859129587       0.39928177883760507       0.48709752315518084       0.11075103613312776       0.31493947295074015        4.5213264969678375E-003  0.17268045513814639        5.1513772522075599E-003
         167   1.7665865217812908E-004   1.0597801189146730E-003  -6.7305783201939968E-004  -1.1809771755788277E-004  -4.8246774065132433E-004  -9.0054570669537788E-004   8.2474169871390253E-004  -9.2656231693092901E-004  -1.7019789743810590E-003  -9.3104444965788136E-004  -9.5248646892691499E-004  -1.8947800312129200E-005  -5.0630158582511174E-004  -1.7388017003817952E-003  -4.4527304149702546E-003  -3.0762804892691844E-003  -2.2216502287236138E-003  -2.6452987734531834E-003  -1.1345358041418389E-003  -3.9324272997399962E-004   1.1809398960121833E-003  -5.0964728830716240E-003  -2.8682251664502319E-003   1.7001649122743369E-003  -1.4716328110296515E-003   1.8565514306873798E-003  -4.2764353350417750E-003  -2.4178603926516594E-003   7.8473570492191549E-004   4.0131121298714496E-003   2.7181744925117617E-003   9.9377980165198565E-004   8.3700297289763810E-004  -9.5542455401829950E-003  -1.2673807172673881E-002   6.0661320036546756E-003  -3.0552821828551267E-003  -6.8827784699856918E-003  -3.3057377712276251E-002  0.10885059350114581       0.18015974287360134       0.41461726438868091       0.75376710994780816        1.0224260148685063        1.5062541091290269        2.8182955547946391        3.8118132578524322        3.7360697892802412        4.3796345082062613        4.3830284024428217        4.7224790475798164        1.2393595040971921E-003   1.0344609676344774E-003   1.4131100796214607E-003   1.8453390725669489E-003   2.2545900978112078E-003   9.0551024332646368E-004   9.6871802897332236E-004   1.6511959075381887E-003   1.1279842608869709E-003   9.4467207302355912E-004   1.3570160825660811E-003   1.3323732248461161E-003   2.1327214620495321E-003   1.3940744967674496E-003   1.3763055346105550E-003   1.8411576939032946E-003   1.5077312650001238E-003   2.0834449741964690E-003   2.5945076019074807E-003   1.8436044310570132E-003   1.8071466611960397E-003   4.1867161188509725E-003   4.0067024451331239E-003   2.1557801959986760E-003   3.2769608119150172E-003   3.1255893013850131E-003   6.3680187799156022E-003   3.2707420177199836E-003   5.4469128877002370E-003   6.6437057522500563E-003   5.2965415526588441E-003   4.5719530825465912E-003   6.4622149276066373E-003   8.0114046749093400E-003   9.0111104449540538E-003   1.3521798087033887E-002   1.5649433789329311E-002   3.4113416400840965E-002   4.0357572693365831E-002   6.2077811961317397E-002   8.2430873831835533E-002  0.14921381128940073       0.22633165123129159       0.43884540344728207       0.39012525524554281       0.48176536205874632       0.10860081899724754       0.30812957057277435        4.9562652854619523E-003  0.17153290111495331        5.2942953119976587E-003
         168   1.6727053421947306E-004   2.5399549512135355E-004  -4.3403986272610447E-004  -5.5916647896934828E-004  -4.7422003725361287E-004  -1.7320911476854666E-003   2.1509504471487139E-003   1.1971998765400893E-003   7.6936774931879741E-004  -1.3171723691208584E-004   1.1727762289342099E-003   5.8375150306593101E-004   1.0353366476431038E-003   6.4369688058858190E-004  -6.9671491630241228E-005  -1.9196017012880846E-003  -1.7135188288042841E-003  -8.4994540591898599E-004  -8.1943098785229422E-004   3.5569976424472355E-005   1.3606347547635309E-003  -3.5182197430472387E-003   1.4323316389456752E-003  -1.2815848309371783E-003  -3.1024046453684644E-003   9.6042670605254662E-004   4.6629869960009522E-004  -3.4377906254532483E-003   1.4689283736916104E-003   4.4585626118730497E-004   4.1618871728090426E-003  -8.8094697571551063E-004   6.6606747435486212E-003  -8.7853138301795097E-003  -1.4556123987721100E-002   6.0959296517589965E-003  -8.1847567334091664E-003   1.0979838229054998E-002  -3.1826178383111775E-002   9.9859349423622748E-002  0.18206500554148425       0.41836326845592475       0.77348157622588098        1.0287680329541760        1.5223654145984808        2.8225426317599536        3.8124950239998316        3.7371377104239154        4.3750942619159012        4.3833321900305462        4.7235826603715250        8.2068054772756215E-004   1.2991586630071135E-003   1.6024258579340974E-003   9.7935138719440311E-004   1.1546814305307819E-003   1.0932298344902729E-003   1.9397967193349748E-003   1.5240939557839750E-003   1.9675476741417702E-003   1.6082314823200065E-003   1.5258372586864598E-003   1.3976069385347968E-003   1.8593630499984866E-003   1.4775931113847084E-003   2.5780398980459643E-003   1.8733711057084121E-003   1.5675840372741216E-003   2.7576450259844667E-003   2.2144963320071681E-003   2.5359282210955822E-003   1.9691044579773940E-003   3.8048256347725296E-003   4.0709886820475393E-003   3.0283535769789643E-003   4.1128755067869616E-003   3.7006105714925148E-003   5.8411324254630092E-003   3.2353350785355520E-003   6.2473278175206280E-003   4.9633624026409239E-003   5.5054741003627092E-003   5.6370175642401323E-003   8.8305069738368776E-003   1.1010699220943202E-002   1.0238625832122089E-002   1.3801584289316823E-002   1.6337734780000349E-002   3.3487690061521982E-002   4.0187981598874767E-002   6.2939331516087285E-002   8.3310679119292574E-002  0.14650090609198491       0.22858219030382865       0.43806001672497202       0.38581158483667999       0.48151749291038276       0.11069341828222128       0.30033358160351181        5.8776798705886275E-003  0.16819817123918840        9.2528132977625563E-003
         169  -1.0422560055072925E-004  -8.5979113551385781E-005   2.7089628411699161E-004  -1.0294634163670084E-003  -3.0165409936626436E-005   1.1978982964808817E-003   1.8008794335319788E-004   6.4829985170858015E-004  -2.4964612221447575E-004   1.8323647701600646E-003  -8.6017983451128341E-004   8.3827191787827515E-004  -1.0702160223357171E-006   8.9641208240630354E-004   4.5284717924890260E-004  -1.0531960120574670E-003  -2.5557076234513946E-003   1.6313216734019996E-003  -6.1033827088448984E-004  -1.4486139304620358E-003   3.0594797543982465E-003  -2.0423443564964107E-003   7.3856489657634131E-004  -8.1496531745465703E-004   1.7538072386664980E-004  -7.4062937160403067E-004   1.9425028794927970E-003  -6.4504210335891484E-003  -2.9979390497953339E-003   1.5996350631316053E-003   2.6556225344915784E-003   1.0626561327212237E-003  -2.3128175774183766E-003   2.7142601228916413E-003   1.2339276855830260E-005   8.3017815835230106E-003   1.2726571876307778E-003   7.5627168601742015E-003  -2.7843925563321433E-002  0.10451009382364471       0.19137289103547936       0.41525006447691098       0.78879467193282016        1.0316942898430135        1.5255618083660094        2.8319728651288449        3.8171453321561182        3.7440276379414454        4.3708101251121088        4.3867074926167584        4.7227836815067032        1.5990986881542608E-003   1.3062229386309973E-003   1.1100064256796445E-003   6.7128479558241361E-004   1.3747238125149427E-003   1.2825067029927511E-003   1.0020315629290673E-003   1.2324528595668634E-003   1.8718339027748068E-003   1.4148933326313467E-003   2.0280539737484579E-003   1.3061994839477324E-003   1.3204828107415347E-003   9.9680950688272175E-004   1.4573573047508503E-003   1.0564393801683026E-003   1.9435840889236921E-003   2.0531662266600600E-003   1.8459809128826762E-003   2.6731184071925583E-003   3.2418420599502605E-003   3.4483196488676224E-003   4.1658571857989277E-003   3.4372678160760491E-003   4.5778876249203794E-003   6.0001867796294324E-003   5.0127661501694013E-003   4.0102038746339793E-003   5.3504218708343865E-003   7.3950058398610094E-003   6.2101795017113215E-003   7.0879338788543272E-003   9.1147924940077219E-003   1.0923460865373717E-002   1.0950843971284494E-002   1.2360951044333516E-002   1.6543986127142963E-002   3.3038203022843625E-002   3.9403220074955510E-002   6.3662988177702370E-002   8.3005542569963259E-002  0.14774456724574872       0.22768784910231740       0.43756331881552935       0.38094708359874174       0.47643894749518817       0.10368406502677685       0.29955920538123149        4.9663355288048086E-003  0.16942205785783052        6.5012081272538252E-003
         170   4.9554871077273511E-005   5.0350273084638056E-004   7.3523255693960961E-004   7.8775697646037797E-004   1.8987999382770441E-004  -1.0070452321838557E-003   1.5699214725717252E-003   7.9048212976168763E-004  -7.3041145452398793E-004   6.2549975578355158E-004   1.2253204523149741E-003   9.2541180494032718E-004   1.4171478472805571E-004  -9.4365614000937385E-004  -1.2501172036924596E-004   1.7106611354341223E-003  -2.1663339729840812E-003   2.4726478256132956E-004  -1.4818248343541227E-004  -2.9099018728564355E-003   1.8931768552833269E-003  -2.8653608317525158E-003   6.6989482217230732E-004   1.6555078365872672E-003  -6.1928191935175212E-004   2.4251310342159869E-003  -1.2471419899267263E-003  -2.5224326295089712E-003  -1.7916449686917256E-003   3.5183599874061026E-003  -1.5650095215435591E-004  -3.3908691540849713E-003  -2.1310333027838834E-005  -1.8878288629443816E-003   5.4215267639196067E-003   1.0637894529612148E-002   5.0771871177928141E-003   1.9196835517588046E-003  -3.0507129138562180E-002   9.9277801098245397E-002  0.20343488738791285       0.42764150850291588       0.79825545146265997        1.0392006366503024        1.5307711085588405        2.8393714336639260        3.8155594835256870        3.7462639641380329        4.3698189636278171        4.3921556518429901        4.7131341746173652        1.0766741432856870E-003   1.3653338490287300E-003   1.0190559261946137E-003   1.1331086908219230E-003   1.3765613237823073E-003   1.1143853714893712E-003   1.3758454098502309E-003   1.0165115748510540E-003   8.9218490334861441E-004   1.6011150874805052E-003   2.8616966138749738E-003   1.1761375534143611E-003   1.3347046760084317E-003   2.2927287744843486E-003   1.2739518824993119E-003   1.9557725119890316E-003   1.2893423218014936E-003   2.2687264320396974E-003   2.8974835831883181E-003   2.4399570875558402E-003   2.6587522064753567E-003   2.0953610290632349E-003   2.4168231348789429E-003   2.8378140845724698E-003   2.8928708268020067E-003   4.0079692520592156E-003   4.2690011045950728E-003   4.3548435899429874E-003   5.4561046988173571E-003   6.9514025253177899E-003   4.3216350412249834E-003   6.4088826493893586E-003   8.1107573921474982E-003   1.0344719587253437E-002   9.5068479695389150E-003   1.1488437962292087E-002   1.7422263709148639E-002   3.3101980336245451E-002   4.1115253190671851E-002   6.6779963312540991E-002   8.4085077914271167E-002  0.14416689118427076       0.23186967755399535       0.43995328298512509       0.37745815394389409       0.47477890851003718       0.10413388527972357       0.29260783374835497        4.8567442871420763E-003  0.16472129230422419        8.8801412407333562E-003
         171   1.8859031508306940E-003   7.0967391711538480E-004  -6.3486280021173480E-004   7.8026007674920862E-004   1.6225867312070592E-003  -1.9184646456565587E-004   1.2500975415930212E-003   4.6070036940071805E-004   4.3790150725587850E-004   5.4354686852168567E-004  -1.9907956737575203E-003  -1.0257536394658916E-003   8.3807800625995872E-004   3.0182256059292412E-004  -1.0194053443702846E-003   2.5203209239431893E-003   4.9256179820491204E-005  -4.0941205020718536E-004   9.1640704138995927E-005  -2.6494650212678405E-003   2.2870365963382376E-003  -2.0307401950136706E-003   1.8727908567239735E-003  -1.3174487712688939E-003  -1.1426863193315154E-003   6.9079710962961229E-004   3.6434431804272071E-003  -1.9968945392876310E-003  -1.0994754129489246E-004   1.6815832701059681E-004   4.0361059539917440E-003   1.1484104893354830E-003  -1.6819667695703246E-003   3.5029908134465550E-003   5.6319308369166456E-003   6.6099837357793383E-003   1.1610302636229194E-002   4.5410340522034371E-003  -2.9601598358668695E-002   9.4543196579214242E-002  0.20615784626230954       0.43309534104212977       0.80889414595308584        1.0540499621854726        1.5377054426773580        2.8411557256194184        3.8212750729070581        3.7607388340710179        4.3749134425714811        4.3944669113280526        4.7074817499130495        1.3318648839721081E-003   9.9313556402896830E-004   1.2190317975263256E-003   1.0405573949340248E-003   2.0163605132212182E-003   1.0656605682881409E-003   1.4746438993941714E-003   1.2479612016855325E-003   1.3541153065348946E-003   1.5784969728576707E-003   2.0639903015968949E-003   1.3036904630315594E-003   1.3565030413137697E-003   1.6378660527200997E-003   1.8966184958902029E-003   1.7247670315838901E-003   1.4763510789864859E-003   2.2820600428929967E-003   4.2804334929137638E-003   2.5357684694260782E-003   2.9245017610591015E-003   2.7354123574658486E-003   1.9049367031980886E-003   2.4899982584228970E-003   3.0717760372873338E-003   3.5978647834809629E-003   5.2319272368479951E-003   3.4703363641933045E-003   4.7603282382122220E-003   7.1948768933020610E-003   5.2233632465099921E-003   7.0901813625302550E-003   7.3261776351351317E-003   1.0547864850838310E-002   1.2157927726401969E-002   1.4728305427511548E-002   1.6621559780497355E-002   3.4300319904071543E-002   3.9792710860653009E-002   6.7129592038777747E-002   8.5916113082240106E-002  0.14644072935027383       0.23217570991951958       0.43973913736312797       0.37009698075771863       0.47216712463597449       0.10528369890983912       0.28823913236871945        4.9191588604773819E-003  0.16462807701838358        1.0129160308186960E-002
         172   4.9709150231994984E-005  -6.5654033630402570E-004  -2.4898308188833333E-003  -1.1413978803399585E-004  -1.1580521161610124E-003  -2.2538821109874054E-004  -5.0782021273547678E-005  -1.4313670566316247E-003  -8.3597557974971501E-004   1.8475991988481193E-004   1.0024268034149783E-003  -2.0396170038567570E-003  -1.9607727383786052E-003   2.4935780434951443E-003   1.3218363876815681E-003   2.7834903553615826E-003  -3.0416792153733210E-003  -2.4137864945701713E-004  -2.2060443023506704E-003   1.6732464255995769E-004   7.9643708074447677E-005  -3.1220096433863640E-003   2.9084503240992248E-003   3.6424004454457806E-003  -3.6039333626303959E-003   2.5990658235619801E-003   2.1520722326312277E-003   1.4458615557254332E-003   1.1356420424032886E-003  -2.8807686877573820E-003   6.6741337415583189E-005   1.5157713508801068E-003  -1.1375397942751965E-003  -5.2310170616859369E-003   4.5958538933372145E-003   4.6846161975254812E-003   3.3993830604739997E-003  -5.0540962238357584E-004  -3.8439022126677665E-002   9.3570512946842654E-002  0.20938464158026282       0.43777906969519531       0.83119716539333000        1.0655309168533720        1.5494191615018038        2.8495768249912885        3.8227776727699103        3.7651838135705851        4.3759420055192821        4.3983914821841932        4.7071410278546990        1.0256882739995751E-003   9.4763908771052169E-004   9.4565362978219641E-004   1.1771447580913199E-003   1.5494981048866346E-003   1.5699116887673934E-003   1.9115933656482409E-003   1.5505143240890126E-003   2.0992077965989822E-003   1.0588750624341702E-003   1.1835403195241427E-003   1.3180448224039626E-003   1.0073670729304316E-003   1.4222513947419666E-003   1.8661941964840684E-003   1.9555180073877990E-003   1.9899155191102809E-003   1.5662907688471699E-003   3.4784044195420244E-003   1.7394590512513784E-003   3.2704302101207619E-003   2.5766416273691481E-003   2.1492148036924038E-003   2.3861836307018320E-003   3.2539228221508802E-003   3.3013855161896891E-003   3.6413174375611200E-003   5.7231830609300247E-003   5.1746413636079760E-003   3.4843410132698741E-003   6.3391322417708385E-003   7.9101884655627119E-003   7.1051225874602638E-003   1.2293716768131478E-002   1.2602453345577533E-002   1.6546605593666927E-002   1.4559977742554450E-002   2.9423560353820325E-002   3.8900897026982566E-002   6.7454883366260696E-002   8.7014861307231267E-002  0.14416160755688923       0.23339519927855637       0.43784508196953242       0.36555483792533294       0.46808958935785266        9.7969038060790589E-002  0.28394355876480432        5.0016536329037398E-003  0.15806217244236731        1.1352972497785399E-002
         173   8.4074639316209746E-004   8.0489460114282357E-004  -7.4884353779838765E-004  -3.8381974688433810E-004   2.5297678682890929E-004   1.2703186835054982E-003   8.1856460614446516E-004  -3.7644400861425611E-005  -7.9394880378194643E-004  -2.8014015014585910E-003   1.7113772409596446E-003  -6.0737584962703838E-004  -4.6963807035204313E-004  -4.2030443939768499E-004   3.5321281688274194E-004   1.7054263728172588E-004  -7.2955137542004829E-004  -1.4587504036816721E-004  -5.3680380374069398E-004  -3.0871416588546309E-003   2.2748708068024053E-003  -3.6467706387901333E-003   1.5797540978288834E-004   7.8845735645603277E-004  -7.7190183991628178E-004   2.0632894834183425E-003   6.5477305640699738E-003  -1.0860533687473569E-003   4.1368822276708023E-004  -5.7878027471024651E-004   2.6887478019374609E-003  -3.2140189057832105E-003   9.2997373499266011E-004   2.7841646438561897E-003   6.5316795584703345E-003   5.8857821957838691E-003  -2.6091266700162753E-003   1.1760361853099916E-003  -4.0072931576579846E-002   9.8355435882882175E-002  0.21847241131756864       0.44383986129944392       0.84885473470805362        1.0826264708495121        1.5541172322239780        2.8483932912546948        3.8217895576944163        3.7787711568475353        4.3787435173714835        4.4009446991329089        4.7071027330503936        9.0066041118404868E-004   9.2112128221263380E-004   7.5274995285284810E-004   8.5691200356685117E-004   8.9361072857755037E-004   1.4239916856382700E-003   1.4362963815122715E-003   1.1741924957829203E-003   1.4361504320233177E-003   1.3590946437956920E-003   1.0457302530358060E-003   1.3936814059327968E-003   1.5475020076221547E-003   1.6595139456799907E-003   1.8951397378158138E-003   1.8389436430101601E-003   1.3708779686176051E-003   1.2288690923165286E-003   1.7117323209503666E-003   1.8337483268153151E-003   2.3577176170039775E-003   1.9066816525881811E-003   2.7702265261518246E-003   3.1504492573536861E-003   2.8771952128756467E-003   4.6042933302050167E-003   4.4124540551314512E-003   5.3986174655969235E-003   5.3155308001610778E-003   6.1240666155600032E-003   8.1660590736218827E-003   6.8603020461910922E-003   6.5575365015101269E-003   1.4262069744275210E-002   1.2029064607919764E-002   1.8094326219174537E-002   1.5028203862593056E-002   3.2865097726594635E-002   3.8220359008709577E-002   6.4648703836140617E-002   8.6506370125863513E-002  0.13886100977554944       0.23143735212204197       0.43458770094191174       0.36193229595256016       0.46563924214754027        9.5095661262703565E-002  0.27590852336049015        3.7496768723037349E-003  0.15573093203405114        1.1312786242920673E-002
         174   1.1959632351434377E-003   6.3327587400219157E-004  -8.3642071295562129E-005  -1.8047949354778974E-003  -1.3029600241919652E-003  -1.2206476848097686E-003  -1.0724331237594933E-003   1.5207709013451247E-003  -8.6941905143301721E-005   7.7796773290706074E-004   5.9709096680987618E-004  -1.2120861134190724E-004  -1.0169208231909563E-004   3.4093560354368422E-004  -9.4019117275612814E-004   2.3583888323323058E-003  -8.5589043680463033E-004  -9.7416224450415942E-004   2.8104763842499644E-003  -2.7245150028517265E-003   4.8380102212853843E-003  -2.5314507300034346E-003   5.4810748141342989E-003   1.7269186800553131E-003  -2.8417008925261671E-003  -4.2576010057874484E-003   4.3630238645962277E-003  -1.7129833645883922E-003  -1.0714250660422894E-004  -6.2381914209616567E-003   3.6041338800171575E-003  -4.8540573351549968E-003  -2.5123144908229282E-003   1.1432835808001918E-002   2.3186197323324157E-003   1.4376311482833229E-002   2.1671433673689090E-003   1.5145269831611796E-004  -3.9384224725351448E-002   9.3707050695307756E-002  0.22706127700769094       0.46142341580829993       0.85708786753017041        1.0835053461665292        1.5642536902334927        2.8532486166640454        3.8333089955134612        3.7837021244351323        4.3709933833381323        4.4078002520533515        4.7119429036432612        9.3685999659197307E-004   8.7828506345770342E-004   8.2766964959496577E-004   1.3217858993231847E-003   1.2108921157971103E-003   1.4938262248846142E-003   1.1025403350019801E-003   1.2312235112386892E-003   2.1100286353096043E-003   1.2032314843633428E-003   1.2366176892658345E-003   1.5648744839724599E-003   1.6591487360511053E-003   1.4717756169195910E-003   1.2607166254654427E-003   1.7494256144747092E-003   1.3466296808479108E-003   1.6266033191209023E-003   2.5629927034413178E-003   3.1521351210641695E-003   2.8548489892804038E-003   2.4475668136268603E-003   3.0921385851236200E-003   2.8290234405127118E-003   2.9997591716339022E-003   4.2133473704491020E-003   4.6358945804513413E-003   4.4329322198055736E-003   3.6063392286108365E-003   4.6563058212194287E-003   6.3334361866672923E-003   7.7178649221841733E-003   5.1424963622931233E-003   1.2366527012081166E-002   1.4603752356867129E-002   1.6397604148454346E-002   1.4280968687046156E-002   3.1781241721459519E-002   3.7914422252671942E-002   5.9540485088155182E-002   9.4031169751053190E-002  0.13565506139171216       0.23241480440799203       0.43162009241967586       0.34852295020676149       0.45830348792844405        9.1057372299313169E-002  0.27134816343331952        2.7690191306636663E-003  0.14742680889538790        1.1416770980647167E-002
         175   1.4500663470164141E-004  -1.1743855737978794E-004   1.3901590669913241E-003  -2.8672725632386992E-004   2.3229384592118044E-004  -5.8053046820697926E-004  -7.4279896586584349E-004  -5.4642978862789505E-006   2.1452298584479465E-005   5.9885746408495574E-004  -1.2045633251669588E-003   1.2540886945595523E-004  -1.4243445562314991E-003   4.6757701928710831E-004  -1.1266648850904110E-003   3.8956929897995026E-004  -2.0713806592516026E-004  -5.6284365239244003E-004  -9.0248499483690573E-004  -5.4957341672904106E-004   4.7934585615809662E-003   1.5160236079427430E-003  -8.6673728467111797E-004  -3.2521862027898286E-003   1.3925477394954866E-003  -2.5036663591048451E-003  -1.0932559819191870E-003   3.7790089492503432E-003   3.6459608176648397E-003  -7.7635753282087406E-003   1.8807275729716578E-003  -6.7631622085751061E-004  -6.9876634634433426E-003   7.9037312844178562E-003   2.4083599079045659E-003   1.5893045023415372E-002  -1.6263055645320869E-003   4.1030214558010715E-003  -2.7485138109840889E-002   9.7649240411650309E-002  0.23132318546686298       0.46471838044989294       0.86008724834464467        1.0962212297032932        1.5744778578249456        2.8632838255463566        3.8321621002261446        3.7927727511870262        4.3725907665630119        4.4114202554127822        4.7072949551747447        6.1962084936152716E-004   1.1947821385318281E-003   7.3243599841810517E-004   1.1970089086670019E-003   8.7699810121232458E-004   1.2719735627039466E-003   1.2059771552924475E-003   2.1711744151733789E-003   1.4292235317149833E-003   1.4283525316991228E-003   1.3213613655950261E-003   2.0864252812892409E-003   2.5405768470518971E-003   1.8886817614838986E-003   1.6893543771720350E-003   2.2677935714748116E-003   2.6955356921597017E-003   1.5752016546590627E-003   1.6882584564844477E-003   3.2152537960387678E-003   1.9775802404056316E-003   2.5264343260756081E-003   2.7761629882376610E-003   2.9166188567491340E-003   3.1014299695737851E-003   3.7687324816449061E-003   3.8372884140262346E-003   3.7335946377858890E-003   3.8202365392960725E-003   4.1552536762604741E-003   7.9486925446824175E-003   8.4097802182428582E-003   6.3574675723201707E-003   1.0020420106048243E-002   1.2523069379466494E-002   1.1549856283867763E-002   1.3396471195154797E-002   3.0060362421744573E-002   3.8420667438281902E-002   6.1303176296129157E-002   9.7859372985820509E-002  0.12981068491871858       0.23333127105954923       0.42913848994589587       0.34205275158724197       0.45606997456342901        8.8678476379774024E-002  0.26356296840456545        4.3477406610853645E-003  0.14032055383259487        1.3179550712505941E-002
         176   6.7867647190976703E-004   1.6023847346322077E-004  -2.9956308310152689E-004  -5.5469152506644524E-004  -3.2970381824821868E-004   1.1665392130535884E-004  -1.1271086147009166E-003  -8.4278072832354865E-006   4.2324899896941921E-004   2.7719507322487365E-003   6.5245928905858033E-004  -8.2061715545966559E-004  -2.1301239058679521E-003  -1.0463682012534748E-003   2.0334453078029988E-003   5.8304456102762270E-004   3.9035129530265444E-004  -9.7652752937515681E-004  -1.0479511054894120E-003   2.8835466490312507E-004   1.2406939125914551E-003  -4.7918576607002315E-004  -6.4543345786026917E-004   9.2366111072648797E-004  -2.7473501978368120E-003  -1.1995115024732500E-003  -5.1437464347949069E-003   2.5227196253529297E-003   1.9967766875835915E-004  -7.2719384656640554E-003  -2.2354115120387873E-003   4.6493714474934462E-003  -5.7114221326363991E-003   3.8085866214453432E-003   2.7977613644040822E-003   1.5186483682844931E-002   3.7788037249446450E-003  -1.0616726527216615E-003  -2.5595141754102432E-002  0.10811733895239414       0.24547253632540914       0.47679661467012541       0.87438426642655986        1.1021259987150016        1.5877770623283751        2.8755245103715672        3.8286234551342222        3.7999398309243104        4.3737212737433655        4.4205435671551614        4.7028633393501176        1.0516218650580770E-003   1.2005006474647396E-003   8.9127189086879205E-004   1.2900839334109117E-003   1.1297695693797067E-003   1.9513046700669792E-003   1.8438880459128184E-003   1.3214863708519561E-003   1.1362985422212924E-003   1.4959915186745793E-003   1.8296909146325387E-003   1.1472222879959004E-003   1.8603774443317030E-003   2.4029181632291715E-003   1.7951934594787359E-003   1.8892664841847100E-003   1.9823403851478931E-003   3.0385812207379291E-003   2.8867905258894004E-003   2.1773084213042864E-003   2.6734154903699965E-003   3.0795195009053261E-003   2.8754974088239216E-003   4.1967811497227343E-003   2.1717531420184940E-003   2.8477174419382608E-003   3.4488562124354179E-003   4.5018607158651674E-003   4.1302533127240710E-003   5.2306952804689671E-003   6.3863866034158858E-003   6.3829937069294811E-003   9.0829820894247244E-003   1.1297054652595690E-002   1.4614294854009406E-002   1.2292447946362887E-002   1.2599968582039189E-002   2.7462228019293617E-002   3.8597752433264590E-002   6.1419802662278894E-002   9.8315236277183096E-002  0.12666348941649055       0.23117554794665918       0.42925034538614676       0.33776980198500844       0.45443749541483358        8.5552222758080707E-002  0.25695644508763860        3.6755841196836974E-003  0.13615061800843603        1.4378619351046689E-002
         177  -1.5327701927979521E-004  -1.5870493312303386E-004  -8.2027631938010081E-004  -7.1856493008890356E-004  -1.3186685890711287E-003   8.1264101507646340E-006   3.0890482805240392E-004   4.6414486116533397E-004   6.2084049536692608E-004   3.1263565798005178E-003   2.8151772988719350E-004   1.5152455769903552E-003  -1.5960943423422849E-003   1.8782954107789514E-004   1.7187033295414584E-003   1.6059414602491301E-003  -1.5840067741624139E-003   1.3455010060933197E-003  -3.2192082805760817E-004   3.9786422446742826E-004  -2.1587632402367807E-003   2.2853187892844574E-003   2.3190888005672873E-003   4.8386896727389602E-003   1.1483429353409164E-003   1.6730371632201575E-003  -6.0651445752320744E-003   4.9998973076763285E-003  -9.7672628114995035E-004  -3.6778831909782522E-003   7.8945138418991621E-003  -3.2782057352592807E-003   3.4358991594328893E-004   6.3915516205210248E-003  -9.2988967570114113E-004   1.5312091436639823E-002  -1.6752413116363056E-003  -6.9917236682224774E-003  -2.9907421708150164E-002  0.10627055995007890       0.24811464560905708       0.49206391743080702       0.88286430336207800        1.1159446377523841        1.6115705518547057        2.8777076689100269        3.8245994513208807        3.8049418517164013        4.3729758345752838        4.4307927040134443        4.7005965039973470        9.4810292198861223E-004   9.5369083322115222E-004   1.0890196666772699E-003   1.4451880392550430E-003   1.5223946452320833E-003   1.3456813306522372E-003   1.4432600874401632E-003   1.0956640486065336E-003   1.4754595715911361E-003   1.4787472494676027E-003   1.2402896115476830E-003   1.4620559100172177E-003   1.2082780285771432E-003   2.1172998405808870E-003   1.2980860868039932E-003   2.2934706791922078E-003   2.7404609907508500E-003   2.5626446651886826E-003   2.4173440372478490E-003   2.5356981457804397E-003   4.1405151744140943E-003   2.7537384162413026E-003   2.9367418436634998E-003   3.5361972474117868E-003   2.6456464745581161E-003   2.5741449383506359E-003   2.7551563098786266E-003   4.2352078979806269E-003   5.6069230625770813E-003   6.9931569849389537E-003   5.5093728356521354E-003   5.0707062778993783E-003   8.5244391728371283E-003   1.2354986659335673E-002   1.5946497873640594E-002   1.4499277944170282E-002   1.0826861396863629E-002   2.5376299599983033E-002   3.9685898643050839E-002   6.3362281497282444E-002   9.9583547590071028E-002  0.12395543916698540       0.23100329930305111       0.42774203430963659       0.33181342129024766       0.45071697483979745        8.5900119948628478E-002  0.25331828320999467        5.2597199994457375E-003  0.12789210423499534        1.1575128636375743E-002
         178  -1.8809746895444592E-003  -1.3240043482643385E-003  -7.3611595553965833E-004   6.1163663806961313E-004   1.7202078288958132E-003  -8.2036344627603377E-004  -1.2198098402563709E-003   7.2792708737937084E-004   8.9114522160555962E-004   1.5665173743879160E-003   1.6210038681203083E-003   1.7691433641648761E-003  -9.2153518103570847E-004  -1.3739794855807804E-003   9.3004777360248842E-004   8.8623505123999968E-005  -4.6035244834430767E-003   1.7399211233702268E-003  -3.5531298690576928E-004  -1.4212480424812652E-003   1.1197762717210934E-003   4.1600465881571468E-003   4.3280608147373435E-003   4.1878748833331404E-003   1.8953793805368780E-003   2.6459738663228752E-003  -6.5794757106815540E-003   9.4746339010986559E-004  -4.3776428826210070E-004  -5.5862278883019719E-003   3.0494117174916864E-003  -3.2154232413554437E-003   1.3736073250967902E-003   1.3069389010114923E-003  -4.7676108357831972E-003   8.6760301627904039E-003  -4.1521697857282523E-003  -5.7277548674562490E-003  -2.8885915736591959E-002  0.10629959887475403       0.25821783782044688       0.50514218022522062       0.89132077508636953        1.1366450761771949        1.6214624078836584        2.8795233719345164        3.8329729015245841        3.8111575125573105        4.3745810171488024        4.4279808528885143        4.7016207649105786        1.0358881161864912E-003   7.5988975153257275E-004   1.0265682725159890E-003   1.6603134097518055E-003   1.1001426936177081E-003   1.2702981492809737E-003   1.2414351773548571E-003   1.5359992383638403E-003   1.6373187541737205E-003   1.0238591305378496E-003   1.7222956533939448E-003   2.1153553876539781E-003   1.1933768324371367E-003   2.0723520618644549E-003   1.5029499199120963E-003   1.5023864663296653E-003   1.8246523781394190E-003   2.4105918882422269E-003   2.1719673569657715E-003   3.1326896106751833E-003   2.4570475991910487E-003   3.1111886137135422E-003   3.9690588425674439E-003   4.0977839627406231E-003   2.6565078743870010E-003   2.7777155354018652E-003   2.7653444048695379E-003   4.4271170002202036E-003   4.8842372350604828E-003   6.9297783704539524E-003   7.0130668630064875E-003   5.6204719348815890E-003   8.5751619284244029E-003   1.5022146518854723E-002   1.3278338131269253E-002   1.6513009815286139E-002   1.0341043399846459E-002   2.4962534424543607E-002   3.9799969625974929E-002   5.9786967333786419E-002   9.9264899590790018E-002  0.12324116753598860       0.23044062798833403       0.42202446382834169       0.33096113275400424       0.44943400133751071        8.0013238147118207E-002  0.24920594595726142        4.2951197440917188E-003  0.11753070947211765        1.2947173916532056E-002
         179   1.0288748650476600E-003  -7.7988013251213250E-005   4.3424923460724389E-005  -3.0160634333335263E-004  -1.2062458570276835E-003   1.0860931392729361E-003   5.2427041542487188E-004  -2.1183076320862736E-004   1.4032476494460003E-004  -2.2924563747990646E-003  -6.8090348598416367E-004  -7.1936399524364736E-004  -1.8312310305677699E-004   4.6851534840173619E-004  -8.9659555467067639E-004   2.1449415835804158E-003  -1.0942869815172157E-003   4.4396601236226254E-004   1.1849698771864701E-003  -1.3930360064997736E-003  -5.8975823365708545E-004  -4.6161973529318304E-005  -1.1420845744100653E-004   1.9850596407074588E-003   4.1797647937400475E-003   2.0572579722591628E-003  -6.3870730638075079E-003   7.2413509423777090E-004  -3.2820829988907210E-003  -7.7668614725584662E-003  -4.2893585488413925E-004  -1.6430589567742323E-003  -5.8296449114747561E-004   3.7346136667614524E-003  -8.3213981831309954E-003   1.4101225177367697E-002  -1.7279509356807731E-002  -1.1530843818623864E-002  -2.8209844538500943E-002   9.5536071351566818E-002  0.27235488834548943       0.52172129707248527       0.90241831799421413        1.1492262595444374        1.6255023464548219        2.8847989377963801        3.8338666198211215        3.8202901081168039        4.3775460591762601        4.4406033843024391        4.6999402326101514        1.1635839572309344E-003   7.3789279023203560E-004   1.3166438449575884E-003   9.9240230688039358E-004   8.8394398106884768E-004   1.2651975346503190E-003   1.6281353049689708E-003   1.1611816471791894E-003   1.3532157994094211E-003   1.1496701255019907E-003   1.6103711827487590E-003   1.3224135467947073E-003   1.6952342425629930E-003   1.6532911257372013E-003   1.4675944491116277E-003   2.3202527631980647E-003   2.2069231850122459E-003   2.5909418336885707E-003   2.5015688730182970E-003   1.6508424561062704E-003   2.8810861061415857E-003   2.4794342920521815E-003   3.8189860548840477E-003   3.0514124077110840E-003   2.9309566676356960E-003   4.5580119191717195E-003   2.3093669047804244E-003   4.7621393233484438E-003   4.2462362289900444E-003   5.0977638446235030E-003   6.7280735052439406E-003   6.8157554988438115E-003   8.8592450110712428E-003   1.4872417287100545E-002   1.2354296900308794E-002   1.4618689686680373E-002   1.0824109012196596E-002   2.4362365604148749E-002   3.8669271992891746E-002   6.2812410429509385E-002   9.7724471574140631E-002  0.12314033299328908       0.23023953252722301       0.42354052770110273       0.32502811785106772       0.44573893421078697        7.8061153306313899E-002  0.24737242424387362        5.5292964043162666E-003  0.11146289444156614        1.1996151210620028E-002
         180  -7.9010587084265389E-004  -9.6983150734113979E-004  -4.4160495566494703E-004   1.4403253787793290E-003  -1.1334827155699361E-004   1.0734966477941304E-003  -2.3621960649639943E-004   6.6234525841181002E-004  -9.4261753298232145E-004  -3.5681814951160770E-004  -1.9950475185326485E-003   2.9241501137144982E-003   1.9708003865324662E-004  -6.0878831495172743E-004  -1.5570101468959751E-003  -2.1158495620331007E-004  -1.7417397950887101E-003   7.5782840043541703E-004   4.5417834197655646E-004  -1.5572675354244812E-003   1.5301025539868904E-003   7.6434885016524374E-004   2.0674541817211544E-003   5.4144927278462762E-004   3.2720363941722299E-003   4.2696059508868373E-004  -4.4600160499042347E-005   3.5840523057208977E-003   2.1962544578316727E-003  -4.5775457383618288E-003   5.8894879486661176E-003  -2.6670162807328401E-003   2.1798024667086927E-003  -4.5522927691849478E-004  -7.0772872467102284E-003   5.8064354123177628E-003  -1.8880997174722823E-002  -1.6768580700926690E-002  -1.9996487394474464E-002   9.8914974506988398E-002  0.28206126969008333       0.53658874087384034       0.91354646625336611        1.1740928798809249        1.6335817560352088        2.8831204193541953        3.8371854388474600        3.8265423035026886        4.3761468072395813        4.4487307040444328        4.7056029503511514        1.1821607119266288E-003   7.2716716672815301E-004   1.1774702511985248E-003   7.8936319004691425E-004   1.1065882834594275E-003   1.0322998013407858E-003   1.3557069260532887E-003   1.6530211250252857E-003   1.4332591141518278E-003   9.8698573505650753E-004   1.1740056607415109E-003   1.3148451726937302E-003   1.3650811065538486E-003   1.5451630159770266E-003   2.1154338896270451E-003   1.2529070430224976E-003   2.9499816466845665E-003   1.7709675563752027E-003   2.3197263792016846E-003   1.8820661873103219E-003   2.3755945803023764E-003   3.3730903903475876E-003   2.3118341568834334E-003   2.5801507330807973E-003   2.7476104796337153E-003   3.1819203505623183E-003   4.1962508960562842E-003   4.4890156910936839E-003   3.6971491852231158E-003   4.5000996622428062E-003   5.4023605142173876E-003   8.5219377264433450E-003   6.8735273778678984E-003   1.4098804047138994E-002   1.1218891699774131E-002   1.6236131848074119E-002   1.2347594938395179E-002   2.5619396247583484E-002   3.8290041848354703E-002   5.9790416444190031E-002   9.6392993754686032E-002  0.12277889346598379       0.22955273406175689       0.41805175480620133       0.32789332473237365       0.44305742732278997        7.8604106384286290E-002  0.23988316971570423        5.5292787466108655E-003  0.10609489677382448        1.3551496987506314E-002
         181  -4.7162488801986914E-004   2.3702669763184074E-004   8.2898607222015681E-004  -2.0634237180221365E-003   5.6273143181613007E-004  -1.7120686158848949E-005  -1.2222768972803995E-003   4.1757300292960124E-004  -8.7101004861340827E-005   1.4907838647412995E-003  -3.4894458264249500E-003   2.0035132529799115E-003  -7.5460545546096353E-004   1.3410618810037356E-003   7.2922006225640580E-004   1.9586880417331986E-003   1.8355893911207648E-003  -1.6422930940960653E-003   9.4822076222201570E-004  -2.5485382921808268E-003  -3.9066926019338255E-003   2.1609821439230164E-003  -1.2710456756758832E-003   3.2333786431058024E-003   4.4916470573530168E-004   1.4617982122001271E-003  -3.8850230890011587E-004   1.8227892691723272E-003   1.6043884602552560E-003   5.4927563121389524E-003   8.3754529315965874E-004  -8.1788668061471715E-003  -1.7170538455956680E-003  -4.8164967758576533E-003  -7.2399198242282361E-003   1.6106805591457961E-002  -2.7409841652873402E-002  -1.3827197900973549E-002  -1.2674126787533243E-002   9.0348327151311400E-002  0.28967997713266880       0.55460133091631691       0.92682659164181191        1.1877969322655761        1.6445651926473250        2.9049642875200266        3.8429151007213189        3.8347675282449569        4.3795192603637538        4.4584229458109030        4.7098305742271771        1.7801054238718794E-003   8.6362232255084940E-004   1.4910695176069987E-003   1.6763331328068132E-003   1.0053041395227343E-003   1.0924584378295939E-003   1.1677348466011207E-003   1.1755693634700538E-003   1.3865857006347469E-003   1.2132697747636620E-003   1.2564153542148932E-003   8.8935938621859578E-004   1.6125932311023222E-003   1.3144646487287558E-003   1.9311664808693522E-003   2.6943609258348734E-003   1.9445286163867355E-003   2.4501161644324850E-003   3.4152839399431111E-003   2.2336455288930850E-003   2.2342889607840275E-003   3.1138271029497663E-003   3.6483340211186724E-003   3.1860410412391633E-003   3.3301846411150256E-003   3.0929815061902749E-003   3.1393041925852679E-003   3.9246944333748927E-003   3.5016350126840291E-003   5.9734464065678674E-003   6.3524106145419999E-003   9.0625430558237789E-003   6.8501642020268819E-003   1.0742692792993931E-002   1.0456944067007685E-002   1.5203307296533150E-002   1.2908275077818207E-002   2.6459321475158518E-002   3.7844523614933512E-002   6.0660460836595410E-002   9.6134926305054588E-002  0.12343804443302175       0.22940171145136012       0.41730265696637225       0.32470858449366619       0.44065990451570364        7.5912004072034731E-002  0.23688513746077269        4.5863323745537563E-003   9.9701913524115657E-002   1.3338684014559012E-002
         182   1.6315982429207043E-004  -4.3638968979477867E-004  -8.5992030838209451E-004  -9.8392711779141258E-004  -4.4492279871183131E-004  -6.6093981922467251E-004   8.2064557949276318E-004  -4.4993081484862366E-004  -8.2545126840834118E-005   1.7815949720744806E-003  -1.8963417702246405E-003   1.1782027621624581E-003  -1.5188544531273907E-003   2.3431095088380124E-003   2.5889118231847146E-003  -3.6949098655256944E-004  -1.6297145641737704E-003   1.4747880055548535E-003  -1.8053775640640062E-003  -1.3849263255065727E-003  -5.4257980463542032E-004  -2.3001791547756167E-003   1.2826763554311610E-003   9.7117087098073246E-004  -1.0314636198450293E-003   4.2774395505679897E-003   1.7709109532326882E-003   4.4597922301172941E-004   7.9766800165747610E-004   8.4420376477298015E-003   2.2641535319432183E-003  -8.3919660825398194E-003   7.5880827721341330E-003  -2.7278674868033686E-003  -7.6253152340762711E-003   1.0200210306374195E-002  -3.1004902831408266E-002  -1.1523326084729611E-002  -1.6432617338279845E-002   8.5120706529365986E-002  0.29893126097633738       0.57065695931501248       0.93834776145984411        1.2113247580445021        1.6514655488252517        2.9110074926659975        3.8377286828310107        3.8354471013510429        4.3762545622463591        4.4646167051944357        4.7045934532055007        9.3607162723463610E-004   1.0497040046837059E-003   1.0435460834048976E-003   1.7152899284352712E-003   1.0743654331394352E-003   8.8737589796790742E-004   1.2153637985386917E-003   1.1381544880424478E-003   1.2782579201804580E-003   1.7842555799348827E-003   9.3757868344794559E-004   1.6900498997276644E-003   1.1057116573383748E-003   1.0411809502979645E-003   1.5342214834258888E-003   2.1604517561920476E-003   1.7535230207854479E-003   2.1707056790319593E-003   2.2837969891707282E-003   1.4934659368944444E-003   2.1169584097242835E-003   1.6254018922695905E-003   2.2938811211398718E-003   3.7971891463431818E-003   3.0531870134633933E-003   3.3415419364834619E-003   4.3674507584284756E-003   4.2952946774235060E-003   4.0161845461024418E-003   4.6933638742486343E-003   7.7574641858106815E-003   6.8954477754947447E-003   8.0191503581796900E-003   8.9230870841500807E-003   9.9593125325525764E-003   1.2959236403374241E-002   1.3912685349069483E-002   2.7551386257585436E-002   3.7631937684824084E-002   5.6858348525015388E-002   9.5042678506735728E-002  0.12445872600497454       0.22754692896210241       0.41364366323367124       0.32018025954359891       0.43814760203324521        7.3608023377457477E-002  0.23171412106334127        4.5225463156988088E-003   9.4205989816550748E-002   1.2821165014024302E-002
         183   7.0513648717424331E-004   1.5534960254228855E-003  -5.6726664103261422E-004  -1.4753460924406270E-003   1.8487721232277442E-004  -1.3271782691212158E-003  -8.1338301620698897E-004  -9.4449349508534254E-004  -1.5870247894238085E-003  -6.2799696453286734E-004   9.3341961148134484E-005  -1.5428408484073231E-004  -1.0041883540824407E-003   3.4932854538141361E-003  -3.1536227346612455E-003  -7.8860129318631701E-004   4.7877136471799275E-004   4.2173001063196313E-003   1.4220902611539575E-004  -1.4318251574522206E-003  -1.1669752701694782E-003   4.9099486298266636E-004  -4.1395403838938191E-004  -2.0997824695092701E-004   2.8662683191157498E-003  -1.5696948108423576E-003   8.2735016989379058E-004   4.0384363858990516E-004   2.0591321181807043E-003   3.7196787946729348E-003   5.1724802385129534E-003  -1.0791303817925311E-002   8.2542125897787401E-003   2.7572393573954503E-003  -7.9117386920362839E-003   7.0585231985714186E-003  -3.0330928339399547E-002  -8.4619212626642903E-003  -1.7796470288375821E-002   8.2183156467000432E-002  0.30352324880850162       0.57522026134210280       0.94257392766876358        1.2364062368048301        1.6584257776367681        2.9112831105021901        3.8456674857035780        3.8453675743004223        4.3721349111590664        4.4683440251701141        4.7033572419837215        8.7967523679595135E-004   9.7685953257318223E-004   1.1480052631537582E-003   1.0425175251398437E-003   1.7668112979954563E-003   1.3573450855750883E-003   1.2044285878886445E-003   1.5503153657282791E-003   1.2122517171229935E-003   1.7922581737498881E-003   1.4073590852221591E-003   1.3346024759525088E-003   1.6531821518663144E-003   1.1793818049628917E-003   1.5206666656411515E-003   1.2269054753852305E-003   2.4484139548194414E-003   1.8356224973992787E-003   1.9923543615145535E-003   2.1034480669899019E-003   3.1189145542623699E-003   2.9960172359555100E-003   2.2690156532396200E-003   2.6518635810381403E-003   2.0608305787666692E-003   3.7280542407808403E-003   3.8090318230433193E-003   5.3973672574276436E-003   7.7823924505238274E-003   6.2905377769604800E-003   4.6427546949598993E-003   7.4521344753321330E-003   9.7995928080732864E-003   7.2375707769327391E-003   1.0074269041041244E-002   1.1895495656885257E-002   1.5055714563867359E-002   2.7858694273330695E-002   3.7412097517378270E-002   5.8175796224620303E-002   9.7582258561588836E-002  0.12486602883917422       0.22660034713796456       0.41455571859408946       0.32035619511986457       0.43680194591326726        7.2114870662944322E-002  0.22868429912163810        3.5228807569358525E-003   8.8211658594593456E-002   1.3023944661886932E-002
         184  -1.8697400619459444E-003   1.3096561149856555E-003  -4.2825770462939702E-004  -1.1651876797898711E-003  -1.3696460906491162E-003   5.5478835073125184E-004  -7.7562897443262009E-004   6.8150638785222236E-004  -8.1035028718098292E-004  -1.4310631389839212E-003  -1.7894029698972688E-004  -1.1991396968426876E-003   8.0882601151107818E-005   1.4539586599532093E-003  -1.5564251438764908E-003  -2.1405400119316794E-003   8.7789301579885661E-004   1.0892133652473301E-003  -1.4704329381259183E-003   3.6478225598864473E-003   1.0218404445467553E-003   2.8308379452705603E-003  -4.3116636244112504E-003  -3.8731403455451790E-003   3.8677068116503852E-003  -5.4989870792706121E-004  -4.7070053909376080E-003  -1.8549153473513735E-003   4.5998656121398829E-003  -1.4781859317284014E-003   9.3514383763639557E-003  -2.7720216766238173E-003   5.3708679535275890E-003   9.9593524930030250E-004  -8.7698649960364866E-004   9.5689460229708232E-003  -2.8301605675821562E-002  -1.3016745579549490E-002  -6.6529202049505206E-003   7.2188467652784513E-002  0.31951010304540423       0.59093417423619421       0.94920021453995285        1.2495834620819462        1.6643550789602757        2.9120397702878278        3.8409338657632617        3.8454094434010320        4.3703121446494153        4.4721786119527991        4.7025554761397306        1.5179337341247438E-003   1.3626816400399572E-003   1.5531170232369398E-003   1.7196137358704161E-003   9.2908784979314188E-004   9.2116568742078657E-004   1.5625068360633719E-003   9.2618403744912359E-004   1.3296593085517663E-003   1.1791389875460108E-003   1.3543999850539517E-003   1.3572153512157270E-003   2.1878205827595754E-003   1.4484413337201099E-003   1.6759767757877646E-003   2.4975448843343601E-003   2.3287862438708317E-003   1.7299014749382862E-003   1.9952067077490575E-003   2.7875676214028778E-003   2.8948974707590442E-003   2.0914395817926029E-003   2.9681954807064055E-003   2.9615867489085454E-003   3.0716797688352454E-003   3.2565262375897435E-003   5.1189046856797834E-003   5.4261199694429852E-003   6.4916055866980930E-003   6.5405381751974523E-003   7.1721539518118209E-003   7.8231344137696165E-003   7.3242660410018689E-003   7.1942710396420495E-003   9.2633124356120335E-003   1.2549240758832533E-002   1.6730434743478600E-002   3.1926933166070003E-002   3.6227651754886708E-002   6.4626331603041223E-002   9.4629060098126536E-002  0.12577518301014926       0.22451920228090197       0.41245385133126278       0.31883007940942382       0.43718304790661572        7.1541283685508300E-002  0.22631287267215816        4.0467882043637021E-003   8.3228805226316205E-002   1.2037517458846785E-002
         185   1.6013681655613598E-004   5.8794955233430583E-004   7.1436711890383051E-004   8.8915332275364326E-005  -2.7148167033237073E-004   2.9188944674751608E-004  -6.9862874563198827E-005   1.9466118391239158E-003   1.5251611501345332E-003   8.0606715272300313E-004   8.3849761813420507E-004  -8.7623438148830507E-004  -7.1267792228251027E-006   4.8038645560420472E-004   9.2784624764724079E-004  -1.4694039501530788E-003  -8.3389100270594811E-004  -7.6395031656550710E-004  -7.4837217432971903E-004   2.9853109650425811E-003   2.2341857961963702E-003   1.4607933606666675E-003  -7.2507439265201889E-004  -1.6272582749638355E-003   6.1266918853644940E-004  -6.9938282086146649E-004  -2.2108631837092917E-003   2.9224377496618798E-004   1.1525121693289355E-003  -5.5118330318235749E-003   4.3858600657198056E-003  -9.9145044687844706E-003   2.8862115216423466E-003   9.7098678143763364E-004  -1.5369445663877409E-003   1.5585911042195168E-002  -3.0742346522041428E-002  -1.1751973075825836E-002  -5.1251262765491157E-004   6.7512751024908016E-002  0.33060242221673286       0.60322584082936370       0.96388132968420881        1.2640421077062043        1.6707282984567511        2.9189376305304280        3.8386756577547629        3.8529313609357572        4.3736732514815522        4.4766456116145044        4.7050461168432332        1.1586048615871989E-003   1.2561601079441242E-003   1.0827229542197097E-003   1.1496667110854255E-003   9.4377012972878948E-004   1.0526858023604630E-003   1.0291469992980138E-003   1.4949280529951178E-003   1.4503101099064993E-003   1.3056173582739687E-003   1.2874515907354894E-003   1.7772909214207179E-003   1.9154053523330467E-003   2.2342399703805596E-003   1.5637838654089652E-003   1.4235825312915575E-003   1.6253277265940197E-003   1.9235545406876325E-003   1.7006848058731168E-003   2.2663491889383801E-003   1.9148519365619577E-003   2.8413121605292929E-003   2.9699572155568944E-003   2.6000359810374779E-003   2.7122937128699642E-003   3.7016838592261029E-003   3.6129079683037543E-003   3.7106094415335607E-003   5.3209379529330723E-003   5.5872798651994300E-003   5.7980497883402555E-003   8.6967940391828921E-003   6.4330895141359078E-003   1.1538358873028873E-002   8.6084503058684175E-003   1.2064944611386678E-002   1.8541469365409846E-002   2.8612038313219464E-002   3.4433705287218966E-002   6.3952023261793334E-002   9.3944999115284089E-002  0.12773409806605035       0.22289593657400825       0.41572966865889094       0.31674069176450592       0.43258262686749610        7.1020004986397961E-002  0.22381445837908209        4.2715823074100647E-003   7.6852604768872637E-002   1.1097586911502120E-002
         186   8.3325848561530678E-004  -9.8940452389140133E-004   1.1909217486942485E-004  -3.2435852600283793E-004  -1.3096946915542224E-003   9.2190977068112455E-004  -8.7310991592199337E-004   3.3714041154687843E-004   7.3696691579248138E-004  -7.3007763664511291E-004   6.3044149409511414E-004  -6.4998647114865294E-004  -2.0441367658793888E-003  -8.4834301029176851E-004   1.0443535195123282E-003   1.0659403004781875E-003  -5.0804673298848963E-004  -7.1261417241269347E-004  -2.5223684986858314E-003  -1.0855339165351326E-003   1.6495876336664907E-004   1.4607505565034679E-003  -2.5757287073254471E-003   1.0954733233417476E-004   1.5245341748150338E-005   7.4673954227176477E-004   4.7294044139183122E-004  -1.9740101264419086E-003   6.6296728979408704E-004  -3.1505601169627179E-003   7.1427407581061680E-003   4.7929545301540944E-004   6.0694109238299274E-003  -5.0783157909153592E-003   7.8210564435152105E-003   1.0887379459596096E-002  -2.5981363148853284E-002  -1.2858164638845176E-002  -8.5483779306571358E-003   6.6995489941206354E-002  0.33484217655289117       0.62042182568769744       0.97638309883585284        1.2814609456578785        1.6833773542639883        2.9221326530954905        3.8403843417732704        3.8605770408084075        4.3704198618992400        4.4794942433188094        4.7076849995303318        1.0743855642675673E-003   1.1534774613670331E-003   8.3262820040524445E-004   9.6627161786792478E-004   1.2947003900554055E-003   1.3310893274432894E-003   1.1039355098364637E-003   2.9344999305489341E-003   1.2917397101141082E-003   2.0078113527529119E-003   1.4714232613507688E-003   1.4698691169236870E-003   1.6667409990920885E-003   1.6216880682054292E-003   1.4592349816918710E-003   2.4066593394592118E-003   2.3802939038759128E-003   2.0275076672906069E-003   2.2216760256824025E-003   2.1647124672929596E-003   2.0967451267757515E-003   2.0730249418171713E-003   2.7966056433862616E-003   3.4758994339410716E-003   3.6039829270035854E-003   2.9060064371305779E-003   5.1495685167044754E-003   3.6694126229770635E-003   3.8938107269943776E-003   4.6615372921309734E-003   4.3283072825200360E-003   8.6478882568809153E-003   7.1979073464372625E-003   9.8142752629114469E-003   8.4687571202937597E-003   1.3358598617197728E-002   2.1206008065153690E-002   2.8705255524679910E-002   3.7630451655097451E-002   6.3952342744770352E-002   9.6295356143809047E-002  0.12998516464980206       0.22087022853478175       0.41369034599351223       0.31646122963258660       0.43021877262613384        6.9366954602447406E-002  0.21851276590638735        3.6557739225127131E-003   7.6478810562698812E-002   1.1255922734718668E-002
         187  -1.8519142847622883E-003   4.2443439210016582E-004   2.6343707703204290E-004  -1.2472691900770009E-003   1.7492918019365970E-003  -4.5297099656039743E-004  -3.8464550215933053E-004   1.6569647118241306E-003   2.1511456551619665E-003   1.9827583896804088E-005   1.3319273182653679E-003  -1.5309828114531533E-003   8.4232483780672290E-005  -3.1147988967694673E-004   5.9634004641206961E-004  -3.7080928107584727E-004   1.7853150697532717E-003   9.0333373845900963E-004   4.9357760195825290E-005  -4.0500363384614931E-003   1.0642998526346770E-004  -1.1526883813618826E-003  -2.6873119235352100E-004  -1.8188248136577880E-004  -3.6052434301774351E-003  -1.0381798473409550E-003   4.9558436518367562E-003   4.0514827454108887E-003  -2.7000761570189452E-003  -1.2380605600467683E-003   5.7119431127471256E-003  -1.4507156107838350E-003  -6.8080903193242061E-003  -1.2316063588327387E-002   1.1207101563249704E-002   3.5947931517161641E-003  -2.4690045927420048E-002  -6.0354648755241219E-003  -1.4346488213810458E-002   6.3694522630696040E-002  0.34727093536370568       0.63275174579940185       0.98359134836585815        1.3011092065223828        1.6942022237476004        2.9361290920167411        3.8463831892883609        3.8610227652512732        4.3746926500355796        4.4761663003493855        4.7078814272305554        1.1873594793698856E-003   1.2150740305085664E-003   8.2999218347453569E-004   1.0614564075961432E-003   1.2650314428993077E-003   1.5095252880007767E-003   1.5286133910020210E-003   1.0879412165270760E-003   1.1158227270310402E-003   1.0330256856554386E-003   1.2443980991234580E-003   2.4477139996990616E-003   1.8857989327259385E-003   1.8254272141442873E-003   1.3363719512028221E-003   1.7127518205859353E-003   3.2703949135012888E-003   1.9725036224737887E-003   3.5930145945048965E-003   2.3881600652712318E-003   2.1869877504471611E-003   3.4677921349095496E-003   2.3340282007347493E-003   4.3302926986344033E-003   3.3955288806588315E-003   2.6782394397457279E-003   3.7057764991638032E-003   5.7301708638258743E-003   4.7542237188572751E-003   4.8128239825049202E-003   5.3176295467663708E-003   7.7126181632226716E-003   7.8256486593158148E-003   9.4296248433937777E-003   1.1533373949675591E-002   1.3923759771766984E-002   2.3340242857189622E-002   2.8449818957275410E-002   3.3381001185924436E-002   6.4047778889878157E-002   9.8179958038099924E-002  0.12810957330450828       0.22017108720558679       0.41047630468509272       0.30943493040531056       0.42510335504004459        6.8937205283570224E-002  0.21767805107286647        4.6453675927956590E-003   7.4517174884575599E-002   9.1124588637188225E-003
         188   5.5534174014722226E-004  -5.0346341675150418E-004   3.2287578206237848E-004  -4.7219105926742729E-004   3.4998788210571444E-004   4.2190109179970296E-004   4.0213308478613942E-004  -6.3935079019936049E-004   7.3444188456477024E-004   1.3350976611541075E-003  -8.9374832234702384E-004  -1.4372544794240541E-003  -3.9030654711154624E-003   9.8664267980084911E-004  -1.4778982930606112E-003   1.6121747746962315E-003  -9.5620753667207097E-004   1.3346265152726642E-003  -3.0707360954522760E-003  -2.6627624738341554E-003   1.7824183114799950E-003   1.1845882008635731E-004  -4.9859973532937968E-003  -8.2955011505590249E-004  -6.7962877483006951E-004  -2.0700627382308442E-003   4.2651779521846379E-004   4.3487155844247156E-003  -3.1260984667252608E-003  -3.5578567413104131E-003   2.7296397392111843E-003  -2.8463647433398494E-003  -4.1743696620396842E-003  -1.0115907169088298E-002   1.1771459941135426E-002   8.2314936936714444E-003  -2.7135477087595439E-002  -9.1608424563353868E-003  -5.4431310872195583E-003   6.9440338908796737E-002  0.34844968735217308       0.65291396326155771        1.0015959059125543        1.3082986665466407        1.6999877776367569        2.9386944449514951        3.8499446580253283        3.8669537106910741        4.3805124183265471        4.4745020673879363        4.7121122729531235        1.0734363706061353E-003   1.0857288125751606E-003   1.0664152917453933E-003   8.5778270576393424E-004   1.1128580999764327E-003   1.2481886756927389E-003   1.1569209545094854E-003   1.2474262894478884E-003   1.4245251823153580E-003   1.3354227350827104E-003   1.4920649356928958E-003   1.7762171971642648E-003   1.8289333046915127E-003   2.3807904434437767E-003   1.6103110224607016E-003   2.0447717608261190E-003   1.7670544026895255E-003   1.7617640738325716E-003   2.6591323827209927E-003   2.2696286686115529E-003   2.1005949539857254E-003   2.5644898620189771E-003   3.3867360292432116E-003   2.9667301987492890E-003   3.2116257103552270E-003   2.9567013373519480E-003   4.1082412717005582E-003   4.0287545757533121E-003   3.4718528578748633E-003   5.8547867810521985E-003   5.5232800471509179E-003   8.3695803382981479E-003   7.6593341609028417E-003   1.0217541825580472E-002   8.0286211114414287E-003   1.4889939728409648E-002   1.6637388415486374E-002   2.5177053135035880E-002   3.2122333701921447E-002   6.8758905936982154E-002  0.10227572982942761       0.12894915095691903       0.21745656979555644       0.41238867538793439       0.31420062680470079       0.42154691917191028        6.9412576768708448E-002  0.21713584357224586        4.5746346493787914E-003   7.6101577290841604E-002   8.5663453722776388E-003
         189   1.1800295825257287E-004   8.8474004868075947E-004  -8.7995738649500744E-004  -3.5479732144929672E-004  -5.3276478226263674E-004  -8.5350561428391568E-004   2.7538704033609622E-005  -1.1226226741807266E-003  -2.9920032256163193E-004   1.7652946769937733E-003  -1.3840187019201417E-003   1.3905920674736653E-003  -2.8696411916392392E-003   2.5215214178904910E-003  -9.1436962887958832E-004  -1.2154754634045256E-003   9.7489750853131532E-004   8.9203409276613244E-004  -7.0150782204113523E-004   8.7533240197277119E-004   3.9830050716232719E-003   7.3616932208296496E-004  -5.9006881489081092E-003   2.0011507647619189E-003  -1.9433667831895079E-004  -5.7038797853621219E-003   1.5780546602198367E-003   2.6663068448981380E-004  -5.3181641742571263E-003  -7.1280141180823471E-003  -8.0337612232382648E-004  -4.7951445273097578E-003   5.1923385671875087E-004  -6.4062960635264286E-003   9.9488090135045424E-003   5.0848964696756467E-003  -3.1718914874604737E-002  -1.1860215117559698E-002  -1.0918894591709161E-003   7.7605397202590812E-002  0.35349195839898756       0.66227931168469600        1.0214849877769276        1.3189543295461352        1.7139325894516035        2.9417133924690608        3.8560703976557247        3.8717961412037210        4.3798710260284288        4.4784567849685581        4.7152533221041706        9.5314150796737770E-004   1.7057520155796841E-003   1.1301408180134835E-003   1.3662296792678556E-003   1.1630990738252349E-003   1.5360192557288305E-003   1.5789589481020746E-003   9.6035333123579243E-004   1.3392172160931830E-003   1.8738507677678448E-003   1.4250231120649633E-003   1.0154597962561513E-003   1.5414985636626149E-003   1.6181095838064239E-003   2.4274707296313746E-003   1.8803860898307819E-003   1.5720138484664682E-003   2.3376661149683508E-003   2.0671360007359571E-003   2.3997185699006223E-003   2.9375419810283528E-003   2.4629905829760294E-003   2.3778058016238127E-003   2.7725445984468980E-003   3.5540785761620794E-003   5.2252399414443743E-003   4.8560987436833073E-003   5.1634327716049621E-003   5.1082914604801653E-003   3.9104489762756050E-003   5.5707851818381738E-003   6.1695926865706604E-003   7.9077706249155791E-003   1.0281127987668679E-002   9.7021809412164497E-003   1.5976189634926093E-002   1.2953920702048330E-002   2.8102695685678442E-002   3.1744781025237062E-002   6.9919202844122605E-002  0.10250074749534413       0.12899594185439864       0.21469052497277324       0.41307276009478672       0.30610573839030270       0.42180494821014203        6.6907320860947486E-002  0.21080309463117497        5.2680536759574220E-003   7.8870947143915265E-002   7.1635986933048989E-003
         190   4.5293497900035805E-004  -1.2532642888757606E-003   6.3363257734544431E-004  -8.7353261260489617E-004   7.3589380281518482E-004  -1.1004877595261345E-003  -2.0537338886699621E-003   2.1015522520756785E-003  -9.8251935767990593E-004  -9.3273386581717451E-004  -1.8781555005946804E-003   8.0882775192535545E-004  -2.9764252564189104E-003  -8.3465039262098329E-004  -8.3910541334088554E-004   1.6481143910238328E-004   1.0805342405006515E-003   3.0733313705505398E-003  -2.1488279539175208E-003   1.7127869167734716E-003   2.5565442362420407E-003   2.6370594356723892E-004  -4.1353430924821613E-003   2.3069639595548150E-004   4.2310749431479671E-004  -1.9454674586042405E-003   1.7573496606256387E-003   3.0624701767218375E-004  -7.8026660379275949E-003  -2.5538572554204626E-003   4.2665149301671446E-003   2.1561836741624475E-003   1.3434389044013832E-003  -2.8095433924878589E-003   2.0345722977714517E-002   9.2243349310177254E-003  -2.7675862754485876E-002  -1.2965697033899626E-003   1.6380888883178930E-003   7.6912920792987768E-002  0.36392208357928552       0.68256428815835701        1.0285320886664679        1.3455508660882880        1.7220865129266740        2.9529327307391844        3.8538299078983655        3.8741307256568933        4.3739475587938585        4.4790224107320515        4.7192762026855251        9.3857820067366987E-004   8.3783901448035490E-004   8.2101989788726094E-004   1.2536106825382768E-003   1.4160242121348814E-003   9.4561631701172409E-004   9.4429847446008297E-004   1.2749359416190176E-003   1.0549121909441085E-003   9.1494921645915537E-004   2.0012611526496705E-003   1.4460034071285522E-003   1.5335685371903850E-003   1.2230143757529400E-003   1.3227643681943337E-003   1.9718369862123174E-003   1.5511111703616369E-003   1.7490855484076011E-003   3.6673754272871844E-003   1.9101807027779158E-003   2.0486144212856277E-003   2.5247636473230638E-003   1.8829238638771724E-003   2.9382108218298825E-003   5.2443501538804657E-003   3.7254723673352504E-003   2.2858857998727822E-003   4.3639240271340501E-003   4.5294902130573432E-003   6.2450335824453702E-003   5.0576618817873972E-003   6.8071923438983951E-003   7.2958019418295460E-003   1.0261419572063221E-002   1.0847182326310939E-002   1.6940670870672473E-002   1.1847499084180554E-002   3.1143991922781392E-002   3.4992817930103996E-002   7.0073972343588156E-002  0.10364176382474563       0.13072465991556456       0.21390485839227150       0.40861530094229026       0.30378140736836490       0.41757368671976874        6.5960693659684849E-002  0.20682457097725376        4.6005167234018729E-003   7.3273275324198237E-002   5.5287441097221683E-003
         191  -1.3392301619444579E-003  -2.5419887531951939E-003  -1.4260873373468190E-006  -1.0195899111312319E-003   7.1298885088088052E-004  -7.4161409389089607E-004  -2.0412322828919703E-003   1.4991383005184546E-003  -9.9019756856073143E-004  -4.0972997678398697E-005   9.3450105215929144E-004  -3.9822931725876413E-004  -1.4457444827389492E-003  -4.6977505687642568E-004  -8.2573340632993480E-004  -1.9770382530136693E-004  -8.1138288814557220E-004   2.2417091579547870E-003  -1.8151935140846059E-003   4.8668097671338024E-003   1.4342531910823417E-003   1.0048785889042337E-004   2.7129613911508251E-003   1.2280624768123431E-003   2.2273707784135860E-003   1.0604711309931364E-003   2.1743562170556258E-003   6.9162558361634857E-004  -7.3828190986950006E-003   2.0510566514014752E-003   5.1579126215661360E-003   2.9115671815404770E-003   7.8506618313319183E-003  -4.2377315334001199E-003   1.7085131956710142E-002   1.2293979598718696E-002  -1.9141626378996645E-002   2.4992382984331428E-003   6.8299542453197689E-003   8.2259326036750929E-002  0.36788816389264983       0.69938434781803693        1.0414439815300156        1.3581185173948001        1.7360846193700294        2.9500074258818660        3.8571951266646733        3.8805620211357463        4.3724784539769006        4.4822910674908902        4.7263139793483715        1.7081201518479013E-003   9.3530748653284257E-004   1.2731474740165071E-003   1.4193665875954357E-003   9.4071671512666315E-004   1.2345868456430759E-003   1.3040703834929811E-003   8.9357101119678537E-004   1.4477588277490574E-003   1.3274290688051063E-003   1.6294256515665491E-003   1.7290335833990934E-003   1.5897017048723569E-003   1.8371196714927764E-003   1.3108648847529596E-003   1.6204322919795954E-003   1.6586880204658796E-003   1.5195439956412564E-003   2.2475138417874536E-003   1.5568535854408613E-003   1.7933274708742939E-003   2.9125618848513169E-003   3.7141473713404472E-003   2.4357381807253550E-003   4.0338083247984597E-003   3.3387198670754592E-003   4.2794489821327154E-003   5.3197084940950897E-003   4.5464679142035586E-003   4.3943135672458973E-003   6.7238378548577470E-003   7.9674499388144547E-003   6.3933944144507933E-003   9.3679045581692398E-003   1.0344113760265502E-002   1.7650285142104972E-002   1.0588866822693803E-002   3.0013530983634708E-002   3.5550366082436877E-002   7.1337116833346523E-002  0.10084528985978714       0.12946971037859964       0.21419148154537687       0.40938589886707633       0.30074299039976421       0.41402613300616148        6.6507435847060065E-002  0.20676346088002320        5.2814727874440880E-003   7.0016967505607486E-002   4.2646314859872457E-003
         192  -8.2451407931407130E-004  -4.1703938836566771E-004  -4.2575895889506838E-005   1.0241418086787315E-003  -3.0636888541601341E-004  -7.0604712901704120E-004  -1.1756936680433390E-003   1.2612687112351507E-003  -7.2958818530187409E-004  -2.4277220476550069E-003   1.1352616817525405E-003  -1.5467510311344503E-003   1.7872229413638066E-003   9.8299267161131433E-004  -1.0006769586259879E-003  -2.3863632821975954E-003  -1.9268467865365968E-003   2.8873887574570193E-003   8.0329508936041543E-004   1.4373716799249505E-003  -1.1747819779872781E-003   2.0232875786668539E-003  -7.5990336117149693E-004   2.5994019309530055E-004  -9.4192609894782080E-005  -1.6871682494582220E-003   1.2246008326544972E-003   2.7871051026756778E-004  -5.1744474799317128E-003  -1.4266299229952254E-003  -8.6103712435471144E-005   8.0879863756663025E-004   7.5853591730894415E-004  -1.5423062421339344E-003   2.3037449622117002E-002   1.0771606625784257E-002  -1.5920628011106296E-002   4.7115338630053889E-003   1.0543268078446607E-002   8.8635728705562480E-002  0.38284569973094945       0.71479914803342248        1.0570766658416413        1.3773841497073926        1.7399974620180623        2.9583469138542897        3.8600874922862256        3.8793997187089548        4.3730658490224661        4.4884971578197925        4.7242719321442390        1.4167658801611176E-003   1.0341072893533310E-003   1.0426560226469755E-003   1.1864623641820488E-003   1.5297112056803918E-003   1.2137625851089797E-003   1.2745019976851029E-003   1.0289545470687509E-003   1.1235729452326779E-003   1.4914680805785407E-003   1.2895291566395956E-003   1.6779598240698377E-003   2.0447971772318504E-003   1.2786792360712214E-003   1.4416152841772681E-003   1.7378664732594375E-003   1.7352845716249897E-003   2.2054669305662149E-003   1.3585099313636871E-003   2.0030032778328047E-003   2.0181271714679425E-003   2.2204293926088589E-003   2.3898285951757868E-003   3.2800691188203893E-003   4.3040755015350514E-003   4.8298819864275883E-003   5.7149260101175313E-003   5.4530868681040897E-003   6.4131869499921574E-003   7.1022248446489895E-003   4.9022402273590287E-003   1.0532778770595384E-002   4.6272847832669363E-003   1.1992010157951077E-002   9.1808806315372277E-003   1.9861074849795692E-002   9.1606061680605012E-003   3.4205002183283977E-002   3.5834229709245879E-002   7.3840609997686463E-002  0.10209082588786544       0.12822862053281919       0.21442964131240919       0.40508822136503486       0.29836184251392556       0.41146731261233815        6.4644174942575489E-002  0.20553522369425370        4.1478497741177615E-003   6.8163488679267845E-002   5.8411512339224753E-003
         193  -4.3550623827824143E-004   6.0256859719377777E-004  -1.1752282478917470E-003   1.3476454449456907E-003   8.7085534679714387E-005   1.8454389785299110E-004   7.8887043032668260E-004  -1.3898760274217944E-003   8.2530618141527301E-005   3.0601617711144605E-004  -1.5943303196390207E-003  -1.2575409212958811E-003  -3.3651349860423682E-004   4.1430158172397422E-004  -7.5403287654695543E-004  -3.0220577093786559E-003   2.0047545082436486E-003   4.9194881096636571E-003  -1.8157274290482818E-003   2.2609398203652905E-003  -1.0381283437624906E-003   1.0690606649671648E-005   1.8539624682770224E-003   3.7026667789095600E-003   2.8103030374709037E-003   7.4082979388232092E-004  -1.9002982818036823E-003   1.3628339251718351E-003  -4.2519791316507766E-003   1.0548892010101921E-004   2.1868624534499260E-003   8.2422683486517781E-003  -4.3112834014781077E-003   3.5262403515991894E-003   1.7966954840654574E-002   1.2150926705450963E-002  -1.2972155158787840E-002   2.8483858152592439E-003   4.6946640509733231E-003  0.10064178466395170       0.40096056410426312       0.72530606124344532        1.0696828816426820        1.4025824986284272        1.7553440856791476        2.9731948372909924        3.8585234820367451        3.8786801982379795        4.3727715034544028        4.4877948855599685        4.7210429669942267        9.3185458979517188E-004   9.3816532168534614E-004   1.3337680971691145E-003   1.5672674491845450E-003   9.9426164577593205E-004   1.0419809219158597E-003   9.5122633770094057E-004   1.4546697977578979E-003   1.7654604534975723E-003   9.5977060746352391E-004   1.5056563051545787E-003   1.4690644154816436E-003   1.8461139694375091E-003   1.5198328660578370E-003   1.9647835366199398E-003   1.6370970868792981E-003   1.8541491080755431E-003   2.1027919830953015E-003   1.4678195663957827E-003   2.0043456099407778E-003   2.4033373471528427E-003   2.0470236975625301E-003   2.7054940190644576E-003   2.6178788164942872E-003   3.8017554197306738E-003   3.5630211531130170E-003   6.7219175934285528E-003   4.2994031578625315E-003   5.0416529532936790E-003   4.9262675641113468E-003   5.7732923070068567E-003   5.2568838982707681E-003   5.9285624722311085E-003   1.2245674784233085E-002   1.2654861355254362E-002   2.1729192556624779E-002   9.8982162892733722E-003   3.2635590466043765E-002   3.2742122665374157E-002   7.3252575277720569E-002  0.10163985650322130       0.13008323759322105       0.21481251803449605       0.40482750570982007       0.29924064392969163       0.40547486253693388        6.5766030274445525E-002  0.19964721741721411        5.7521998422228309E-003   7.0121739334377015E-002   4.7560937360574028E-003
         194  -5.9369439867043930E-004   2.4110104271539439E-004  -3.7818820168526216E-005   2.3618205219195941E-003   1.2068189144475157E-003   5.3931855641412257E-004   4.5294381983386942E-005   4.4367643921032138E-004   6.9736993035648894E-005   5.3123602133012010E-004  -3.0433859147958788E-003   1.9479130434695920E-003   9.3624202608011029E-004  -3.7020359824363805E-004  -1.4324231538688574E-004  -1.2400228354299153E-003   2.1076843075175009E-003   3.4778499815761445E-003  -3.5993734358611014E-003   4.1790308946376576E-003  -9.1525967067032936E-004   9.3726981732178394E-004   1.3125429279881792E-003   4.2315615481870756E-003   2.0835706637057209E-004  -3.5178318014258134E-004  -3.1886417674711499E-003   6.2667192060762537E-003   3.7061221781365013E-004   6.2713579445737039E-003   2.4882755695539850E-003   6.6973241095377410E-003  -3.8233429683150158E-003   7.7683504290626077E-003   1.6360831723067529E-002   1.6072820891307252E-002  -1.2864572681682276E-002   5.2031396891337256E-003   1.3045845092147937E-002  0.11258812001813109       0.40679810209349948       0.74378474061012279        1.0889586043077968        1.4199507734087968        1.7575211980447876        2.9781798819191545        3.8640245381627567        3.8863541261051098        4.3681995859330547        4.4858813245235005        4.7219449949286503        1.2358281651548887E-003   1.0006977510098455E-003   1.1704277202928049E-003   1.3282213404236121E-003   1.0719373231426641E-003   1.6782023622485169E-003   1.3129363895534832E-003   1.9339804173506036E-003   1.3239719143534078E-003   1.0144067837926281E-003   1.3404963547069871E-003   1.7059568380478733E-003   1.3109408467881813E-003   1.3536148329718369E-003   1.3429981322949974E-003   1.7566239831483053E-003   1.9518722282241422E-003   2.2772399883019263E-003   2.2354305229396530E-003   2.5026313727220806E-003   2.0349827842124769E-003   2.5534852839330527E-003   2.6922574459967400E-003   3.5981342043307682E-003   3.1247228057353859E-003   4.2180482851582523E-003   3.7886179933233760E-003   3.1504713152591345E-003   5.7007143367740140E-003   6.9561924042983768E-003   5.5240141546406309E-003   6.3512624318880617E-003   6.5820231717371421E-003   1.1607071286425697E-002   1.0878006294050327E-002   1.7818419428821560E-002   1.2413937519369464E-002   3.3178510911564152E-002   3.9342805121479460E-002   7.2953332812054905E-002  0.10268395672184058       0.13164759422073741       0.21515611718995564       0.39803621359903940       0.29872435776192685       0.39612983457056195        6.5593658302905117E-002  0.19371005290193671        6.2101934344457582E-003   6.9106922987241956E-002   6.6199198443194322E-003
         195  -1.1632023276832919E-003   2.4251975422929762E-003  -2.9369287736264935E-004   5.0388164052219580E-004  -7.0417235031821170E-004  -1.9865439281665926E-004  -1.4142664661159123E-004  -4.8072462868143723E-004  -1.6623898435140182E-003  -2.5359766061443695E-004   9.4751886897259468E-004   6.3665944842993539E-005  -4.1895786330669636E-005  -4.1087928297234175E-005  -6.4805746684491045E-004   6.8359052186477370E-004   1.9865979838240943E-003   5.9254872990618907E-005  -1.5618888041764344E-003   2.5966947152644016E-003  -1.8010157633014287E-004   5.7993225116821981E-004  -9.0159050774489546E-004   4.0153251295721925E-003   3.1725230302847235E-003   1.8330505540837820E-003   1.5032532475734565E-003   5.2592736636674917E-003   5.8225198012109743E-003   3.3233337369951927E-003  -7.5881680168862417E-004   2.3987906793837138E-003  -7.7419256655758498E-003   5.0439770667114617E-003   2.4600086601267536E-002   1.3317482741473185E-002  -1.3173600536142631E-002   1.1056646376709755E-002   1.5907241408038172E-002  0.13240297889589348       0.40979726813095757       0.76043882953910880        1.1027580599676283        1.4311425145472580        1.7664596681302660        2.9871912037999837        3.8672780502291761        3.8940374769800319        4.3772877415362323        4.4872904738173389        4.7277450928794353        1.3213019903124295E-003   1.7987257783343930E-003   1.3502882806288813E-003   1.0346938612116740E-003   1.1390817938084737E-003   1.3383173733201778E-003   2.0256189480619708E-003   1.0547174702544466E-003   1.2145595940250868E-003   1.3751590261955244E-003   2.1185353059397149E-003   2.0997508557796946E-003   1.2579983788396699E-003   1.6874828351365191E-003   1.4767994133884456E-003   1.7768171020699887E-003   2.0464453501256802E-003   2.3238977888136395E-003   2.7441309679209864E-003   1.6016667143612386E-003   2.0280127804533634E-003   2.1630611982333221E-003   3.5895285090022122E-003   4.0340535558057696E-003   2.3926015504921773E-003   3.3848201252383364E-003   4.1485882141974071E-003   4.4028301883247195E-003   8.0613002997253751E-003   5.7509826316253223E-003   4.5373448038797158E-003   5.2280610758709207E-003   7.8422239731863255E-003   1.0028044382740490E-002   1.2041425119635215E-002   1.8271011487034920E-002   1.3733661647575232E-002   3.3452887080226160E-002   4.0908458538473969E-002   7.2657595738641723E-002   9.8856734654121869E-002  0.13525109424998663       0.21467337268749326       0.39001356747071736       0.29919455705669723       0.39131548370090063        6.2311800680960247E-002  0.19413752323913028        7.9989542744229262E-003   7.1606535638752744E-002   4.3553430811003237E-003
         196   3.2064591208295066E-004   1.3460166333935091E-003  -4.6058467862597805E-004   1.9327151711556411E-004  -5.2306374006626041E-005   1.7270262350658992E-003  -1.5929559273145384E-003  -1.5085241321315453E-003  -1.9253853208793617E-003   1.7377475220898989E-003  -1.1741755369646990E-003   1.0691353883649371E-003  -1.4779385369250830E-003  -1.3052304974807308E-003   5.2235975271106641E-005  -5.4765849223756616E-004   1.2304241682272042E-003   1.1832035564002855E-003  -1.7358481527861595E-004   1.5054752055941448E-003  -1.5342587332256678E-003   1.9463762138805196E-004  -2.2027142003628480E-003   3.7176261482194245E-003  -1.3218609872647238E-003  -6.2982154398857459E-004   5.9014186128476782E-005   7.3107433585377045E-003   4.1970259582373772E-004   9.0594970413879917E-003   5.9050188245142691E-003   2.0358613874871113E-003   8.6592672796173957E-005   1.0918521585382538E-002   1.1619257355266310E-002   1.2844324583004179E-002  -1.0732086727557405E-002   1.4078991523520381E-002   2.3299598151478893E-002  0.13926955954373332       0.41867768367848840       0.77323679620339070        1.1152888653441171        1.4575201498953634        1.7715841785141981        2.9970893571371695        3.8638693530184081        3.9004722320938794        4.3705070429986250        4.4853782935800330        4.7217075080655579        1.0175178795401542E-003   1.3971533244729510E-003   1.1687691268317719E-003   1.2813866377258838E-003   1.4182595906737669E-003   8.8943447389738643E-004   1.1843120354772636E-003   1.2975239426121937E-003   1.0090753033558568E-003   2.0007667093914069E-003   1.1461143045377821E-003   2.2358282970532666E-003   1.9444891745055933E-003   1.7529976539830375E-003   1.3910261777467993E-003   1.5671689946479890E-003   2.0565480646587146E-003   1.8472011661789958E-003   1.7922600840429052E-003   1.8507576441511822E-003   2.3101365886024380E-003   3.6295566103270462E-003   2.7342115749933379E-003   3.1839532688884196E-003   3.3075913533490656E-003   5.0149124075483838E-003   3.9115657971926362E-003   3.7051525758879217E-003   7.1461119071040986E-003   3.2224498179485709E-003   4.3069510021651490E-003   5.1936216886402939E-003   7.7601847124370345E-003   1.0539350219349441E-002   1.2741046381056673E-002   1.8983041674472335E-002   1.1195751894316581E-002   3.5249282059976461E-002   3.7771339177375025E-002   7.7003441530470687E-002  0.10108983465339584       0.13480451024371140       0.21404769910706384       0.38580542942561530       0.30507136360257658       0.38321780409369188        6.4381292528878059E-002  0.19233778086130049        5.6350969550029110E-003   7.1185592404631653E-002   3.3191641195488395E-003
         197  -3.3677289976692725E-004  -4.7027380699260837E-004   9.0042484797705081E-004  -3.9331838883762625E-004   1.5151756315178871E-003   9.5509294495724217E-005   2.9217499961782506E-004  -1.7821882341102135E-003  -1.4577886971189357E-003   3.6517971920012327E-004  -1.5893577560334223E-004   5.2498024584020234E-004   4.4027968006979759E-004  -9.6486059997615654E-004  -8.9398869063513368E-004  -1.3452158042476434E-003  -6.5814519404472046E-004   2.5864811011724783E-004   2.7497415875332661E-004   4.1854564306953992E-003  -4.5165011738322239E-004  -1.2221947885411165E-003  -3.0485736948770367E-003   3.4670078762906826E-003  -8.6146029073455989E-004   5.8057902102338682E-004   7.5106790244444275E-004  -1.0724164762810417E-004   8.4327208427752566E-004   5.1285280087531484E-005   4.4396709122506706E-003   1.6861507961225841E-003  -3.1949948322818828E-003   9.1438825534022206E-003   1.1647076642032118E-002   1.0659555224421110E-002  -1.1934472960051542E-002   1.8541233390550419E-002   4.0200712415234159E-002  0.15179933598412049       0.43272654838084446       0.78396681066294671        1.1341151135782264        1.4800746108436076        1.7799858127531878        3.0113986743574133        3.8654535856919479        3.9042231788111463        4.3672174226822635        4.4825479738894849        4.7233814162137282        1.3698131787433173E-003   1.0184971144008978E-003   1.1885536171751105E-003   9.5896372988573623E-004   1.0605518371078714E-003   1.3860118105548528E-003   1.2873504949243685E-003   1.2983784454485849E-003   1.0865994109641513E-003   1.8715755214628862E-003   1.5848540243646877E-003   1.8119218434723503E-003   1.4602036096378408E-003   2.0130425547932301E-003   2.1257760698636264E-003   1.3081499040428256E-003   1.9614278128948408E-003   2.4635412811147370E-003   1.9621539112657099E-003   1.9291739556768848E-003   3.3761633769596208E-003   3.1632753181071592E-003   3.4811717475142479E-003   2.5475781480727689E-003   2.8271937591760341E-003   4.1941123174752803E-003   4.4264624461753041E-003   4.0489204335417877E-003   4.4463061539254684E-003   4.7797666740653074E-003   8.1297817104209989E-003   3.7325448025269580E-003   8.8198737341482151E-003   1.1589276581447216E-002   1.2857498270949404E-002   1.8587441460880712E-002   1.0216061197029903E-002   3.1013823235246471E-002   3.7443243545524724E-002   7.7032778490116666E-002   9.9290482753844736E-002  0.13522777613528317       0.21065279803915932       0.38132027335757085       0.30164318751988267       0.38061627746934379        6.2635065369355106E-002  0.18503781495750565        5.1969764053106720E-003   7.5960954149799725E-002   5.5986093044087136E-003
         198  -1.0520299230171773E-003   1.6090758682453594E-004   1.9650780727900643E-004  -8.3737530906561933E-005   1.2788497323589895E-003   9.2670637629105996E-004   2.5236899143740331E-003  -1.0086147433342265E-003  -7.4394145617576873E-004   1.1443419321810540E-003  -4.8617348353669003E-004   7.1752255558684265E-004  -2.1381442731865483E-003  -3.9216255538162035E-004   1.8688422353716054E-003   1.4193429504190298E-003  -1.1403874744275791E-004   3.1594912403565338E-004   3.9264007441653162E-003   1.6070700752780886E-003  -3.4405102296740284E-003  -4.7056791447846379E-004  -9.7627162792162921E-004   2.6995065553868784E-003  -2.6008079266209580E-003   2.0773080877180966E-003   1.9184871917280453E-003  -3.0474223584606116E-003  -1.3456425659585686E-003  -7.4176456356469893E-004   6.4793519919068582E-003  -1.2365157298151075E-003   2.1652573460644313E-003   8.4040490363102068E-003   6.4238530016786279E-003   1.2235010764692003E-002  -1.6344358942840705E-002   2.3787644844264863E-002   4.8475738913103764E-002  0.16325782324486343       0.44768920293666425       0.79475274480710212        1.1511535483025745        1.5062316688499016        1.8030032449072799        3.0168890941497599        3.8732781461763834        3.9099080751485826        4.3712125331210201        4.4811628444628360        4.7155280512413329        1.0112502305642879E-003   1.1595645998388837E-003   1.3382389855011952E-003   8.9837576260524759E-004   1.3078509044212919E-003   1.5710850571318815E-003   1.6182634673013703E-003   1.1554857735477210E-003   1.4241497890806884E-003   1.1866911432748149E-003   1.3094358579857559E-003   1.4407528869065467E-003   1.6577051338073339E-003   1.4317188794777187E-003   2.2933703480870439E-003   2.3025174802218861E-003   1.3060837173457975E-003   1.7181662924874116E-003   1.9362783528883161E-003   1.8926336302715735E-003   3.1246046881860819E-003   2.1879713450651309E-003   2.7844923012741176E-003   2.1186780495135505E-003   3.2030756384005907E-003   4.3341036623429996E-003   2.7977609042611315E-003   4.8087231108438835E-003   5.8468400794387324E-003   5.4029159862308317E-003   6.1141557371304292E-003   7.4381729396476234E-003   9.4404879978260622E-003   1.3057048589697726E-002   1.1549726727040074E-002   2.1056723031855445E-002   9.0408541016944368E-003   2.8966808771773336E-002   4.0069237484736016E-002   7.3236570657258124E-002  0.10054849449648214       0.13521766628379259       0.21009225629632569       0.37302480802628213       0.30104112995318100       0.37280493511326579        6.3485541661948322E-002  0.18567230542829721        6.2962840125588655E-003   7.6791764522977410E-002   6.8594094312525566E-003
         199  -2.0925962817511416E-004  -5.3390333460813834E-005   7.9458777880794449E-004   1.7216689562645008E-004   1.0786225371329534E-003   7.0401142346885064E-004   2.5429450793441313E-004  -1.2770408730697425E-003  -1.0830664472134982E-003  -1.4466619027375435E-003   1.2680448980658206E-003   8.3294453590472149E-004  -2.4456378598209849E-003  -7.5130016657651462E-004  -9.1991232443442697E-004  -8.1390042280803728E-004   3.2513162330599822E-004   1.5115033082821196E-003   2.7830135485443984E-004  -1.9060561249080483E-003  -2.0364582030059920E-004  -2.4131524989018829E-003  -3.0145993255492288E-003   2.9620673787144466E-003  -2.1027492191611073E-003   3.6332638512094483E-003   1.9273286119575763E-003  -4.7166592729653710E-004   4.2442985785371276E-003  -6.4607531759660448E-004   8.4832337922525099E-003  -1.0387120163948438E-003   3.9732784606678071E-003   5.7997289148910731E-003   3.1461279626981355E-003   9.1043516753034105E-003  -1.2869863209523401E-002   2.0259756058305978E-002   6.2466582633669838E-002  0.17578639096664947       0.45440734474762084       0.80446407269907449        1.1802501546456072        1.5297853032058522        1.8112109613461223        3.0366692916187157        3.8769756706168135        3.9119514306319760        4.3661383658014614        4.4729788368090793        4.7171926100529333        1.1723913931704227E-003   7.9380190406084009E-004   1.0354718229737632E-003   1.1415796945937610E-003   1.5487070939281492E-003   1.2586160299996130E-003   1.3536927331184907E-003   1.3356804408777656E-003   9.7537532760574430E-004   1.3001746341221227E-003   1.8250151135691692E-003   2.5996666186645320E-003   1.2148622199116034E-003   1.7432535777774333E-003   1.5947931139400663E-003   1.8756169360270600E-003   1.5812906101879732E-003   1.8761377685205679E-003   2.6798645128555390E-003   2.0043133271808837E-003   3.8052318072556157E-003   2.6139441524118453E-003   3.1735212437970306E-003   3.3330973250501631E-003   2.8477424764565985E-003   4.0950082570016637E-003   3.8153971767862691E-003   5.0699286009755233E-003   5.5425748166719737E-003   4.3325983004588280E-003   6.2309113514515627E-003   5.8562982802603898E-003   6.5638153363152089E-003   9.8012533109089368E-003   7.8703673700172214E-003   2.0584543627783478E-002   1.1240945468886366E-002   2.6058265071270310E-002   3.9758011283389211E-002   6.6292927800355075E-002   9.6231700486695645E-002  0.13734703963373263       0.21080683374496045       0.36776028853318277       0.30184389528699668       0.35958884247569817        6.3725621968683893E-002  0.17884872380369066        4.7633167778955224E-003   7.9755417042171650E-002   3.5496284920088629E-003
         200   5.9864923965130621E-004  -2.0753867059351391E-003  -3.1431016946135548E-004  -1.0113486877075092E-003  -5.6421414610425700E-004   3.6483874251722618E-004   2.3628837023975200E-004   1.5925608211565490E-003   1.4128719019028755E-003  -2.1787633025984175E-003  -2.5884546323597910E-004   2.1557949579249780E-003  -3.4742282906242163E-003   1.4730726606121720E-004  -5.8454731236671771E-004  -6.4759297827271642E-004   1.2797568460680953E-003   2.2714822228673973E-003   1.5910287604055668E-003  -3.5530210200970191E-003   1.0276435003093891E-003  -1.9336144373577771E-003  -3.1436013417724561E-005   1.3331006044989256E-003   2.5839357410602066E-003   3.0728337007637730E-003  -9.8648601673785715E-004   2.5124584999734806E-003  -5.8721617560689447E-004   8.1756921416634831E-003  -3.1786547692153441E-003  -3.5818855059681540E-003   1.6874661761177880E-003   9.9566971078159441E-003  -4.4275498121013838E-003  -3.2022322272840252E-004  -1.1880173999630256E-002   1.7060334598356829E-002   8.1996506666097771E-002  0.18954418785557095       0.46992943672456194       0.80736023827251313        1.2069735989889152        1.5568135843623581        1.8230451165725228        3.0496278695293353        3.8755342687343575        3.9094483129894528        4.3701777223875329        4.4722204342109615        4.7228924652587274        7.8250101901669361E-004   9.0591127903072411E-004   1.2004738784315756E-003   1.0250194400255222E-003   9.9546046744671381E-004   1.2352567487170629E-003   1.4102435991181124E-003   2.0817405992992872E-003   1.6425464100219250E-003   1.3010584862230730E-003   1.6171421417506011E-003   2.2005135090305849E-003   2.0212026813371709E-003   1.3391323880448788E-003   1.4976963418911978E-003   1.8554608790959739E-003   1.9150048036174680E-003   3.2521240538411745E-003   1.9038385253906354E-003   2.8716920402995336E-003   3.0442774501586375E-003   2.5655740049184287E-003   2.1832168764534185E-003   2.7693147034347091E-003   2.5790474668791800E-003   4.7426121528226124E-003   3.8459461274876084E-003   5.5533797137805483E-003   6.0363336004624225E-003   5.7716204913827399E-003   7.7083202245639528E-003   9.5543212753278206E-003   6.4642521827998666E-003   9.5762180350679807E-003   1.0503774255433612E-002   1.6832301756579841E-002   1.0780882703187906E-002   2.5916065676265129E-002   4.4413429905008024E-002   6.4477882723565194E-002   9.7603697574818543E-002  0.13571541004530299       0.20706274382311374       0.36189500603076263       0.29877852315607306       0.35381145204908010        6.3043462964341143E-002  0.17410463394393907        5.5329977881933253E-003   8.2611519623541851E-002   5.3180053728677937E-003
         201  -4.9428232064616432E-004  -1.4564175523321165E-005   1.4392571704396995E-003   4.2537044971126530E-004  -5.8905089883890406E-004   2.9835627934137008E-004  -4.0592264392707130E-004  -2.6333533801785916E-004   8.3652932631864845E-004  -9.9162766081333713E-004  -4.4094187399020229E-004  -1.3866440823591422E-004  -4.2141253221260956E-004   1.0281123543837765E-003   2.1306258376822208E-004  -1.8947537563679926E-003  -8.6821963179427677E-004  -5.6795382437283958E-004   9.8598710914390257E-005   2.7929278064100027E-003   3.2199575415136857E-003   9.4833416411802137E-004   3.7386312438619562E-004   1.6732824039234653E-003   3.2896913952670816E-003   7.5599482727793557E-004  -3.0330113989957405E-003  -3.9074384366358066E-003  -5.2950052100018811E-004  -1.0202528590018765E-003  -6.5412517017437583E-003   2.9934480785291217E-003  -8.1372172508699919E-003   1.3404766295231314E-002  -7.1384463815085094E-003   4.7562243840356070E-003  -1.6839524825101680E-002   2.4677230173442644E-002   9.0148356054081211E-002  0.19926595020111204       0.48409295242576694       0.82498902945546304        1.2397192906946999        1.5827506206094035        1.8419949239847082        3.0656640707605129        3.8693896274966169        3.9107480500545577        4.3704458615634545        4.4710633786067921        4.7173797717298944        8.0331371788005276E-004   1.0268968750642940E-003   1.0720115704687633E-003   1.3479587110873609E-003   1.1148339139379292E-003   1.0502139221748215E-003   8.6030018194517294E-004   1.8675279541564805E-003   9.7706298358189096E-004   1.5655773777669103E-003   1.4317947865863361E-003   1.8661283780478394E-003   1.5853124164661352E-003   1.8526141324627906E-003   1.2157641403110890E-003   2.0568823541803807E-003   1.8259533909632723E-003   2.9551040350065932E-003   1.8544484061985425E-003   2.2575672292456305E-003   2.8847113225440157E-003   2.1181085999482882E-003   3.1003435092742987E-003   3.7939274554757555E-003   3.2008603410983915E-003   2.9058628396305478E-003   3.5681342200299358E-003   5.9381796188387745E-003   7.8720098072815100E-003   5.8624513378523575E-003   5.9100364198110605E-003   8.9517392030028040E-003   8.6538483184055853E-003   1.1284024145758537E-002   1.0591554559060891E-002   1.3912552740343965E-002   1.6911939192489185E-002   2.4697333671971248E-002   4.0241980232959537E-002   6.3611567473336392E-002   9.6931970085446101E-002  0.13596268631155750       0.20509353759752830       0.34820838746127608       0.29671449929551130       0.34564481185012869        6.4288327887238914E-002  0.17473640576801650        5.4254705814240365E-003   8.3628563325669245E-002   5.1422718058535457E-003
         202   9.2321949911477235E-005   1.4001859933787531E-004   6.3656854611806484E-004   1.3480235523406479E-003   6.7187900682443534E-004   1.2917758398882317E-003   9.2790011298802901E-005   7.3208851162357704E-004  -7.2937783329980385E-004  -2.3826316858754318E-005   2.2744820942324591E-003  -9.2179323680538353E-004  -1.2111282769646503E-003   5.0952999430966530E-004  -4.1370615997943080E-003  -1.0595858328423197E-003  -1.9517710952310558E-003  -2.0573377251372161E-003   3.8257617363182819E-004   7.7958686960435117E-004   1.5524183506109960E-003   2.0453280074661873E-003   8.7387265885052951E-004  -2.0486621389179255E-003   1.1523143744368765E-003   3.4081045707332375E-003  -1.8649529301936335E-003  -1.6019742191166443E-004  -1.1686502546736357E-003   7.6943024414603616E-004  -1.0372552755288410E-002  -4.9467179345242997E-003  -9.0539995951882737E-003   8.3800221669604567E-003  -9.6356241808920207E-003   1.1604260184348146E-002  -1.6547681556113598E-002   2.5226792508135410E-002   9.7921858420137592E-002  0.20757646104280139       0.49319250402605241       0.84006646801537399        1.2628049349993138        1.6034202626430525        1.8567734307089307        3.0797266752244239        3.8736136341881795        3.9194120404109265        4.3777662685332279        4.4719967299556496        4.7263791670864634        6.4224781985907579E-004   9.8103329029608000E-004   6.9939270432353760E-004   1.1609387580934721E-003   1.1904113539261216E-003   1.1615563618018053E-003   1.1937920293881373E-003   2.0437016354471834E-003   1.3524315326284174E-003   1.1879965586775014E-003   1.7390269133446289E-003   2.0899856713278700E-003   2.0214694282416987E-003   1.3650136685528771E-003   1.2472669743015100E-003   2.9665963367463072E-003   1.6122098664533456E-003   1.4782830899953872E-003   1.6226428283599430E-003   2.3527100297061950E-003   2.6812550718979034E-003   2.2884838150826156E-003   2.2116209521086568E-003   4.1867797351259721E-003   2.7749778707010148E-003   3.9537273181605584E-003   3.5663755948495256E-003   5.3453866048286253E-003   6.8008906756192736E-003   5.0189110937034547E-003   6.1267949252460296E-003   9.8656841980042879E-003   7.6579949008217293E-003   9.8592193513626757E-003   1.3100004691201218E-002   1.3666363920481291E-002   1.1586802430963139E-002   2.5487273466727405E-002   4.1166339542287489E-002   7.1980957804402793E-002   9.8183668536712482E-002  0.13618928507535455       0.20473013813962712       0.34101583549996123       0.29629882835200805       0.34222592732399726        6.4887352394974868E-002  0.17472055127980121        5.4213017603399732E-003   8.4779696618323297E-002   7.1600989265974109E-003
         203  -5.2212306595844837E-005  -1.2338810463672222E-003  -9.0631136729607824E-004   7.9191634440150464E-004   2.3798638082934374E-004  -8.8759240689214377E-004  -4.3634023631310240E-004  -7.8941386974695478E-004   1.1913879347080110E-003   9.7976762406005199E-004   2.8776966517265963E-004   7.4986911824165335E-004   9.6285152742161411E-004   2.1533297374204301E-003  -4.9294686290081121E-004  -8.8931986057588590E-004   4.5110496066890984E-004  -6.4485697084288088E-004  -1.6517048320246433E-003   1.1440750847447711E-003  -3.2741516386807067E-003   5.9135851676889390E-003  -2.9715938018785980E-003  -5.0750809906980445E-003   1.0201122521257561E-003  -2.8689358785705605E-003   3.0310725534887098E-003  -4.6548437753799956E-004   4.8176939989907248E-003  -4.4986128948414101E-003  -9.1243779885001094E-003   8.0812667238994488E-004  -1.0139746700368539E-002   7.0469368720904669E-003  -8.6172139110781785E-003   7.6420664429980040E-003  -1.8356499379098008E-002   2.4123455904944371E-002  0.10619578538232127       0.22473472075685230       0.50262054431774994       0.84830490169623152        1.2882894221924237        1.6182460940038297        1.8652531635707148        3.0846369648245382        3.8686278403704364        3.9206205743473919        4.3769399288957285        4.4677657611679846        4.7261923179006153        1.1752189956989489E-003   1.1275842173885662E-003   1.0501605527534542E-003   1.1727848541744324E-003   9.3664467052563744E-004   1.0303271629353082E-003   1.2413681065700454E-003   1.3100874850519846E-003   1.2209895890411993E-003   2.1518222033059865E-003   1.1833526128751689E-003   1.6661761860150713E-003   1.9016583400395953E-003   1.4915113733832202E-003   1.7625033365210999E-003   1.6210449380611987E-003   2.0469849059703126E-003   2.3411630408061552E-003   2.4987848058962902E-003   3.0856361717142788E-003   2.2508130688929161E-003   2.4734073701383509E-003   2.6176973758654343E-003   2.7752735043344305E-003   2.5928823933947464E-003   3.6166909123923935E-003   4.0035389544790531E-003   5.0313540851426248E-003   3.7749993590262742E-003   5.8518207684093940E-003   6.2597057446435091E-003   1.1705463940646990E-002   7.6192086711546411E-003   1.1587132568892213E-002   1.1213104549476284E-002   1.1196135668375067E-002   1.4360876690956554E-002   2.3167370343076310E-002   3.8879645039544795E-002   6.8622930720531675E-002  0.10133012385854503       0.13830543826234826       0.20187928198024438       0.33388502207572707       0.29532230683845251       0.33572764965283547        6.5513293613784579E-002  0.17404395751036178        5.3479524936139279E-003   8.4398930758579058E-002   4.6969229677927939E-003
         204   2.2180202312807132E-004   8.1868799024368299E-005  -2.5234192606812285E-004  -7.2653431492404155E-005   2.4195346901224513E-004  -3.1242730737498803E-004   9.5789407039415984E-004   3.0091967956526015E-006   1.4951917328207161E-004   1.4975763728047957E-003  -2.4260045970794051E-004  -4.7184556660886251E-004   8.2807779007516369E-004   2.8114451329085989E-004  -9.5898364956227718E-004   1.3739906557607730E-003  -5.3040976085730297E-004  -4.7617993729115660E-004  -3.7070521505765102E-003  -4.7279061301582680E-004  -1.7814782174534027E-003   5.1080313525276554E-003  -3.7944536497900535E-003  -2.3362268009960952E-003   2.9778989446929563E-003  -3.8273226595196071E-003   9.7230034864776921E-005   2.9524868807340502E-004  -1.2494375851119352E-004  -4.2987074094689680E-003  -3.0721182278729683E-003  -5.0500460867852013E-003  -3.1978406889369010E-003   3.0399681433074433E-003  -6.3859740814503716E-003   8.5631743723707122E-003  -1.6731126506800243E-002   2.5831784047324887E-002  0.11739101407300946       0.23427591308981363       0.51743066162891171       0.86904997874559553        1.3215325808729472        1.6448259816383375        1.8882327481366163        3.0993916887757473        3.8591852872323762        3.9254877572503752        4.3659402379253471        4.4772590163334813        4.7223973329042943        8.8535388686644949E-004   7.4063220106417927E-004   8.5058613419722762E-004   1.1256403119563256E-003   1.3276614596404101E-003   1.1889299683660625E-003   1.1185441913832922E-003   1.1570750336622707E-003   1.0869096477781671E-003   1.0836876625135231E-003   1.2585891737298066E-003   1.8460262459003482E-003   1.0563283488517897E-003   1.7543496449790564E-003   1.6227045543633226E-003   1.4709642049361700E-003   1.1686777286493812E-003   2.2373933600970328E-003   2.5567614367399271E-003   2.8127392979481786E-003   2.1394821720680315E-003   2.5279048247375587E-003   3.2662584480209864E-003   3.1809302079954210E-003   3.4908453608410391E-003   3.1370317034590690E-003   4.2666499133375002E-003   4.4579986983408638E-003   4.4349390354247904E-003   6.0100335095219833E-003   5.7678057326366128E-003   8.5774765889519780E-003   8.7118871077620664E-003   9.0216666587934011E-003   9.5064598507604414E-003   1.2664327385561443E-002   1.4106409095305715E-002   2.6213094575269737E-002   4.0994147134723803E-002   7.0990735645096253E-002   9.9349635404236664E-002  0.13921758444040738       0.19852143198010141       0.32450625308782699       0.29134726600833238       0.33031770053634113        6.4830504853517643E-002  0.17477380676785831        4.1069134967582415E-003   8.3855735394712680E-002   3.6502355795517130E-003
         205  -2.2673662941550532E-004   8.8848134225377490E-004   1.7857548267307046E-003   9.3531398226065116E-005   2.0281907624933551E-004   2.7590781875417255E-003  -7.2453171540124288E-005  -5.8872860695684647E-005  -9.4156574118757573E-004   1.3485263473745461E-003   1.3555531339919905E-003   9.2899256344649981E-005   1.9498619216766740E-003  -5.4305422236130608E-004  -3.4968454879309106E-004  -6.4911708699503869E-005   9.5665996341742679E-004   6.1580411950414970E-004  -2.8574904480848620E-003   4.5495496889039174E-003  -3.1225061894269503E-004   1.9539221846116847E-003   7.7742978934548801E-004  -4.8878383784819717E-003   3.2908153916432715E-003  -9.1190331405344126E-003   5.6222626261620339E-003  -2.9242029772162275E-003   3.1254412406713861E-003   1.8451472157198065E-003  -5.0104532918764421E-003  -1.0743450082576998E-004  -5.6955010381611456E-003   1.4002071768398652E-002  -8.3681954812890678E-003   1.7987802456865674E-002  -6.5684711297833692E-003   3.2124628995888929E-002  0.13470159768609521       0.24568854680142549       0.54112738240396596       0.88626415803333813        1.3451719373109257        1.6701430473584165        1.9106435303284992        3.1174962147591141        3.8646339372872647        3.9188380551281381        4.3702301185298618        4.4690322165455001        4.7194667751063371        9.9253167799022413E-004   9.8477602780575350E-004   9.2562382725583402E-004   1.0848663600255327E-003   1.3473472685779785E-003   1.3753198054090110E-003   1.4284224487083922E-003   1.5523643854608543E-003   1.2954307788533373E-003   1.1858282556753950E-003   1.6130478562407468E-003   1.1009199338912362E-003   1.7095558089679965E-003   1.9197605123952213E-003   1.8574106814961521E-003   2.0865076707864429E-003   1.5182512778064434E-003   2.5776354209261477E-003   2.1695353967150573E-003   2.3548408536070826E-003   2.3019019124405388E-003   3.2633312599517576E-003   2.9202289747933632E-003   3.0099506669498135E-003   3.6178559910476590E-003   3.2245721327634935E-003   3.1371087185943646E-003   6.0403745555136692E-003   6.5263702455780606E-003   4.7281370755835519E-003   6.2867480835097451E-003   8.2374377979558908E-003   8.6951021267177627E-003   1.1815314635515739E-002   9.5757160616195495E-003   1.1135556483400876E-002   2.0439877176533720E-002   2.3145250308974782E-002   4.2098465751203108E-002   7.4589092843043978E-002   9.9628658317781033E-002  0.13646355455479570       0.19589334340690046       0.31594966830241911       0.28706602095110206       0.32073228785211044        6.8872551118199579E-002  0.17481696826465790        7.4928055224334853E-003   8.2576671881693181E-002   2.8842286659004116E-003
         206   1.2688843238119879E-004  -2.1518072717636294E-004  -1.1059345530236666E-003  -2.3253665084612286E-004  -1.1915298531430683E-003   1.3961688045012850E-003   1.9405040173003975E-004   5.0475333692225923E-004   1.0574567887159018E-004   6.5548948840981637E-004   2.7830343451594832E-004  -4.9609532081195372E-004  -6.0403042121776691E-004  -4.4399822642535912E-004  -1.8456904687194689E-003  -1.2166367322268687E-003   1.0539318686057901E-003   4.8734615039866454E-004  -6.0040858517342911E-004   9.2044365222762809E-004  -2.1293402258148611E-003   6.9498327460719694E-003   5.5320856547961433E-004  -4.4892218504673466E-003   1.4866588147857197E-003  -3.7137293896061557E-003   5.2212443835403938E-003  -2.9894383248702996E-003  -2.6320958663791981E-004  -4.7947467443128812E-003  -3.4156542673681291E-003   1.2087225204240016E-003   1.5334530479165521E-005   1.7020368118845223E-002  -6.6468715067010738E-003   1.5929410775080505E-002  -6.7175824550757346E-003   3.6268138012888390E-002  0.14619503881363666       0.25004147669153121       0.55437691358314578       0.89743446802805926        1.3610516584951380        1.6846015036575284        1.9298584257281441        3.1264101253801124        3.8633419890510994        3.9197408653353150        4.3690990481066319        4.4764363056831753        4.7205522285699129        1.0225768036976094E-003   1.3816940558287281E-003   8.2687319855570876E-004   9.8358242231704526E-004   1.8413609093758979E-003   1.8682482369280521E-003   1.0919884394948105E-003   1.0401634952634494E-003   1.6124586598303147E-003   1.3022013440118912E-003   1.4067198903339997E-003   1.9953272217818896E-003   1.0908296949090979E-003   1.9836897731868174E-003   1.5627581301179930E-003   2.8371233293032548E-003   1.9632887163362205E-003   2.3312261834277847E-003   2.6727174816872936E-003   2.1678801904869097E-003   2.0019473498660337E-003   2.7357231538594818E-003   3.7515765179533629E-003   2.5193821008497297E-003   2.9513758875925502E-003   2.1461711894312950E-003   3.5718302058764116E-003   5.0117792569346967E-003   6.3265078282552373E-003   7.7481859046514218E-003   6.4050440116130659E-003   7.2463986810980549E-003   7.4393806956769854E-003   9.9625874851438749E-003   9.8330792094493361E-003   1.1680582287191653E-002   1.8034190811782393E-002   2.7290735479312381E-002   3.9805792734915177E-002   6.7469931135847719E-002   9.9641550892510908E-002  0.13833735175019410       0.19392981682897514       0.30394318183136371       0.28535156228999276       0.31329393554074464        6.9309171510080689E-002  0.17186277283780335        6.9368198146000795E-003   8.3293192966882909E-002   4.3464501997509796E-003
         207   3.1049572744143184E-004   4.8156243755797567E-005   9.4964716166215488E-004  -6.3937742652046153E-004   2.5926037209977627E-004   9.5925368844393085E-004   7.1505432992424061E-004   9.5013816080012051E-004   7.3723550055948572E-004   1.4208192541739768E-003  -5.5441834835625182E-004  -1.1654543354615592E-003  -2.7984091274058434E-004  -2.9021713020501074E-003   4.4161437304524325E-005  -1.2587135396242282E-003  -1.3255713398788657E-003   1.2429346591415439E-003   4.9864862670453069E-004   5.5149065404760207E-004   1.4215946338095563E-003   3.9830782745238838E-003   3.7112902587645565E-004  -5.9107294743274202E-003  -1.3207723633179252E-003  -1.8125069464685983E-003   6.5481275067198700E-003  -2.4866253567316396E-003  -7.3327885115360590E-004  -2.8209850726110728E-003  -5.0082613267703703E-003  -6.9830171851772266E-004   6.5144544566418270E-004   1.4388126477019062E-002  -1.1686384413836215E-003   2.6730666607085181E-002   1.1259173808034931E-003   3.5763771701235417E-002  0.15263359074864988       0.26606050289006455       0.57064912088068609       0.91149137005951686        1.3919318986026432        1.7120774531243663        1.9479297996251401        3.1452466369524741        3.8659048445061535        3.9276703484788018        4.3725128164926303        4.4703787462772775        4.7226209906814347        1.1685247174043490E-003   1.0941270220566730E-003   1.2650952481184838E-003   1.1157788208712314E-003   1.0424244299015286E-003   1.2234273364192829E-003   1.2940386331296058E-003   1.9004432743463732E-003   1.3717372772403822E-003   1.4291571004822212E-003   1.2885969867790191E-003   1.4988735837310053E-003   1.5745001314035030E-003   2.4542873701633443E-003   1.3186846820034874E-003   3.2741070881734569E-003   2.6702306112287039E-003   2.3845288558520779E-003   3.1741367927340595E-003   2.3750952267031565E-003   2.2094230641600630E-003   2.9835916620548214E-003   3.8608104161829641E-003   2.1564460618770627E-003   2.8903889726843621E-003   3.3954630095905844E-003   3.8341126853729643E-003   4.2180554862405739E-003   5.1997626644889597E-003   6.0820679038849391E-003   6.6569932681418776E-003   6.7799460682512747E-003   7.2808337823010508E-003   1.1019630642250967E-002   9.4448264056159748E-003   1.2499598427097008E-002   2.1909748288384080E-002   2.4949479882106905E-002   4.2727909422475209E-002   6.8116107448169844E-002   9.7610922409605005E-002  0.13746142199234890       0.19057030345502354       0.29241099750582028       0.28587935289716965       0.30788554685256253        7.4631591935461303E-002  0.17095890332240507        6.1216902342516076E-003   7.9476098480922158E-002   5.8991401236223456E-003
         208  -1.2421440705725402E-004  -6.8564544154348778E-004  -7.0219051226595231E-004   4.1342674502030217E-004  -2.1772927577578340E-004   1.1198820903840039E-004   7.9510736775027433E-004   1.9003558607894855E-003   7.3235251745889607E-004  -1.3011232795113699E-003  -1.5221665835944778E-003   6.1087646972361365E-005   1.3655936402206135E-003  -9.6162269719431593E-004   1.0622626423108575E-003   3.1478828766327925E-004  -4.9665050461400299E-004   1.0063410529579928E-003   1.4897661700089110E-003   2.1203628143797327E-003   7.3482653690383275E-004   2.7508316540583310E-003  -2.0050500043401406E-004  -5.1995123379190815E-003   3.4070841787623885E-003  -3.3055683354808372E-003   4.4099927693468889E-003   3.2049873615857590E-003  -1.2802377797501176E-003   3.7836361578819627E-003  -1.2443156043358473E-002   5.0118363560552239E-003   4.8686201432907418E-003   2.8225139021006524E-003  -1.0986269504908719E-003   2.8812058137325527E-002   3.8948342654474806E-003   4.2229889410003454E-002  0.17804148008194134       0.28470350533037941       0.58483167295289995       0.92700467746098869        1.4169676853654614        1.7367046985331949        1.9627160890236248        3.1543173120781720        3.8707738282498854        3.9336426960356317        4.3701390487536473        4.4714215501467347        4.7196830205384863        1.0362926787936399E-003   9.1335665207004882E-004   1.1101391071414138E-003   1.0852459625255927E-003   9.4080297511003321E-004   1.2735101470180258E-003   1.1828448898369335E-003   1.3592609544098345E-003   1.2470572549658540E-003   1.3354602672107417E-003   1.2586549628683802E-003   1.4100980894347275E-003   1.7083363116642252E-003   2.1030243003020907E-003   1.6413972640715582E-003   1.8515057672269023E-003   1.8794562725879321E-003   1.9339387325150372E-003   3.8555547355711922E-003   2.6972016419481281E-003   2.5962195649846913E-003   3.2797635699418786E-003   3.4527703133416005E-003   3.4564362562426306E-003   3.2506540506150273E-003   3.9339998365347318E-003   4.9085430136761839E-003   4.5298142979382722E-003   3.8215260841637792E-003   8.8493932161608103E-003   4.5938178531058005E-003   5.5436292026131394E-003   6.6050479676751780E-003   8.9197731785477675E-003   7.3877706116762497E-003   1.2920408339818659E-002   2.0496847230065625E-002   2.3698688756112495E-002   4.8281143857131226E-002   6.8965412923337466E-002   9.6769616114974435E-002  0.13797241456550347       0.18760725352919155       0.28403123374013345       0.28096666652830926       0.29940605366766571        6.9817054779163307E-002  0.16947818996427130        5.3266709193678582E-003   7.9767125508000261E-002   6.3927847122446013E-003
         209   3.4229132668937601E-004   4.4796320357355230E-005  -3.5298787654692589E-004   5.0207953887627780E-004  -3.5122585583887203E-004   1.3387040670836019E-003  -3.1943156807689511E-004   3.8551099145097653E-004   7.1951690504056030E-004   1.2563140357419848E-003  -1.6459729823761345E-004  -2.0590075299717352E-003  -6.3009994712085880E-004  -2.3575283488346254E-004  -1.1818333808739122E-003   1.4953341857852490E-003  -1.1261751173559053E-003   1.1267420544260253E-003  -1.5734039284809682E-003   1.8013233055476791E-004   1.3458441105512647E-003   7.0912462681290550E-004  -5.5356901334622849E-004  -3.9423558583847303E-003   2.8076658798478738E-003   3.9371573327339586E-003   2.8980016072940864E-003   2.8318980327921377E-003  -2.5641076589154224E-004   1.4628157182701210E-004  -6.4111293630598918E-003   1.1584004299351074E-002   8.3994844619631227E-003   1.4740944667551740E-003  -6.0634690715587452E-003   2.3029957106734385E-002   1.1529535780949963E-002   4.7087241439088733E-002  0.18024763051792175       0.30472109974958955       0.61300758237070385       0.94912884252905627        1.4422971730705276        1.7554802506695770        1.9866023474668342        3.1682702344430940        3.8679345588620127        3.9313673776488560        4.3731335117465218        4.4771546768654753        4.7259193952514744        8.7732336198926653E-004   9.8121854227346708E-004   7.4652328581034449E-004   1.2120782589278454E-003   1.0917654826424084E-003   1.2580414731487505E-003   1.8830208397200867E-003   1.4916926311473232E-003   8.6157255292284229E-004   9.7938443841773205E-004   1.7436235336333614E-003   1.6917635408327158E-003   1.4640582416257774E-003   2.0713623231947199E-003   2.5011034188150163E-003   1.6308976789669281E-003   1.9087263937940062E-003   1.5909647823071692E-003   3.6966610051524119E-003   2.6962622425465762E-003   3.0349699354173219E-003   2.6986250806677803E-003   3.3780363686098528E-003   3.1211917202412427E-003   5.3603202739663349E-003   2.8128397665902641E-003   2.8103475105483418E-003   3.8470112039556753E-003   3.9597835556970679E-003   4.9386088944612539E-003   6.4341603140755021E-003   8.1714106913510984E-003   8.6107067507242441E-003   1.1041664120409040E-002   6.9873754639851781E-003   1.1129906729402219E-002   1.9216556021910716E-002   2.3601769163167047E-002   5.0442893967245057E-002   7.0622740503524600E-002   9.5937346126660716E-002  0.13963869343258190       0.18536157797957775       0.27185945073708839       0.27835124845474779       0.29465204894173502        7.0579094712329149E-002  0.16792535033696190        5.7589751590520852E-003   7.9769684756430329E-002   5.5024495434270139E-003
         210  -5.8588023452585370E-004  -3.1229114303478342E-004  -4.0127532266830270E-004   8.7511666679804668E-004  -1.8205256248157083E-004   1.0304737531930915E-003  -6.1284753128998371E-004   2.7386041636953462E-004   1.7125763722982443E-003   7.6635538886561726E-004  -1.5969964495720506E-004  -4.8595680348517120E-004   1.0536405457693191E-003   1.2093770324939866E-003  -2.9347246610981483E-004   9.5919412106575065E-004  -9.5533735103863642E-004  -2.3454005918829141E-004   5.7681247877271787E-004   2.1725383377326816E-003   9.7747901408058941E-004  -1.4777364440676114E-003  -1.3741911908979781E-003  -1.9306158914788314E-003   4.0234981365767371E-004   1.0124864908370721E-003   4.5646417286572954E-003   1.1740028730160099E-003   2.0974481341378762E-003  -4.5186553444819914E-003  -1.1933786497656489E-002   5.0374928504780259E-003   4.1065296512298316E-003   1.9204632660865999E-003   6.2318132477277577E-003   2.3806294744470973E-002   1.2234559279035884E-002   5.4757927185914518E-002  0.19303515283406983       0.32404118260559461       0.63156580212015045       0.96858969605656087        1.4694396750990786        1.7842164476389388        2.0103355338910962        3.1813700668167253        3.8677509288690426        3.9306854368643349        4.3745087482445371        4.4830533593316479        4.7199015301510485        1.0012905047796900E-003   1.0757909637726540E-003   9.7831573183770329E-004   1.3791124776481520E-003   1.5190575650323624E-003   1.4284806624827950E-003   1.6004301151115630E-003   1.0844088522301747E-003   1.4834398114148238E-003   2.0318710611892674E-003   1.9661019096966518E-003   2.3196799386850783E-003   1.8441537171328386E-003   1.7951154476907136E-003   2.2396861751882856E-003   1.6404400829948549E-003   2.3585133946660854E-003   1.7369245905403856E-003   2.7431424507666016E-003   1.6132033681819681E-003   2.6580798822584055E-003   2.7074096831042603E-003   2.7063805981814445E-003   3.3466047423418304E-003   5.0641312755450576E-003   3.5092187916270891E-003   3.6957591667530977E-003   5.0131863449477459E-003   4.9570520420952934E-003   4.7348108774699837E-003   5.3967997389209963E-003   8.9940597444555809E-003   9.2695442623406885E-003   9.7612569677433467E-003   7.3804479390719435E-003   1.2187374078131519E-002   1.9725835896023843E-002   2.1961726535884074E-002   4.7988947820802222E-002   6.8916383285632807E-002   9.4501838537878163E-002  0.13938401657685454       0.18320637010743801       0.26564563869177121       0.27355389038651345       0.28691561706081931        6.7078895250092835E-002  0.16593012601616772        5.4533491565844300E-003   7.9915001333545080E-002   5.6751294659425104E-003
         211   2.9800467432300362E-004  -1.3210623565009551E-003   1.6727610084642534E-003   4.0652610891980860E-004  -2.8475970522541500E-004  -4.5602110875838259E-004   4.6228517189967429E-004  -1.8203800483119210E-003  -4.1006877203463818E-004  -4.1648026342244125E-004   9.1916995836101095E-004  -2.7540358308831545E-003   1.1781025597341826E-004  -2.0662371588684430E-003   1.8182007511432401E-003   3.0839737125951268E-003  -8.0036918802245339E-004   2.2732672214640193E-003   1.2969950550455144E-003   1.9197841567374764E-003  -2.0267487261564571E-003  -2.6614414408459345E-003   1.0332290949562235E-003   8.2420001026167072E-004  -9.6906116541374998E-004   4.9911401623695595E-004  -3.3917543231460159E-004   1.8448153702196699E-003   4.5331971885480445E-003   2.0822524032698634E-003  -7.0392328463838695E-003   5.8732521612477476E-003   1.1773029029439009E-002   8.4719775695439505E-003   9.8783690583994308E-003   3.1276543297658457E-002   1.3968039297974870E-002   6.3962370086969603E-002  0.20081297434476611       0.33263769693944994       0.65364066092939666       0.99342209219505562        1.4888702865885695        1.8116755892838434        2.0407857664133151        3.1954020867627579        3.8680126713010052        3.9331758396995249        4.3728121259120902        4.4840381111801415        4.7218531025782040        7.1388843155033386E-004   9.5754891167772963E-004   1.7801319523939299E-003   1.0005794807441796E-003   1.4282009207332359E-003   9.9301420563186718E-004   1.2258654384670713E-003   1.6093467355387551E-003   1.4079015905946971E-003   1.0518178836140335E-003   1.2389943970287285E-003   1.0709991655962021E-003   2.1416655497440056E-003   1.4305243931023296E-003   1.5626181698674684E-003   1.8512329296529921E-003   2.6617605056198511E-003   2.1742395444018250E-003   2.0875639363974741E-003   2.5331385129901290E-003   2.5480089304009920E-003   2.3362350569595394E-003   2.9239359563243898E-003   2.8670513806918355E-003   3.9328912060622263E-003   2.8846449150032854E-003   4.0776423906548785E-003   4.3072840380001453E-003   4.1898380638298255E-003   4.1432920580123439E-003   4.2828450877174726E-003   1.0336038660758115E-002   7.0476611468830051E-003   8.1475982989557307E-003   7.5819073623152530E-003   1.2386408206781050E-002   1.6815673052546207E-002   2.0681516374916675E-002   5.1417136345236099E-002   7.0012560288347708E-002   9.3238167714779996E-002  0.13904315245492141       0.17547622834616072       0.25624972005870739       0.26577785804889270       0.27878052157390665        6.5535187650879179E-002  0.16329658184877760        4.8992258873397495E-003   7.7067099238791958E-002   6.0311696897936149E-003
         212  -3.1424837000742340E-004  -1.0161638333559260E-003  -4.8615357324689038E-005  -6.9018167567939828E-004  -1.7282026046192892E-004  -3.4490359372162083E-004   2.3256010758158229E-003   9.1530464206182811E-005   6.6028082918389479E-004   1.5544015799531647E-003  -1.0519057180914239E-003  -3.4132139393054663E-003  -5.6856011731495025E-004  -1.1319654040215892E-003  -1.9381931099888598E-003   1.9956641848338872E-003   1.4193999240631333E-003   3.0251601163755024E-003   2.4273951864157684E-003   2.6553006989932021E-003  -8.3785145243567239E-004  -1.2435579802073634E-004  -3.6889442270152058E-004  -1.6963018090632542E-003   1.4981255278041642E-003  -6.4462082083362410E-004   3.0872430989753192E-003   1.6473152792044663E-003  -5.8047716506655800E-004   4.8754115345740114E-003  -7.6968274855138555E-003   2.7930704128818084E-004   1.4952427871354599E-002   6.8280495485702995E-003   9.9823744432731461E-003   3.1312126860304414E-002   7.1216667009377918E-003   7.0462121154325055E-002  0.21247318625843947       0.35508774943845645       0.67406048151389131        1.0181115423082574        1.5120076302734089        1.8472043292538998        2.0688130565224867        3.2128657621644363        3.8757878497478804        3.9376623799026897        4.3728883400493874        4.4845095990619734        4.7232900868476833        1.1643572874749418E-003   1.1929607309524046E-003   1.0319454706764113E-003   9.5558238848294033E-004   1.2184490866177752E-003   1.6529814007047424E-003   1.2119970494520408E-003   1.0905455788574258E-003   1.2834118315676064E-003   1.9534558753854241E-003   1.0831760584108694E-003   1.7216875665250055E-003   1.1536123437497162E-003   1.4686005025891259E-003   1.4732467560729583E-003   1.5315069140535193E-003   1.8688386933282384E-003   1.8930571365516659E-003   2.4922880448168009E-003   2.0127299358852725E-003   2.4046900357875393E-003   2.2170378660007145E-003   2.5437952738722731E-003   3.1223058272805363E-003   5.1220778544601026E-003   2.8954638432983123E-003   4.9997946721487942E-003   5.4362970237596857E-003   3.2774313768169131E-003   4.3547781541107208E-003   4.6558784898899641E-003   1.0083078914334151E-002   5.1603619620729001E-003   9.5576015771703157E-003   7.6554210001349293E-003   1.2609735566652010E-002   1.7741475516058890E-002   2.1155530220954802E-002   5.1376216498995611E-002   6.9239554268628906E-002   9.3203741272684659E-002  0.13814083165090763       0.17421137599976935       0.24835231164354207       0.26784812973252825       0.27298655833437152        6.6667129085908106E-002  0.16229574490037035        5.7979291621116777E-003   7.2673957322618180E-002   7.1754270217754094E-003
         213   1.5726557080352673E-006  -4.3158566426725747E-004   9.2706423022455102E-004   6.2192839143951502E-004   3.0440911858075461E-003   3.7112753726324243E-004  -5.2341476294626198E-004   1.8540185381977078E-003  -7.1264790855192115E-004   1.5754730700580537E-003  -1.9263827716787785E-003  -2.6651041154677193E-003  -5.1493938542485410E-004   2.3420360560772275E-003  -9.5366218484484687E-004  -6.5253465847544753E-004   5.4658434509785381E-005   1.0863939694054187E-003   3.0495790386223967E-003  -5.6940417230983677E-005   2.7650216647171150E-003  -1.0268213565087956E-003   1.9973453723308383E-004  -1.6383506827760742E-003  -1.6270229504585453E-003  -2.7944880666088338E-003  -3.6167885807341536E-003  -4.5802536156072781E-003   1.8369164339756090E-003  -8.5748008694553897E-004   2.7054277758818077E-004   8.5956159784679360E-003   9.0463241028711106E-003   1.4917489966263279E-002   9.5330905340444902E-003   2.9363596889157306E-002   1.1881119636058087E-002   8.4068342345229335E-002  0.21759271498312713       0.36471128153776727       0.70478881019479500        1.0469094117538686        1.5444304508110416        1.8655684517071474        2.0946132317519779        3.2205903125846786        3.8741537370248165        3.9460116895414430        4.3770098044694707        4.4751738939054171        4.7213107991627350        8.8252062747963750E-004   1.1410279986761654E-003   6.0730964796772179E-004   1.0123410976530121E-003   1.2375982881757182E-003   1.3093943909749373E-003   9.6640666045045090E-004   1.6560523618980210E-003   1.1102549064116894E-003   1.2049918372248811E-003   1.5036652781503187E-003   1.1646951217827134E-003   1.5575245081797819E-003   1.7856054006552262E-003   1.8910787145404388E-003   1.6790913352108499E-003   1.6255677324115429E-003   1.4000787899336709E-003   2.0224446913532658E-003   2.0757121273115007E-003   2.1885535318389719E-003   2.2703339893772622E-003   4.0809616524966723E-003   3.7046203543632914E-003   3.6653783060447667E-003   2.8449210275686356E-003   4.3798408034952238E-003   4.5245258464700492E-003   4.0598561046328429E-003   5.6630809205293056E-003   5.8376544351258861E-003   1.0809707954156707E-002   5.0816795240445590E-003   8.2584734708052651E-003   9.5533253624293414E-003   1.1720818113070207E-002   1.7742195418622958E-002   2.2893739909808402E-002   5.5773353684363251E-002   6.7394906957710721E-002   9.0933561429494714E-002  0.13815881886047279       0.17141953408737010       0.24214080621064901       0.26395686867742435       0.26705903778586143        6.7428290625929560E-002  0.16153073915445432        5.2026914335422721E-003   7.4088737497311749E-002   6.0142048189584770E-003
         214  -5.9767808700058364E-004   6.2258358777793820E-004   1.5632976063462712E-004   1.5060458609511063E-003   9.6113809897494450E-004   2.9400431571776579E-004   4.1675106116695955E-004   2.2525364372504306E-003  -1.6159512858330070E-003   4.1692300175385225E-004  -3.7580213954594398E-004   7.8656921084019013E-004  -2.4860332957871586E-003   2.2632988056519462E-003  -1.7693648424363750E-003  -7.6855430142633502E-004   5.4686229319830522E-004   1.9549781139182505E-004   1.9780375663528919E-003  -1.0054758343117898E-003  -5.2652400574534366E-004  -1.2121840588637069E-003   6.3010420250434792E-003  -6.6899026512283492E-003  -6.4692217250333244E-004   3.8708467837463104E-004  -5.8567289493654815E-003  -2.3094535663327849E-003   3.7311195506217415E-003  -4.7924728354037200E-003   9.3646617162524131E-003   1.0794910797951378E-002   1.6885860569052381E-002   1.0278798639689656E-002   1.1433959856828229E-002   3.7537312419304941E-002   1.0316848335714375E-002   9.5588365775661335E-002  0.23079696385905260       0.37799633668651234       0.72887212398260348        1.0712770048334521        1.5792003249118762        1.8933867916510352        2.1146786167857217        3.2318892364061003        3.8737146715940329        3.9369837453199024        4.3778768254826792        4.4747893745532066        4.7235606248301041        7.6166068658850550E-004   1.0130934886743029E-003   9.1801727116207785E-004   9.7284796858743703E-004   1.2306131443297307E-003   9.3444308057174055E-004   1.9955185029484107E-003   1.2339258959117234E-003   1.2646623802897283E-003   1.3871618635060085E-003   1.7731722851606752E-003   1.5497731151447604E-003   2.3092126096796372E-003   1.5078193303423879E-003   1.4533657741293007E-003   2.3437885702388256E-003   2.0462930502110174E-003   2.0129409337713406E-003   1.9394195473405951E-003   1.7970785623322837E-003   2.1906802076234731E-003   2.1802249192137543E-003   2.9538393442367261E-003   2.1806179336322602E-003   3.5916381299624460E-003   3.2564585567811202E-003   4.2051535492101380E-003   3.2688508135511312E-003   4.2958743170576083E-003   4.2694466794929260E-003   4.5159873568235915E-003   1.0223057263192347E-002   7.5129613902588724E-003   9.2370768849057098E-003   8.0538602873222384E-003   1.0397060471188676E-002   1.6437445431788326E-002   2.3816487861096230E-002   5.8668518626618316E-002   6.4974892558642652E-002   8.9703062413455367E-002  0.13750884607372540       0.16671608650449934       0.23059642114212980       0.26316489408748800       0.25861797704512596        6.4986145509468254E-002  0.16107270541233284        4.2529674342806530E-003   7.0195151803001676E-002   6.5138738111320382E-003
         215   1.1859261575389345E-004   3.6437293775376040E-004   4.8546512982380527E-004  -3.1147171266183166E-005  -6.8602365021006061E-004   6.7359716721871116E-004  -3.2664102578791219E-004  -5.2249405860501600E-004  -1.9456545997788403E-003   3.7844025148869376E-004  -1.7976882325751657E-003  -6.7554472858084445E-004  -1.4621331412178881E-003  -6.8329548674992855E-004   2.9542783757246111E-004   2.3905320569989593E-003  -3.7435629330334077E-004   2.7860201394771026E-004  -2.0837346421048711E-004   9.3361394941998568E-004  -1.2864696207885336E-003  -6.8054803530436165E-004   3.6409532059734511E-003  -9.4962704914237743E-004   1.6522726469109749E-003   3.4994151125960294E-003  -5.7832649960269074E-003  -1.3156354813170798E-003   1.0185984916433950E-002  -1.9494564312263799E-003  -3.8245931290327353E-003   8.3278392021552110E-003   1.5499762672289629E-002   1.4716102941664406E-002   9.5872610796127519E-003   3.2629785444714156E-002   1.0799131962361846E-002  0.10719778870689491       0.23563496841756731       0.39213152101911392       0.74734624026929131        1.0891109991930177        1.6028420856764498        1.9242400968956721        2.1436913493553158        3.2495664603328245        3.8717288714568392        3.9365534268614715        4.3806264935005341        4.4776569865041331        4.7225208891606307        7.4616355806525491E-004   8.4278040304677142E-004   1.4609335494634977E-003   1.1832403191123807E-003   9.4505914381283549E-004   1.1489270097085448E-003   1.3298678408893627E-003   1.5366163155632120E-003   1.5083146482975957E-003   1.4022864867398522E-003   1.3796591226817735E-003   1.3640695989414911E-003   1.5807915958038095E-003   1.3691859559282077E-003   2.1033655848383664E-003   2.5582788178701832E-003   1.9130794260391669E-003   2.5619746208002960E-003   2.7617903322800078E-003   2.0556827664538293E-003   2.6115168925559002E-003   2.3610811643123598E-003   2.7709809942767076E-003   3.5161420046139532E-003   3.6024679180219048E-003   3.2188779538307542E-003   4.9471044667880968E-003   5.5960434547532335E-003   4.5710770555443050E-003   5.0367710589236340E-003   5.8978458014786288E-003   1.0172232200275766E-002   5.4580628474515053E-003   8.3290722400697469E-003   7.6323119911183811E-003   9.3330851021467629E-003   1.9401576218410568E-002   2.3740044483969113E-002   5.9501625300766352E-002   6.5326713998674985E-002   8.8592247711075156E-002  0.13709453345279651       0.16141266592398104       0.22060813134260182       0.25936029368428226       0.25609831938813421        6.4612668207381915E-002  0.15999520017757524        5.6210553613494302E-003   7.2703370948192514E-002   4.8289224883552914E-003
         216  -9.5894730165619235E-004   2.4318621978176496E-005   9.5602791017526841E-004  -8.7158409857624654E-005  -2.2667046197410548E-004  -1.1632425360803135E-003   1.1083617308997448E-003   3.6441326199507495E-004  -4.2796024971182345E-004   5.8230112437157003E-004  -1.1665046124149513E-003  -5.0607209419739401E-004  -1.5040697008305369E-004   4.4551442448195581E-004   7.5927357063822491E-004   2.1152606453880255E-003   1.2333879830996178E-003   2.5570129758032967E-003   1.5173373488980066E-004  -2.3999754509896774E-003   6.5918244743093368E-004  -1.8840406423433146E-003   4.3214119477457437E-003  -4.4564131955145380E-004   1.2840215060953353E-003  -1.2839048794471653E-003  -4.2730080982194421E-003  -4.7462952892385361E-003   7.1689080371512099E-003  -9.6164556647346609E-003  -3.2159187300229738E-003   7.2853058974745996E-003   1.8993797109807066E-002   8.7802531348673170E-003   7.5320298040682460E-003   2.1288085479371967E-002   2.6524446262052432E-002  0.12164998084206551       0.23975028355448177       0.41588800165751955       0.77662176472630340        1.1290841276748220        1.6387643109322521        1.9484701559023103        2.1785052872134512        3.2630648059201666        3.8800220565395227        3.9397411659278547        4.3767162046133450        4.4835613510844121        4.7218795759750742        1.5200277904854728E-003   1.0527210429842554E-003   9.9833137823777452E-004   1.0131566682043448E-003   1.0122678568434678E-003   1.2807731240619222E-003   9.1737937321386830E-004   1.7864787577801030E-003   1.9802683122988060E-003   1.5900775910512972E-003   1.1348925847472157E-003   1.3616421847652820E-003   1.3963949491602762E-003   1.3561473933621903E-003   1.1677090997047829E-003   1.3383797575858745E-003   1.9308523797479302E-003   2.8439705384280937E-003   2.3689360698914380E-003   2.3805814872068249E-003   1.6946419087910689E-003   3.1648338347839470E-003   2.7634178967719122E-003   2.4972353874332647E-003   4.7071691519629394E-003   4.4478917430940627E-003   5.6127595686132912E-003   7.0581592223391111E-003   4.4799696269355264E-003   4.4616921597298445E-003   6.4322964605568432E-003   8.1013370978154052E-003   7.8516777768743943E-003   7.5063205943206347E-003   8.4276391842245790E-003   9.6318754800629354E-003   1.7138645106413268E-002   2.2794410969900879E-002   6.1493834778942297E-002   6.1824886507581202E-002   8.6609529328326884E-002  0.13545368318935491       0.15465990286952239       0.21420709161024704       0.26063113973874896       0.24349874302823737        6.2561032640445505E-002  0.16026431994721926        4.7965913023172470E-003   7.1901381357215827E-002   6.4724737769865162E-003
         217   4.4994598133631922E-004   8.5486846529746029E-005   1.0990603474922826E-003   1.1167996413523308E-003  -1.6229258872410294E-004  -1.4787052106760983E-004   1.6515531295850168E-003   6.1719757674345605E-004  -1.3473233412135523E-003   2.4232584936410804E-004   1.0420661237527963E-003   1.0459420154825348E-004   5.3296131106995537E-004   4.2978900050313533E-003  -1.2221052954024950E-003   1.0268515842100626E-003   1.1358606292448887E-003  -1.1589572744512518E-003  -1.9438023013221999E-003   2.6878354873506707E-004   5.8977126919847319E-004   3.3989093210349997E-003   3.2444910873506037E-003   2.8403387453375352E-003  -4.6452493835087852E-003  -4.0827052221945152E-003  -8.2782807301471056E-004  -2.6534872454738526E-003  -1.3795936675259572E-003  -3.0254267475605789E-003  -1.7962929744270424E-003   4.6086245218618111E-003   8.6986354393762677E-003   7.4509241093937738E-003   1.1990013208700787E-003   1.1282813419333812E-002   3.1610123398621466E-002  0.13119033936444466       0.24231787715367806       0.43499835821483512       0.80772065573493379        1.1547028122524943        1.6768485007686467        1.9683252806277767        2.2117767038716036        3.2748985809894027        3.8865912571406080        3.9470030041831032        4.3803299958908175        4.4827063957481643        4.7195941493717966        8.5714138004625267E-004   1.7404851731824249E-003   9.7679648347648806E-004   1.0510776915471246E-003   8.6939113427052543E-004   1.0329326840564292E-003   1.0601051428346950E-003   1.7013491945242030E-003   1.3054204720392101E-003   1.5182044923934825E-003   1.6542597489635135E-003   1.3491481711468010E-003   1.9576801159539138E-003   1.5057448581575390E-003   1.7087454665551428E-003   2.0781597174639069E-003   2.1766647694851935E-003   3.2945020722890597E-003   2.0465406801967057E-003   2.1559712217929803E-003   2.3302944505283244E-003   1.9363236485669952E-003   2.2599972719088385E-003   2.4854674990232193E-003   3.2052757842815733E-003   3.9118389550725774E-003   3.4790861531040283E-003   5.8614050762714033E-003   5.5577533449190364E-003   4.3138243052385731E-003   4.9473787002229158E-003   7.9565175366863965E-003   9.1158900259006616E-003   1.0707671075072671E-002   1.0312369605375510E-002   8.9697483470896257E-003   1.4319552738809365E-002   2.3966281520180380E-002   6.2542720147161140E-002   6.1732103839218282E-002   8.4431007887087031E-002  0.13567647532258736       0.14977923663145537       0.20496583358521375       0.25701638125382031       0.23669236299246108        6.2351831515729844E-002  0.15930399089848413        4.7194468596555468E-003   7.4200212028933427E-002   2.8780274456619969E-003
         218   7.5937734145833835E-005   1.9103005955058241E-005   4.9560351975077037E-004  -2.2109460311484562E-005  -1.3998949774499446E-003   4.3180687171886562E-004   1.9506666479658802E-003  -5.3179150685126256E-005   1.3196581221793318E-003   6.1382070495568560E-005  -1.0912139604314633E-003   2.7828267249852126E-005  -9.6212969176175914E-004   2.1441440248855885E-005   1.1579431910104633E-003  -6.4749326763143965E-004   1.1988381251891887E-003  -9.3167096591648178E-004   1.4581009086881188E-003   8.4655562869237033E-004  -1.1063308679492487E-003   3.3407933136744838E-003   6.1455997576421607E-003   3.7471542194367122E-003  -4.8419710947828357E-003  -3.0883983018086844E-003   1.0368279198277858E-004  -2.1101059236010270E-003   2.0537515282019786E-003  -4.1689205098878737E-003   2.4624713911243720E-005   4.5425573219042004E-003   9.9268731150046526E-003   1.1217719697373087E-002  -4.1917341970754375E-003   2.5488621879180291E-003   3.1306849069516675E-002  0.14583207347212213       0.24322567935745312       0.44898985881380138       0.82772254792135269        1.1867669323571761        1.7032862123195225        2.0025891629390689        2.2424713421980957        3.2934927541367407        3.8844397632602852        3.9433871193740515        4.3744955153523506        4.4762061338188115        4.7189769008839404        1.3323774382681299E-003   1.1508900949995613E-003   1.2739280066432416E-003   8.4275631639006449E-004   1.3048341253974580E-003   1.2617418703489214E-003   8.9324790060645140E-004   8.7814581628148087E-004   1.0636526915410902E-003   1.0170298702896978E-003   1.3562941483038426E-003   1.5815242238532130E-003   1.4369748410283218E-003   2.1403079777520127E-003   2.5308565712051337E-003   1.9020828226736786E-003   1.5201847381281267E-003   3.8168251063335225E-003   2.1945295136732998E-003   1.6122013366069831E-003   2.6289711104654978E-003   2.4560744712533878E-003   2.6005958063710414E-003   2.3753381647957750E-003   3.4754303815294802E-003   3.7125282981207331E-003   3.9602500636028021E-003   4.6088383688365694E-003   4.7339840212658815E-003   5.6103786359322332E-003   5.0728393505446974E-003   1.1233378252808728E-002   8.7659589792537240E-003   1.5159672372158137E-002   1.1371215046423456E-002   9.1002232954788768E-003   1.5983129283591670E-002   2.4472870495897525E-002   6.8106940297672294E-002   5.4543539014054863E-002   8.4433147837883138E-002  0.13307769995434082       0.14620166593647280       0.19938343443687054       0.25155462742781809       0.23043624760703102        6.1521284488373504E-002  0.15660793692487462        3.9639116061658524E-003   7.2265012432690900E-002   3.6933307393593562E-003
         219  -9.1654532442632418E-004  -1.4334304016224480E-003  -4.8272349754133881E-004  -1.1642574715687369E-003  -7.8484225224588998E-004   5.7341738745656054E-004  -3.1810233492317563E-004  -1.9972451686378540E-003   1.1436888774134534E-003  -5.5444711259290756E-004  -1.7240598900231624E-003   7.9486034475234222E-004   3.1495351183809021E-003  -9.7191729528345609E-004   2.1714940194147042E-003  -1.3949595895515312E-003   1.5700568627342456E-003   2.9991949846013524E-003   1.2100167445309889E-003   4.0563437373391537E-003   2.5533593028725764E-004   2.4174572748418771E-003   3.2076516907186153E-003  -8.9008621498577896E-004  -2.9560352958667990E-003   3.2211411880721324E-003  -7.4678261463285989E-004  -6.2034309040262829E-003  -7.9189938148866085E-004  -4.6987627897027290E-003  -1.0245859626431422E-002   5.9082528744726394E-003   8.5972439231661243E-003   9.7146476921836419E-003   3.8149930017699228E-003   6.3819648631347741E-003   4.0462543750802236E-002  0.15156301271401118       0.25730127302869038       0.46234681850026393       0.85732418682452616        1.2097551920323970        1.7428464351058062        2.0336161110838260        2.2858237244815487        3.3060038067688375        3.8863183113064923        3.9425004644344552        4.3718124295194354        4.4800152810665113        4.7208042278934359        8.4946336256234382E-004   1.1187591508320036E-003   1.2794122942219699E-003   9.1086573265543899E-004   9.3670302820525583E-004   1.0190933717923792E-003   1.3195862484678929E-003   1.3921436906042172E-003   1.4110407644728456E-003   1.0807789611114950E-003   1.2855524819643468E-003   9.6649234000166799E-004   1.9815327653653673E-003   1.5220391820573286E-003   1.6937274502826271E-003   1.8042094503594665E-003   1.4074486352563358E-003   2.8108624367343183E-003   3.3271897703696820E-003   2.4520917904946558E-003   2.5365704189465872E-003   3.1269837126116722E-003   2.0829040154376715E-003   2.7414697030891926E-003   3.3200667243393298E-003   5.9259987103508945E-003   4.3088661120712305E-003   5.1616874543788990E-003   5.2846117197727803E-003   4.8513274943921486E-003   4.7148392478925790E-003   8.4596139037120734E-003   6.8331451126836694E-003   1.3901087246522264E-002   1.1256724479563995E-002   1.0439139813674128E-002   1.6103604660061555E-002   2.8682442634029949E-002   6.6816480859256261E-002   5.4200089328451821E-002   8.3779750347428822E-002  0.13098866798540931       0.15054694541398819       0.18921411670103541       0.24978685402719442       0.22238664651563894        6.2203173106730132E-002  0.15454933019234826        3.4206720014007372E-003   7.1228185976981551E-002   6.1015080191146520E-003
         220  -9.4140489185677177E-004  -3.5537227928614105E-004  -1.2101076824499680E-003   1.6297377457386063E-004   9.4579565833108673E-004  -2.7195539990237038E-004   2.8731221301897194E-004  -7.1762655348288687E-004  -5.9748449862972596E-004  -3.2689619642182490E-004   9.0423464407407317E-005   6.9404560850509398E-004   5.2487441683840921E-004  -3.5623609379914955E-004  -1.6112822584234507E-003   2.0072905005270064E-004   4.4426942776785701E-004   1.8737071278521196E-003   3.6822911267921863E-004  -1.0267676561466709E-003  -2.5614097744393475E-003   3.4530802977524256E-004   6.6281710862991562E-004  -9.7304287474810969E-004  -5.7216332822476569E-003  -8.3519822246325268E-004  -3.6398774767863805E-003  -5.1486688040157250E-003   1.1856511346331367E-003  -7.6268758818389118E-003  -4.2529768454453408E-003   3.7459202711542937E-003   1.2265124448214306E-002   7.2449868602495627E-003   3.4903857195038440E-003   4.0493753967605446E-003   4.8684486215932382E-002  0.16181016479357285       0.26922022951756513       0.48950220029581420       0.88771846624697970        1.2463275577327215        1.7807721117547373        2.0675858880912430        2.3131752434200927        3.3223699758936154        3.8890608142195320        3.9514717464792160        4.3708718131990150        4.4810050306749822        4.7271930047044552        1.0648372558676349E-003   1.2781068569791938E-003   1.0049820884104163E-003   9.9965630368808057E-004   1.0253968649495480E-003   1.1373882346079579E-003   1.1222496940453811E-003   1.0346976449440884E-003   1.3284790842078358E-003   1.4266495968736238E-003   1.2877184543542016E-003   1.1830874545243272E-003   1.2812914024875654E-003   1.4561024361029015E-003   1.2515784338076391E-003   2.5604982684824563E-003   1.9286611266004067E-003   1.9417479127056252E-003   2.3511736716646694E-003   2.1285562335119517E-003   1.8168608154774636E-003   2.6009675201202095E-003   3.1335588033305104E-003   2.8000241709248194E-003   3.0769837277795408E-003   3.3667556976753978E-003   4.2326258457924919E-003   5.9042914833222883E-003   4.3912579077631060E-003   4.6239685716288337E-003   5.7677916503826032E-003   6.7348865963798169E-003   7.5327437241566320E-003   1.5054789624005109E-002   1.4096325363471955E-002   1.1541253916757088E-002   1.5574384167235774E-002   3.0889325942603983E-002   6.8244072070670334E-002   5.0225817733692404E-002   8.1952863464084327E-002  0.12752076977253779       0.14801406980456353       0.18036814645570468       0.24481381886964287       0.21296206200045456        5.7901853359174235E-002  0.15401441203994032        4.3049412044452832E-003   6.6878031447073244E-002   3.9100465116282653E-003
         221  -5.3222180899213092E-004  -1.2897652150153194E-003  -1.1011376519878295E-003  -1.3992676119488816E-003   4.8729936463508792E-004   1.0722407199548834E-004  -9.9504850491453000E-004  -1.3881479111078640E-003  -1.1625032061382456E-003  -1.2580697935614096E-003   1.1265281195768818E-004  -5.8065637917665051E-004   4.5473149968208173E-004  -3.4909778044297753E-004  -3.4948826242701172E-004  -1.0442006085640105E-003  -7.8226459634204667E-004   1.4313929526970593E-003   4.3512628685805243E-004  -1.5745587110895280E-003  -1.3996458646507511E-003   1.6760876363227905E-004  -4.7424521596229637E-004  -2.5966874174988340E-003  -5.6804558892909482E-003  -1.0318501582037842E-004   4.4447493658974336E-004  -2.1257643274528487E-003   1.6374943322927521E-003  -5.4391238533352208E-003   2.6359253087526271E-003   5.1104638842317961E-004   8.5531934316363627E-003   5.9333517778329178E-003   4.0560324464252503E-003   1.1267626024707230E-002   5.5994683919627940E-002  0.17618893950558423       0.27847642732888195       0.50855463376081922       0.90768466723922481        1.2814290114934868        1.8180704956695297        2.1026376038663188        2.3463563979880369        3.3375150475892807        3.8914921413542598        3.9567487289311623        4.3735319401361732        4.4909099685359610        4.7238932847699857        1.4531632641043835E-003   1.3592260611307622E-003   9.3947609926626010E-004   1.6434138254092367E-003   1.4330141755511058E-003   1.1856591536812870E-003   1.6673439945823453E-003   1.5559452441000316E-003   1.9532910178824397E-003   1.1845652591330543E-003   1.3040494520027664E-003   1.2896125188494260E-003   1.4921413380605175E-003   1.1997897462265549E-003   1.7424482859454838E-003   1.4811280178732857E-003   1.8569396910046896E-003   2.1861821634242091E-003   1.7624252014702118E-003   1.4788411537199179E-003   2.1353597633541727E-003   3.9819303827098420E-003   1.9409466615438111E-003   2.2462563528400426E-003   2.7845616275925873E-003   3.9035817497866080E-003   5.3556996308517200E-003   5.9719894363899195E-003   3.8753892684128483E-003   3.1725194525485164E-003   7.3388579457930861E-003   7.2656372330452031E-003   7.2557908961732925E-003   1.1969059546807877E-002   1.3025376423022046E-002   1.1106552691726756E-002   1.8057116471368262E-002   3.2732320318933882E-002   6.7498909991875231E-002   4.7329761077711169E-002   8.2872772094042590E-002  0.12510384207392827       0.14617978450524904       0.17366927753725592       0.24718637473512001       0.20505487251240448        5.7843297013715295E-002  0.15369961158460727        4.3648937753726367E-003   6.3699770772620165E-002   6.4874521049146519E-003
         222  -3.5246542491608360E-004  -3.2146054058535792E-004   8.1679750321125139E-004  -2.2269383708207721E-005   1.1520587226603282E-004   8.5650578908239234E-004  -5.0035527868277474E-004  -5.8793728157463608E-004  -1.7124697439892802E-003  -3.3827138505915265E-004   1.7131746636582696E-003   2.1576900174216278E-003  -8.4754810785644973E-004  -2.4191284607799472E-003   9.0456520165655763E-004  -6.1200152098038127E-004  -1.7849434066528314E-003  -2.2516681422759930E-004   2.6612222298913663E-003   5.5195212333224106E-005   2.8095438079460850E-004  -2.6010327053047885E-004  -2.0127051627292971E-003  -1.7705793570419704E-003  -6.4143527280169886E-004  -1.7474371074544040E-003   1.8283267203121219E-005   5.8204350499990133E-003   1.0239789387824589E-003  -4.3390848431331197E-003  -7.2881064363625040E-004   4.2633843119886262E-003   2.3450242808056396E-002   6.1021941080169392E-003   6.7606895640948935E-003   1.4821013170372899E-002   6.4291532074355215E-002  0.19259760769337905       0.28922039131584132       0.53110984265460270       0.94397657414452385        1.3153538270637524        1.8568462977793838        2.1366709967971995        2.3815781343677487        3.3545053487879239        3.8932349656680012        3.9635326066696162        4.3753532584729991        4.4911937340749315        4.7235299532850794        1.2083104485383959E-003   1.6879833674335329E-003   1.3425935693179051E-003   1.2220087182772640E-003   1.9849790775984754E-003   1.1281861428889281E-003   1.2620297360384895E-003   1.4344863368399437E-003   1.8829016468338981E-003   1.1184740923962770E-003   1.7805586778914431E-003   1.4095126886757672E-003   1.7519471405982141E-003   1.6469056777352522E-003   1.1018863010306937E-003   2.7300357762649477E-003   1.9373126111138644E-003   2.1777901440538389E-003   3.2688098516168874E-003   2.5429414130349976E-003   2.1275641989909619E-003   2.2406500276481007E-003   2.7025969203479153E-003   2.5858119321454883E-003   2.9664029880858700E-003   5.1223910814464932E-003   3.7358651996950288E-003   5.6478973748234958E-003   3.3044690411759303E-003   4.9391252261107958E-003   6.4695552955619604E-003   6.5096389951245347E-003   6.6473182970209054E-003   1.1472234711937092E-002   1.2212236170203667E-002   1.1866783306122146E-002   1.9606558007472359E-002   2.8285536690395914E-002   6.8456194315195840E-002   4.8951219905388907E-002   8.1337267442545630E-002  0.12476942805386984       0.14712251119374878       0.16734991531064292       0.24284307347858478       0.20184788247472954        5.5950277446468903E-002  0.15207415660143633        4.5991507163307254E-003   6.6860166586519346E-002   4.8389276255783398E-003
         223   1.1735499288544919E-004  -1.9908540248484425E-003   2.8820318378948765E-004   1.4338779436663667E-003   2.4255231041135002E-004  -6.5315704643027588E-004   8.4518831188997996E-004   8.0735601134513562E-004  -9.3295397349649873E-004  -2.0804224325172388E-003   8.3077886329725834E-004   1.3992026761487403E-003   1.8878746034859789E-004  -3.9764518644985368E-003  -8.5861456595003613E-004   9.2634613768561523E-005   4.5522961087461519E-004  -2.3060455034911416E-003   3.1255723387482556E-003  -1.8871856845457477E-004  -4.1124585196030799E-004   4.3913420485783743E-003  -3.5265478441127416E-003  -4.4272972768431328E-003  -2.1806452580123686E-003  -3.2519738815834425E-003  -4.9526626791023508E-003   8.4484843007457400E-003   5.6213372200444097E-004  -7.2808440981363713E-003  -4.1875602001807963E-003   2.5792944227169051E-003   2.1933479260718206E-002   6.1148455960222357E-003   5.1636999927096713E-003   1.4254141325348626E-002   6.4697154708681606E-002  0.19337416494807230       0.31018020086126924       0.55049700568352755       0.97538222870475899        1.3449577915870479        1.8974764597081559        2.1726877692206936        2.4093095686096655        3.3631813354531612        3.9033142382942376        3.9653274906465610        4.3735706040985667        4.4905157366565520        4.7256707043221242        1.0407505056830245E-003   1.5464894917451429E-003   1.0796340989163626E-003   1.0207783514760971E-003   1.0563347987536751E-003   1.2904206939197815E-003   1.2555763418586438E-003   1.6320088585869078E-003   1.1661020173569386E-003   1.3812599374108383E-003   1.8271837777318212E-003   2.7136639094324567E-003   1.4348152475168233E-003   1.4856094118233592E-003   1.9677062924290511E-003   2.2312881048114110E-003   1.8481626652147229E-003   2.1626057265766818E-003   2.0642821528970429E-003   2.1926229410734505E-003   1.5974770207574742E-003   2.8410842090518169E-003   2.2623570751969090E-003   2.8586836135764209E-003   2.9157377169633583E-003   4.1330632786890737E-003   3.6258181252332988E-003   4.4713157714723426E-003   4.2300951575967383E-003   3.7544782487727558E-003   5.7367804371812299E-003   6.7790925602803425E-003   6.5221794602023410E-003   1.1342166773823556E-002   1.5639860434659588E-002   9.8030119947875340E-003   1.9523905701659634E-002   3.1611423444074978E-002   7.0562997483709033E-002   4.9327929097260796E-002   7.7072224658119887E-002  0.12200070742935477       0.14109336500278052       0.16156849753189831       0.24361761225041406       0.19424066761272485        5.6395656776623525E-002  0.14839180334721508        3.9082248886152153E-003   6.2974087682847346E-002   5.1378265588908657E-003
         224   1.0043274240541143E-003  -6.1701523365463270E-004   3.7345496334546027E-004  -8.5760315438090603E-004   1.2161220596479472E-003  -5.8143645729729031E-007   1.8251001998665006E-003  -1.2801911467221695E-004   1.2588454749347965E-003  -9.2273496489374133E-004  -2.2441850858658896E-003   1.9167119107040115E-004   8.2791942739757034E-004  -1.9962158136370397E-003  -2.1341175361497618E-003  -2.1727332182589444E-003  -2.7209430934298272E-003  -9.7518070596613047E-004   1.1286960760654296E-003   4.4691132040208245E-004  -7.2757532187565238E-004  -9.2218267847461418E-004   1.8196554683045700E-004  -2.3481530720572317E-003  -1.4035519593949251E-003  -2.2987342625890323E-003  -1.5283607254880957E-003  -1.4847755957808589E-003   1.5109651346104382E-003  -1.0319487529780508E-003   4.8389919885499821E-004   6.8065749694780405E-003   1.2408556617723932E-002   9.3417693333546006E-003   1.5284313481797148E-002   2.2814978696425472E-002   7.3745050312722632E-002  0.20630097081132917       0.32767604410746559       0.57490107856128003        1.0099633512846762        1.3844268166132059        1.9335351331652533        2.2051087795044304        2.4567407447536858        3.3761856503768479        3.9054605477586448        3.9704910277207173        4.3810382022300463        4.4973863142491970        4.7248357844154754        9.0159964998738195E-004   8.4345370694549897E-004   9.5278215347717032E-004   8.4303095543912391E-004   9.2408575853297650E-004   1.0474592606190402E-003   1.1705644307423309E-003   1.3967588713318813E-003   1.0342868965205999E-003   1.8317186928722589E-003   1.2855822330619018E-003   1.4647745888389896E-003   1.7858759271451997E-003   1.6207327839522984E-003   1.3269453996990648E-003   2.4421716012731362E-003   2.0572199842750945E-003   1.6493307389708455E-003   1.8484039544217922E-003   2.4241930869437372E-003   3.4263470005588522E-003   2.8849941813237565E-003   3.1273677347962267E-003   2.5540362067486399E-003   3.1065057683156423E-003   3.8171817297464310E-003   4.7712382985821275E-003   6.9617487552792899E-003   4.9024017176633617E-003   4.1150659239740190E-003   5.8138002097628079E-003   7.5138251665276910E-003   7.1462674485188562E-003   1.0604835802636596E-002   1.5036424212732626E-002   8.7407146592397601E-003   1.9863340609320553E-002   2.8031988445466002E-002   7.0258942831914070E-002   4.9695130135564342E-002   7.8294570616051315E-002  0.12035329385808079       0.14110948350026456       0.14988609409504083       0.24469703446476129       0.18957797564154771        5.3840960671954249E-002  0.14490598561518503        3.5729907342003987E-003   6.1674120855437616E-002   5.3791012813016433E-003
         225   7.0468986866586232E-004  -2.0598057020204463E-004   1.3104237456980079E-003   6.0732003229214807E-004  -1.0609964266079430E-003   8.4324493771962975E-004   2.7126827304309259E-003  -2.7160192375114497E-004   1.8509457461246979E-004   3.5460880324580582E-005   3.3398725550008262E-004  -3.7652690455916106E-005   7.4743880627052859E-005  -8.2373024866686352E-004  -8.7220808310692810E-004   1.3531895629624695E-003  -3.9787545966547457E-003  -1.0471478108311312E-003  -8.7332293262481467E-004   1.4575840334060930E-003  -4.4195752863769918E-003  -2.4536438165440244E-003  -2.8041645054921373E-003  -3.7179665373190682E-003  -5.0939672851352822E-003  -9.2393793558159082E-004  -1.9406398191702701E-003   2.3072743022039240E-003   3.9020569738253980E-003  -1.5942634084972337E-003   5.7510377239731632E-003   8.7228194591029620E-003   1.0477996578422471E-002   8.6655522775539000E-003   1.8943880848086948E-002   2.1908244668993378E-002   7.3075708157503430E-002  0.22087088786007009       0.35006443170463430       0.60619363136433935        1.0442011008059475        1.4175897533538411        1.9723540064576504        2.2316198061900092        2.4852401078032011        3.3848694118690981        3.9043902947000788        3.9788195303403895        4.3765524129697351        4.4901592197619014        4.7188539279745667        1.1386724109084137E-003   7.6074443701807759E-004   9.2006512258443638E-004   1.1380045733655844E-003   1.2323911365227352E-003   9.7200745609617438E-004   1.0392584556453107E-003   1.3638986551194117E-003   1.9628571852594720E-003   1.0363564221979058E-003   1.0468609802722359E-003   1.9287829286253411E-003   1.4028686736766098E-003   2.0586501185076008E-003   1.7624947782056693E-003   2.3348416593284055E-003   2.0476247329167295E-003   1.7821001146205342E-003   2.2530572711187535E-003   2.1555441023170898E-003   2.6372753683292218E-003   2.8562482220030236E-003   2.0270264681223242E-003   3.0214458157639041E-003   3.0582774022806214E-003   3.2911308449123456E-003   4.5865898996933175E-003   5.9941198300876262E-003   4.2109673737028477E-003   4.6234076906945462E-003   4.1507935562542239E-003   8.4896375223147240E-003   7.0573046441586304E-003   7.1456044983284461E-003   9.8737612311773377E-003   8.5817520984366683E-003   2.1505851885778179E-002   2.6082792313058750E-002   6.4828078221164431E-002   4.9976175174355437E-002   7.4785230091569579E-002  0.11721675001474767       0.13955898926328361       0.15187246600920185       0.24410317729493333       0.18155370608997673        5.1392294941937096E-002  0.14198174196181793        4.2225419796781119E-003   6.4116610858064610E-002   5.5540666193325695E-003
         226   2.2034437805406576E-004   7.7556703560556950E-004  -2.8014590856668044E-003   3.3479850886261741E-005   1.7597370234232854E-003  -4.0905122610611621E-004  -1.2531487662962948E-003   3.0079658128072964E-004   1.2757456282265237E-004  -3.4656310182455051E-004  -7.6592159991347645E-004   4.4731556927743373E-004  -3.7180174200815360E-004  -3.5344411692742727E-003   3.1407530665272195E-003   4.9622485922082621E-005  -3.6091688130856620E-003   2.3305087649654705E-003  -3.1111181375331086E-003   4.3223901300196337E-003  -5.2088478385041081E-003  -7.5422957648813417E-004  -2.0315078195735424E-003   4.9621843602783849E-004  -6.6987077664813007E-004  -2.0174685791502570E-003  -6.4931823998624178E-004  -1.0478583143054138E-003   1.3596762310241410E-003   4.8151037457155330E-003   4.2700306545702775E-003   6.0074704107996391E-003   2.4626770535545622E-003   3.3280490571771229E-003   1.4890296092689213E-002   2.2864550295454915E-002   7.6596503500067803E-002  0.22719423903273800       0.36567449776761202       0.62692857892251275        1.0701673661434217        1.4594204210792283        2.0053353346519360        2.2632204654859245        2.5161934973698092        3.3974318084823047        3.9074010564429784        3.9831637715861286        4.3780604486426302        4.4918606055630352        4.7210626329509155        1.9586417015164518E-003   8.1955700058243140E-004   1.4826242660904742E-003   1.2675548576953995E-003   9.8025248225944053E-004   9.3131887899598721E-004   7.6907381471621095E-004   1.8999747413452922E-003   1.3324666815081622E-003   1.4353835734412794E-003   1.4214636775927499E-003   1.2715684514088004E-003   1.3659717985599227E-003   2.1068640219832806E-003   1.4870654353727638E-003   2.1432046941588269E-003   1.8125653465600289E-003   2.9751558215356786E-003   2.7158504123594852E-003   1.9091461347180490E-003   2.3623959095053449E-003   1.8602618470399343E-003   2.7109584574450019E-003   3.1692481265083497E-003   3.1964829415786489E-003   2.8734022666300168E-003   4.2598072356258010E-003   3.9475289606549242E-003   4.6904283483558849E-003   5.5152060440865599E-003   6.1723121455975966E-003   7.3295017519148043E-003   7.1090314635147769E-003   9.4131761442103039E-003   8.7746213674279247E-003   1.0885211083933985E-002   1.9405417077161896E-002   2.3225170597141159E-002   6.4243743256107377E-002   5.1068706828090574E-002   7.3989603823639727E-002  0.11552253133484607       0.14338077403261373       0.14840549694293048       0.24362255985138340       0.17324835758055293        5.1181532752706461E-002  0.13674696858045940        4.0132259785856722E-003   6.1955567808955524E-002   6.0803410493728491E-003
         227   8.1695208497452375E-004   1.4199797690639393E-003  -1.0829274298017827E-003  -2.0101384707987309E-004   1.3387789925570243E-003   1.2337729894807774E-003   1.3910160146873816E-003  -8.4549787995369700E-004  -3.6426556070070143E-004  -3.6420011717387701E-004   5.9013887465804991E-004   1.5931563507122657E-003  -7.1130830333758583E-005  -7.5916071421711128E-004   2.7313205498198656E-003  -4.0779725311673569E-004   1.1890820604537051E-003   7.5138926813113891E-004   1.9528574069544135E-004   3.2530711269907532E-003  -2.1847654290232080E-003  -1.9504260119488069E-003   1.0932427292894265E-003  -8.5496490069818796E-004  -2.2150137090466053E-003  -3.4322202770989746E-003  -1.4815496921848303E-003  -2.1084344688226896E-003  -1.0310528894263566E-004   2.1725994858210903E-003   9.1923003725257282E-004   1.6973652889266617E-002   5.4974521495748203E-003   6.1428482540804600E-003   1.7314212785515665E-002   3.0368325016443490E-002   7.1814501115565241E-002  0.23628674794044621       0.38577674366171366       0.65171270786186319        1.1021648104198680        1.4988236667008972        2.0365679826276724        2.2944347256047677        2.5475965649211854        3.4126406964782841        3.9065152427762468        3.9972521538743391        4.3792115233501940        4.4948304603918299        4.7212080464141524        1.4028926814233869E-003   8.9991708138587804E-004   9.0669238121638014E-004   1.1330193453125193E-003   1.0309549089574451E-003   1.3978588613802682E-003   1.8432326948813534E-003   1.8425696695067600E-003   1.1720535897875015E-003   1.9393978755109197E-003   1.9659427601452688E-003   1.7416655588540805E-003   1.3315471767325936E-003   1.3357341603874931E-003   1.8360830574273965E-003   1.9787493771562647E-003   2.3122885320118469E-003   2.0765122477376294E-003   1.9320292498701192E-003   1.9419763956974418E-003   1.8604958274049360E-003   2.4811805240296842E-003   3.7229946627795893E-003   3.1006361291730784E-003   2.0216481353053178E-003   3.1599104643730757E-003   5.0073861707912708E-003   3.5195368485445321E-003   3.9764407006599185E-003   4.7961499546683023E-003   6.2737323148433794E-003   9.3020133632983268E-003   7.6615002936106626E-003   9.3042895884464603E-003   8.3705691404328177E-003   1.1781313824554017E-002   2.0516308261917308E-002   2.5053089043447517E-002   6.1626697420912230E-002   5.5123560432221143E-002   7.0527244813709408E-002  0.11084455070732505       0.14241501006704230       0.14141499978719524       0.24291779181920914       0.16682496185784049        4.9703360301555380E-002  0.13197777686560627        5.1757669640627463E-003   6.0799810416403186E-002   4.2146159023549934E-003
         228   3.6234187970190444E-004   1.6424250261529774E-003   4.5213174576930719E-004  -6.0620217808324578E-005   3.6940320070423646E-004   1.4615642037364405E-003   1.5673193060784479E-003  -2.4862936934398334E-003   3.9366685139116729E-004  -1.5452822719231864E-004   2.6894365226684708E-005  -7.0617056753454030E-004  -1.0535022595299164E-003   1.4906300982966726E-003   2.3937149048636102E-003   3.3483144206211310E-004  -1.2980007161253668E-003  -1.4934300215181204E-003   2.1210988830512854E-003   1.5709878450508644E-003   5.6825563768301017E-004   1.7289429916556780E-003   1.1993698524292624E-003   3.9881606004795296E-004  -2.3829067258961511E-003   2.6907644318143586E-003  -1.5097328140091975E-003   5.3091018288871133E-004   6.1234150787782646E-004  -1.0158808109783841E-003  -3.7173429676851887E-003   7.2069962886675085E-003   4.7675532110993057E-004   3.0837631291794269E-003   1.4892113702596474E-002   4.6064192382457007E-002   9.4476472495351821E-002  0.25758461065599730       0.41630801218734137       0.68573837709942864        1.1381066477413702        1.5378966112382946        2.0822472509093637        2.3309070522080475        2.5834931805340893        3.4226083080341279        3.9140814294833297        4.0053368785408283        4.3778530904866342        4.4986868034287770        4.7261166356022866        8.8881225852540031E-004   9.1514508688140769E-004   1.4561404123431441E-003   1.5761837471826409E-003   1.6710895758738288E-003   1.1091949904037993E-003   1.6652888444848115E-003   1.2426784558074440E-003   1.4893666010668430E-003   1.0539335730784427E-003   1.6845345946402634E-003   1.1913973108238841E-003   1.5934478458902608E-003   1.1295396536038071E-003   2.3167613352396204E-003   1.9521937410460904E-003   2.5114018668469682E-003   1.4026677179860270E-003   2.5363291463749420E-003   2.2703906307766347E-003   2.8030064769756073E-003   2.3129137275777535E-003   2.8993168245042174E-003   2.3283015623816647E-003   3.5888850444397149E-003   2.8247776853626643E-003   3.1387566357091953E-003   4.0490062180563446E-003   3.3261274410255827E-003   4.0620428635791458E-003   6.5451499522278271E-003   1.2529213602660589E-002   7.2876153156281407E-003   1.0450078362120958E-002   9.3599644296959925E-003   1.1107759454115816E-002   2.0188985521483918E-002   2.5170023242050581E-002   5.4886333703927356E-002   5.3441539547820681E-002   6.7326819482149608E-002  0.10801455513477023       0.14067357380568316       0.13464630485193071       0.24013565211387822       0.15897585519692303        5.0179588505420369E-002  0.12814994586625419        5.5399014750922996E-003   5.6764784651503808E-002   3.7223822114443791E-003
         229  -3.4755682504418705E-005  -1.4207053640023387E-003  -4.6541877739515681E-004   1.5146982321131890E-003   3.4809471335311293E-004   1.1975640372908166E-003   1.4492016786095054E-003   6.6222035546037753E-004  -1.4699087252394709E-003  -5.8222296777235745E-004   1.5825247475252492E-003  -1.9908987071047025E-003  -1.9563111395346990E-003   9.3951459060210665E-007   2.4803188971822621E-003   2.6534400631508595E-003  -1.4987999159278749E-004  -4.1609321870834687E-004   4.1933425188512451E-004   7.3070125240159620E-004  -1.3551855581865025E-003   3.8853596396173791E-003   5.4324614386930465E-004  -2.2774389089690473E-003  -3.8042165427833226E-003  -1.0054014946247066E-003   2.7066832649349387E-003  -2.8158328541984770E-003   1.6199497111308743E-003   5.5640731623971176E-003  -4.0180602893371040E-004   6.5453787358001059E-003  -4.8174751728589293E-003   5.2613837386240401E-003   1.5127682891670454E-003   4.4503999283249267E-002  0.10655247944867209       0.27078350926979700       0.43398243520032270       0.71637197166778022        1.1760246911443020        1.5798248333770830        2.1178965179946299        2.3594926559242206        2.6238107083711131        3.4436912723868627        3.9129371885104152        4.0089486161720718        4.3787941486902486        4.4933449452149148        4.7234683438766565        8.5393137275104449E-004   1.2145769813620456E-003   1.1166174878320136E-003   1.5749251270356500E-003   1.0407332194074508E-003   1.1220491639925506E-003   1.0047845048262163E-003   1.1035793081390639E-003   1.9988833128243102E-003   1.3580972072716707E-003   1.5994253653376794E-003   1.2277194191204497E-003   1.4266384438618254E-003   1.5108031040163405E-003   1.7634774423377427E-003   1.4416158370213720E-003   1.1133772966777024E-003   1.7301947616558463E-003   2.0621530947711186E-003   2.1171668776809485E-003   2.5358199214803524E-003   2.1466775833196448E-003   2.1921041587902841E-003   3.0299588853808629E-003   3.8346422520233229E-003   4.3620062022199655E-003   4.4401154471979207E-003   4.5336309938197083E-003   3.0014349685683001E-003   4.6891631775244453E-003   7.2061835759557038E-003   9.6681691565450121E-003   6.8298558943902538E-003   5.8907397746929243E-003   8.6389152618243596E-003   1.1902941567689668E-002   2.0783846520955659E-002   2.4235803681549900E-002   5.2182173100908821E-002   5.5323765483525703E-002   6.4328207441715884E-002  0.10618027848126022       0.13244504199639950       0.13190144450571700       0.23278415615702333       0.15216293203742054        4.8060805350284022E-002  0.12256600071302529        4.0612966849897401E-003   5.5955245366836513E-002   5.0385519963416104E-003
         230   9.0265234939252011E-004   2.8250090422794278E-004   9.3902898442333892E-004   3.6176848467235476E-004   1.9449800609810618E-003   6.6724807491637937E-004  -1.6386598733578099E-003   3.9994867313808587E-004   8.8844466739698897E-004   1.0513575094933524E-003  -8.2918187531379076E-004  -6.3413517348567241E-004   6.9109200817742903E-004  -1.6629196772305521E-003   9.5788959960610876E-004  -5.2859014552275759E-004   1.1512359207710525E-003  -3.7356652204933471E-003   2.5914210827840943E-003   8.3340421524913941E-004   2.0929682204929388E-004   1.5789616789136699E-003   5.9780033283685615E-003  -1.9167809809118540E-003  -5.2362700282342026E-003  -2.6651142125563030E-005  -4.6357373865316863E-004   2.2059528872595287E-004   6.6474481343490816E-003   4.1169916516868806E-005   4.4509403944127087E-003   4.9752648094401617E-003  -1.5877259069771953E-003   7.6290868934178373E-003   1.0666544243285499E-002   4.1729141133746359E-002  0.12506688261416923       0.30295597612090519       0.46316859702478852       0.75830057087097280        1.2188199373977000        1.6214032117798411        2.1519290704537379        2.3982307792192414        2.6588504598138600        3.4543053617864437        3.9198054070807777        4.0205094808110333        4.3693145835475908        4.5004285348607267        4.7232912226755461        1.0617767433718517E-003   1.4222625352646070E-003   1.0967221718626043E-003   9.7302231188211034E-004   8.7314191916232971E-004   1.5109931477094685E-003   1.1410561300499048E-003   1.5769735439361706E-003   1.2528103818681723E-003   1.3587877596733533E-003   1.6291922697289681E-003   1.7593672378478562E-003   1.6197380089038131E-003   1.4705804439763609E-003   1.9485712541934170E-003   2.0778573788422070E-003   1.8701997235059079E-003   1.9293912172835266E-003   2.4170729076739366E-003   2.9758921174132401E-003   1.7577634246265259E-003   2.1549386105793561E-003   2.4242353380827730E-003   3.3272998593082037E-003   2.1215674143800298E-003   2.6468560910802566E-003   4.5954245265043920E-003   3.5169117627565079E-003   4.8904759724341489E-003   5.3989217748595464E-003   7.4694884471508700E-003   9.7437803059396474E-003   7.4533751174867885E-003   5.7028039636703659E-003   7.8975383840923646E-003   1.2653196154346912E-002   1.7514754447849494E-002   2.5756175180683655E-002   4.4425868502355519E-002   5.5269107597309172E-002   6.3244794899204232E-002  0.10155149220338254       0.12996998184613462       0.12280537900783886       0.22995270936222628       0.14343454460146768        5.0056783250097478E-002  0.11944022119708457        5.2962438196384048E-003   5.7677459986274174E-002   4.4441875385232915E-003
         231   1.1732560412506538E-003  -1.0305366930367314E-003   1.5811530326294626E-003   3.1989434255835591E-004   2.3304024946642211E-003  -1.5922386371190268E-004  -8.5553584337134990E-004  -3.4231144744389838E-004   4.2927043535400994E-004   4.9162064321786906E-004   4.7550139244587444E-004  -8.3820536965920913E-004   4.5646658080656191E-004   1.5691495005281913E-003   2.5691209823229593E-003  -3.6755922584916687E-003  -7.0876111752077699E-004  -9.2562621687058847E-004  -5.6587665363773204E-004   3.7284797644066676E-003  -1.5949162626960221E-003   2.7276740764793565E-003   6.2096131057349331E-003   2.7745465462062865E-004  -5.3335539597222942E-003  -5.6470993721332886E-003  -1.9625168851913856E-003   4.3953601749125029E-003   3.0369714379020136E-003  -4.5346676387544105E-003  -3.5074500415146902E-003   9.5499375645231883E-003   8.1420919536393530E-004   7.1548020516685991E-003   1.9357179753760393E-002   5.5578129438514492E-002  0.13290791381073169       0.30676821146854116       0.48983246846111561       0.79081145724303981        1.2604917184012345        1.6631740909963399        2.1862898331248837        2.4369719665861931        2.7001470920009383        3.4752017243656304        3.9202502257930858        4.0250047568572738        4.3709865972236424        4.4986880133422513        4.7243356182158642        1.4616830119732380E-003   9.0346937865752673E-004   1.0627991260550155E-003   1.3336009311499652E-003   1.3161930200406655E-003   1.4639978479383539E-003   1.0043361774786531E-003   1.1056390971627037E-003   1.7392573615319408E-003   1.2718614679571862E-003   1.6090088396317184E-003   1.2664300569208355E-003   3.1978474422610917E-003   1.5711621669280047E-003   1.4904142517019516E-003   1.8368671562088651E-003   1.9721854014498291E-003   2.1455778667229747E-003   2.1018564337599234E-003   3.3134441440661995E-003   2.3169663847076400E-003   2.5492988114349914E-003   2.1804665640800889E-003   2.9932937291001611E-003   3.1533862000523408E-003   3.2997527105507675E-003   3.3226162083856928E-003   4.5840671898114424E-003   8.1471839472476420E-003   5.7120687389038815E-003   8.0383848505841699E-003   5.2656820628066755E-003   6.5040673321996251E-003   7.0030237349468999E-003   1.0069789277951010E-002   1.1108780397107226E-002   1.7090031371404007E-002   2.3370290038818020E-002   4.4148481640711251E-002   5.3895355007118929E-002   6.0907568871662744E-002   9.4342347203376573E-002  0.12761232319454738       0.11998862574693428       0.22529773705546127       0.13572273834549287        4.7275093092275809E-002  0.11721344799844095        5.7789796266415712E-003   5.7695180875516304E-002   6.5519707009557351E-003
         232  -2.3151785957678712E-004  -1.5419600229782608E-003   9.4053690720623641E-004  -2.2249509366590579E-003   7.7825705911313157E-004   6.2825053400932364E-004   6.1615760621433661E-005   1.6661372272112402E-004   5.3571851852032457E-004   2.4477119551176347E-003   3.1889409756713883E-005   1.1756957303487618E-003  -2.4436158110313910E-003   1.6981274322498748E-003  -1.5910439605754598E-003  -1.4639515393977809E-004  -1.5669646888532331E-004  -2.1204594902185154E-003  -7.3626418044789191E-004  -1.0185169344917697E-003  -2.9008816184347666E-003   2.2006857057525640E-003   2.8473142892083882E-003  -5.5979398712666679E-003  -5.7875336513743103E-004   1.3096178444264552E-004  -6.2242387004970208E-004   2.3275856123129534E-003   1.2783160117614391E-003  -6.1897480329738512E-003  -4.5772174459352078E-003   2.1544711544066379E-003   2.7181302515434770E-003   4.4716232420107518E-003   2.7279927264007610E-002   6.2305230182046249E-002  0.14781450455622033       0.33191567301821817       0.51649336536044199       0.82645011536999635        1.3006959649320469        1.7106964483852662        2.2253870347180418        2.4664194220028488        2.7362780176287118        3.4917510117111306        3.9258543164344295        4.0258433255920094        4.3714257658742195        4.5029927724858601        4.7249860029993895        1.0092662038955200E-003   1.1242125052087768E-003   7.8500008923244240E-004   2.0063850664885090E-003   2.1594031957162018E-003   1.0278973514767750E-003   1.9272347071386882E-003   2.1774334728850882E-003   1.7276632653071731E-003   1.2481648574710381E-003   9.5356501389483436E-004   1.1487596186329019E-003   1.8097662880407423E-003   1.6634991857220531E-003   1.1768873657577350E-003   1.6766027180443420E-003   1.7822778396485619E-003   2.3501786142104573E-003   2.0659505575335922E-003   2.7442119769488711E-003   2.3592600355411492E-003   3.0043972531773686E-003   3.2288977228757871E-003   2.9346339962987005E-003   3.5087793936293692E-003   3.3585305202397781E-003   4.4383844913876936E-003   5.8575643452346976E-003   9.2952408982058081E-003   5.8782758581796936E-003   6.9867215536383110E-003   7.1403465231419938E-003   6.1847820051673923E-003   9.2949406301200480E-003   9.9165349526399126E-003   1.2332172642104407E-002   1.0620503578842552E-002   2.3620140259919063E-002   4.5368218679576841E-002   5.0425725961348145E-002   6.0277453802194972E-002   9.1459507535928172E-002  0.12610347695796570       0.11106175577724529       0.22144200916939497       0.12675120465679160        4.5314092371291921E-002  0.11362677686020166        6.4645417353235363E-003   5.6491409550728115E-002   4.0911849120406976E-003
         233   4.9181051209232771E-004   3.5306245498170538E-004   1.2920130933645202E-003  -4.4458431884652680E-004   4.5794859057002020E-004   1.1542049242311970E-003   5.6783714221756947E-005   1.0691121028345178E-004  -1.1685590059189429E-003   1.0133147018951797E-003  -3.8371743023907825E-005   3.3054266079485137E-004  -2.1802462530389212E-003   3.2207463597657088E-004  -2.1732765642888496E-003  -2.2770518505017029E-005   9.8089147483065397E-004   1.1172711877279018E-003  -4.2885048241113758E-003   5.4120828295476349E-003  -1.1438601966703708E-003   8.2592840112431657E-004  -3.5987060828611044E-003  -3.7347446185816056E-003   2.9298684571753314E-003   3.0062937960753052E-003  -2.3639996879643663E-003   4.4578315968084764E-004   1.4467165286885346E-004  -5.5441541467341751E-003  -6.4374380285841691E-003   2.6917883726653908E-003   2.6244137110910406E-003   1.2965845839640753E-002   2.6796578072838952E-002   7.1530156129462216E-002  0.16935356782101535       0.35981179527806889       0.55865535589889959       0.87136629428182111        1.3504958111374195        1.7554781132856105        2.2607385023250872        2.5076923821290111        2.7762848912399973        3.5103238988690295        3.9244892827065270        4.0351246300473589        4.3722912937750626        4.5003661014403082        4.7217854440666018        9.9086730056434651E-004   8.6641251786941705E-004   1.3286871154589335E-003   1.5090282722100168E-003   1.0566869089722530E-003   9.7140980732154480E-004   1.1747239557100134E-003   1.7285580437572904E-003   1.3355639639809748E-003   1.2614968328928675E-003   1.3840143057945746E-003   1.3947513814191058E-003   1.2622492384176739E-003   1.4309471205926200E-003   2.1408075967004636E-003   1.8040069554992356E-003   1.3090608573647347E-003   1.7555617867992003E-003   2.2158895559565191E-003   2.2199747998417037E-003   2.5824435191442998E-003   2.2058579292295369E-003   3.4152028557390903E-003   2.1702626096748914E-003   2.7916187574248460E-003   3.0799002442273874E-003   3.8610707580504899E-003   4.7092273796099770E-003   6.9923626887176916E-003   4.8276112935324925E-003   7.1659666592971275E-003   7.9219558668918982E-003   6.2314533052651860E-003   9.0625387061872564E-003   1.0021676738802552E-002   1.2708376003965949E-002   1.4518726096204665E-002   2.3045061052619841E-002   4.1226689790784359E-002   4.4999197859238178E-002   5.7017630489723775E-002   8.6774622920669953E-002  0.12375679273780379       0.10472218246424711       0.22097095964476374       0.11920211151152908        4.1840276432106527E-002  0.11165327425889876        3.1539009311270022E-003   5.5240297373476056E-002   6.1361702793308742E-003
         234   8.5287979731552032E-004  -4.8458600694225565E-004  -3.9271882943717060E-004   9.7693221169544700E-004  -1.5437161048581014E-004  -1.7562023129235617E-003  -2.7178712035239689E-004  -1.2152280375381847E-004   9.1989754484787366E-005  -3.7002386913800506E-006  -6.5179683484465310E-004  -1.1042175131884420E-003  -2.0506200349133894E-003  -7.9295863407783656E-005  -2.2230234171206620E-003  -8.3187685123497124E-004   4.3359386745023455E-004  -6.2567855482233039E-004  -4.2923251225542702E-003   3.2082395368185118E-003   6.6226310095763305E-004   1.9754820084976555E-003   3.2138592598697984E-004  -6.1109934197521925E-003   5.7335172640759872E-003   6.3464431989440477E-004  -2.9294779514336925E-003   6.3640776425148693E-004   2.4292496886887064E-003  -1.5377385950420279E-003  -5.2779866437031525E-003  -7.1834395617089413E-003   4.6858607584779575E-003   1.2169849577599118E-002   4.2316789956591751E-002   8.7964200218162605E-002  0.17897666455281527       0.38740286049871137       0.59897434888172763       0.91759613737210344        1.3924156206041112        1.8018680565590925        2.3001165265615926        2.5464604358443483        2.8088504685615074        3.5295005123065404        3.9315830175025352        4.0414898222341629        4.3770544180683730        4.4986411676114804        4.7186101511849996        9.6508463214067732E-004   1.1544870401425040E-003   1.0579554081498329E-003   1.4972788711622663E-003   1.0859953041895561E-003   1.3045076616249800E-003   1.5067771689994394E-003   1.0063613745991539E-003   9.2301388755778441E-004   1.5687470370786259E-003   1.5235474259459622E-003   1.8336968473025277E-003   1.4607187863395436E-003   1.8189600186443136E-003   1.3051679131125171E-003   1.8644939737678127E-003   1.9717728855605876E-003   1.9479579857479348E-003   3.5003710964715052E-003   3.2768864318736984E-003   2.8629096212836611E-003   2.8213683699224589E-003   3.3981797775007000E-003   2.5861298451394523E-003   2.5695242613638565E-003   2.9715963230537300E-003   4.6903865799939656E-003   4.5984155245663988E-003   4.5573660567947835E-003   6.0515116531095047E-003   5.8445957833849378E-003   6.9018917985141414E-003   6.3010900434042312E-003   8.8656165359936590E-003   8.2253012188218070E-003   1.5558754043612403E-002   1.4700938005396732E-002   2.2105035003447286E-002   4.4503909213554078E-002   4.6127349300926927E-002   5.3759248402286547E-002   8.3607580618707697E-002  0.11947456928736634        9.6804868429306704E-002  0.21634565858536825       0.11330974592728316        4.1031208889578827E-002  0.10646728359177411        5.0784136635186666E-003   5.3113891271578818E-002   5.7870398741531343E-003
         235  -2.4279031789061848E-004  -2.8776189911458621E-004  -5.8354049251470167E-004  -3.2028562869945427E-004   4.6966713459259234E-004  -1.0721310374428674E-003   6.7812759490062978E-004  -4.4652304865293855E-004   1.6080843328369792E-003  -7.9736955265032093E-004   7.3829350050373319E-004  -1.3587194680621517E-003  -2.7024225078751329E-003  -8.7371909853345962E-004  -4.7403347085443802E-004  -1.9477851537146371E-004   9.5378747041581545E-004   2.3712071288977655E-003  -3.1252964250545025E-003   6.9207110331096977E-003   2.6570165246032422E-003   9.5000574340810685E-004   4.8247330002034522E-003  -1.1052407114533597E-003   3.7683712781709029E-003   1.5830537163059343E-003  -3.9593130936979139E-003   3.0736379821047185E-003  -1.1934270749928218E-003   1.4834810141859318E-003  -1.2561690075328041E-003  -3.5711105254801682E-003   5.8286170269148839E-003   1.9737277213765541E-002   5.1244129635443648E-002  0.10302360212294508       0.20187609703947276       0.42074295908057613       0.63760306231657748       0.95435484075183596        1.4366120642933884        1.8516526812270415        2.3400152633374010        2.5907824020408219        2.8376843989243894        3.5429636654328309        3.9294897504435875        4.0474920446712339        4.3700629939005227        4.4976319153339004        4.7210161063615486        8.2466904235847327E-004   1.2618345662359274E-003   1.6702154057866587E-003   1.2809010392098811E-003   1.6149865151380658E-003   1.1181401660513585E-003   1.3661004747786208E-003   9.9721754655198434E-004   1.7733375400439324E-003   1.1965480723412703E-003   1.6360632251049218E-003   1.9863334548558512E-003   1.1810060226681220E-003   2.3160189243495613E-003   1.6129542993759852E-003   1.9016224329591034E-003   1.4361757439595047E-003   1.7812242428899081E-003   3.1550971225555034E-003   3.2394720062663839E-003   2.4730253647542088E-003   2.1795043737120163E-003   2.3497039278938367E-003   2.8309092057708408E-003   3.1374161573845057E-003   3.2755436231638913E-003   3.8351880479914301E-003   3.0633664203384122E-003   5.4788941906207308E-003   7.0821662107652429E-003   5.5546643769227126E-003   6.1072907623492831E-003   9.3819472551111577E-003   1.0144413386783596E-002   9.2498602066950573E-003   1.6637311307615862E-002   1.6192780008776549E-002   2.2973468059529770E-002   3.6442357680306493E-002   4.5949022902854214E-002   5.3720098365173691E-002   7.8186859643440645E-002  0.11529034348148785        9.5183446520807971E-002  0.20999165689139854       0.10686427666797944        4.0972074065264860E-002  0.10265298875263397        4.7906103608845755E-003   5.1609307961223524E-002   3.4778341029734054E-003
         236   1.1467498315725815E-003  -2.8375807006966351E-004   2.5690996216713914E-004   1.3606240862177178E-003   9.8089950697565948E-005  -5.5200321215622317E-004   1.4700039873754623E-003   6.4366415540828732E-004   6.4438750838040424E-004  -9.1130533420664148E-004   1.0088307862455949E-004  -6.8886606456563756E-004  -1.0819336086111422E-003   2.6801245032573992E-003   1.8614161379581167E-004   2.8489854865655726E-004   2.6271658546771540E-003  -5.4397458273245216E-004  -1.6771542206600971E-003   3.5412351153930686E-003   3.0553494247438271E-004  -1.3215370899732402E-003   9.7701611896409537E-005   1.3440363421368602E-004  -7.8107896559370733E-005   5.0631539034803373E-003   3.7577950142032119E-003  -7.4745688652030906E-004  -5.4170076882063493E-003   2.2213237389496626E-003  -2.9719375780279194E-003  -3.6029302086298437E-003   9.6694313106754290E-003   2.3073341834309403E-002   5.4705283496087991E-002  0.11626334132121542       0.22955346704965568       0.44869863786961661       0.68319902134012933        1.0174449140973902        1.4787755992009148        1.9088327974147703        2.3787284027161504        2.6259679473452171        2.8761287139445173        3.5565405943569592        3.9345125770472582        4.0539155386799486        4.3801909927538212        4.5066453753806757        4.7227859652782769        7.9422815826964328E-004   8.9531270353066243E-004   1.3568987136207628E-003   1.2359325083417694E-003   7.7295675169089561E-004   1.1364101661068531E-003   1.0716581868575046E-003   1.0878921553488857E-003   1.1987731214846199E-003   1.2542386158766767E-003   1.6473474290492520E-003   1.8707541283621389E-003   1.4495914958547117E-003   3.0934147087241727E-003   1.8043018770248220E-003   2.9602880610308312E-003   1.6865862215812519E-003   2.7648630806968743E-003   1.9334193822212267E-003   3.0552387847288284E-003   2.3116810021569260E-003   2.6964794152938634E-003   2.7651161689889697E-003   2.8552042922593709E-003   3.8192437045969150E-003   3.5679203357863744E-003   2.8635587654233571E-003   4.9307518615451821E-003   5.2754704615172402E-003   6.2210012420912345E-003   6.4287160906408994E-003   6.0875483005005809E-003   7.1176406376102039E-003   8.6929108194519055E-003   1.1260810949762227E-002   1.7889527705694973E-002   1.6526740065215446E-002   2.5081296614113815E-002   3.6258928225274857E-002   4.2978802786345825E-002   5.1878088266797080E-002   7.3905170455272368E-002  0.11121410354976835        9.1189252305349466E-002  0.20359703226604312       0.10080431731871964        3.9086132518392054E-002   9.9281200959176613E-002   4.9863586139985705E-003   4.8681560410733654E-002   4.0668221313312864E-003
         237  -3.3963724854403534E-004  -1.6266766080844652E-003  -1.3295233360128368E-004   7.6678136997872725E-004  -4.8470413478374528E-004   8.8388604630681869E-004   6.7633573940796673E-004   1.3050937946720909E-003   4.5786901399131463E-004  -4.1130705453204243E-004  -1.6117996239820619E-003   3.5229730714723257E-004  -1.6905865809296512E-003   1.4843374807884176E-003  -7.3104483162551978E-004   1.1299790476973989E-003  -1.6567035512340968E-003   7.8369924893691330E-004  -2.2402872329472100E-004  -1.1102625637720916E-003  -4.0282944860130930E-005  -3.0839964829421226E-004  -2.3884188139050118E-003  -1.5356486195113294E-004  -3.0864834951105408E-003  -1.8749978154489194E-004  -2.0917610794463134E-003  -3.1512333237005471E-003  -7.9986635567730118E-004   1.2945000508551119E-003  -6.0802061508663467E-003   4.6463437050838765E-003   5.4910789431323300E-003   3.1059780092305426E-002   6.6979015744564149E-002  0.12955584425285294       0.25820561075586490       0.48971879368067089       0.72345482654832105        1.0762166732007190        1.5358089586154042        1.9654541542941739        2.4188052671405438        2.6588680452232012        2.9116184193845527        3.5675035954981449        3.9366927619726342        4.0614692061822524        4.3733078255594107        4.5053586788814961        4.7188037307460826        9.6839305032212267E-004   9.7953420278437306E-004   1.2609975010083999E-003   1.0496859016257301E-003   1.0834199364256750E-003   1.0074218492217061E-003   8.3654320138629515E-004   1.1444091791903801E-003   1.2766353056503554E-003   1.2945158425903718E-003   1.8005296253630120E-003   1.3463994417494322E-003   1.6916613003590227E-003   2.0062878622832156E-003   1.7655852290601481E-003   1.6445140732745198E-003   1.8926654164070022E-003   2.2931559188716357E-003   1.6958286919705613E-003   3.0419921884938580E-003   2.5766248378569470E-003   2.8591282047178198E-003   3.3701622379987729E-003   4.6371979676258814E-003   3.3727394289626593E-003   3.6130450134807595E-003   3.0763200354712405E-003   2.9999236343989451E-003   4.8153656228141998E-003   4.8708322064688718E-003   7.3818068777495322E-003   5.7980483568589253E-003   6.5856288951560852E-003   8.1306913479694473E-003   1.2940748403767466E-002   1.7066282905128332E-002   1.7426811802945232E-002   2.3366867437101778E-002   3.0684139119270117E-002   4.2619066333521909E-002   4.8908995705958559E-002   6.9111240122445780E-002  0.10578837382317691        8.6230163805215670E-002  0.19692608633605901        9.5488468673219876E-002   3.6279696991024436E-002   9.3703393278377387E-002   5.9335439430417960E-003   4.9535905102766169E-002   5.3570489838516491E-003
         238   6.5082610511914220E-004  -1.8813307434237690E-003   6.3836991945004286E-004   9.6575656515851701E-004   6.4216690575496225E-004   8.8834810969096504E-004  -2.8751366426347326E-004   1.0661194133605050E-003  -1.3639697685910253E-003  -9.5162197953078660E-004  -6.4509400016731974E-004   1.2428834579948846E-003  -1.6376088022613472E-003   1.0312716576789112E-003   2.4210486228153556E-003   1.0288525457772950E-004  -1.0419723057962440E-003  -3.1045722610703224E-003   1.4050389970469621E-003   3.8396820143847326E-003  -2.4487859315297160E-003   6.9668424146516127E-004  -2.9871214650907733E-003   1.2147494094117606E-003  -5.5101517125075430E-003  -1.5798056469059644E-003  -1.6020429520646469E-003  -1.9581187985078267E-003  -4.8400452711319257E-004   5.0547060052100546E-003  -5.5313480369710028E-003   5.3677208682887069E-003   4.7360502367567569E-003   4.2620367670672697E-002   8.4898244886041460E-002  0.15635178442711486       0.28574641508457332       0.53388752161132369       0.77711472685948302        1.1202087840146362        1.5897995409272134        2.0234952025123194        2.4611321784457760        2.7031064769761528        2.9431691115128937        3.5787035180800149        3.9410707361157540        4.0720840842054118        4.3760523981636146        4.5095016302598765        4.7250225617266413        8.5977991051715220E-004   9.0857901793889458E-004   6.5936876673316266E-004   1.3022581151477446E-003   1.2952466559851435E-003   2.0221659268858444E-003   1.6974352390013499E-003   1.4263673971343100E-003   1.1631134488612742E-003   1.7196773125607776E-003   1.9450905713732014E-003   1.5605959653569135E-003   1.6815327287133688E-003   1.2884516933720082E-003   1.2126673281963856E-003   1.4246056181214507E-003   3.0238091966160023E-003   1.6712835312034111E-003   1.9338668045941303E-003   3.0721356337657870E-003   2.2365427806247552E-003   2.8148586117297033E-003   2.6053703848173369E-003   3.3655607699581772E-003   4.3347203660894524E-003   2.1183372796496572E-003   3.3817929350641630E-003   3.9242103206948006E-003   5.1065765881877084E-003   4.9712805256222929E-003   7.7439210505553567E-003   5.6268119138702015E-003   8.8108954772600275E-003   8.8723949076281467E-003   1.0336666599017193E-002   2.1258124307896246E-002   1.6057373783085520E-002   2.0064213929786783E-002   2.8826561871665386E-002   4.0411868385153080E-002   4.4215184950297304E-002   6.6046086234885296E-002  0.10352892712908965        8.3672364773385785E-002  0.18519886788658238        9.0475148174178857E-002   3.2474163005490830E-002   8.7699331850628906E-002   6.5016973125528567E-003   4.4867062879234941E-002   6.0116064841740247E-003
         239  -1.3295623529951386E-004  -1.7909843180243707E-003  -8.2238424075934291E-004   1.5894242279723347E-003  -1.2773989558749520E-003  -4.5599304589851960E-004   1.2600718219611020E-003   1.3088349069044552E-003  -8.1768832522018608E-004  -2.0972938086777707E-003  -3.9239402940307184E-004  -3.0399141265995992E-003   5.5645525036733783E-004  -1.1379062513302155E-003   2.9336019624995205E-004   1.8372502734046247E-004  -2.9894340894729737E-003   2.0161401615069910E-003  -1.1183241815559200E-004   5.7574964594391887E-004  -2.7974980268301425E-003   2.5073022408026986E-004  -2.8331648926386353E-003   2.2475603136259156E-003  -5.7483995462101947E-003   8.0397397539951564E-004   2.6971348470327000E-003   3.2000539851778005E-003  -5.0612956681589123E-003   6.5981469048286365E-003  -2.4877033050814058E-003   6.3274080694901945E-003   1.0343954087056720E-002   3.6700860036274610E-002  0.10046032095300321       0.18598180339395406       0.31953266304746963       0.57716494223800874       0.83534766401788874        1.1883519819123494        1.6388157347699521        2.0725831274717748        2.4994134475128615        2.7495839272534037        2.9751363216290576        3.5920074939481568        3.9447718633585280        4.0790643174767753        4.3759094518262973        4.5053101495829964        4.7208426624160564        1.2656401452031832E-003   1.0496050678732080E-003   8.9255238274799672E-004   1.3095287357520224E-003   1.1187250020425587E-003   9.7476380355653112E-004   1.0960525045579531E-003   1.0827189905773802E-003   1.1145904990941230E-003   1.4280469276800151E-003   1.3220722994070620E-003   1.3634266537658507E-003   1.2952539965580385E-003   1.4498918811514058E-003   1.7537128991180675E-003   1.8180228793676122E-003   2.0110008122305187E-003   2.3215992884311211E-003   3.3803688919008309E-003   2.5646415264604211E-003   4.0162963569293315E-003   2.9776343707842859E-003   2.6127763866322985E-003   4.8195410232710813E-003   2.9688789387828868E-003   3.6752915505813160E-003   2.9010337805109887E-003   3.1443595324170963E-003   4.3967674832128267E-003   6.1678392723170244E-003   4.7546488947916151E-003   5.5822633938274789E-003   6.7756708178467124E-003   6.8636116902943255E-003   7.8444868365350369E-003   1.9947849174520457E-002   1.6639435133968088E-002   2.1064022763549944E-002   2.8045161562947663E-002   3.8301819625236773E-002   4.1253127118481871E-002   6.6004719359251007E-002  0.10293230289639721        7.9230540075189634E-002  0.17761863766654526        8.4568247762525625E-002   3.1236562791763879E-002   8.3248355316463685E-002   5.0635333903902777E-003   4.5639359318081239E-002   4.9373594293975684E-003
         240  -1.2756556794203842E-003  -1.3061858181194479E-003  -2.3199541995272855E-004   7.1383608733521613E-004  -1.2622961245240480E-003  -1.1389919431487807E-003  -5.0290955417710899E-004  -6.5642822580847502E-004   3.6852960899938145E-004  -1.0631684822109218E-003   6.9633353058196946E-004   5.7596226348013284E-006   7.9478758056581453E-004   2.4979256004274046E-004  -1.1006680944459124E-003   2.7619900019275334E-004  -3.5887308106058360E-003   9.6180517928946005E-004   3.1253285980478355E-004  -2.8304292915113118E-003  -1.8359254674913247E-003   4.5779218006460206E-004  -5.3737985936199665E-003   9.9255081690066953E-005  -3.8477265949522304E-003   1.9688998660626353E-003   5.2546038704633837E-003   2.9269777010861565E-003  -1.7792233811190655E-003   3.5715891499898708E-003   3.7021092557873864E-003   6.0585627035804456E-003   2.2652724030274039E-002   4.6122047494019693E-002  0.11745157833265588       0.20772064451091860       0.35642609408539488       0.62814020079401445       0.89306186164357937        1.2493855331791068        1.6964207314087349        2.1201228136582717        2.5394527227152826        2.7851259693507755        3.0077518518181239        3.6114808877110680        3.9513568065282341        4.0810951432756823        4.3748291795916634        4.5061543364873131        4.7170977829714049        8.5041504830775264E-004   1.2338496304003109E-003   8.7842181511473916E-004   1.0297777487115560E-003   1.2774819813928353E-003   1.1447952410412962E-003   1.3213388632671685E-003   1.1246811415543598E-003   7.5841636622605711E-004   1.7471876697996069E-003   1.3096469122105801E-003   1.5241042107543993E-003   1.1472634199082791E-003   1.5262787700193502E-003   1.6850153060588575E-003   1.9825597174421327E-003   1.5768285483347658E-003   2.3090815200796262E-003   3.8497926730408053E-003   2.9915676689053670E-003   2.9985700627906085E-003   2.6393564565843118E-003   2.7745345995253434E-003   3.7550871184250799E-003   4.1968244644251069E-003   4.4043214381666411E-003   2.8802982701097465E-003   3.5583774302776435E-003   4.7027166850006066E-003   4.5338333858791569E-003   5.1868754912961388E-003   6.7769555216804283E-003   7.1478445704174377E-003   5.8359893517985944E-003   1.1571567179678994E-002   2.5028860166903640E-002   1.4333282406701503E-002   2.1287920893091831E-002   2.7596996570420956E-002   3.7320847050053320E-002   4.0507520541868042E-002   6.4553140892000357E-002   9.9757067426156781E-002   7.5778220541222810E-002  0.17486828623514081        7.8258939657599697E-002   2.9170652391897495E-002   7.9115790868616309E-002   4.5125215726281882E-003   4.1902991569279374E-002   5.6752791249467388E-003
         241  -6.6026506131307413E-004  -1.2494156613735287E-003   9.9582825175306613E-004   1.0078203153284784E-003  -1.7032540958422668E-003  -1.4289045738320300E-003   1.0986489302965792E-004   1.8055927437029802E-003  -1.6673972982744396E-003  -2.0700721012721982E-004   1.9436281175589524E-003   1.7618212191702987E-003   1.8281562508924982E-003  -5.7190686432443262E-004  -2.1322606716859325E-003   2.8883130766851660E-003  -8.7774486569755982E-004  -1.1768772464817355E-004   3.2239256664849227E-003   2.5686239028817782E-004  -9.6213657189667720E-004  -5.4383965843311675E-003  -2.2018721808898570E-003   9.9688394393746080E-004  -2.4631250418471902E-003   4.8541066375784262E-003   9.8994847835444789E-004   9.6296689271771734E-004   2.5944537192986511E-003   2.1045278405360788E-003   4.5382591514010872E-003   6.7647986355477453E-003   3.0908614901825639E-002   5.8970488242461469E-002  0.12181252575594868       0.24034377573079160       0.40408288435783063       0.67993625568841309       0.96109983473750116        1.3132967102280548        1.7648640737805743        2.1746388654589057        2.5880254069530162        2.8318508789783929        3.0435304416805442        3.6261517617704504        3.9533188226068501        4.0897155272285843        4.3750226039588913        4.5199331651970853        4.7203748212400676        7.7705575408035753E-004   1.1532105099653185E-003   1.2472143610829259E-003   1.0690203671032358E-003   9.5395222009397721E-004   1.4569572508120856E-003   9.8769791351322063E-004   1.1125269799256905E-003   1.1970377711337551E-003   1.0517212997207951E-003   1.9501455817703831E-003   1.6408186397317639E-003   1.5524593804839156E-003   1.7496075477648472E-003   1.6180066343090375E-003   2.5507832128635242E-003   1.9147490895340068E-003   1.4624652560722021E-003   2.0020540948215795E-003   2.1785663593897773E-003   2.8379570891524930E-003   2.9437550352088351E-003   3.0386711344316075E-003   2.3971354236318335E-003   4.7139717484269532E-003   3.4802704960919051E-003   5.9895237481899840E-003   5.4934143103447580E-003   3.2680297535510228E-003   5.5502401467109105E-003   5.6074093414886419E-003   6.8076369431879502E-003   8.9123858316769063E-003   6.3408468941414170E-003   1.0453802342187653E-002   2.6053823327668417E-002   1.4208607036830476E-002   2.1469695551037341E-002   2.7837691422968332E-002   3.6096898962353831E-002   3.7086747181902427E-002   6.0976929178242635E-002   9.3342591483253273E-002   7.1807794598481786E-002  0.16599164963552232        7.4109529693306184E-002   2.6627279045888099E-002   7.5716442147325799E-002   4.8351268504915126E-003   4.0496518996771071E-002   5.6185553176928017E-003
         242   3.9454165464808866E-004  -1.2954317620274784E-004   5.6046620099462505E-004   1.0716498351867725E-005  -1.9248280189042538E-003  -1.4510778471136460E-003   8.3132542228646277E-005  -1.2514222827702162E-003  -8.6562179584459195E-004  -2.0701273935481317E-003   1.8936390114474386E-003   8.5074336396113949E-004   2.7950512269465802E-003  -1.2454473018671463E-003  -1.2511874813731811E-003   3.7025480475233138E-003  -1.0072417849760406E-003  -3.8502004519011074E-004   1.0490448213954450E-003  -3.8795980357546111E-004  -4.2557260509585798E-003  -6.5718994993701140E-004  -5.1131507998285631E-003  -1.9308066894232838E-003   1.2448923663002485E-004   2.3003834927556093E-003  -5.9805520681568589E-004   2.1800797844172656E-003   2.8246069270663728E-003   3.9061741095541354E-003   1.3180164033650280E-003   1.6506494542369406E-002   3.8360372793939029E-002   8.2002287412063210E-002  0.15108891193992321       0.28290993945214321       0.45566386022863092       0.74155847103682182        1.0233801388889214        1.3795154124573765        1.8251048496777273        2.2360916641293072        2.6241373046684746        2.8733065717432336        3.0817538381231100        3.6428864584882179        3.9639254483265582        4.0885872155694694        4.3806711011809840        4.5121414964895790        4.7197277873482966        7.9905854655722554E-004   9.2975394543692760E-004   1.1995071756985139E-003   8.5501551772437670E-004   1.2473031379433722E-003   1.4617214527063490E-003   1.2056299097640509E-003   1.2036923227588239E-003   1.7426130509403332E-003   1.1447121508431704E-003   1.3885110838069506E-003   1.8057576826583546E-003   2.3874794066496108E-003   1.3299978929135578E-003   1.5141120171579948E-003   1.8225646894986433E-003   2.8431850547271536E-003   1.6119841735378502E-003   1.6257087998596408E-003   2.2543825946415236E-003   3.5985294838648497E-003   2.9036448582166014E-003   2.7699947910009948E-003   4.1981415331369615E-003   4.2072180188410585E-003   2.9086647687164573E-003   4.0673122582051413E-003   3.8774214001825557E-003   3.6448936166159434E-003   8.3924196921889814E-003   5.4078848105695446E-003   6.7827771688435635E-003   6.3066329446424211E-003   7.4467818421303216E-003   9.2772974079395609E-003   2.0879920704569500E-002   1.1413499988229362E-002   2.0186764191955295E-002   2.8639211346530965E-002   3.5712235512746368E-002   3.6974570846683430E-002   5.7828767491302682E-002   8.9997375936773677E-002   6.7355555817515941E-002  0.15534657632638135        6.9022626277931431E-002   2.3564674896761159E-002   6.9805339801291055E-002   5.0761805459024686E-003   4.0259394212665084E-002   5.1755969435664873E-003
         243  -6.8557580208742578E-004  -1.6312087001088164E-004  -6.2233371861531762E-004   1.5621516178300863E-003   9.1899806878440317E-004  -5.9173702849126117E-004  -1.1177608237982718E-003   1.4911039838357456E-003  -1.4337445357256208E-003   5.3139851135540017E-004  -8.6552868914494617E-005   2.2112451348289337E-003   1.0657118322260802E-003  -1.5618445510264729E-003  -1.2338469447718554E-003   1.0223127814243122E-003   6.0029393740683164E-004  -4.8207836845375301E-004   6.0202231208475758E-004  -1.4532725911023518E-003  -1.2182448930836991E-003  -4.3163120280045528E-004  -6.6573258679204451E-003   8.9017368484187458E-004   2.1374995020622257E-003   3.9007381230083093E-004   1.1523973701296328E-003   5.5926408749980179E-003   5.8661655973673372E-004   6.1615000085707278E-003   4.5487361559270996E-003   2.9392745311573376E-002   5.1378565138240316E-002   8.9958782860724507E-002  0.17518069763729935       0.32307946040251156       0.50422152951387056       0.80519086439382448        1.0869870110148081        1.4483921771057280        1.8940202112024302        2.3001399304817358        2.6716935533070219        2.9127557324521081        3.1086247418428474        3.6538977508460713        3.9684648757623964        4.1056023706831333        4.3767346087735737        4.5179818556178679        4.7220194211663573        1.2952443789374941E-003   8.7473349935373538E-004   1.0370282794224537E-003   8.0340829789994574E-004   9.7619144146337470E-004   1.0961944610466494E-003   1.3756998044259620E-003   1.4089955684851551E-003   1.2425113755355640E-003   1.3775706140048353E-003   1.3433569227631647E-003   2.0219604919118231E-003   1.5875779279780869E-003   1.3307501525631061E-003   1.7852488168647817E-003   2.3965643018562443E-003   1.6407207541412551E-003   2.6749257763501607E-003   1.9296389550097844E-003   1.7793190163110952E-003   2.5141027990998811E-003   2.5120950911514841E-003   2.2807547497579756E-003   3.4656854291823819E-003   3.0431492514039044E-003   3.2627809702976233E-003   3.9226616975440564E-003   2.7579180725318553E-003   4.7830514900981443E-003   8.0826152228578915E-003   5.4564768886129307E-003   7.0339512095611602E-003   8.7049062821191060E-003   8.3867014342666503E-003   8.6368843510405344E-003   2.0110544978024371E-002   1.1956188932453871E-002   1.9609477403517952E-002   2.7581257463456112E-002   3.4991877798670849E-002   3.4920592863077818E-002   4.9542666915750579E-002   8.6796553949544497E-002   6.0377924034273195E-002  0.14699642381335448        6.3832311845748058E-002   2.1880448886903797E-002   6.6655817562216155E-002   4.9304095043350956E-003   3.5545721577259701E-002   5.7321623574028788E-003
         244   1.2219013874164618E-003   9.4554579197967301E-005  -6.0751764470903000E-004   1.0149317282141738E-003   2.4642143228821261E-003  -7.1199328064528345E-004  -1.1893881632731782E-003   8.4148033057118569E-004   3.2756326663298837E-004   8.5665845487963238E-004   2.3155795905309778E-003   2.5681405315399583E-003   7.6146765614554235E-004  -4.2631117679566450E-004  -1.2802309059410477E-003   1.9508931314862816E-004   7.3562620345875686E-004   2.0723933030619207E-003  -5.7011554032010794E-004  -2.5863409092010048E-003  -2.5622659464744624E-003   9.5490889033820906E-004  -1.5411348245356160E-003  -3.2850534390636935E-004   1.0160351098459821E-003   1.8501259545879991E-003   2.5002179721589006E-003   3.7620152091574458E-003   7.4632363591845491E-003   7.8146324844989880E-003   4.8155307202103542E-003   4.0595541244752412E-002   6.6306967684121698E-002  0.10504539817380291       0.20460205186379851       0.36322360543358534       0.57316606764793476       0.88443098182905266        1.1749295747061794        1.5230756376251966        1.9609208142608712        2.3555847853013092        2.7146870915481314        2.9596891058079740        3.1478134919067653        3.6731826966909984        3.9742542970830614        4.1141855412567336        4.3734483419505148        4.5244193810642956        4.7158126434916818        7.8545856255864003E-004   1.0302840035025470E-003   1.0300141177390161E-003   1.0792878707212891E-003   9.9131087860065037E-004   1.2598933651564808E-003   1.1263546112559798E-003   1.1170617813088478E-003   1.2995245321441632E-003   1.3060785522234007E-003   1.8618489797315909E-003   1.4872833060888468E-003   1.7395911802586391E-003   2.3996656674951564E-003   1.5669276104363819E-003   1.6820102216072259E-003   1.8397241243345759E-003   2.4670591302026570E-003   2.5147584317699507E-003   2.3613650725424549E-003   2.3836533998009362E-003   2.0325621018554957E-003   2.7207026684624570E-003   2.4453565027534939E-003   2.6000668754072313E-003   3.9599032422837684E-003   4.5919178245592152E-003   3.8131508426898445E-003   4.5383806580828840E-003   6.9207552217271269E-003   9.3405189064859808E-003   6.6957110998997179E-003   6.7982154482847685E-003   8.1456080829495105E-003   1.0897297269341268E-002   1.8941998576194302E-002   1.2762808177742753E-002   1.9195275322555636E-002   2.6949945321374801E-002   3.1496448015966752E-002   2.9651372516764307E-002   4.7258603552686081E-002   8.5580294462747064E-002   5.6618499227376058E-002  0.14051065690037784        5.4968290101173878E-002   1.8788526755377608E-002   5.9047916463227670E-002   6.6852865754105043E-003   3.5809162527798942E-002   3.8113873376027282E-003
         245   7.5819431594816142E-004  -7.8667305143920977E-004  -1.5767585284485633E-003   8.9455474167088490E-005  -2.4046760492650405E-003   1.9543343039454238E-003  -1.4647686979826580E-003  -8.8010975491596602E-004   3.5399175539434794E-004   7.0986485951058688E-004  -4.5489888782776928E-004  -4.6148595191782200E-004   2.1907610046196703E-005  -1.0191549342761052E-003  -3.6622658718226766E-003   1.1999834803693236E-004   1.7831478816272691E-003   1.8027160568108867E-003   3.2770391539761582E-004  -2.1285423999815884E-003  -3.9715637768640132E-003  -4.1744576179534638E-004   9.2762235837900466E-004  -6.8546811238040235E-004  -8.8692249787720231E-004   2.7322985454138978E-003  -9.6163669587580769E-004   5.0017637559649636E-003   8.2636395810999665E-003   1.4108680225378601E-002   1.9952050046406804E-002   4.7749824856305037E-002   7.9866074823170166E-002  0.13770632563241936       0.24692445305831220       0.42770430686587091       0.62481289487912484       0.95438213350552514        1.2541307549686698        1.5969111583758833        2.0315696631314970        2.4170702598608695        2.7586948321167921        2.9981146957693570        3.1852035640558398        3.6891998370031276        3.9764146558178188        4.1173474150633664        4.3708709813642530        4.5231174686865563        4.7210186439852331        9.2690759482640139E-004   9.2082597233541748E-004   9.8389737044439723E-004   9.4968970760914227E-004   1.1789551651133099E-003   1.1996367105556382E-003   1.9062383838843603E-003   1.2726496798818024E-003   1.2781971102771533E-003   1.3108011249252931E-003   1.4767350726500115E-003   1.7125114471333869E-003   1.3083846776901144E-003   1.8818044445098984E-003   1.3232034589661101E-003   1.7950665752554564E-003   2.4404438853376904E-003   2.3690882833927551E-003   1.9987678327238558E-003   2.1820531797021527E-003   2.8792383382687976E-003   2.4238503966062383E-003   3.0679475368406723E-003   3.7047192161437513E-003   2.7173758112778784E-003   3.9286903304224094E-003   3.6988236377183750E-003   4.1399174887373699E-003   4.9951547039199457E-003   6.1209653878549564E-003   6.9172620584768757E-003   6.4706392786544244E-003   1.0786204111897110E-002   8.3544420584185271E-003   9.5667113259753373E-003   1.9685835606686613E-002   1.1462022629301146E-002   1.7943639689786253E-002   2.3469671454686942E-002   2.9219005469798325E-002   2.7270830541440468E-002   4.3211298813722689E-002   7.4044654612397204E-002   5.3383076261415384E-002  0.13060173468032882        4.9669002067230392E-002   1.7341437076987955E-002   5.7275421470038279E-002   5.2210362325101458E-003   3.1470970396916063E-002   6.8358595319879898E-003
         246  -8.5339125175870202E-006  -7.2061445886216648E-005   4.2432313389111775E-004  -3.5729238815778184E-004  -6.8052500140235877E-004   2.7824534642954309E-003   2.1422656641869025E-004   3.6632984245982183E-004  -1.5623194199705117E-003   8.7632542289250862E-004  -1.4273751400479921E-003  -3.5622054805434064E-003   3.1171878820610401E-003  -9.4767963015046435E-004  -1.5469283752245812E-003  -2.5272122797048355E-004  -7.0726304027130872E-004  -3.5039023655090225E-004   5.1559677935079701E-004  -1.5008699495294616E-004   7.3131162889882658E-004  -1.9637254507394523E-004   5.4266769371849235E-003  -3.6348975848757730E-003  -1.8778205922530914E-004   5.0392948957183933E-003   4.5180884988231945E-003   4.6960831763884093E-003   8.3717614328521969E-003   1.2559899174351458E-002   2.4990973738718988E-002   5.3638761543139658E-002  0.10832296472356223       0.17263484263323797       0.30413255479789930       0.49121796374057797       0.70266436092686790        1.0364369446416075        1.3403645299705889        1.6829577102165365        2.1028920751258782        2.4711121130300913        2.8036848482942602        3.0431193459622201        3.2239349459370392        3.7040811136662515        3.9845273272092689        4.1194374424173423        4.3765916288706244        4.5283625898642343        4.7154901642550877        1.0054925425806091E-003   9.8795593931773926E-004   1.4527252500319077E-003   1.0672719318586719E-003   1.1057620499733730E-003   1.1588193876377131E-003   1.2780255820794186E-003   8.4807887479112576E-004   1.3910596511905182E-003   2.5197642638601064E-003   1.0076498389119419E-003   1.3669086262236253E-003   1.8062627315005991E-003   1.4542280047386790E-003   2.2612526942876253E-003   1.6981225864180723E-003   1.5607606275125979E-003   1.8666553253023485E-003   2.3510258811359252E-003   2.2226680716979914E-003   2.7592525251128311E-003   2.2369931019144982E-003   3.5488830709208968E-003   3.5632889195001244E-003   4.6341633682190362E-003   3.0532782932913565E-003   5.6968569251703094E-003   3.5959782844319308E-003   5.8911598245309756E-003   6.1483483455057400E-003   4.0935609402051798E-003   6.2274113151058906E-003   9.1913129890311036E-003   8.3213466923258411E-003   1.1885994442231171E-002   1.5614839788048547E-002   1.0910903805425792E-002   2.0144614384928584E-002   2.2447715269125104E-002   2.6784247584351505E-002   2.5707077886542893E-002   4.0980955301978282E-002   6.9171106005356822E-002   4.6964016620732532E-002  0.11981350683133266        4.9081588727630632E-002   1.6888255825062263E-002   4.9766569505624504E-002   5.7616519192128651E-003   3.1777606740367413E-002   5.1972333639526856E-003
         247   5.3920758583912373E-004   7.8485257635190530E-005   3.6578736019560589E-004   4.1131275717729764E-004   6.8878858174873530E-004   4.3779081413484122E-004  -3.5995287739045513E-004  -4.6266971646725122E-004  -6.9566472850773420E-004   9.1151573062368580E-004   1.3105945610323167E-003  -4.8400296644862873E-004   8.9420402111006867E-004  -5.3432216965985100E-004   1.3375363282099840E-003  -1.3476821961843492E-003   1.2540242686958733E-003  -4.0270429487872465E-003   1.5934769206887224E-003   7.1241077595294623E-004  -2.9637372453962482E-003   2.1229323148800718E-003   2.1772269708992971E-003  -3.2266153087474178E-003  -9.0830331540759848E-005   2.9562744950763476E-003   5.1303114997467425E-003   8.7830297754253536E-003   1.5863575052263410E-002   2.0545972992557240E-002   3.7262496442473710E-002   7.2421458690643412E-002  0.14097259890097125       0.22041181983534713       0.36196017200596331       0.57182109300178974       0.78904259357299589        1.1261276380884120        1.4241696372526471        1.7733772516853807        2.1822470332432604        2.5355681205481888        2.8494752754332717        3.0914432472702873        3.2551905347919368        3.7171873669546773        3.9851249532892683        4.1332102633952852        4.3748892309349783        4.5250916075755718        4.7188693858967952        8.5588073644778378E-004   9.8682320637192254E-004   1.6815069710463680E-003   7.6907882186946037E-004   1.0205983617038060E-003   1.0698304673148621E-003   1.3855125119931178E-003   9.5109429081090475E-004   1.5243210772553925E-003   1.2300156157085520E-003   1.3132390293902449E-003   1.5383921453495806E-003   1.2427497327547245E-003   1.1286470962878490E-003   1.4181207114821455E-003   1.8140824589916189E-003   2.6814616503795727E-003   2.8305968840322475E-003   2.6021988969538194E-003   2.6820175951347124E-003   3.0249417878366967E-003   2.7087002890620886E-003   2.9733367283742351E-003   4.9191183208492145E-003   4.4986161769486549E-003   2.5321141600240229E-003   6.8974280870059725E-003   3.8345703952447929E-003   6.1169313335858594E-003   5.9100952668176068E-003   5.5159725782532075E-003   6.6092515189039034E-003   8.8798590133121330E-003   7.8898818189674976E-003   1.4427599648155737E-002   1.3293348515865971E-002   1.0191763595966736E-002   1.7871163230185443E-002   2.1069990458527300E-002   2.3813057014414038E-002   2.1921927620625944E-002   3.7520764573847898E-002   6.3541231209030352E-002   4.3196052592255410E-002  0.10712451967653795        4.4063584439369093E-002   1.3390705216809042E-002   4.6770585404292235E-002   3.6851074991825676E-003   2.8778916358211028E-002   6.8359567727015015E-003
         248  -1.0975349667223234E-004   1.4737337637039298E-003   1.0219004060655467E-003   3.1732639943160914E-004  -8.4782353648944742E-004   4.0191023577005155E-004  -1.2506544417909129E-004   8.3587205588735842E-004  -1.3674133708955572E-004  -1.3759783898298683E-004   4.4004879665346451E-004   1.3271874053773407E-003   4.0914004078194065E-004   1.4418114363660790E-003  -1.1776764414590101E-003   1.1502693666003198E-003  -1.2792341745618580E-003  -4.8797631060551166E-003   7.5600584890609692E-004  -7.4743391438501620E-004   1.7520622151403974E-003   3.8394816987129296E-003  -4.9079724969495484E-003   1.2429728798165486E-003  -2.9069793122673919E-004   4.1005708655509404E-003   9.6736633189679552E-003   1.4365840785973845E-002   1.7940695112052232E-002   3.1172237993733875E-002   6.2327124833091586E-002   9.3164006803009833E-002  0.18075367442721305       0.27920802680275852       0.42810766481620544       0.64934403598636092       0.88059375431380704        1.2184956322875975        1.5205554459158026        1.8523518505265364        2.2563963500062436        2.5960935968115475        2.8963760404252321        3.1368177783525728        3.3020693108541326        3.7349583027606905        3.9948269525231868        4.1393499838149124        4.3743805275456946        4.5312542752357814        4.7174277186340454        8.4339168119526532E-004   9.7008047417455260E-004   1.1781432126874401E-003   1.2339524515284446E-003   8.7592730291378117E-004   1.5189534294368142E-003   1.6200159248681960E-003   1.4527208812673783E-003   1.3946846728899683E-003   1.2297884395559605E-003   1.3008239356194495E-003   1.6489434557250481E-003   1.8838199873546502E-003   1.1088157643168231E-003   1.8882754560950112E-003   1.8269936344478455E-003   1.9827425074521051E-003   2.1724194480507684E-003   3.5053307960977724E-003   2.9966722170207787E-003   2.2494150654542898E-003   2.6242297163840043E-003   2.0804091605538394E-003   3.5658743686672778E-003   3.1162966159402694E-003   3.5329321421766757E-003   3.3338641842851572E-003   4.3634695161088918E-003   5.6053111326142121E-003   4.0872198076879595E-003   5.5372084698508085E-003   7.8675919262163399E-003   9.2995869091935159E-003   9.6522855764700367E-003   9.9656488487191910E-003   1.5275168459233983E-002   1.1171360444879624E-002   1.7221854255464870E-002   1.8546306667454861E-002   2.2948636928807224E-002   1.9610646595498202E-002   3.3315728433474405E-002   5.5361718700519043E-002   3.5800783636298940E-002   9.8457268049796029E-002   3.8239278868975511E-002   1.3657576639922991E-002   4.4584719774936006E-002   4.0281040545256091E-003   2.6117318659839212E-002   5.6054951597031000E-003
         249  -1.6918756818808003E-003  -1.8923308770048519E-004   1.7902593724087809E-003  -8.6108678381554323E-004  -1.2345989501556863E-003  -6.0862655128133246E-004  -5.8486631398803056E-005   2.7949225127779842E-003  -5.9161554399109499E-004  -5.0540904870677555E-004   1.3535193082282713E-003   3.1002834231585893E-004   6.9427985743954841E-004   3.8487937743582139E-004  -1.4655215902732129E-003   2.6593260727860528E-003  -2.3268942775783682E-003  -3.2224011032042851E-003   1.8753731588659185E-003   8.0540562325056133E-004   3.9642061130218859E-004   1.9060258508424595E-004  -2.3156903801649438E-003  -1.3482006455406092E-003   6.1640797549745580E-003   2.1861997085445084E-003   9.9058162932310224E-003   1.8581343256376788E-002   2.9810040895394872E-002   4.8694847628728763E-002   8.4499983736597450E-002  0.13419514464349233       0.22910293207006999       0.35150433198862580       0.51341260473254635       0.74890381524382654       0.99142637593867133        1.3226791081457325        1.6192462267413983        1.9549105277918959        2.3295437949349105        2.6631459746640980        2.9433210616439527        3.1825989735847879        3.3422414832825731        3.7432916040668949        3.9965255537672153        4.1463351493954486        4.3721599867456336        4.5401170507858284        4.7169673838503021        1.3475664693879349E-003   1.7119082801777016E-003   1.0079969787742493E-003   1.8068805946190869E-003   1.0083946193220562E-003   1.1182085804135695E-003   1.6472150808199597E-003   1.1855994752422553E-003   1.3320913011758122E-003   1.2302167787194081E-003   1.7039920997009607E-003   1.4431312454268525E-003   1.2203014433326406E-003   1.8590392657089310E-003   1.6480333806969925E-003   1.7243040229554657E-003   1.9071537477277835E-003   2.7707246317786329E-003   3.0211343944184280E-003   2.7794782419438067E-003   2.2124895118515080E-003   3.1239460708064092E-003   2.4544050285755419E-003   5.1205431124370163E-003   4.5965755112137869E-003   4.1339439524200154E-003   2.7395302983430213E-003   4.8382563819431923E-003   3.6783714643605987E-003   6.1740725028405288E-003   7.1274231211878002E-003   7.0830107874983728E-003   1.0473701793508317E-002   1.1649487717721927E-002   7.3032843636541209E-003   1.8415723469075218E-002   1.1369583789040162E-002   1.7347596127382563E-002   1.9471165853907929E-002   2.0780950319529243E-002   1.6514270659026057E-002   3.0432340054650901E-002   4.9420659769387157E-002   3.4184433258308083E-002   8.6214480327635332E-002   3.5485151000265169E-002   1.3180118649728146E-002   3.6712896877290929E-002   5.0180569452896000E-003   2.2239048184504177E-002   4.8318201223117498E-003
         250   8.7889693109630980E-005  -3.4075191683325803E-005   9.6777981194653951E-004   8.1429211530661483E-004  -1.0470903508964356E-004  -9.0694967728652471E-004  -7.9874397784464898E-004  -5.2692841318795322E-004   1.4537303342458362E-003   1.1282225339704556E-003  -4.0233692976094325E-004  -2.9173396520076677E-004   1.1096949626597935E-003  -6.2211166226943694E-004  -9.1785670065184751E-004   5.5711273654209621E-003  -3.7874343912142603E-003  -1.1182620096099158E-003   6.9988916799985593E-003  -2.0258844378346105E-003   1.9816445294060453E-003   3.4013684851206824E-003   2.0858324484018076E-003   1.9026862379029222E-003   9.0561071749139591E-003   7.0330378569475544E-003   1.5586987414601173E-002   3.7928683271023209E-002   4.8616550215525925E-002   8.2180741730912332E-002  0.11707799170185118       0.18840895444866684       0.29500756087400670       0.44541379411539167       0.61796603611933520       0.85795320494297822        1.1096451537517751        1.4316608385092600        1.7233488920371578        2.0560444293308158        2.4124569001274967        2.7306509468621654        2.9992844836515586        3.2276787425840867        3.3964432793715504        3.7604233047440596        3.9987513282113496        4.1528425599683549        4.3747702004947309        4.5378238312861523        4.7237518646200396        9.3250784478009577E-004   8.7243695331406428E-004   8.8415613159415927E-004   1.3402999019227688E-003   9.3728433552953778E-004   1.2649370045922264E-003   1.4682182795431730E-003   1.2464816225275241E-003   2.1659514631967186E-003   1.4297896549578287E-003   1.1885031459390768E-003   1.3815537282048055E-003   1.3871435963817179E-003   1.6690745873966671E-003   2.0179424429731157E-003   2.0275593888732964E-003   1.0388816802801516E-003   2.4448103729331769E-003   3.0559567041416841E-003   3.5635787251122827E-003   2.0425755899703040E-003   2.1102117566061201E-003   2.2620726135712805E-003   3.1404556347560736E-003   3.0269742340113676E-003   3.1735952388236969E-003   3.2681817598731928E-003   4.3627813304260637E-003   3.2521462163359943E-003   5.2843710401293967E-003   6.6801896055564422E-003   7.0830810670295327E-003   7.9799358785125011E-003   8.2090826302006273E-003   7.6007574319388958E-003   1.1868030157486029E-002   9.5178495847161263E-003   1.5204186440308767E-002   1.6064814211390086E-002   1.8013257314795767E-002   1.5690675561397145E-002   2.5431532653043824E-002   4.5400406665833330E-002   2.9660526825828943E-002   6.8691026476682085E-002   3.3053655803478278E-002   1.0535549871316812E-002   3.6897462846162167E-002   4.0017457092836285E-003   1.7031807147434633E-002   5.1719136181220702E-003
         251  -7.8871991711497425E-004  -2.6800145581751618E-005   7.7639763055084576E-004   8.4134986841647092E-004   9.5137687218076780E-004  -5.5809947696842238E-004  -3.4573765963516516E-004  -9.1692466340924177E-004   1.5572774668533265E-003   1.2614163211027872E-004  -3.9153729268187670E-005   1.4673771307925102E-003   1.7725161673602663E-003   3.0650247335409124E-003   4.1392530653140899E-003   2.6270733904365856E-003   6.1951119257708264E-004  -1.4648094000867895E-003   2.9424000935739814E-003   1.4775818159506414E-003   3.6830098553409193E-003   7.9079376918065308E-003   8.0141662479816037E-003   1.0706869188602842E-002   1.9492792698761495E-002   2.0355880091385569E-002   3.8519474823301182E-002   5.7475429609289738E-002   7.8557452406714703E-002  0.12065637974339616       0.17863484703175372       0.25538041167464709       0.38314523089237101       0.54695346407376633       0.74047702303448615       0.98822808602597279        1.2469979718548323        1.5572257042201900        1.8464559095335078        2.1528735715996428        2.4824158473171374        2.7851154476330233        3.0498439942598399        3.2653856228296552        3.4429339304911948        3.7765704544799776        4.0119932635580788        4.1575730168223126        4.3799538482361902        4.5360813084594493        4.7188259693932313        9.1283572929576025E-004   9.9786829828820518E-004   9.5127734085928735E-004   1.1535917607250611E-003   1.1458828715347313E-003   1.1881590804078519E-003   9.4713150621081061E-004   9.2897876504107455E-004   1.3826753054477492E-003   1.3168513732223549E-003   1.7532086595292160E-003   1.1691556840822169E-003   1.4891298930789956E-003   1.6471003652788257E-003   1.6997351165393866E-003   1.6467134705659139E-003   1.9562695684896066E-003   1.8342505143403888E-003   2.7727924244529702E-003   2.7118308985332484E-003   2.4571121643646647E-003   2.2969199146179696E-003   2.9815637891248085E-003   2.8250718836185271E-003   3.2192145787808980E-003   3.0865776853302917E-003   3.2872746023531550E-003   4.5098690436645343E-003   3.4943586187673324E-003   4.8392023201485430E-003   5.6466942309441135E-003   5.2620922067949530E-003   7.8760919427142227E-003   7.3977002846267337E-003   8.9979208993543041E-003   8.4428832664367390E-003   8.6736705511231936E-003   1.1803600304393279E-002   1.3333715370824501E-002   1.7302815753439286E-002   1.3752892870785481E-002   2.1697750700796561E-002   3.6691308895496870E-002   2.5175800898042895E-002   5.8949169796558211E-002   2.4291444932544291E-002   8.8428164771244613E-003   3.1666298076636130E-002   4.9394070245742140E-003   1.3754738301954318E-002   7.7142623533008109E-003
         252  -7.2435394832181510E-005   1.1250349044054925E-004   5.6421630859086909E-004   1.8792195178760564E-004   1.9226200755401560E-003   1.3470975821693455E-003   1.1618798506766565E-003   2.5368121884378999E-005   1.8014832660169970E-003   8.2261570783435803E-004   2.0113623955423897E-003   1.7847158893005298E-003   1.0242681580303829E-003   3.0143437607446826E-003   2.6789408153101418E-003   4.9037750822748657E-003   1.8946966278588486E-003   5.6178363283975186E-003   6.1225888270830808E-003   6.8832172970207123E-003   1.5551516583705634E-002   1.7398496735656594E-002   1.8198492002614121E-002   2.7794341388718391E-002   3.7212247409636239E-002   4.7719066612166079E-002   7.4550058798680943E-002  0.10184730370903182       0.13836169820543728       0.18509313933850627       0.25631222921678826       0.35171035077698831       0.50145267528483695       0.67488446652033518       0.87947590323884639        1.1357098414268043        1.3965587213656134        1.6927107002621076        1.9712873478417707        2.2617205624243044        2.5708922671981460        2.8629782829412216        3.1029318628737061        3.3126591284066431        3.4878030666594175        3.7868337159073220        4.0117014031906555        4.1686976782647260        4.3729746851420828        4.5388842983690516        4.7229054393193968        1.3611946715530703E-003   1.0150513622229304E-003   1.1553950385676894E-003   1.8052148608579917E-003   1.0957577616208804E-003   1.4119229897799285E-003   1.5074935624003734E-003   1.1867440926351576E-003   1.1968106462145762E-003   1.8084056434820466E-003   1.3915498028780778E-003   1.6904186797233268E-003   1.3488810964140477E-003   1.7055828073639005E-003   1.9162800662715972E-003   2.3881188050052741E-003   1.2670482603227434E-003   2.1928431538789477E-003   2.3511087387751524E-003   2.1213663881315078E-003   2.6176385171104810E-003   2.0152394164220668E-003   3.7047699978341097E-003   2.8341582082378643E-003   3.1903510401107738E-003   4.3225248667258182E-003   3.4014445318476345E-003   5.2472121259060376E-003   4.0527352054181400E-003   5.5253733212482703E-003   7.0345964585365748E-003   6.1007647189127009E-003   7.4968680395567982E-003   6.2540477225753758E-003   9.1696717672066236E-003   7.6077693170285435E-003   8.2364853112250717E-003   1.2414380749919620E-002   1.1080054716055204E-002   1.3192920134236287E-002   1.1722664145324869E-002   1.5961332692846945E-002   3.1613530687982977E-002   2.3058906754317144E-002   4.8076218955303070E-002   2.1467067515375429E-002   7.7741513251468955E-003   2.4434732544179119E-002   5.5803456042489673E-003   1.6256594363282161E-002   7.5926362513244177E-003
         253   1.6721631440705991E-003   5.0763061575827034E-004   2.9497543508906587E-003   1.1794704946801158E-003   2.6554750695086797E-003   1.8675178230239189E-003   1.3683575009880175E-003   2.6923289850649653E-003   4.6542800313221595E-003   3.6592443264179971E-003   5.7286619551955627E-003   7.1099471887398503E-003   5.9560360970103299E-003   8.9099154903103678E-003   8.3785685350038289E-003   1.2562238762937748E-002   1.1971004596557226E-002   1.4463172197498817E-002   1.8911189042223549E-002   2.0685599830865358E-002   2.8416061915774730E-002   3.3427652561220524E-002   4.7045745562302593E-002   5.8204914438540388E-002   7.2705528937600697E-002   9.6711884219343500E-002  0.12872217965690716       0.17256933633254562       0.21573483475737448       0.28677809375796365       0.37572235090483097       0.48771014472172330       0.65673021667348164       0.83938332189062959        1.0463531270933983        1.3052248724681808        1.5567119818445301        1.8335303509957603        2.1007304165057223        2.3886433975036829        2.6517334266768513        2.9236093649989638        3.1537180630366799        3.3574342070205847        3.5389166000675343        3.8011349685928582        4.0158435156917571        4.1739117471118465        4.3772088678273002        4.5460190619252181        4.7249400799919234        9.4889843473680883E-004   8.7183871423642391E-004   1.3231954338718429E-003   1.1177704991209301E-003   1.2992829095343844E-003   8.4460043346918029E-004   1.7757572917577564E-003   1.1025024441869977E-003   1.4282596050499987E-003   1.0698691780676674E-003   8.7463878950054519E-004   1.9451696710973477E-003   1.3650870809969258E-003   1.8410754014026862E-003   1.7813246197348237E-003   2.7972095762762096E-003   2.6456119531815692E-003   1.9107986661225701E-003   2.0724738002520847E-003   1.5091941290556574E-003   1.8955682322537401E-003   2.3197935207317690E-003   2.8252231120316136E-003   2.2393460683334788E-003   2.8718698612550946E-003   3.4411083283321028E-003   3.5833013125187237E-003   4.3051255990698865E-003   4.4241709240049037E-003   6.5955100310188071E-003   6.3743843168173964E-003   4.7523705855915038E-003   7.5730790001141707E-003   5.8136896582885464E-003   9.2767022382186475E-003   6.5815783500031335E-003   7.5047323097429683E-003   7.9950312545727566E-003   1.0558782673858713E-002   1.2087203941310947E-002   9.0489065787756999E-003   1.1759677745055867E-002   2.6145486190105486E-002   1.6315921696166913E-002   3.1645924806717060E-002   1.5387909902007595E-002   9.4230276981388979E-003   1.8324076424360639E-002   5.8820035359828816E-003   1.4009529707810517E-002   4.5896135940957095E-003
         254   6.1121727680008477E-003   7.4419359892727212E-003   7.8459399048908026E-003   8.6581251743571685E-003   8.9402222418264992E-003   9.7416991480022037E-003   1.0640038650782111E-002   1.3223349238107007E-002   1.5442035356085420E-002   1.5087309581050444E-002   2.0069353854154981E-002   2.1546163431954445E-002   2.2908288098407597E-002   2.5715318469269308E-002   2.8356660110303553E-002   3.3187661199284194E-002   3.9528381887529183E-002   4.3120030589290655E-002   5.2550656954481002E-002   6.2611687480189596E-002   7.2917346131618016E-002   8.4413032961521542E-002  0.10366549257750567       0.12406068555429932       0.15262003870410837       0.18766824068534760       0.22621536995625099       0.28501528540105492       0.34637619724255836       0.43728384830878714       0.54810449283177398       0.66733025644720789       0.84232880940810717        1.0423881481871831        1.2476590296660499        1.4910480679343123        1.7401844572486349        2.0013444086420002        2.2450905120723026        2.5091184371909976        2.7571946169341879        2.9999259562737688        3.2098771478049222        3.4099592861389425        3.5912992437460520        3.8201999941457077        4.0233200614675786        4.1891733739434693        4.3741277113047907        4.5498752219117957        4.7172076904219118        1.0907639155065549E-003   1.0104679777936311E-003   7.1049380624486837E-004   1.0378624979001923E-003   1.1544568502902038E-003   1.3156780609621945E-003   1.8479342703563268E-003   2.3740115001298495E-003   1.3401542106134027E-003   1.1544790482241195E-003   1.4739942848373251E-003   1.4028032020476941E-003   2.1156079010171878E-003   2.0449071074344553E-003   1.3307237531699596E-003   1.4895069091906596E-003   1.8816912889730313E-003   1.8834804023121605E-003   1.8158438973595098E-003   2.0409347278638997E-003   1.7204729935219958E-003   3.1236372384379194E-003   3.4463650770789403E-003   2.2766808886403151E-003   3.9615302372162271E-003   3.6546160417563404E-003   3.0535601861770767E-003   5.1559594921097322E-003   4.0589990744261577E-003   5.5491361179718065E-003   4.9911853815084424E-003   5.1687052232140401E-003   7.2158022186291559E-003   4.9945223509224000E-003   7.3299470703111561E-003   6.5131341566492936E-003   8.2303567347921467E-003   7.8715478986818438E-003   8.7223712840581082E-003   7.9086251308491951E-003   8.7287040538782737E-003   7.4839177021061142E-003   1.5088340896210046E-002   1.2224546212575895E-002   1.9764836779974551E-002   1.2244983566000255E-002   5.8732411052360789E-003   1.3072837763580232E-002   4.4359851191570696E-003   1.0936655346114947E-002   5.1470187135654573E-003
         255   3.6674685607145999E-002   3.9662480501959703E-002   3.9854846035636715E-002   4.4760039425220957E-002   4.5643998728297830E-002   4.7890537571586775E-002   5.1672387248193806E-002   5.6576060593142491E-002   6.2608392563322068E-002   6.5847198948374569E-002   7.0065569596836047E-002   7.8886538684429436E-002   8.3910578105790376E-002   9.1362207280504065E-002   9.8456504228125921E-002  0.10893168745534533       0.12060032761940835       0.13026386541260060       0.14705633934064094       0.16464106559904623       0.18650406169221875       0.21060180551768448       0.23602651225428506       0.27051862611206656       0.31051579816684932       0.35866746590537779       0.41465291938866961       0.49071654441122431       0.57215372538411891       0.67044465137493581       0.79426029062169723       0.92659992117141832        1.0987556437135082        1.2957456341467837        1.4907321404718159        1.7232054091156224        1.9478355568283499        2.1738551264790766        2.4041031306670404        2.6398255040256777        2.8619465610354666        3.0774985835685547        3.2746326346419159        3.4687989275866604        3.6437825966040429        3.8502333422364430        4.0369500146674984        4.2045716012933356        4.3882710070510109        4.5617827877042565        4.7348032498582651        1.2787593541161656E-003   9.5399402321371795E-004   6.8498584856779518E-004   1.2025625526962873E-003   1.2948545331336919E-003   1.0321794523080554E-003   1.2701725813238536E-003   1.7961410731953409E-003   1.7545388806939294E-003   9.9100341304559085E-004   1.4210123295809369E-003   1.1965075764381464E-003   1.4166454339378963E-003   1.6470263868960723E-003   1.3736166425253942E-003   1.2984371418899980E-003   1.8033364978016690E-003   2.0447857419511324E-003   3.6174431839611078E-003   1.9660167249964311E-003   1.8012351351754119E-003   2.5920663554630588E-003   4.7232409134721305E-003   2.8290277736027856E-003   3.6947206587958381E-003   3.9507050447875180E-003   3.3233953920258508E-003   5.7080532654199831E-003   2.6598450071409143E-003   5.7153306153366170E-003   4.3470872781523218E-003   4.0722457262932976E-003   5.5818279379147026E-003   4.9983391658545463E-003   6.9382090567128218E-003   5.0612955991375030E-003   6.9950973908687519E-003   6.6128200508320549E-003   7.3938888954240512E-003   5.7575461319863252E-003   8.0856647172723433E-003   6.7207941854633803E-003   1.0932727995231321E-002   7.4560349547651266E-003   1.1529397242702168E-002   7.0425219729834034E-003   5.6260543415924602E-003   7.9641287607906015E-003   4.7113751970864126E-003   7.6104556881447082E-003   6.7611465575610607E-003
         256  0.19592686713918045       0.20071000273769643       0.20562093647618371       0.21411884818400798       0.21961439564831087       0.22793125675153861       0.23345418316747407       0.24277539292003850       0.25656882420985333       0.26585065453597101       0.27364544068458957       0.28991117065344973       0.30233107721570918       0.31494157840988229       0.33004462362079473       0.34704857578709813       0.36580301211386429       0.38554718932940851       0.41157613192624753       0.43318133328396929       0.47007960492738193       0.50037377094787105       0.53574626266231251       0.58116015792653697       0.63077056911610874       0.68436564618930928       0.75938253378562159       0.84079582766533245       0.92691273373443461        1.0348413860003853        1.1534486589021233        1.2858549790742997        1.4479543141310198        1.6275549386972050        1.8165036528791336        2.0227176653933423        2.2251794671902583        2.4336527620800319        2.6345695997858152        2.8509121703354934        3.0449341499224141        3.2407816574574997        3.4254854234863825        3.6116169833399598        3.7811322265333036        3.9540281769417978        4.1412474031118283        4.3117222138290696        4.4788817878805816        4.6531305343150011        4.8225700882239968        1.2613286414004652E-003   1.5222003600624486E-003   1.9850576543219366E-003   1.5533115012082866E-003   1.2957904802615064E-003   1.8696763721652745E-003   1.5734797099713584E-003   1.3769388630431216E-003   2.0139664036023745E-003   1.3739864930169055E-003   2.7738151421632718E-003   2.0814883153325464E-003   1.9635581701944143E-003   1.5554018736656048E-003   2.2268859602788838E-003   2.6511257508984379E-003   2.9421172856742396E-003   2.2113879124697391E-003   3.1101532174534073E-003   2.4121877438677180E-003   5.3513484185451141E-003   2.8624617532942713E-003   2.9154715545531644E-003   3.3947193325955310E-003   2.8765515899763757E-003   3.6145801532903171E-003   4.8499641391901663E-003   6.4805614572090286E-003   4.7154328014971676E-003   4.6240438712458736E-003   4.5335041036755445E-003   4.5942610102694117E-003   5.5122107600325812E-003   7.6030885926230514E-003   5.8178295519499355E-003   8.8111152216607969E-003   7.9972494560941691E-003   8.8406601307401845E-003   6.9645197931960459E-003   7.4958945361882729E-003   6.6182465583327996E-003   9.3344998621570224E-003   8.4290514424151444E-003   8.9585095951875259E-003   1.0692211685279627E-002   8.4313098602482664E-003   7.4563891694549777E-003   7.0178684179601396E-003   5.6334691799198493E-003   8.3298116621435166E-003   7.9473160862795281E-003
