

*******************************************************************************
Fri Jan 30 14:47:11 2026


FIT:    data read from 'corrfunc.dat' u 1:column2[i]:column3[i] every ::1::62
        format = x:z:s
        #datapoints = 62
function used for fitting: f(x,a,mr,c)
	f(x,a,mr,c)=a*cosh((x-L/2)/mr)/mr+c
fitted parameters initialized with current variable values

iter      chisq       delta/lim  lambda   a             mr            c            
   0 3.4739590480e+15   0.00e+00  6.60e+07    1.000000e-01   2.100000e+00   1.000000e+00
1562 4.6344208892e+01  -9.96e-01  6.60e+01    1.159337e-25   5.722136e-01   2.746635e-05

After 1562 iterations the fit converged.
final sum of squares of residuals : 46.3442
rel. change during last iteration : -9.96394e-06

degrees of freedom    (FIT_NDF)                        : 59
rms of residuals      (FIT_STDFIT) = sqrt(WSSR/ndf)    : 0.886282
variance of residuals (reduced chisquare) = WSSR/ndf   : 0.785495
p-value of the Chisq distribution (FIT_P)              : 0.884552

Final set of parameters            Asymptotic Standard Error
=======================            ==========================
a               = 1.15934e-25      +/- 5.51e-25     (475.3%)
mr              = 0.572214         +/- 0.05083      (8.882%)
c               = 2.74664e-05      +/- 0.0002267    (825.3%)

correlation matrix of the fit parameters:
                a      mr     c      
a               1.000 
mr              1.000  1.000 
c              -0.257 -0.255  1.000 


*******************************************************************************
Fri Jan 30 14:47:12 2026


FIT:    data read from 'corrfunc.dat' u 1:column2[i]:column3[i] every ::1::62
        format = x:z:s
        #datapoints = 62
function used for fitting: f(x,a,mr,c)
	f(x,a,mr,c)=a*cosh((x-L/2)/mr)/mr+c
fitted parameters initialized with current variable values

iter      chisq       delta/lim  lambda   a             mr            c            
   0 5.2208755765e+01   0.00e+00  4.70e+01    1.159337e-25   5.722136e-01   2.746635e-05
 230 4.5605037030e+01  -9.97e-01  4.70e-02    1.704989e-24   6.002644e-01  -5.379292e-04

After 230 iterations the fit converged.
final sum of squares of residuals : 45.605
rel. change during last iteration : -9.97372e-06

degrees of freedom    (FIT_NDF)                        : 59
rms of residuals      (FIT_STDFIT) = sqrt(WSSR/ndf)    : 0.879185
variance of residuals (reduced chisquare) = WSSR/ndf   : 0.772967
p-value of the Chisq distribution (FIT_P)              : 0.89946

Final set of parameters            Asymptotic Standard Error
=======================            ==========================
a               = 1.70499e-24      +/- 1.015e-23    (595.3%)
mr              = 0.600264         +/- 0.07001      (11.66%)
c               = -0.000537929     +/- 0.0002289    (42.55%)

correlation matrix of the fit parameters:
                a      mr     c      
a               1.000 
mr              1.000  1.000 
c              -0.208 -0.207  1.000 


*******************************************************************************
Fri Jan 30 14:47:12 2026


FIT:    data read from 'corrfunc.dat' u 1:column2[i]:column3[i] every ::1::62
        format = x:z:s
        #datapoints = 62
function used for fitting: f(x,a,mr,c)
	f(x,a,mr,c)=a*cosh((x-L/2)/mr)/mr+c
fitted parameters initialized with current variable values

iter      chisq       delta/lim  lambda   a             mr            c            
   0 5.5930561685e+01   0.00e+00  7.80e+01    1.704989e-24   6.002644e-01  -5.379292e-04
  21 4.1320739299e+01  -7.41e-01  7.80e-02    6.074964e-25   5.876362e-01   2.319174e-04

After 21 iterations the fit converged.
final sum of squares of residuals : 41.3207
rel. change during last iteration : -7.40694e-06

degrees of freedom    (FIT_NDF)                        : 59
rms of residuals      (FIT_STDFIT) = sqrt(WSSR/ndf)    : 0.83687
variance of residuals (reduced chisquare) = WSSR/ndf   : 0.700352
p-value of the Chisq distribution (FIT_P)              : 0.961056

Final set of parameters            Asymptotic Standard Error
=======================            ==========================
a               = 6.07496e-25      +/- 3.389e-24    (557.9%)
mr              = 0.587636         +/- 0.06278      (10.68%)
c               = 0.000231917      +/- 0.0002361    (101.8%)

correlation matrix of the fit parameters:
                a      mr     c      
a               1.000 
mr              1.000  1.000 
c              -0.209 -0.208  1.000 


*******************************************************************************
Fri Jan 30 14:47:12 2026


FIT:    data read from 'corrfunc.dat' u 1:column2[i]:column3[i] every ::1::62
        format = x:z:s
        #datapoints = 62
function used for fitting: f(x,a,mr,c)
	f(x,a,mr,c)=a*cosh((x-L/2)/mr)/mr+c
fitted parameters initialized with current variable values

iter      chisq       delta/lim  lambda   a             mr            c            
   0 5.4426405690e+01   0.00e+00  8.20e+01    6.074964e-25   5.876362e-01   2.319174e-04
 206 5.1491691552e+01  -9.26e-01  8.20e-01    2.442372e-26   5.537276e-01   5.055449e-05

After 206 iterations the fit converged.
final sum of squares of residuals : 51.4917
rel. change during last iteration : -9.25926e-06

degrees of freedom    (FIT_NDF)                        : 59
rms of residuals      (FIT_STDFIT) = sqrt(WSSR/ndf)    : 0.934206
variance of residuals (reduced chisquare) = WSSR/ndf   : 0.872741
p-value of the Chisq distribution (FIT_P)              : 0.745633

Final set of parameters            Asymptotic Standard Error
=======================            ==========================
a               = 2.44237e-26      +/- 1.466e-25    (600.4%)
mr              = 0.553728         +/- 0.06015      (10.86%)
c               = 5.05545e-05      +/- 0.0002595    (513.3%)

correlation matrix of the fit parameters:
                a      mr     c      
a               1.000 
mr              1.000  1.000 
c              -0.214 -0.213  1.000 


*******************************************************************************
Fri Jan 30 14:47:12 2026


FIT:    data read from 'corrfunc.dat' u 1:column2[i]:column3[i] every ::1::62
        format = x:z:s
        #datapoints = 62
function used for fitting: f(x,a,mr,c)
	f(x,a,mr,c)=a*cosh((x-L/2)/mr)/mr+c
fitted parameters initialized with current variable values

iter      chisq       delta/lim  lambda   a             mr            c            
   0 6.8015821813e+01   0.00e+00  8.78e+01    2.442372e-26   5.537276e-01   5.055449e-05
 736 5.6418152140e+01  -8.24e-01  8.78e-04    4.849315e-24   6.099266e-01   5.597989e-04

After 736 iterations the fit converged.
final sum of squares of residuals : 56.4182
rel. change during last iteration : -8.24078e-06

degrees of freedom    (FIT_NDF)                        : 59
rms of residuals      (FIT_STDFIT) = sqrt(WSSR/ndf)    : 0.977875
variance of residuals (reduced chisquare) = WSSR/ndf   : 0.95624
p-value of the Chisq distribution (FIT_P)              : 0.571263

Final set of parameters            Asymptotic Standard Error
=======================            ==========================
a               = 4.84931e-24      +/- 2.231e-23    (460%)
mr              = 0.609927         +/- 0.05576      (9.142%)
c               = 0.000559799      +/- 0.0002865    (51.18%)

correlation matrix of the fit parameters:
                a      mr     c      
a               1.000 
mr              1.000  1.000 
c              -0.229 -0.227  1.000 


*******************************************************************************
Fri Jan 30 14:47:13 2026


FIT:    data read from 'corrfunc.dat' u 1:column2[i]:column3[i] every ::1::62
        format = x:z:s
        #datapoints = 62
function used for fitting: f(x,a,mr,c)
	f(x,a,mr,c)=a*cosh((x-L/2)/mr)/mr+c
fitted parameters initialized with current variable values

iter      chisq       delta/lim  lambda   a             mr            c            
   0 5.1229076859e+01   0.00e+00  9.08e+01    4.849315e-24   6.099266e-01   5.597989e-04
  18 4.9556548833e+01  -9.76e-01  9.08e-02    2.604240e-24   6.021339e-01   3.525168e-04

After 18 iterations the fit converged.
final sum of squares of residuals : 49.5565
rel. change during last iteration : -9.76276e-06

degrees of freedom    (FIT_NDF)                        : 59
rms of residuals      (FIT_STDFIT) = sqrt(WSSR/ndf)    : 0.916483
variance of residuals (reduced chisquare) = WSSR/ndf   : 0.839942
p-value of the Chisq distribution (FIT_P)              : 0.804643

Final set of parameters            Asymptotic Standard Error
=======================            ==========================
a               = 2.60424e-24      +/- 1.215e-23    (466.6%)
mr              = 0.602134         +/- 0.05509      (9.149%)
c               = 0.000352517      +/- 0.0002751    (78.03%)

correlation matrix of the fit parameters:
                a      mr     c      
a               1.000 
mr              1.000  1.000 
c              -0.245 -0.244  1.000 


*******************************************************************************
Fri Jan 30 14:47:13 2026


FIT:    data read from 'corrfunc.dat' u 1:column2[i]:column3[i] every ::1::62
        format = x:z:s
        #datapoints = 62
function used for fitting: f(x,a,mr,c)
	f(x,a,mr,c)=a*cosh((x-L/2)/mr)/mr+c
fitted parameters initialized with current variable values

iter      chisq       delta/lim  lambda   a             mr            c            
   0 4.4550803709e+01   0.00e+00  8.76e+01    2.604240e-24   6.021339e-01   3.525168e-04
 413 3.2374582680e+01  -9.46e-03  8.76e-03    4.612746e-23   6.356174e-01  -2.646452e-04

After 413 iterations the fit converged.
final sum of squares of residuals : 32.3746
rel. change during last iteration : -9.45734e-08

degrees of freedom    (FIT_NDF)                        : 59
rms of residuals      (FIT_STDFIT) = sqrt(WSSR/ndf)    : 0.740758
variance of residuals (reduced chisquare) = WSSR/ndf   : 0.548722
p-value of the Chisq distribution (FIT_P)              : 0.998132

Final set of parameters            Asymptotic Standard Error
=======================            ==========================
a               = 4.61275e-23      +/- 1.527e-22    (331.1%)
mr              = 0.635617         +/- 0.04347      (6.84%)
c               = -0.000264645     +/- 0.0002257    (85.29%)

correlation matrix of the fit parameters:
                a      mr     c      
a               1.000 
mr              1.000  1.000 
c              -0.240 -0.239  1.000 


*******************************************************************************
Fri Jan 30 14:47:13 2026


FIT:    data read from 'corrfunc.dat' u 1:column2[i]:column3[i] every ::1::62
        format = x:z:s
        #datapoints = 62
function used for fitting: f(x,a,mr,c)
	f(x,a,mr,c)=a*cosh((x-L/2)/mr)/mr+c
fitted parameters initialized with current variable values

iter      chisq       delta/lim  lambda   a             mr            c            
   0 5.4716991531e+01   0.00e+00  5.44e+01    4.612746e-23   6.356174e-01  -2.646452e-04
  97 5.3133400241e+01  -9.93e-01  5.44e-01    6.040435e-23   6.382211e-01  -1.317219e-04

After 97 iterations the fit converged.
final sum of squares of residuals : 53.1334
rel. change during last iteration : -9.93448e-06

degrees of freedom    (FIT_NDF)                        : 59
rms of residuals      (FIT_STDFIT) = sqrt(WSSR/ndf)    : 0.948982
variance of residuals (reduced chisquare) = WSSR/ndf   : 0.900566
p-value of the Chisq distribution (FIT_P)              : 0.690454

Final set of parameters            Asymptotic Standard Error
=======================            ==========================
a               = 6.04044e-23      +/- 2.846e-22    (471.1%)
mr              = 0.638221         +/- 0.06255      (9.801%)
c               = -0.000131722     +/- 0.0003143    (238.6%)

correlation matrix of the fit parameters:
                a      mr     c      
a               1.000 
mr              1.000  1.000 
c              -0.196 -0.194  1.000 


*******************************************************************************
Fri Jan 30 14:47:13 2026


FIT:    data read from 'corrfunc.dat' u 1:column2[i]:column3[i] every ::1::62
        format = x:z:s
        #datapoints = 62
function used for fitting: f(x,a,mr,c)
	f(x,a,mr,c)=a*cosh((x-L/2)/mr)/mr+c
fitted parameters initialized with current variable values

iter      chisq       delta/lim  lambda   a             mr            c            
   0 5.2723554496e+01   0.00e+00  1.05e+02    6.040435e-23   6.382211e-01  -1.317219e-04
 478 4.1528230181e+01  -8.65e-01  1.05e-02    1.137005e-21   6.777245e-01   4.314481e-04

After 478 iterations the fit converged.
final sum of squares of residuals : 41.5282
rel. change during last iteration : -8.64644e-06

degrees of freedom    (FIT_NDF)                        : 59
rms of residuals      (FIT_STDFIT) = sqrt(WSSR/ndf)    : 0.838969
variance of residuals (reduced chisquare) = WSSR/ndf   : 0.703868
p-value of the Chisq distribution (FIT_P)              : 0.958967

Final set of parameters            Asymptotic Standard Error
=======================            ==========================
a               = 1.137e-21        +/- 3.413e-21    (300.2%)
mr              = 0.677725         +/- 0.0447       (6.595%)
c               = 0.000431448      +/- 0.0002807    (65.05%)

correlation matrix of the fit parameters:
                a      mr     c      
a               1.000 
mr              1.000  1.000 
c              -0.220 -0.218  1.000 


*******************************************************************************
Fri Jan 30 14:47:13 2026


FIT:    data read from 'corrfunc.dat' u 1:column2[i]:column3[i] every ::1::62
        format = x:z:s
        #datapoints = 62
function used for fitting: f(x,a,mr,c)
	f(x,a,mr,c)=a*cosh((x-L/2)/mr)/mr+c
fitted parameters initialized with current variable values

iter      chisq       delta/lim  lambda   a             mr            c            
   0 6.3744547483e+01   0.00e+00  6.28e+01    1.137005e-21   6.777245e-01   4.314481e-04
  40 6.1066434175e+01  -9.88e-01  6.28e-02    3.965561e-21   6.953294e-01   5.977131e-05

After 40 iterations the fit converged.
final sum of squares of residuals : 61.0664
rel. change during last iteration : -9.88058e-06

degrees of freedom    (FIT_NDF)                        : 59
rms of residuals      (FIT_STDFIT) = sqrt(WSSR/ndf)    : 1.01736
variance of residuals (reduced chisquare) = WSSR/ndf   : 1.03502
p-value of the Chisq distribution (FIT_P)              : 0.401565

Final set of parameters            Asymptotic Standard Error
=======================            ==========================
a               = 3.96556e-21      +/- 1.502e-20    (378.7%)
mr              = 0.695329         +/- 0.0595       (8.557%)
c               = 5.97713e-05      +/- 0.0003656    (611.6%)

correlation matrix of the fit parameters:
                a      mr     c      
a               1.000 
mr              1.000  1.000 
c              -0.226 -0.224  1.000 


*******************************************************************************
Fri Jan 30 14:47:14 2026


FIT:    data read from 'corrfunc.dat' u 1:column2[i]:column3[i] every ::1::62
        format = x:z:s
        #datapoints = 62
function used for fitting: f(x,a,mr,c)
	f(x,a,mr,c)=a*cosh((x-L/2)/mr)/mr+c
fitted parameters initialized with current variable values

iter      chisq       delta/lim  lambda   a             mr            c            
   0 4.2331864724e+01   0.00e+00  6.80e+01    3.965561e-21   6.953294e-01   5.977131e-05
  93 3.6692171855e+01  -7.92e-01  6.80e-04    1.333535e-22   6.455343e-01   9.480521e-05

After 93 iterations the fit converged.
final sum of squares of residuals : 36.6922
rel. change during last iteration : -7.92096e-06

degrees of freedom    (FIT_NDF)                        : 59
rms of residuals      (FIT_STDFIT) = sqrt(WSSR/ndf)    : 0.788607
variance of residuals (reduced chisquare) = WSSR/ndf   : 0.621901
p-value of the Chisq distribution (FIT_P)              : 0.990021

Final set of parameters            Asymptotic Standard Error
=======================            ==========================
a               = 1.33354e-22      +/- 3.604e-22    (270.2%)
mr              = 0.645534         +/- 0.0367       (5.686%)
c               = 9.48052e-05      +/- 0.0003099    (326.9%)

correlation matrix of the fit parameters:
                a      mr     c      
a               1.000 
mr              1.000  1.000 
c              -0.255 -0.252  1.000 


*******************************************************************************
Fri Jan 30 14:47:14 2026


FIT:    data read from 'corrfunc.dat' u 1:column2[i]:column3[i] every ::1::62
        format = x:z:s
        #datapoints = 62
function used for fitting: f(x,a,mr,c)
	f(x,a,mr,c)=a*cosh((x-L/2)/mr)/mr+c
fitted parameters initialized with current variable values

iter      chisq       delta/lim  lambda   a             mr            c            
   0 6.4197793794e+01   0.00e+00  8.16e+01    1.333535e-22   6.455343e-01   9.480521e-05
 452 5.2513971061e+01  -1.13e-01  8.16e-03    2.704814e-21   6.867399e-01   6.319236e-04

After 452 iterations the fit converged.
final sum of squares of residuals : 52.514
rel. change during last iteration : -1.13161e-06

degrees of freedom    (FIT_NDF)                        : 59
rms of residuals      (FIT_STDFIT) = sqrt(WSSR/ndf)    : 0.943434
variance of residuals (reduced chisquare) = WSSR/ndf   : 0.890067
p-value of the Chisq distribution (FIT_P)              : 0.711744

Final set of parameters            Asymptotic Standard Error
=======================            ==========================
a               = 2.70481e-21      +/- 8.049e-21    (297.6%)
mr              = 0.68674          +/- 0.0456       (6.64%)
c               = 0.000631924      +/- 0.0003515    (55.63%)

correlation matrix of the fit parameters:
                a      mr     c      
a               1.000 
mr              1.000  1.000 
c              -0.229 -0.226  1.000 


*******************************************************************************
Fri Jan 30 14:47:14 2026


FIT:    data read from 'corrfunc.dat' u 1:column2[i]:column3[i] every ::1::62
        format = x:z:s
        #datapoints = 62
function used for fitting: f(x,a,mr,c)
	f(x,a,mr,c)=a*cosh((x-L/2)/mr)/mr+c
fitted parameters initialized with current variable values

iter      chisq       delta/lim  lambda   a             mr            c            
   0 5.2630841915e+01   0.00e+00  9.75e+01    2.704814e-21   6.867399e-01   6.319236e-04
 234 4.5483177874e+01  -7.80e-01  9.75e-02    6.858607e-21   6.999166e-01   5.978501e-04

After 234 iterations the fit converged.
final sum of squares of residuals : 45.4832
rel. change during last iteration : -7.79502e-06

degrees of freedom    (FIT_NDF)                        : 59
rms of residuals      (FIT_STDFIT) = sqrt(WSSR/ndf)    : 0.87801
variance of residuals (reduced chisquare) = WSSR/ndf   : 0.770901
p-value of the Chisq distribution (FIT_P)              : 0.901791

Final set of parameters            Asymptotic Standard Error
=======================            ==========================
a               = 6.85861e-21      +/- 1.738e-20    (253.5%)
mr              = 0.699917         +/- 0.04024      (5.749%)
c               = 0.00059785       +/- 0.0003812    (63.77%)

correlation matrix of the fit parameters:
                a      mr     c      
a               1.000 
mr              1.000  1.000 
c              -0.293 -0.291  1.000 


*******************************************************************************
Fri Jan 30 14:47:14 2026


FIT:    data read from 'corrfunc.dat' u 1:column2[i]:column3[i] every ::1::62
        format = x:z:s
        #datapoints = 62
function used for fitting: f(x,a,mr,c)
	f(x,a,mr,c)=a*cosh((x-L/2)/mr)/mr+c
fitted parameters initialized with current variable values

iter      chisq       delta/lim  lambda   a             mr            c            
   0 7.1339022805e+01   0.00e+00  1.11e+02    6.858607e-21   6.999166e-01   5.978501e-04
 652 5.4906804175e+01  -5.44e-01  1.11e-02    1.380451e-19   7.479998e-01   4.168577e-04

After 652 iterations the fit converged.
final sum of squares of residuals : 54.9068
rel. change during last iteration : -5.43704e-06

degrees of freedom    (FIT_NDF)                        : 59
rms of residuals      (FIT_STDFIT) = sqrt(WSSR/ndf)    : 0.964688
variance of residuals (reduced chisquare) = WSSR/ndf   : 0.930624
p-value of the Chisq distribution (FIT_P)              : 0.627073

Final set of parameters            Asymptotic Standard Error
=======================            ==========================
a               = 1.38045e-19      +/- 4.054e-19    (293.7%)
mr              = 0.748            +/- 0.053        (7.086%)
c               = 0.000416858      +/- 0.0004293    (103%)

correlation matrix of the fit parameters:
                a      mr     c      
a               1.000 
mr              1.000  1.000 
c              -0.250 -0.248  1.000 


*******************************************************************************
Fri Jan 30 14:47:15 2026


FIT:    data read from 'corrfunc.dat' u 1:column2[i]:column3[i] every ::1::62
        format = x:z:s
        #datapoints = 62
function used for fitting: f(x,a,mr,c)
	f(x,a,mr,c)=a*cosh((x-L/2)/mr)/mr+c
fitted parameters initialized with current variable values

iter      chisq       delta/lim  lambda   a             mr            c            
   0 6.9016399916e+01   0.00e+00  1.30e+02    1.380451e-19   7.479998e-01   4.168577e-04
  46 3.9679966855e+01  -9.84e-01  1.30e-01    3.012592e-19   7.598173e-01   7.591239e-05

After 46 iterations the fit converged.
final sum of squares of residuals : 39.68
rel. change during last iteration : -9.83935e-06

degrees of freedom    (FIT_NDF)                        : 59
rms of residuals      (FIT_STDFIT) = sqrt(WSSR/ndf)    : 0.820086
variance of residuals (reduced chisquare) = WSSR/ndf   : 0.672542
p-value of the Chisq distribution (FIT_P)              : 0.974872

Final set of parameters            Asymptotic Standard Error
=======================            ==========================
a               = 3.01259e-19      +/- 6.006e-19    (199.3%)
mr              = 0.759817         +/- 0.0371       (4.883%)
c               = 7.59124e-05      +/- 0.0003495    (460.4%)

correlation matrix of the fit parameters:
                a      mr     c      
a               1.000 
mr              1.000  1.000 
c              -0.252 -0.251  1.000 


*******************************************************************************
Fri Jan 30 14:47:15 2026


FIT:    data read from 'corrfunc.dat' u 1:column2[i]:column3[i] every ::1::62
        format = x:z:s
        #datapoints = 62
function used for fitting: f(x,a,mr,c)
	f(x,a,mr,c)=a*cosh((x-L/2)/mr)/mr+c
fitted parameters initialized with current variable values

iter      chisq       delta/lim  lambda   a             mr            c            
   0 4.8606288289e+01   0.00e+00  7.79e+01    3.012592e-19   7.598173e-01   7.591239e-05
 769 3.2634955356e+01  -2.55e-01  7.79e-04    5.432174e-17   8.657667e-01  -8.398386e-04

After 769 iterations the fit converged.
final sum of squares of residuals : 32.635
rel. change during last iteration : -2.55278e-06

degrees of freedom    (FIT_NDF)                        : 59
rms of residuals      (FIT_STDFIT) = sqrt(WSSR/ndf)    : 0.74373
variance of residuals (reduced chisquare) = WSSR/ndf   : 0.553135
p-value of the Chisq distribution (FIT_P)              : 0.997906

Final set of parameters            Asymptotic Standard Error
=======================            ==========================
a               = 5.43217e-17      +/- 8.835e-17    (162.6%)
mr              = 0.865767         +/- 0.03932      (4.542%)
c               = -0.000839839     +/- 0.0003471    (41.33%)

correlation matrix of the fit parameters:
                a      mr     c      
a               1.000 
mr              1.000  1.000 
c              -0.238 -0.235  1.000 


*******************************************************************************
Fri Jan 30 14:47:15 2026


FIT:    data read from 'corrfunc.dat' u 1:column2[i]:column3[i] every ::1::62
        format = x:z:s
        #datapoints = 62
function used for fitting: f(x,a,mr,c)
	f(x,a,mr,c)=a*cosh((x-L/2)/mr)/mr+c
fitted parameters initialized with current variable values

iter      chisq       delta/lim  lambda   a             mr            c            
   0 6.7997122457e+01   0.00e+00  8.94e+01    5.432174e-17   8.657667e-01  -8.398386e-04
 226 5.1460860762e+01  -3.71e-01  8.94e-02    1.161886e-16   8.824903e-01   1.384466e-04

After 226 iterations the fit converged.
final sum of squares of residuals : 51.4609
rel. change during last iteration : -3.7139e-06

degrees of freedom    (FIT_NDF)                        : 59
rms of residuals      (FIT_STDFIT) = sqrt(WSSR/ndf)    : 0.933926
variance of residuals (reduced chisquare) = WSSR/ndf   : 0.872218
p-value of the Chisq distribution (FIT_P)              : 0.746628

Final set of parameters            Asymptotic Standard Error
=======================            ==========================
a               = 1.16189e-16      +/- 1.817e-16    (156.4%)
mr              = 0.88249          +/- 0.03931      (4.454%)
c               = 0.000138447      +/- 0.0004475    (323.2%)

correlation matrix of the fit parameters:
                a      mr     c      
a               1.000 
mr              1.000  1.000 
c              -0.265 -0.261  1.000 


*******************************************************************************
Fri Jan 30 14:47:15 2026


FIT:    data read from 'corrfunc.dat' u 1:column2[i]:column3[i] every ::1::62
        format = x:z:s
        #datapoints = 62
function used for fitting: f(x,a,mr,c)
	f(x,a,mr,c)=a*cosh((x-L/2)/mr)/mr+c
fitted parameters initialized with current variable values

iter      chisq       delta/lim  lambda   a             mr            c            
   0 8.8032283039e+01   0.00e+00  6.88e+01    1.161886e-16   8.824903e-01   1.384466e-04
 451 5.8743005215e+01  -4.24e-01  6.88e-03    2.812248e-15   9.642900e-01   3.976566e-04

After 451 iterations the fit converged.
final sum of squares of residuals : 58.743
rel. change during last iteration : -4.24286e-06

degrees of freedom    (FIT_NDF)                        : 59
rms of residuals      (FIT_STDFIT) = sqrt(WSSR/ndf)    : 0.99782
variance of residuals (reduced chisquare) = WSSR/ndf   : 0.995644
p-value of the Chisq distribution (FIT_P)              : 0.484943

Final set of parameters            Asymptotic Standard Error
=======================            ==========================
a               = 2.81225e-15      +/- 4.982e-15    (177.2%)
mr              = 0.96429          +/- 0.05312      (5.509%)
c               = 0.000397657      +/- 0.0005544    (139.4%)

correlation matrix of the fit parameters:
                a      mr     c      
a               1.000 
mr              1.000  1.000 
c              -0.257 -0.252  1.000 


*******************************************************************************
Fri Jan 30 14:47:16 2026


FIT:    data read from 'corrfunc.dat' u 1:column2[i]:column3[i] every ::1::62
        format = x:z:s
        #datapoints = 62
function used for fitting: f(x,a,mr,c)
	f(x,a,mr,c)=a*cosh((x-L/2)/mr)/mr+c
fitted parameters initialized with current variable values

iter      chisq       delta/lim  lambda   a             mr            c            
   0 5.1338933252e+01   0.00e+00  6.38e+01    2.812248e-15   9.642900e-01   3.976566e-04
 210 4.2865562194e+01  -9.96e-01  6.38e-01    4.768461e-15   9.769482e-01   1.138675e-04

After 210 iterations the fit converged.
final sum of squares of residuals : 42.8656
rel. change during last iteration : -9.95974e-06

degrees of freedom    (FIT_NDF)                        : 59
rms of residuals      (FIT_STDFIT) = sqrt(WSSR/ndf)    : 0.85237
variance of residuals (reduced chisquare) = WSSR/ndf   : 0.726535
p-value of the Chisq distribution (FIT_P)              : 0.943464

Final set of parameters            Asymptotic Standard Error
=======================            ==========================
a               = 4.76846e-15      +/- 7.528e-15    (157.9%)
mr              = 0.976948         +/- 0.04844      (4.958%)
c               = 0.000113867      +/- 0.0004825    (423.8%)

correlation matrix of the fit parameters:
                a      mr     c      
a               1.000 
mr              1.000  1.000 
c              -0.242 -0.238  1.000 


*******************************************************************************
Fri Jan 30 14:47:16 2026


FIT:    data read from 'corrfunc.dat' u 1:column2[i]:column3[i] every ::1::62
        format = x:z:s
        #datapoints = 62
function used for fitting: f(x,a,mr,c)
	f(x,a,mr,c)=a*cosh((x-L/2)/mr)/mr+c
fitted parameters initialized with current variable values

iter      chisq       delta/lim  lambda   a             mr            c            
   0 5.9590363614e+01   0.00e+00  7.50e+01    4.768461e-15   9.769482e-01   1.138675e-04
 120 4.6176093747e+01  -3.45e-01  7.50e-02    2.218335e-15   9.514383e-01   1.447617e-04

After 120 iterations the fit converged.
final sum of squares of residuals : 46.1761
rel. change during last iteration : -3.44515e-06

degrees of freedom    (FIT_NDF)                        : 59
rms of residuals      (FIT_STDFIT) = sqrt(WSSR/ndf)    : 0.884673
variance of residuals (reduced chisquare) = WSSR/ndf   : 0.782646
p-value of the Chisq distribution (FIT_P)              : 0.888059

Final set of parameters            Asymptotic Standard Error
=======================            ==========================
a               = 2.21834e-15      +/- 3.258e-15    (146.8%)
mr              = 0.951438         +/- 0.04279      (4.497%)
c               = 0.000144762      +/- 0.0005312    (366.9%)

correlation matrix of the fit parameters:
                a      mr     c      
a               1.000 
mr              1.000  1.000 
c              -0.232 -0.228  1.000 


*******************************************************************************
Fri Jan 30 14:47:16 2026


FIT:    data read from 'corrfunc.dat' u 1:column2[i]:column3[i] every ::1::62
        format = x:z:s
        #datapoints = 62
function used for fitting: f(x,a,mr,c)
	f(x,a,mr,c)=a*cosh((x-L/2)/mr)/mr+c
fitted parameters initialized with current variable values

iter      chisq       delta/lim  lambda   a             mr            c            
   0 7.3191854201e+01   0.00e+00  6.37e+01    2.218335e-15   9.514383e-01   1.447617e-04
 483 3.8813058522e+01  -9.95e-01  6.37e-03    1.938265e-13   1.092429e+00  -3.983334e-04

After 483 iterations the fit converged.
final sum of squares of residuals : 38.8131
rel. change during last iteration : -9.95226e-06

degrees of freedom    (FIT_NDF)                        : 59
rms of residuals      (FIT_STDFIT) = sqrt(WSSR/ndf)    : 0.811079
variance of residuals (reduced chisquare) = WSSR/ndf   : 0.657848
p-value of the Chisq distribution (FIT_P)              : 0.980439

Final set of parameters            Asymptotic Standard Error
=======================            ==========================
a               = 1.93827e-13      +/- 2.293e-13    (118.3%)
mr              = 1.09243          +/- 0.04529      (4.146%)
c               = -0.000398333     +/- 0.0005217    (131%)

correlation matrix of the fit parameters:
                a      mr     c      
a               1.000 
mr              1.000  1.000 
c              -0.288 -0.283  1.000 


*******************************************************************************
Fri Jan 30 14:47:16 2026


FIT:    data read from 'corrfunc.dat' u 1:column2[i]:column3[i] every ::1::62
        format = x:z:s
        #datapoints = 62
function used for fitting: f(x,a,mr,c)
	f(x,a,mr,c)=a*cosh((x-L/2)/mr)/mr+c
fitted parameters initialized with current variable values

iter      chisq       delta/lim  lambda   a             mr            c            
   0 9.9993715630e+01   0.00e+00  1.07e+02    1.938265e-13   1.092429e+00  -3.983334e-04
 442 3.6686142430e+01  -9.90e-01  1.07e-01    2.694804e-12   1.194207e+00  -1.790230e-03

After 442 iterations the fit converged.
final sum of squares of residuals : 36.6861
rel. change during last iteration : -9.89981e-06

degrees of freedom    (FIT_NDF)                        : 59
rms of residuals      (FIT_STDFIT) = sqrt(WSSR/ndf)    : 0.788542
variance of residuals (reduced chisquare) = WSSR/ndf   : 0.621799
p-value of the Chisq distribution (FIT_P)              : 0.990041

Final set of parameters            Asymptotic Standard Error
=======================            ==========================
a               = 2.6948e-12       +/- 2.141e-12    (79.43%)
mr              = 1.19421          +/- 0.03598      (3.013%)
c               = -0.00179023      +/- 0.000535     (29.89%)

correlation matrix of the fit parameters:
                a      mr     c      
a               1.000 
mr              1.000  1.000 
c              -0.287 -0.282  1.000 


*******************************************************************************
Fri Jan 30 14:47:17 2026


FIT:    data read from 'corrfunc.dat' u 1:column2[i]:column3[i] every ::1::62
        format = x:z:s
        #datapoints = 62
function used for fitting: f(x,a,mr,c)
	f(x,a,mr,c)=a*cosh((x-L/2)/mr)/mr+c
fitted parameters initialized with current variable values

iter      chisq       delta/lim  lambda   a             mr            c            
   0 9.5774674041e+01   0.00e+00  6.84e+01    2.694804e-12   1.194207e+00  -1.790230e-03
 191 4.8481957204e+01  -6.38e-01  6.84e-02    1.084945e-11   1.254354e+00  -2.362627e-04

After 191 iterations the fit converged.
final sum of squares of residuals : 48.482
rel. change during last iteration : -6.37797e-06

degrees of freedom    (FIT_NDF)                        : 59
rms of residuals      (FIT_STDFIT) = sqrt(WSSR/ndf)    : 0.906492
variance of residuals (reduced chisquare) = WSSR/ndf   : 0.821728
p-value of the Chisq distribution (FIT_P)              : 0.834042

Final set of parameters            Asymptotic Standard Error
=======================            ==========================
a               = 1.08495e-11      +/- 1.069e-11    (98.56%)
mr              = 1.25435          +/- 0.04983      (3.973%)
c               = -0.000236263     +/- 0.0006872    (290.9%)

correlation matrix of the fit parameters:
                a      mr     c      
a               1.000 
mr              1.000  1.000 
c              -0.299 -0.293  1.000 


*******************************************************************************
Fri Jan 30 14:47:17 2026


FIT:    data read from 'corrfunc.dat' u 1:column2[i]:column3[i] every ::1::62
        format = x:z:s
        #datapoints = 62
function used for fitting: f(x,a,mr,c)
	f(x,a,mr,c)=a*cosh((x-L/2)/mr)/mr+c
fitted parameters initialized with current variable values

iter      chisq       delta/lim  lambda   a             mr            c            
   0 9.0103332317e+01   0.00e+00  7.27e+01    1.084945e-11   1.254354e+00  -2.362627e-04
  15 3.8189211466e+01  -2.99e-01  7.27e-05    4.309221e-12   1.203645e+00   1.915462e-03

After 15 iterations the fit converged.
final sum of squares of residuals : 38.1892
rel. change during last iteration : -2.9925e-06

degrees of freedom    (FIT_NDF)                        : 59
rms of residuals      (FIT_STDFIT) = sqrt(WSSR/ndf)    : 0.804534
variance of residuals (reduced chisquare) = WSSR/ndf   : 0.647275
p-value of the Chisq distribution (FIT_P)              : 0.983805

Final set of parameters            Asymptotic Standard Error
=======================            ==========================
a               = 4.30922e-12      +/- 3.498e-12    (81.17%)
mr              = 1.20365          +/- 0.03765      (3.128%)
c               = 0.00191546       +/- 0.0006458    (33.71%)

correlation matrix of the fit parameters:
                a      mr     c      
a               1.000 
mr              1.000  1.000 
c              -0.284 -0.279  1.000 


*******************************************************************************
Fri Jan 30 14:47:17 2026


FIT:    data read from 'corrfunc.dat' u 1:column2[i]:column3[i] every ::1::62
        format = x:z:s
        #datapoints = 62
function used for fitting: f(x,a,mr,c)
	f(x,a,mr,c)=a*cosh((x-L/2)/mr)/mr+c
fitted parameters initialized with current variable values

iter      chisq       delta/lim  lambda   a             mr            c            
   0 1.8768597240e+02   0.00e+00  1.16e+02    4.309221e-12   1.203645e+00   1.915462e-03
 453 3.6674339020e+01  -9.37e-01  1.16e-02    2.027358e-10   1.396649e+00  -6.798026e-04

After 453 iterations the fit converged.
final sum of squares of residuals : 36.6743
rel. change during last iteration : -9.36771e-06

degrees of freedom    (FIT_NDF)                        : 59
rms of residuals      (FIT_STDFIT) = sqrt(WSSR/ndf)    : 0.788415
variance of residuals (reduced chisquare) = WSSR/ndf   : 0.621599
p-value of the Chisq distribution (FIT_P)              : 0.990081

Final set of parameters            Asymptotic Standard Error
=======================            ==========================
a               = 2.02736e-10      +/- 1.052e-10    (51.9%)
mr              = 1.39665          +/- 0.03195      (2.288%)
c               = -0.000679803     +/- 0.0007038    (103.5%)

correlation matrix of the fit parameters:
                a      mr     c      
a               1.000 
mr              1.000  1.000 
c              -0.335 -0.329  1.000 


*******************************************************************************
Fri Jan 30 14:47:17 2026


FIT:    data read from 'corrfunc.dat' u 1:column2[i]:column3[i] every ::1::62
        format = x:z:s
        #datapoints = 62
function used for fitting: f(x,a,mr,c)
	f(x,a,mr,c)=a*cosh((x-L/2)/mr)/mr+c
fitted parameters initialized with current variable values

iter      chisq       delta/lim  lambda   a             mr            c            
   0 1.3111687409e+02   0.00e+00  9.47e+01    2.027358e-10   1.396649e+00  -6.798026e-04
 293 2.6056570854e+01  -1.96e-02  9.47e-03    2.501373e-09   1.557092e+00  -1.302138e-03

After 293 iterations the fit converged.
final sum of squares of residuals : 26.0566
rel. change during last iteration : -1.95916e-07

degrees of freedom    (FIT_NDF)                        : 59
rms of residuals      (FIT_STDFIT) = sqrt(WSSR/ndf)    : 0.664558
variance of residuals (reduced chisquare) = WSSR/ndf   : 0.441637
p-value of the Chisq distribution (FIT_P)              : 0.999939

Final set of parameters            Asymptotic Standard Error
=======================            ==========================
a               = 2.50137e-09      +/- 1.119e-09    (44.73%)
mr              = 1.55709          +/- 0.03424      (2.199%)
c               = -0.00130214      +/- 0.000671     (51.53%)

correlation matrix of the fit parameters:
                a      mr     c      
a               1.000 
mr              1.000  1.000 
c              -0.309 -0.302  1.000 


*******************************************************************************
Fri Jan 30 14:47:17 2026


FIT:    data read from 'corrfunc.dat' u 1:column2[i]:column3[i] every ::1::62
        format = x:z:s
        #datapoints = 62
function used for fitting: f(x,a,mr,c)
	f(x,a,mr,c)=a*cosh((x-L/2)/mr)/mr+c
fitted parameters initialized with current variable values

iter      chisq       delta/lim  lambda   a             mr            c            
   0 2.1232790578e+02   0.00e+00  9.48e+01    2.501373e-09   1.557092e+00  -1.302138e-03
 132 5.0702318697e+01  -7.71e-01  9.48e-03    1.128364e-08   1.665521e+00   4.854032e-04

After 132 iterations the fit converged.
final sum of squares of residuals : 50.7023
rel. change during last iteration : -7.70539e-06

degrees of freedom    (FIT_NDF)                        : 59
rms of residuals      (FIT_STDFIT) = sqrt(WSSR/ndf)    : 0.927017
variance of residuals (reduced chisquare) = WSSR/ndf   : 0.859361
p-value of the Chisq distribution (FIT_P)              : 0.770581

Final set of parameters            Asymptotic Standard Error
=======================            ==========================
a               = 1.12836e-08      +/- 5.155e-09    (45.68%)
mr              = 1.66552          +/- 0.03977      (2.388%)
c               = 0.000485403      +/- 0.001008     (207.7%)

correlation matrix of the fit parameters:
                a      mr     c      
a               1.000 
mr              1.000  1.000 
c              -0.385 -0.377  1.000 


*******************************************************************************
Fri Jan 30 14:47:18 2026


FIT:    data read from 'corrfunc.dat' u 1:column2[i]:column3[i] every ::1::62
        format = x:z:s
        #datapoints = 62
function used for fitting: f(x,a,mr,c)
	f(x,a,mr,c)=a*cosh((x-L/2)/mr)/mr+c
fitted parameters initialized with current variable values

iter      chisq       delta/lim  lambda   a             mr            c            
   0 3.5071272701e+02   0.00e+00  1.08e+02    1.128364e-08   1.665521e+00   4.854032e-04
 182 4.2568116474e+01  -2.71e-01  1.08e-02    1.131393e-07   1.869590e+00  -2.099548e-03

After 182 iterations the fit converged.
final sum of squares of residuals : 42.5681
rel. change during last iteration : -2.70985e-06

degrees of freedom    (FIT_NDF)                        : 59
rms of residuals      (FIT_STDFIT) = sqrt(WSSR/ndf)    : 0.849408
variance of residuals (reduced chisquare) = WSSR/ndf   : 0.721493
p-value of the Chisq distribution (FIT_P)              : 0.94723

Final set of parameters            Asymptotic Standard Error
=======================            ==========================
a               = 1.13139e-07      +/- 3.85e-08     (34.03%)
mr              = 1.86959          +/- 0.03727      (1.994%)
c               = -0.00209955      +/- 0.0009452    (45.02%)

correlation matrix of the fit parameters:
                a      mr     c      
a               1.000 
mr              1.000  1.000 
c              -0.368 -0.359  1.000 


*******************************************************************************
Fri Jan 30 14:47:18 2026


FIT:    data read from 'corrfunc.dat' u 1:column2[i]:column3[i] every ::1::62
        format = x:z:s
        #datapoints = 62
function used for fitting: f(x,a,mr,c)
	f(x,a,mr,c)=a*cosh((x-L/2)/mr)/mr+c
fitted parameters initialized with current variable values

iter      chisq       delta/lim  lambda   a             mr            c            
   0 4.5205779879e+02   0.00e+00  9.22e+01    1.131393e-07   1.869590e+00  -2.099548e-03
 151 3.3732520744e+01  -3.11e-01  9.22e-05    1.400625e-06   2.157475e+00   4.540221e-04

After 151 iterations the fit converged.
final sum of squares of residuals : 33.7325
rel. change during last iteration : -3.10883e-06

degrees of freedom    (FIT_NDF)                        : 59
rms of residuals      (FIT_STDFIT) = sqrt(WSSR/ndf)    : 0.756133
variance of residuals (reduced chisquare) = WSSR/ndf   : 0.571738
p-value of the Chisq distribution (FIT_P)              : 0.996678

Final set of parameters            Asymptotic Standard Error
=======================            ==========================
a               = 1.40062e-06      +/- 3.551e-07    (25.35%)
mr              = 2.15748          +/- 0.03669      (1.7%)
c               = 0.000454022      +/- 0.00106      (233.5%)

correlation matrix of the fit parameters:
                a      mr     c      
a               1.000 
mr              0.999  1.000 
c              -0.445 -0.433  1.000 


*******************************************************************************
Fri Jan 30 14:47:18 2026


FIT:    data read from 'corrfunc.dat' u 1:column2[i]:column3[i] every ::1::62
        format = x:z:s
        #datapoints = 62
function used for fitting: f(x,a,mr,c)
	f(x,a,mr,c)=a*cosh((x-L/2)/mr)/mr+c
fitted parameters initialized with current variable values

iter      chisq       delta/lim  lambda   a             mr            c            
   0 3.7975436912e+02   0.00e+00  9.38e+01    1.400625e-06   2.157475e+00   4.540221e-04
  57 3.5416084663e+01  -4.81e-02  9.38e-05    4.008521e-06   2.288300e+00   2.494531e-03

After 57 iterations the fit converged.
final sum of squares of residuals : 35.4161
rel. change during last iteration : -4.8149e-07

degrees of freedom    (FIT_NDF)                        : 59
rms of residuals      (FIT_STDFIT) = sqrt(WSSR/ndf)    : 0.774773
variance of residuals (reduced chisquare) = WSSR/ndf   : 0.600273
p-value of the Chisq distribution (FIT_P)              : 0.993635

Final set of parameters            Asymptotic Standard Error
=======================            ==========================
a               = 4.00852e-06      +/- 1.005e-06    (25.07%)
mr              = 2.2883           +/- 0.04037      (1.764%)
c               = 0.00249453       +/- 0.001226     (49.15%)

correlation matrix of the fit parameters:
                a      mr     c      
a               1.000 
mr              0.999  1.000 
c              -0.425 -0.415  1.000 


*******************************************************************************
Fri Jan 30 14:47:18 2026


FIT:    data read from 'corrfunc.dat' u 1:column2[i]:column3[i] every ::1::62
        format = x:z:s
        #datapoints = 62
function used for fitting: f(x,a,mr,c)
	f(x,a,mr,c)=a*cosh((x-L/2)/mr)/mr+c
fitted parameters initialized with current variable values

iter      chisq       delta/lim  lambda   a             mr            c            
   0 7.6219583097e+02   0.00e+00  1.01e+02    4.008521e-06   2.288300e+00   2.494531e-03
  43 5.6120533350e+01  -1.86e-02  1.01e-04    1.690652e-05   2.504966e+00   8.304213e-03

After 43 iterations the fit converged.
final sum of squares of residuals : 56.1205
rel. change during last iteration : -1.85885e-07

degrees of freedom    (FIT_NDF)                        : 59
rms of residuals      (FIT_STDFIT) = sqrt(WSSR/ndf)    : 0.975293
variance of residuals (reduced chisquare) = WSSR/ndf   : 0.951195
p-value of the Chisq distribution (FIT_P)              : 0.582324

Final set of parameters            Asymptotic Standard Error
=======================            ==========================
a               = 1.69065e-05      +/- 4.305e-06    (25.46%)
mr              = 2.50497          +/- 0.04945      (1.974%)
c               = 0.00830421       +/- 0.00168      (20.23%)

correlation matrix of the fit parameters:
                a      mr     c      
a               1.000 
mr              0.999  1.000 
c              -0.413 -0.401  1.000 


*******************************************************************************
Fri Jan 30 14:47:18 2026


FIT:    data read from 'corrfunc.dat' u 1:column2[i]:column3[i] every ::1::62
        format = x:z:s
        #datapoints = 62
function used for fitting: f(x,a,mr,c)
	f(x,a,mr,c)=a*cosh((x-L/2)/mr)/mr+c
fitted parameters initialized with current variable values

iter      chisq       delta/lim  lambda   a             mr            c            
   0 1.0527113795e+03   0.00e+00  1.03e+02    1.690652e-05   2.504966e+00   8.304213e-03
 176 2.6248079203e+01  -3.36e-06  1.03e-05    4.841323e-04   3.275834e+00  -8.478490e-03

After 176 iterations the fit converged.
final sum of squares of residuals : 26.2481
rel. change during last iteration : -3.36017e-11

degrees of freedom    (FIT_NDF)                        : 59
rms of residuals      (FIT_STDFIT) = sqrt(WSSR/ndf)    : 0.666995
variance of residuals (reduced chisquare) = WSSR/ndf   : 0.444883
p-value of the Chisq distribution (FIT_P)              : 0.999931

Final set of parameters            Asymptotic Standard Error
=======================            ==========================
a               = 0.000484132      +/- 5.394e-05    (11.14%)
mr              = 3.27583          +/- 0.03588      (1.095%)
c               = -0.00847849      +/- 0.001364     (16.09%)

correlation matrix of the fit parameters:
                a      mr     c      
a               1.000 
mr              0.999  1.000 
c              -0.485 -0.468  1.000 


*******************************************************************************
Fri Jan 30 14:47:18 2026


FIT:    data read from 'corrfunc.dat' u 1:column2[i]:column3[i] every ::1::62
        format = x:z:s
        #datapoints = 62
function used for fitting: f(x,a,mr,c)
	f(x,a,mr,c)=a*cosh((x-L/2)/mr)/mr+c
fitted parameters initialized with current variable values

iter      chisq       delta/lim  lambda   a             mr            c            
   0 1.1421630298e+03   0.00e+00  1.01e+02    4.841323e-04   3.275834e+00  -8.478490e-03
  37 2.8846411740e+01  -1.11e-03  1.01e-04    1.580694e-03   3.637975e+00   1.602775e-03

After 37 iterations the fit converged.
final sum of squares of residuals : 28.8464
rel. change during last iteration : -1.11439e-08

degrees of freedom    (FIT_NDF)                        : 59
rms of residuals      (FIT_STDFIT) = sqrt(WSSR/ndf)    : 0.69923
variance of residuals (reduced chisquare) = WSSR/ndf   : 0.488922
p-value of the Chisq distribution (FIT_P)              : 0.999674

Final set of parameters            Asymptotic Standard Error
=======================            ==========================
a               = 0.00158069       +/- 0.0001534    (9.707%)
mr              = 3.63798          +/- 0.03845      (1.057%)
c               = 0.00160277       +/- 0.001922     (119.9%)

correlation matrix of the fit parameters:
                a      mr     c      
a               1.000 
mr              0.999  1.000 
c              -0.605 -0.582  1.000 


*******************************************************************************
Fri Jan 30 14:47:18 2026


FIT:    data read from 'corrfunc.dat' u 1:column2[i]:column3[i] every ::1::62
        format = x:z:s
        #datapoints = 62
function used for fitting: f(x,a,mr,c)
	f(x,a,mr,c)=a*cosh((x-L/2)/mr)/mr+c
fitted parameters initialized with current variable values

iter      chisq       delta/lim  lambda   a             mr            c            
   0 2.6370856227e+03   0.00e+00  1.08e+02    1.580694e-03   3.637975e+00   1.602775e-03
  91 2.8810558368e+01  -3.24e-01  1.08e-04    1.332995e-02   4.557658e+00  -4.678488e-03

After 91 iterations the fit converged.
final sum of squares of residuals : 28.8106
rel. change during last iteration : -3.24191e-06

degrees of freedom    (FIT_NDF)                        : 59
rms of residuals      (FIT_STDFIT) = sqrt(WSSR/ndf)    : 0.698795
variance of residuals (reduced chisquare) = WSSR/ndf   : 0.488315
p-value of the Chisq distribution (FIT_P)              : 0.99968

Final set of parameters            Asymptotic Standard Error
=======================            ==========================
a               = 0.0133299        +/- 0.001071     (8.032%)
mr              = 4.55766          +/- 0.048        (1.053%)
c               = -0.00467849      +/- 0.002688     (57.45%)

correlation matrix of the fit parameters:
                a      mr     c      
a               1.000 
mr              0.999  1.000 
c              -0.688 -0.666  1.000 


*******************************************************************************
Fri Jan 30 14:47:18 2026


FIT:    data read from 'corrfunc.dat' u 1:column2[i]:column3[i] every ::1::62
        format = x:z:s
        #datapoints = 62
function used for fitting: f(x,a,mr,c)
	f(x,a,mr,c)=a*cosh((x-L/2)/mr)/mr+c
fitted parameters initialized with current variable values

iter      chisq       delta/lim  lambda   a             mr            c            
   0 3.1617723782e+03   0.00e+00  1.27e+02    1.332995e-02   4.557658e+00  -4.678488e-03
  67 3.6073907769e+01  -3.86e-03  1.27e-04    7.752336e-02   5.751206e+00  -4.251074e-04

After 67 iterations the fit converged.
final sum of squares of residuals : 36.0739
rel. change during last iteration : -3.86174e-08

degrees of freedom    (FIT_NDF)                        : 59
rms of residuals      (FIT_STDFIT) = sqrt(WSSR/ndf)    : 0.781935
variance of residuals (reduced chisquare) = WSSR/ndf   : 0.611422
p-value of the Chisq distribution (FIT_P)              : 0.991939

Final set of parameters            Asymptotic Standard Error
=======================            ==========================
a               = 0.0775234        +/- 0.005701     (7.354%)
mr              = 5.75121          +/- 0.06704      (1.166%)
c               = -0.000425107     +/- 0.004079     (959.6%)

correlation matrix of the fit parameters:
                a      mr     c      
a               1.000 
mr              0.999  1.000 
c              -0.761 -0.735  1.000 


*******************************************************************************
Fri Jan 30 14:47:18 2026


FIT:    data read from 'corrfunc.dat' u 1:column2[i]:column3[i] every ::1::62
        format = x:z:s
        #datapoints = 62
function used for fitting: f(x,a,mr,c)
	f(x,a,mr,c)=a*cosh((x-L/2)/mr)/mr+c
fitted parameters initialized with current variable values

iter      chisq       delta/lim  lambda   a             mr            c            
   0 4.3605977380e+03   0.00e+00  1.04e+02    7.752336e-02   5.751206e+00  -4.251074e-04
  40 2.9402487001e+01  -8.26e-01  1.04e-05    4.305641e-01   7.522958e+00  -3.874201e-02

After 40 iterations the fit converged.
final sum of squares of residuals : 29.4025
rel. change during last iteration : -8.26493e-06

degrees of freedom    (FIT_NDF)                        : 59
rms of residuals      (FIT_STDFIT) = sqrt(WSSR/ndf)    : 0.705937
variance of residuals (reduced chisquare) = WSSR/ndf   : 0.498347
p-value of the Chisq distribution (FIT_P)              : 0.999559

Final set of parameters            Asymptotic Standard Error
=======================            ==========================
a               = 0.430564         +/- 0.02672      (6.207%)
mr              = 7.52296          +/- 0.08956      (1.19%)
c               = -0.038742        +/- 0.006861     (17.71%)

correlation matrix of the fit parameters:
                a      mr     c      
a               1.000 
mr              0.998  1.000 
c              -0.895 -0.874  1.000 


*******************************************************************************
Fri Jan 30 14:47:18 2026


FIT:    data read from 'corrfunc.dat' u 1:column2[i]:column3[i] every ::1::62
        format = x:z:s
        #datapoints = 62
function used for fitting: f(x,a,mr,c)
	f(x,a,mr,c)=a*cosh((x-L/2)/mr)/mr+c
fitted parameters initialized with current variable values

iter      chisq       delta/lim  lambda   a             mr            c            
   0 2.1290058364e+03   0.00e+00  8.41e+01    4.305641e-01   7.522958e+00  -3.874201e-02
  11 2.3228102694e+01  -2.33e-01  8.41e-04    9.313370e-01   8.635320e+00   3.887873e-03

After 11 iterations the fit converged.
final sum of squares of residuals : 23.2281
rel. change during last iteration : -2.32662e-06

degrees of freedom    (FIT_NDF)                        : 59
rms of residuals      (FIT_STDFIT) = sqrt(WSSR/ndf)    : 0.627453
variance of residuals (reduced chisquare) = WSSR/ndf   : 0.393697
p-value of the Chisq distribution (FIT_P)              : 0.999992

Final set of parameters            Asymptotic Standard Error
=======================            ==========================
a               = 0.931337         +/- 0.0666       (7.151%)
mr              = 8.63532          +/- 0.129        (1.494%)
c               = 0.00388787       +/- 0.01064      (273.6%)

correlation matrix of the fit parameters:
                a      mr     c      
a               1.000 
mr              0.998  1.000 
c              -0.923 -0.905  1.000 


*******************************************************************************
Fri Jan 30 14:47:18 2026


FIT:    data read from 'corrfunc.dat' u 1:column2[i]:column3[i] every ::1::62
        format = x:z:s
        #datapoints = 62
function used for fitting: f(x,a,mr,c)
	f(x,a,mr,c)=a*cosh((x-L/2)/mr)/mr+c
fitted parameters initialized with current variable values

iter      chisq       delta/lim  lambda   a             mr            c            
   0 5.4704960480e+03   0.00e+00  9.93e+01    9.313370e-01   8.635320e+00   3.887873e-03
  28 1.7311296032e+01  -1.57e-02  9.93e-06    5.146350e+00   1.287298e+01  -4.872704e-02

After 28 iterations the fit converged.
final sum of squares of residuals : 17.3113
rel. change during last iteration : -1.56844e-07

degrees of freedom    (FIT_NDF)                        : 59
rms of residuals      (FIT_STDFIT) = sqrt(WSSR/ndf)    : 0.541675
variance of residuals (reduced chisquare) = WSSR/ndf   : 0.293412
p-value of the Chisq distribution (FIT_P)              : 1

Final set of parameters            Asymptotic Standard Error
=======================            ==========================
a               = 5.14635          +/- 0.4831       (9.388%)
mr              = 12.873           +/- 0.3096       (2.405%)
c               = -0.048727        +/- 0.03297      (67.66%)

correlation matrix of the fit parameters:
                a      mr     c      
a               1.000 
mr              0.999  1.000 
c              -0.987 -0.980  1.000 


*******************************************************************************
Fri Jan 30 14:47:18 2026


FIT:    data read from 'corrfunc.dat' u 1:column2[i]:column3[i] every ::1::62
        format = x:z:s
        #datapoints = 62
function used for fitting: f(x,a,mr,c)
	f(x,a,mr,c)=a*cosh((x-L/2)/mr)/mr+c
fitted parameters initialized with current variable values

iter      chisq       delta/lim  lambda   a             mr            c            
   0 2.1004325869e+03   0.00e+00  6.39e+01    5.146350e+00   1.287298e+01  -4.872704e-02
  16 1.8069952696e+01  -4.83e-05  6.39e-05    6.285183e+00   1.386385e+01   2.699646e-01

After 16 iterations the fit converged.
final sum of squares of residuals : 18.07
rel. change during last iteration : -4.83272e-10

degrees of freedom    (FIT_NDF)                        : 59
rms of residuals      (FIT_STDFIT) = sqrt(WSSR/ndf)    : 0.553417
variance of residuals (reduced chisquare) = WSSR/ndf   : 0.30627
p-value of the Chisq distribution (FIT_P)              : 1

Final set of parameters            Asymptotic Standard Error
=======================            ==========================
a               = 6.28518          +/- 1.034        (16.45%)
mr              = 13.8639          +/- 0.5959       (4.298%)
c               = 0.269965         +/- 0.06512      (24.12%)

correlation matrix of the fit parameters:
                a      mr     c      
a               1.000 
mr              0.999  1.000 
c              -0.990 -0.984  1.000 


*******************************************************************************
Fri Jan 30 14:47:18 2026


FIT:    data read from 'corrfunc.dat' u 1:column2[i]:column3[i] every ::1::62
        format = x:z:s
        #datapoints = 62
function used for fitting: f(x,a,mr,c)
	f(x,a,mr,c)=a*cosh((x-L/2)/mr)/mr+c
fitted parameters initialized with current variable values

iter      chisq       delta/lim  lambda   a             mr            c            
   0 4.0782367790e+03   0.00e+00  6.27e+01    6.285183e+00   1.386385e+01   2.699646e-01
   7 1.5246221931e+01  -4.65e-05  6.27e-05    1.145462e+01   1.757420e+01   7.064105e-01

After 7 iterations the fit converged.
final sum of squares of residuals : 15.2462
rel. change during last iteration : -4.65305e-10

degrees of freedom    (FIT_NDF)                        : 59
rms of residuals      (FIT_STDFIT) = sqrt(WSSR/ndf)    : 0.508341
variance of residuals (reduced chisquare) = WSSR/ndf   : 0.258411
p-value of the Chisq distribution (FIT_P)              : 1

Final set of parameters            Asymptotic Standard Error
=======================            ==========================
a               = 11.4546          +/- 2.908        (25.39%)
mr              = 17.5742          +/- 1.263        (7.186%)
c               = 0.70641          +/- 0.1264       (17.9%)

correlation matrix of the fit parameters:
                a      mr     c      
a               1.000 
mr              1.000  1.000 
c              -0.997 -0.995  1.000 


*******************************************************************************
Fri Jan 30 14:47:18 2026


FIT:    data read from 'corrfunc.dat' u 1:column2[i]:column3[i] every ::1::62
        format = x:z:s
        #datapoints = 62
function used for fitting: f(x,a,mr,c)
	f(x,a,mr,c)=a*cosh((x-L/2)/mr)/mr+c
fitted parameters initialized with current variable values

iter      chisq       delta/lim  lambda   a             mr            c            
   0 6.2975474684e+02   0.00e+00  3.60e+01    1.145462e+01   1.757420e+01   7.064105e-01
2804 2.1005899492e+00  -1.00e+00  3.60e-02    5.984588e+02   6.153457e+01  -8.135706e+00

After 2804 iterations the fit converged.
final sum of squares of residuals : 2.10059
rel. change during last iteration : -9.99536e-06

degrees of freedom    (FIT_NDF)                        : 59
rms of residuals      (FIT_STDFIT) = sqrt(WSSR/ndf)    : 0.188688
variance of residuals (reduced chisquare) = WSSR/ndf   : 0.0356032
p-value of the Chisq distribution (FIT_P)              : 1

Final set of parameters            Asymptotic Standard Error
=======================            ==========================
a               = 598.459          +/- 796          (133%)
mr              = 61.5346          +/- 26.9         (43.72%)
c               = -8.13571         +/- 8.692        (106.8%)

correlation matrix of the fit parameters:
                a      mr     c      
a               1.000 
mr              1.000  1.000 
c              -1.000 -1.000  1.000 


*******************************************************************************
Fri Jan 30 14:47:20 2026


FIT:    data read from 'corrfunc.dat' u 1:column2[i]:column3[i] every ::1::62
        format = x:z:s
        #datapoints = 62
function used for fitting: f(x,a,mr,c)
	f(x,a,mr,c)=a*cosh((x-L/2)/mr)/mr+c
fitted parameters initialized with current variable values

iter      chisq       delta/lim  lambda   a             mr            c            
   0 2.4653062256e+03   0.00e+00  1.98e+02    5.984588e+02   6.153457e+01  -8.135706e+00
  15 1.3366773090e+01  -7.30e-01  1.98e+00    5.584323e+02   6.995737e+01  -5.704655e+00

After 15 iterations the fit converged.
final sum of squares of residuals : 13.3668
rel. change during last iteration : -7.29592e-06

degrees of freedom    (FIT_NDF)                        : 59
rms of residuals      (FIT_STDFIT) = sqrt(WSSR/ndf)    : 0.475978
variance of residuals (reduced chisquare) = WSSR/ndf   : 0.226555
p-value of the Chisq distribution (FIT_P)              : 1

Final set of parameters            Asymptotic Standard Error
=======================            ==========================
a               = 558.432          +/- 3246         (581.3%)
mr              = 69.9574          +/- 134.2        (191.8%)
c               = -5.70466         +/- 31.12        (545.5%)

correlation matrix of the fit parameters:
                a      mr     c      
a               1.000 
mr              1.000  1.000 
c              -1.000 -1.000  1.000 


*******************************************************************************
Fri Jan 30 14:47:20 2026


FIT:    data read from 'corrfunc.dat' u 1:column2[i]:column3[i] every ::1::62
        format = x:z:s
        #datapoints = 62
function used for fitting: f(x,a,mr,c)
	f(x,a,mr,c)=a*cosh((x-L/2)/mr)/mr+c
fitted parameters initialized with current variable values

iter      chisq       delta/lim  lambda   a             mr            c            
   0 5.9224338016e+02   0.00e+00  9.86e+01    5.584323e+02   6.995737e+01  -5.704655e+00
  12 3.8571655341e+00  -7.47e-01  9.86e-01    5.500437e+02   7.859508e+01  -4.263519e+00

After 12 iterations the fit converged.
final sum of squares of residuals : 3.85717
rel. change during last iteration : -7.46551e-06

degrees of freedom    (FIT_NDF)                        : 59
rms of residuals      (FIT_STDFIT) = sqrt(WSSR/ndf)    : 0.255687
variance of residuals (reduced chisquare) = WSSR/ndf   : 0.0653757
p-value of the Chisq distribution (FIT_P)              : 1

Final set of parameters            Asymptotic Standard Error
=======================            ==========================
a               = 550.044          +/- 4857         (883.1%)
mr              = 78.5951          +/- 229.5        (292.1%)
c               = -4.26352         +/- 41.39        (970.8%)

correlation matrix of the fit parameters:
                a      mr     c      
a               1.000 
mr              1.000  1.000 
c              -1.000 -1.000  1.000 


*******************************************************************************
Fri Jan 30 14:47:20 2026


FIT:    data read from 'corrfunc.dat' u 1:column2[i]:column3[i] every ::1::62
        format = x:z:s
        #datapoints = 62
function used for fitting: f(x,a,mr,c)
	f(x,a,mr,c)=a*cosh((x-L/2)/mr)/mr+c
fitted parameters initialized with current variable values

iter      chisq       delta/lim  lambda   a             mr            c            
   0 7.7532706057e+03   0.00e+00  2.19e+02    5.500437e+02   7.859508e+01  -4.263519e+00
  99 1.3771671797e+01  -6.29e-01  2.19e-01    6.786820e+02   1.350636e+02  -1.656258e+00

After 99 iterations the fit converged.
final sum of squares of residuals : 13.7717
rel. change during last iteration : -6.29328e-06

degrees of freedom    (FIT_NDF)                        : 59
rms of residuals      (FIT_STDFIT) = sqrt(WSSR/ndf)    : 0.483134
variance of residuals (reduced chisquare) = WSSR/ndf   : 0.233418
p-value of the Chisq distribution (FIT_P)              : 1

Final set of parameters            Asymptotic Standard Error
=======================            ==========================
a               = 678.682          +/- 4.334e+04    (6386%)
mr              = 135.064          +/- 2872         (2126%)
c               = -1.65626         +/- 214.2        (1.293e+04%)

correlation matrix of the fit parameters:
                a      mr     c      
a               1.000 
mr              1.000  1.000 
c              -1.000 -1.000  1.000 


*******************************************************************************
Fri Jan 30 14:47:20 2026


FIT:    data read from 'corrfunc.dat' u 1:column2[i]:column3[i] every ::1::62
        format = x:z:s
        #datapoints = 62
function used for fitting: f(x,a,mr,c)
	f(x,a,mr,c)=a*cosh((x-L/2)/mr)/mr+c
fitted parameters initialized with current variable values

iter      chisq       delta/lim  lambda   a             mr            c            
   0 6.2531707657e+03   0.00e+00  2.12e+02    6.786820e+02   1.350636e+02  -1.656258e+00
  27 9.7709310223e+00  -7.12e-02  2.12e-02    9.667587e+02   2.056007e+02  -1.078173e+00

After 27 iterations the fit converged.
final sum of squares of residuals : 9.77093
rel. change during last iteration : -7.12191e-07

degrees of freedom    (FIT_NDF)                        : 59
rms of residuals      (FIT_STDFIT) = sqrt(WSSR/ndf)    : 0.406951
variance of residuals (reduced chisquare) = WSSR/ndf   : 0.165609
p-value of the Chisq distribution (FIT_P)              : 1

Final set of parameters            Asymptotic Standard Error
=======================            ==========================
a               = 966.759          +/- 1.993e+05    (2.061e+04%)
mr              = 205.601          +/- 1.413e+04    (6875%)
c               = -1.07817         +/- 646.3        (5.994e+04%)

correlation matrix of the fit parameters:
                a      mr     c      
a               1.000 
mr              1.000  1.000 
c              -1.000 -1.000  1.000 


*******************************************************************************
Fri Jan 30 14:47:20 2026


FIT:    data read from 'corrfunc.dat' u 1:column2[i]:column3[i] every ::1::62
        format = x:z:s
        #datapoints = 62
function used for fitting: f(x,a,mr,c)
	f(x,a,mr,c)=a*cosh((x-L/2)/mr)/mr+c
fitted parameters initialized with current variable values

iter      chisq       delta/lim  lambda   a             mr            c            
   0 5.0127923065e+02   0.00e+00  8.18e+01    9.667587e+02   2.056007e+02  -1.078173e+00
  75 3.9914684202e+00  -2.74e-02  8.18e-02    5.375373e+02   1.095504e+02  -1.253143e+00

After 75 iterations the fit converged.
final sum of squares of residuals : 3.99147
rel. change during last iteration : -2.74322e-07

degrees of freedom    (FIT_NDF)                        : 59
rms of residuals      (FIT_STDFIT) = sqrt(WSSR/ndf)    : 0.2601
variance of residuals (reduced chisquare) = WSSR/ndf   : 0.067652
p-value of the Chisq distribution (FIT_P)              : 1

Final set of parameters            Asymptotic Standard Error
=======================            ==========================
a               = 537.537          +/- 1.229e+04    (2287%)
mr              = 109.55           +/- 832.7        (760.1%)
c               = -1.25314         +/- 74.94        (5980%)

correlation matrix of the fit parameters:
                a      mr     c      
a               1.000 
mr              1.000  1.000 
c              -1.000 -1.000  1.000 


*******************************************************************************
Fri Jan 30 14:47:21 2026


FIT:    data read from 'corrfunc.dat' u 1:column2[i]:column3[i] every ::1::62
        format = x:z:s
        #datapoints = 62
function used for fitting: f(x,a,mr,c)
	f(x,a,mr,c)=a*cosh((x-L/2)/mr)/mr+c
fitted parameters initialized with current variable values

iter      chisq       delta/lim  lambda   a             mr            c            
   0 2.3082754997e+03   0.00e+00  1.23e+02    5.375373e+02   1.095504e+02  -1.253143e+00
  51 4.5428027013e+00  -9.96e-01  1.23e-02    1.324618e+03   1.875216e+02  -3.126471e+00

After 51 iterations the fit converged.
final sum of squares of residuals : 4.5428
rel. change during last iteration : -9.95592e-06

degrees of freedom    (FIT_NDF)                        : 59
rms of residuals      (FIT_STDFIT) = sqrt(WSSR/ndf)    : 0.277483
variance of residuals (reduced chisquare) = WSSR/ndf   : 0.0769967
p-value of the Chisq distribution (FIT_P)              : 1

Final set of parameters            Asymptotic Standard Error
=======================            ==========================
a               = 1324.62          +/- 1.487e+05    (1.123e+04%)
mr              = 187.522          +/- 7019         (3743%)
c               = -3.12647         +/- 528.9        (1.692e+04%)

correlation matrix of the fit parameters:
                a      mr     c      
a               1.000 
mr              1.000  1.000 
c              -1.000 -1.000  1.000 


*******************************************************************************
Fri Jan 30 14:47:21 2026


FIT:    data read from 'corrfunc.dat' u 1:column2[i]:column3[i] every ::1::62
        format = x:z:s
        #datapoints = 62
function used for fitting: f(x,a,mr,c)
	f(x,a,mr,c)=a*cosh((x-L/2)/mr)/mr+c
fitted parameters initialized with current variable values

iter      chisq       delta/lim  lambda   a             mr            c            
   0 3.5437207689e+04   0.00e+00  6.52e+02    1.324618e+03   1.875216e+02  -3.126471e+00
1073 2.4310088655e+01  -2.63e-01  6.52e-01    1.793622e+03   4.856929e+02   4.977881e-01

After 1073 iterations the fit converged.
final sum of squares of residuals : 24.3101
rel. change during last iteration : -2.63372e-06

degrees of freedom    (FIT_NDF)                        : 59
rms of residuals      (FIT_STDFIT) = sqrt(WSSR/ndf)    : 0.6419
variance of residuals (reduced chisquare) = WSSR/ndf   : 0.412035
p-value of the Chisq distribution (FIT_P)              : 0.999982

Final set of parameters            Asymptotic Standard Error
=======================            ==========================
a               = 1793.62          +/- 1.026e+07    (5.719e+05%)
mr              = 485.693          +/- 9.275e+05    (1.91e+05%)
c               = 0.497788         +/- 1.407e+04    (2.827e+06%)

correlation matrix of the fit parameters:
                a      mr     c      
a               1.000 
mr              1.000  1.000 
c              -1.000 -1.000  1.000 


*******************************************************************************
Fri Jan 30 14:47:21 2026


FIT:    data read from 'corrfunc.dat' u 1:column2[i]:column3[i] every ::1::62
        format = x:z:s
        #datapoints = 62
function used for fitting: f(x,a,mr,c)
	f(x,a,mr,c)=a*cosh((x-L/2)/mr)/mr+c
fitted parameters initialized with current variable values

iter      chisq       delta/lim  lambda   a             mr            c            
   0 4.1381238541e+02   0.00e+00  5.37e+01    1.793622e+03   4.856929e+02   4.977881e-01
  10 9.3322396453e+00  -1.25e-01  5.37e-02    5.143008e+02   1.344162e+02   4.386069e-01

After 10 iterations the fit converged.
final sum of squares of residuals : 9.33224
rel. change during last iteration : -1.254e-06

degrees of freedom    (FIT_NDF)                        : 59
rms of residuals      (FIT_STDFIT) = sqrt(WSSR/ndf)    : 0.39771
variance of residuals (reduced chisquare) = WSSR/ndf   : 0.158174
p-value of the Chisq distribution (FIT_P)              : 1

Final set of parameters            Asymptotic Standard Error
=======================            ==========================
a               = 514.301          +/- 6.182e+04    (1.202e+04%)
mr              = 134.416          +/- 5380         (4002%)
c               = 0.438607         +/- 306.9        (6.998e+04%)

correlation matrix of the fit parameters:
                a      mr     c      
a               1.000 
mr              1.000  1.000 
c              -1.000 -1.000  1.000 


*******************************************************************************
Fri Jan 30 14:47:21 2026


FIT:    data read from 'corrfunc.dat' u 1:column2[i]:column3[i] every ::1::62
        format = x:z:s
        #datapoints = 62
function used for fitting: f(x,a,mr,c)
	f(x,a,mr,c)=a*cosh((x-L/2)/mr)/mr+c
fitted parameters initialized with current variable values

iter      chisq       delta/lim  lambda   a             mr            c            
   0 2.0181581731e+04   0.00e+00  2.52e+02    5.143008e+02   1.344162e+02   4.386069e-01
  92 2.2555034752e+01  -9.50e-01  2.52e-03    1.442946e+03   3.373817e+02   2.612692e-01

After 92 iterations the fit converged.
final sum of squares of residuals : 22.555
rel. change during last iteration : -9.49787e-06

degrees of freedom    (FIT_NDF)                        : 59
rms of residuals      (FIT_STDFIT) = sqrt(WSSR/ndf)    : 0.618295
variance of residuals (reduced chisquare) = WSSR/ndf   : 0.382289
p-value of the Chisq distribution (FIT_P)              : 0.999995

Final set of parameters            Asymptotic Standard Error
=======================            ==========================
a               = 1442.95          +/- 2.477e+06    (1.717e+05%)
mr              = 337.382          +/- 1.934e+05    (5.732e+04%)
c               = 0.261269         +/- 4894         (1.873e+06%)

correlation matrix of the fit parameters:
                a      mr     c      
a               1.000 
mr              1.000  1.000 
c              -1.000 -1.000  1.000 


*******************************************************************************
Fri Jan 30 14:47:21 2026


FIT:    data read from 'corrfunc.dat' u 1:column2[i]:column3[i] every ::1::62
        format = x:z:s
        #datapoints = 62
function used for fitting: f(x,a,mr,c)
	f(x,a,mr,c)=a*cosh((x-L/2)/mr)/mr+c
fitted parameters initialized with current variable values

iter      chisq       delta/lim  lambda   a             mr            c            
   0 1.2022984545e+03   0.00e+00  1.09e+02    1.442946e+03   3.373817e+02   2.612692e-01
  14 1.8483780544e+01  -7.00e-02  1.09e-03    1.020533e+03   2.311314e+02   2.501400e-01

After 14 iterations the fit converged.
final sum of squares of residuals : 18.4838
rel. change during last iteration : -6.99737e-07

degrees of freedom    (FIT_NDF)                        : 59
rms of residuals      (FIT_STDFIT) = sqrt(WSSR/ndf)    : 0.559718
variance of residuals (reduced chisquare) = WSSR/ndf   : 0.313284
p-value of the Chisq distribution (FIT_P)              : 1

Final set of parameters            Asymptotic Standard Error
=======================            ==========================
a               = 1020.53          +/- 7.748e+05    (7.592e+04%)
mr              = 231.131          +/- 5.855e+04    (2.533e+04%)
c               = 0.25014          +/- 2235         (8.935e+05%)

correlation matrix of the fit parameters:
                a      mr     c      
a               1.000 
mr              1.000  1.000 
c              -1.000 -1.000  1.000 


*******************************************************************************
Fri Jan 30 14:48:01 2026


FIT:    data read from 'corrfunc.dat' u 1:column2[i]:column3[i] every ::1::62
        format = x:z:s
        #datapoints = 62
function used for fitting: f(x,a,mr,c)
	f(x,a,mr,c)=a*cosh((x-L/2)/mr)/mr+c
fitted parameters initialized with current variable values

iter      chisq       delta/lim  lambda   a             mr            c            
   0 3.4739590480e+15   0.00e+00  6.60e+07    1.000000e-01   2.100000e+00   1.000000e+00
1562 4.6344208892e+01  -9.96e-01  6.60e+01    1.159337e-25   5.722136e-01   2.746635e-05

After 1562 iterations the fit converged.
final sum of squares of residuals : 46.3442
rel. change during last iteration : -9.96394e-06

degrees of freedom    (FIT_NDF)                        : 59
rms of residuals      (FIT_STDFIT) = sqrt(WSSR/ndf)    : 0.886282
variance of residuals (reduced chisquare) = WSSR/ndf   : 0.785495
p-value of the Chisq distribution (FIT_P)              : 0.884552

Final set of parameters            Asymptotic Standard Error
=======================            ==========================
a               = 1.15934e-25      +/- 5.51e-25     (475.3%)
mr              = 0.572214         +/- 0.05083      (8.882%)
c               = 2.74664e-05      +/- 0.0002267    (825.3%)

correlation matrix of the fit parameters:
                a      mr     c      
a               1.000 
mr              1.000  1.000 
c              -0.257 -0.255  1.000 


*******************************************************************************
Fri Jan 30 14:48:02 2026


FIT:    data read from 'corrfunc.dat' u 1:column2[i]:column3[i] every ::1::62
        format = x:z:s
        #datapoints = 62
function used for fitting: f(x,a,mr,c)
	f(x,a,mr,c)=a*cosh((x-L/2)/mr)/mr+c
fitted parameters initialized with current variable values

iter      chisq       delta/lim  lambda   a             mr            c            
   0 5.2208755765e+01   0.00e+00  4.70e+01    1.159337e-25   5.722136e-01   2.746635e-05
 230 4.5605037030e+01  -9.97e-01  4.70e-02    1.704989e-24   6.002644e-01  -5.379292e-04

After 230 iterations the fit converged.
final sum of squares of residuals : 45.605
rel. change during last iteration : -9.97372e-06

degrees of freedom    (FIT_NDF)                        : 59
rms of residuals      (FIT_STDFIT) = sqrt(WSSR/ndf)    : 0.879185
variance of residuals (reduced chisquare) = WSSR/ndf   : 0.772967
p-value of the Chisq distribution (FIT_P)              : 0.89946

Final set of parameters            Asymptotic Standard Error
=======================            ==========================
a               = 1.70499e-24      +/- 1.015e-23    (595.3%)
mr              = 0.600264         +/- 0.07001      (11.66%)
c               = -0.000537929     +/- 0.0002289    (42.55%)

correlation matrix of the fit parameters:
                a      mr     c      
a               1.000 
mr              1.000  1.000 
c              -0.208 -0.207  1.000 


*******************************************************************************
Fri Jan 30 14:48:02 2026


FIT:    data read from 'corrfunc.dat' u 1:column2[i]:column3[i] every ::1::62
        format = x:z:s
        #datapoints = 62
function used for fitting: f(x,a,mr,c)
	f(x,a,mr,c)=a*cosh((x-L/2)/mr)/mr+c
fitted parameters initialized with current variable values

iter      chisq       delta/lim  lambda   a             mr            c            
   0 5.5930561685e+01   0.00e+00  7.80e+01    1.704989e-24   6.002644e-01  -5.379292e-04
  21 4.1320739299e+01  -7.41e-01  7.80e-02    6.074964e-25   5.876362e-01   2.319174e-04

After 21 iterations the fit converged.
final sum of squares of residuals : 41.3207
rel. change during last iteration : -7.40694e-06

degrees of freedom    (FIT_NDF)                        : 59
rms of residuals      (FIT_STDFIT) = sqrt(WSSR/ndf)    : 0.83687
variance of residuals (reduced chisquare) = WSSR/ndf   : 0.700352
p-value of the Chisq distribution (FIT_P)              : 0.961056

Final set of parameters            Asymptotic Standard Error
=======================            ==========================
a               = 6.07496e-25      +/- 3.389e-24    (557.9%)
mr              = 0.587636         +/- 0.06278      (10.68%)
c               = 0.000231917      +/- 0.0002361    (101.8%)

correlation matrix of the fit parameters:
                a      mr     c      
a               1.000 
mr              1.000  1.000 
c              -0.209 -0.208  1.000 


*******************************************************************************
Fri Jan 30 14:48:02 2026


FIT:    data read from 'corrfunc.dat' u 1:column2[i]:column3[i] every ::1::62
        format = x:z:s
        #datapoints = 62
function used for fitting: f(x,a,mr,c)
	f(x,a,mr,c)=a*cosh((x-L/2)/mr)/mr+c
fitted parameters initialized with current variable values

iter      chisq       delta/lim  lambda   a             mr            c            
   0 5.4426405690e+01   0.00e+00  8.20e+01    6.074964e-25   5.876362e-01   2.319174e-04
 206 5.1491691552e+01  -9.26e-01  8.20e-01    2.442372e-26   5.537276e-01   5.055449e-05

After 206 iterations the fit converged.
final sum of squares of residuals : 51.4917
rel. change during last iteration : -9.25926e-06

degrees of freedom    (FIT_NDF)                        : 59
rms of residuals      (FIT_STDFIT) = sqrt(WSSR/ndf)    : 0.934206
variance of residuals (reduced chisquare) = WSSR/ndf   : 0.872741
p-value of the Chisq distribution (FIT_P)              : 0.745633

Final set of parameters            Asymptotic Standard Error
=======================            ==========================
a               = 2.44237e-26      +/- 1.466e-25    (600.4%)
mr              = 0.553728         +/- 0.06015      (10.86%)
c               = 5.05545e-05      +/- 0.0002595    (513.3%)

correlation matrix of the fit parameters:
                a      mr     c      
a               1.000 
mr              1.000  1.000 
c              -0.214 -0.213  1.000 


*******************************************************************************
Fri Jan 30 14:48:02 2026


FIT:    data read from 'corrfunc.dat' u 1:column2[i]:column3[i] every ::1::62
        format = x:z:s
        #datapoints = 62
function used for fitting: f(x,a,mr,c)
	f(x,a,mr,c)=a*cosh((x-L/2)/mr)/mr+c
fitted parameters initialized with current variable values

iter      chisq       delta/lim  lambda   a             mr            c            
   0 6.8015821813e+01   0.00e+00  8.78e+01    2.442372e-26   5.537276e-01   5.055449e-05
 736 5.6418152140e+01  -8.24e-01  8.78e-04    4.849315e-24   6.099266e-01   5.597989e-04

After 736 iterations the fit converged.
final sum of squares of residuals : 56.4182
rel. change during last iteration : -8.24078e-06

degrees of freedom    (FIT_NDF)                        : 59
rms of residuals      (FIT_STDFIT) = sqrt(WSSR/ndf)    : 0.977875
variance of residuals (reduced chisquare) = WSSR/ndf   : 0.95624
p-value of the Chisq distribution (FIT_P)              : 0.571263

Final set of parameters            Asymptotic Standard Error
=======================            ==========================
a               = 4.84931e-24      +/- 2.231e-23    (460%)
mr              = 0.609927         +/- 0.05576      (9.142%)
c               = 0.000559799      +/- 0.0002865    (51.18%)

correlation matrix of the fit parameters:
                a      mr     c      
a               1.000 
mr              1.000  1.000 
c              -0.229 -0.227  1.000 


*******************************************************************************
Fri Jan 30 14:48:03 2026


FIT:    data read from 'corrfunc.dat' u 1:column2[i]:column3[i] every ::1::62
        format = x:z:s
        #datapoints = 62
function used for fitting: f(x,a,mr,c)
	f(x,a,mr,c)=a*cosh((x-L/2)/mr)/mr+c
fitted parameters initialized with current variable values

iter      chisq       delta/lim  lambda   a             mr            c            
   0 5.1229076859e+01   0.00e+00  9.08e+01    4.849315e-24   6.099266e-01   5.597989e-04
  18 4.9556548833e+01  -9.76e-01  9.08e-02    2.604240e-24   6.021339e-01   3.525168e-04

After 18 iterations the fit converged.
final sum of squares of residuals : 49.5565
rel. change during last iteration : -9.76276e-06

degrees of freedom    (FIT_NDF)                        : 59
rms of residuals      (FIT_STDFIT) = sqrt(WSSR/ndf)    : 0.916483
variance of residuals (reduced chisquare) = WSSR/ndf   : 0.839942
p-value of the Chisq distribution (FIT_P)              : 0.804643

Final set of parameters            Asymptotic Standard Error
=======================            ==========================
a               = 2.60424e-24      +/- 1.215e-23    (466.6%)
mr              = 0.602134         +/- 0.05509      (9.149%)
c               = 0.000352517      +/- 0.0002751    (78.03%)

correlation matrix of the fit parameters:
                a      mr     c      
a               1.000 
mr              1.000  1.000 
c              -0.245 -0.244  1.000 


*******************************************************************************
Fri Jan 30 14:48:03 2026


FIT:    data read from 'corrfunc.dat' u 1:column2[i]:column3[i] every ::1::62
        format = x:z:s
        #datapoints = 62
function used for fitting: f(x,a,mr,c)
	f(x,a,mr,c)=a*cosh((x-L/2)/mr)/mr+c
fitted parameters initialized with current variable values

iter      chisq       delta/lim  lambda   a             mr            c            
   0 4.4550803709e+01   0.00e+00  8.76e+01    2.604240e-24   6.021339e-01   3.525168e-04
 413 3.2374582680e+01  -9.46e-03  8.76e-03    4.612746e-23   6.356174e-01  -2.646452e-04

After 413 iterations the fit converged.
final sum of squares of residuals : 32.3746
rel. change during last iteration : -9.45734e-08

degrees of freedom    (FIT_NDF)                        : 59
rms of residuals      (FIT_STDFIT) = sqrt(WSSR/ndf)    : 0.740758
variance of residuals (reduced chisquare) = WSSR/ndf   : 0.548722
p-value of the Chisq distribution (FIT_P)              : 0.998132

Final set of parameters            Asymptotic Standard Error
=======================            ==========================
a               = 4.61275e-23      +/- 1.527e-22    (331.1%)
mr              = 0.635617         +/- 0.04347      (6.84%)
c               = -0.000264645     +/- 0.0002257    (85.29%)

correlation matrix of the fit parameters:
                a      mr     c      
a               1.000 
mr              1.000  1.000 
c              -0.240 -0.239  1.000 


*******************************************************************************
Fri Jan 30 14:48:03 2026


FIT:    data read from 'corrfunc.dat' u 1:column2[i]:column3[i] every ::1::62
        format = x:z:s
        #datapoints = 62
function used for fitting: f(x,a,mr,c)
	f(x,a,mr,c)=a*cosh((x-L/2)/mr)/mr+c
fitted parameters initialized with current variable values

iter      chisq       delta/lim  lambda   a             mr            c            
   0 5.4716991531e+01   0.00e+00  5.44e+01    4.612746e-23   6.356174e-01  -2.646452e-04
  97 5.3133400241e+01  -9.93e-01  5.44e-01    6.040435e-23   6.382211e-01  -1.317219e-04

After 97 iterations the fit converged.
final sum of squares of residuals : 53.1334
rel. change during last iteration : -9.93448e-06

degrees of freedom    (FIT_NDF)                        : 59
rms of residuals      (FIT_STDFIT) = sqrt(WSSR/ndf)    : 0.948982
variance of residuals (reduced chisquare) = WSSR/ndf   : 0.900566
p-value of the Chisq distribution (FIT_P)              : 0.690454

Final set of parameters            Asymptotic Standard Error
=======================            ==========================
a               = 6.04044e-23      +/- 2.846e-22    (471.1%)
mr              = 0.638221         +/- 0.06255      (9.801%)
c               = -0.000131722     +/- 0.0003143    (238.6%)

correlation matrix of the fit parameters:
                a      mr     c      
a               1.000 
mr              1.000  1.000 
c              -0.196 -0.194  1.000 


*******************************************************************************
Fri Jan 30 14:48:03 2026


FIT:    data read from 'corrfunc.dat' u 1:column2[i]:column3[i] every ::1::62
        format = x:z:s
        #datapoints = 62
function used for fitting: f(x,a,mr,c)
	f(x,a,mr,c)=a*cosh((x-L/2)/mr)/mr+c
fitted parameters initialized with current variable values

iter      chisq       delta/lim  lambda   a             mr            c            
   0 5.2723554496e+01   0.00e+00  1.05e+02    6.040435e-23   6.382211e-01  -1.317219e-04
 478 4.1528230181e+01  -8.65e-01  1.05e-02    1.137005e-21   6.777245e-01   4.314481e-04

After 478 iterations the fit converged.
final sum of squares of residuals : 41.5282
rel. change during last iteration : -8.64644e-06

degrees of freedom    (FIT_NDF)                        : 59
rms of residuals      (FIT_STDFIT) = sqrt(WSSR/ndf)    : 0.838969
variance of residuals (reduced chisquare) = WSSR/ndf   : 0.703868
p-value of the Chisq distribution (FIT_P)              : 0.958967

Final set of parameters            Asymptotic Standard Error
=======================            ==========================
a               = 1.137e-21        +/- 3.413e-21    (300.2%)
mr              = 0.677725         +/- 0.0447       (6.595%)
c               = 0.000431448      +/- 0.0002807    (65.05%)

correlation matrix of the fit parameters:
                a      mr     c      
a               1.000 
mr              1.000  1.000 
c              -0.220 -0.218  1.000 


*******************************************************************************
Fri Jan 30 14:48:04 2026


FIT:    data read from 'corrfunc.dat' u 1:column2[i]:column3[i] every ::1::62
        format = x:z:s
        #datapoints = 62
function used for fitting: f(x,a,mr,c)
	f(x,a,mr,c)=a*cosh((x-L/2)/mr)/mr+c
fitted parameters initialized with current variable values

iter      chisq       delta/lim  lambda   a             mr            c            
   0 6.3744547483e+01   0.00e+00  6.28e+01    1.137005e-21   6.777245e-01   4.314481e-04
  40 6.1066434175e+01  -9.88e-01  6.28e-02    3.965561e-21   6.953294e-01   5.977131e-05

After 40 iterations the fit converged.
final sum of squares of residuals : 61.0664
rel. change during last iteration : -9.88058e-06

degrees of freedom    (FIT_NDF)                        : 59
rms of residuals      (FIT_STDFIT) = sqrt(WSSR/ndf)    : 1.01736
variance of residuals (reduced chisquare) = WSSR/ndf   : 1.03502
p-value of the Chisq distribution (FIT_P)              : 0.401565

Final set of parameters            Asymptotic Standard Error
=======================            ==========================
a               = 3.96556e-21      +/- 1.502e-20    (378.7%)
mr              = 0.695329         +/- 0.0595       (8.557%)
c               = 5.97713e-05      +/- 0.0003656    (611.6%)

correlation matrix of the fit parameters:
                a      mr     c      
a               1.000 
mr              1.000  1.000 
c              -0.226 -0.224  1.000 


*******************************************************************************
Fri Jan 30 14:48:04 2026


FIT:    data read from 'corrfunc.dat' u 1:column2[i]:column3[i] every ::1::62
        format = x:z:s
        #datapoints = 62
function used for fitting: f(x,a,mr,c)
	f(x,a,mr,c)=a*cosh((x-L/2)/mr)/mr+c
fitted parameters initialized with current variable values

iter      chisq       delta/lim  lambda   a             mr            c            
   0 4.2331864724e+01   0.00e+00  6.80e+01    3.965561e-21   6.953294e-01   5.977131e-05
  93 3.6692171855e+01  -7.92e-01  6.80e-04    1.333535e-22   6.455343e-01   9.480521e-05

After 93 iterations the fit converged.
final sum of squares of residuals : 36.6922
rel. change during last iteration : -7.92096e-06

degrees of freedom    (FIT_NDF)                        : 59
rms of residuals      (FIT_STDFIT) = sqrt(WSSR/ndf)    : 0.788607
variance of residuals (reduced chisquare) = WSSR/ndf   : 0.621901
p-value of the Chisq distribution (FIT_P)              : 0.990021

Final set of parameters            Asymptotic Standard Error
=======================            ==========================
a               = 1.33354e-22      +/- 3.604e-22    (270.2%)
mr              = 0.645534         +/- 0.0367       (5.686%)
c               = 9.48052e-05      +/- 0.0003099    (326.9%)

correlation matrix of the fit parameters:
                a      mr     c      
a               1.000 
mr              1.000  1.000 
c              -0.255 -0.252  1.000 


*******************************************************************************
Fri Jan 30 14:48:04 2026


FIT:    data read from 'corrfunc.dat' u 1:column2[i]:column3[i] every ::1::62
        format = x:z:s
        #datapoints = 62
function used for fitting: f(x,a,mr,c)
	f(x,a,mr,c)=a*cosh((x-L/2)/mr)/mr+c
fitted parameters initialized with current variable values

iter      chisq       delta/lim  lambda   a             mr            c            
   0 6.4197793794e+01   0.00e+00  8.16e+01    1.333535e-22   6.455343e-01   9.480521e-05
 452 5.2513971061e+01  -1.13e-01  8.16e-03    2.704814e-21   6.867399e-01   6.319236e-04

After 452 iterations the fit converged.
final sum of squares of residuals : 52.514
rel. change during last iteration : -1.13161e-06

degrees of freedom    (FIT_NDF)                        : 59
rms of residuals      (FIT_STDFIT) = sqrt(WSSR/ndf)    : 0.943434
variance of residuals (reduced chisquare) = WSSR/ndf   : 0.890067
p-value of the Chisq distribution (FIT_P)              : 0.711744

Final set of parameters            Asymptotic Standard Error
=======================            ==========================
a               = 2.70481e-21      +/- 8.049e-21    (297.6%)
mr              = 0.68674          +/- 0.0456       (6.64%)
c               = 0.000631924      +/- 0.0003515    (55.63%)

correlation matrix of the fit parameters:
                a      mr     c      
a               1.000 
mr              1.000  1.000 
c              -0.229 -0.226  1.000 


*******************************************************************************
Fri Jan 30 14:48:04 2026


FIT:    data read from 'corrfunc.dat' u 1:column2[i]:column3[i] every ::1::62
        format = x:z:s
        #datapoints = 62
function used for fitting: f(x,a,mr,c)
	f(x,a,mr,c)=a*cosh((x-L/2)/mr)/mr+c
fitted parameters initialized with current variable values

iter      chisq       delta/lim  lambda   a             mr            c            
   0 5.2630841915e+01   0.00e+00  9.75e+01    2.704814e-21   6.867399e-01   6.319236e-04
 234 4.5483177874e+01  -7.80e-01  9.75e-02    6.858607e-21   6.999166e-01   5.978501e-04

After 234 iterations the fit converged.
final sum of squares of residuals : 45.4832
rel. change during last iteration : -7.79502e-06

degrees of freedom    (FIT_NDF)                        : 59
rms of residuals      (FIT_STDFIT) = sqrt(WSSR/ndf)    : 0.87801
variance of residuals (reduced chisquare) = WSSR/ndf   : 0.770901
p-value of the Chisq distribution (FIT_P)              : 0.901791

Final set of parameters            Asymptotic Standard Error
=======================            ==========================
a               = 6.85861e-21      +/- 1.738e-20    (253.5%)
mr              = 0.699917         +/- 0.04024      (5.749%)
c               = 0.00059785       +/- 0.0003812    (63.77%)

correlation matrix of the fit parameters:
                a      mr     c      
a               1.000 
mr              1.000  1.000 
c              -0.293 -0.291  1.000 


*******************************************************************************
Fri Jan 30 14:48:04 2026


FIT:    data read from 'corrfunc.dat' u 1:column2[i]:column3[i] every ::1::62
        format = x:z:s
        #datapoints = 62
function used for fitting: f(x,a,mr,c)
	f(x,a,mr,c)=a*cosh((x-L/2)/mr)/mr+c
fitted parameters initialized with current variable values

iter      chisq       delta/lim  lambda   a             mr            c            
   0 7.1339022805e+01   0.00e+00  1.11e+02    6.858607e-21   6.999166e-01   5.978501e-04
 652 5.4906804175e+01  -5.44e-01  1.11e-02    1.380451e-19   7.479998e-01   4.168577e-04

After 652 iterations the fit converged.
final sum of squares of residuals : 54.9068
rel. change during last iteration : -5.43704e-06

degrees of freedom    (FIT_NDF)                        : 59
rms of residuals      (FIT_STDFIT) = sqrt(WSSR/ndf)    : 0.964688
variance of residuals (reduced chisquare) = WSSR/ndf   : 0.930624
p-value of the Chisq distribution (FIT_P)              : 0.627073

Final set of parameters            Asymptotic Standard Error
=======================            ==========================
a               = 1.38045e-19      +/- 4.054e-19    (293.7%)
mr              = 0.748            +/- 0.053        (7.086%)
c               = 0.000416858      +/- 0.0004293    (103%)

correlation matrix of the fit parameters:
                a      mr     c      
a               1.000 
mr              1.000  1.000 
c              -0.250 -0.248  1.000 


*******************************************************************************
Fri Jan 30 14:48:05 2026


FIT:    data read from 'corrfunc.dat' u 1:column2[i]:column3[i] every ::1::62
        format = x:z:s
        #datapoints = 62
function used for fitting: f(x,a,mr,c)
	f(x,a,mr,c)=a*cosh((x-L/2)/mr)/mr+c
fitted parameters initialized with current variable values

iter      chisq       delta/lim  lambda   a             mr            c            
   0 6.9016399916e+01   0.00e+00  1.30e+02    1.380451e-19   7.479998e-01   4.168577e-04
  46 3.9679966855e+01  -9.84e-01  1.30e-01    3.012592e-19   7.598173e-01   7.591239e-05

After 46 iterations the fit converged.
final sum of squares of residuals : 39.68
rel. change during last iteration : -9.83935e-06

degrees of freedom    (FIT_NDF)                        : 59
rms of residuals      (FIT_STDFIT) = sqrt(WSSR/ndf)    : 0.820086
variance of residuals (reduced chisquare) = WSSR/ndf   : 0.672542
p-value of the Chisq distribution (FIT_P)              : 0.974872

Final set of parameters            Asymptotic Standard Error
=======================            ==========================
a               = 3.01259e-19      +/- 6.006e-19    (199.3%)
mr              = 0.759817         +/- 0.0371       (4.883%)
c               = 7.59124e-05      +/- 0.0003495    (460.4%)

correlation matrix of the fit parameters:
                a      mr     c      
a               1.000 
mr              1.000  1.000 
c              -0.252 -0.251  1.000 


*******************************************************************************
Fri Jan 30 14:48:25 2026


FIT:    data read from 'corrfunc.dat' u 1:column2[i]:column3[i] every ::0::(L-1)
        format = x:z:s
        #datapoints = 64
function used for fitting: f(x,a,mr,c)
	f(x,a,mr,c)=a*cosh((x-L/2)/mr)/mr+c
fitted parameters initialized with current variable values

iter      chisq       delta/lim  lambda   a             mr            c            
   0 5.9478928396e+15   0.00e+00  8.67e+07    1.000000e-01   2.100000e+00   1.000000e+00

Current data point
=========================
#               = 1 out of 64
x               = -0.00404748    
z               = 0.189525       

Current set of parameters
=========================
a               = -0.00404748    
mr              = 0.0139481      
c               = 0.000929894    

BREAK: Undefined value during function evaluation

*******************************************************************************
Fri Jan 30 14:48:40 2026


FIT:    data read from 'corrfunc.dat' u 1:column2[i]:column3[i] every ::0::(L-1)
        format = x:z:s
        #datapoints = 64
function used for fitting: f(x,a,mr,c)
	f(x,a,mr,c)=a*cosh((x-L/2)/mr)/mr+c
fitted parameters initialized with current variable values

iter      chisq       delta/lim  lambda   a             mr            c            
   0 1.1645717877e+28   0.00e+00  2.27e+14    1.000000e-01   1.100000e+00   1.000000e+00
   9 1.6007159746e+07  -6.18e-01  2.27e+05   -4.609415e-11   1.258323e+00   9.999969e-01

After 9 iterations the fit converged.
final sum of squares of residuals : 1.60072e+07
rel. change during last iteration : -6.18342e-06

degrees of freedom    (FIT_NDF)                        : 61
rms of residuals      (FIT_STDFIT) = sqrt(WSSR/ndf)    : 512.262
variance of residuals (reduced chisquare) = WSSR/ndf   : 262412
p-value of the Chisq distribution (FIT_P)              : 0

Final set of parameters            Asymptotic Standard Error
=======================            ==========================
a               = -4.60942e-11     +/- 8.682e-10    (1883%)
mr              = 1.25832          +/- 0.9246       (73.48%)
c               = 0.999997         +/- 0.1349       (13.49%)

correlation matrix of the fit parameters:
                a      mr     c      
a               1.000 
mr             -1.000  1.000 
c              -0.315  0.308  1.000 


*******************************************************************************
Fri Jan 30 14:48:40 2026


FIT:    data read from 'corrfunc.dat' u 1:column2[i]:column3[i] every ::0::(L-1)
        format = x:z:s
        #datapoints = 64
function used for fitting: f(x,a,mr,c)
	f(x,a,mr,c)=a*cosh((x-L/2)/mr)/mr+c
fitted parameters initialized with current variable values

iter      chisq       delta/lim  lambda   a             mr            c            
   0 1.5314680669e+07   0.00e+00  1.89e+03   -4.609415e-11   1.258323e+00   9.999969e-01
   7 6.7769035771e+03  -1.88e-08  1.89e-03   -2.751629e-10   1.644695e+01   2.498136e-03

After 7 iterations the fit converged.
final sum of squares of residuals : 6776.9
rel. change during last iteration : -1.88424e-13

degrees of freedom    (FIT_NDF)                        : 61
rms of residuals      (FIT_STDFIT) = sqrt(WSSR/ndf)    : 10.5402
variance of residuals (reduced chisquare) = WSSR/ndf   : 111.097
p-value of the Chisq distribution (FIT_P)              : 0

Final set of parameters            Asymptotic Standard Error
=======================            ==========================
a               = -2.75163e-10     +/- 1.559        (5.665e+11%)
mr              = 16.4469          +/- 2.668e+10    (1.622e+11%)
c               = 0.00249814       +/- 0.07063      (2827%)

correlation matrix of the fit parameters:
                a      mr     c      
a               1.000 
mr             -0.999  1.000 
c              -0.998  0.995  1.000 


*******************************************************************************
Fri Jan 30 14:48:40 2026


FIT:    data read from 'corrfunc.dat' u 1:column2[i]:column3[i] every ::0::(L-1)
        format = x:z:s
        #datapoints = 64
function used for fitting: f(x,a,mr,c)
	f(x,a,mr,c)=a*cosh((x-L/2)/mr)/mr+c
fitted parameters initialized with current variable values

iter      chisq       delta/lim  lambda   a             mr            c            
   0 4.1777565738e+03   0.00e+00  6.72e-01   -2.751629e-10   1.644695e+01   2.498136e-03
   2 4.1721044271e+03  -3.64e-03  6.72e-03   -2.750942e-10   1.646198e+01   3.136251e-03

After 2 iterations the fit converged.
final sum of squares of residuals : 4172.1
rel. change during last iteration : -3.63719e-08

degrees of freedom    (FIT_NDF)                        : 61
rms of residuals      (FIT_STDFIT) = sqrt(WSSR/ndf)    : 8.27014
variance of residuals (reduced chisquare) = WSSR/ndf   : 68.3952
p-value of the Chisq distribution (FIT_P)              : 0

Final set of parameters            Asymptotic Standard Error
=======================            ==========================
a               = -2.75094e-10     +/- 1.364        (4.958e+11%)
mr              = 16.462           +/- 2.327e+10    (1.413e+11%)
c               = 0.00313625       +/- 0.06216      (1982%)

correlation matrix of the fit parameters:
                a      mr     c      
a               1.000 
mr             -0.999  1.000 
c              -0.998  0.995  1.000 


*******************************************************************************
Fri Jan 30 14:48:40 2026


FIT:    data read from 'corrfunc.dat' u 1:column2[i]:column3[i] every ::0::(L-1)
        format = x:z:s
        #datapoints = 64
function used for fitting: f(x,a,mr,c)
	f(x,a,mr,c)=a*cosh((x-L/2)/mr)/mr+c
fitted parameters initialized with current variable values

iter      chisq       delta/lim  lambda   a             mr            c            
   0 6.8078777633e+03   0.00e+00  8.57e-01   -2.750942e-10   1.646198e+01   3.136251e-03
   2 6.8028109827e+03  -2.00e-03  8.57e-03   -2.750405e-10   1.647377e+01   3.730528e-03

After 2 iterations the fit converged.
final sum of squares of residuals : 6802.81
rel. change during last iteration : -1.99965e-08

degrees of freedom    (FIT_NDF)                        : 61
rms of residuals      (FIT_STDFIT) = sqrt(WSSR/ndf)    : 10.5604
variance of residuals (reduced chisquare) = WSSR/ndf   : 111.521
p-value of the Chisq distribution (FIT_P)              : 0

Final set of parameters            Asymptotic Standard Error
=======================            ==========================
a               = -2.7504e-10      +/- 1.679        (6.103e+11%)
mr              = 16.4738          +/- 2.871e+10    (1.743e+11%)
c               = 0.00373053       +/- 0.07608      (2039%)

correlation matrix of the fit parameters:
                a      mr     c      
a               1.000 
mr             -0.999  1.000 
c              -0.998  0.995  1.000 


*******************************************************************************
Fri Jan 30 14:48:40 2026


FIT:    data read from 'corrfunc.dat' u 1:column2[i]:column3[i] every ::0::(L-1)
        format = x:z:s
        #datapoints = 64
function used for fitting: f(x,a,mr,c)
	f(x,a,mr,c)=a*cosh((x-L/2)/mr)/mr+c
fitted parameters initialized with current variable values

iter      chisq       delta/lim  lambda   a             mr            c            
   0 6.3765303203e+03   0.00e+00  9.72e-01   -2.750405e-10   1.647377e+01   3.730528e-03
   2 6.3726702127e+03  -1.63e-03  9.72e-03   -2.749974e-10   1.648317e+01   4.274535e-03

After 2 iterations the fit converged.
final sum of squares of residuals : 6372.67
rel. change during last iteration : -1.62626e-08

degrees of freedom    (FIT_NDF)                        : 61
rms of residuals      (FIT_STDFIT) = sqrt(WSSR/ndf)    : 10.2211
variance of residuals (reduced chisquare) = WSSR/ndf   : 104.47
p-value of the Chisq distribution (FIT_P)              : 0

Final set of parameters            Asymptotic Standard Error
=======================            ==========================
a               = -2.74997e-10     +/- 1.707        (6.207e+11%)
mr              = 16.4832          +/- 2.916e+10    (1.769e+11%)
c               = 0.00427454       +/- 0.07742      (1811%)

correlation matrix of the fit parameters:
                a      mr     c      
a               1.000 
mr             -0.999  1.000 
c              -0.998  0.996  1.000 


*******************************************************************************
Fri Jan 30 14:48:40 2026


FIT:    data read from 'corrfunc.dat' u 1:column2[i]:column3[i] every ::0::(L-1)
        format = x:z:s
        #datapoints = 64
function used for fitting: f(x,a,mr,c)
	f(x,a,mr,c)=a*cosh((x-L/2)/mr)/mr+c
fitted parameters initialized with current variable values

iter      chisq       delta/lim  lambda   a             mr            c            
   0 4.8042391348e+03   0.00e+00  1.09e+00   -2.749974e-10   1.648317e+01   4.274535e-03
   2 4.8032528681e+03  -5.51e-04  1.09e-02   -2.749694e-10   1.648929e+01   3.994629e-03

After 2 iterations the fit converged.
final sum of squares of residuals : 4803.25
rel. change during last iteration : -5.51317e-09

degrees of freedom    (FIT_NDF)                        : 61
rms of residuals      (FIT_STDFIT) = sqrt(WSSR/ndf)    : 8.87366
variance of residuals (reduced chisquare) = WSSR/ndf   : 78.7419
p-value of the Chisq distribution (FIT_P)              : 0

Final set of parameters            Asymptotic Standard Error
=======================            ==========================
a               = -2.74969e-10     +/- 1.583        (5.757e+11%)
mr              = 16.4893          +/- 2.704e+10    (1.64e+11%)
c               = 0.00399463       +/- 0.0719       (1800%)

correlation matrix of the fit parameters:
                a      mr     c      
a               1.000 
mr             -0.999  1.000 
c              -0.998  0.996  1.000 


*******************************************************************************
Fri Jan 30 14:48:40 2026


FIT:    data read from 'corrfunc.dat' u 1:column2[i]:column3[i] every ::0::(L-1)
        format = x:z:s
        #datapoints = 64
function used for fitting: f(x,a,mr,c)
	f(x,a,mr,c)=a*cosh((x-L/2)/mr)/mr+c
fitted parameters initialized with current variable values

iter      chisq       delta/lim  lambda   a             mr            c            
   0 1.3320008388e+04   0.00e+00  1.01e+00   -2.749694e-10   1.648929e+01   3.994629e-03
   2 1.3263126573e+04  -1.15e-02  1.01e-02   -2.749082e-10   1.650273e+01   6.151248e-03

After 2 iterations the fit converged.
final sum of squares of residuals : 13263.1
rel. change during last iteration : -1.15138e-07

degrees of freedom    (FIT_NDF)                        : 61
rms of residuals      (FIT_STDFIT) = sqrt(WSSR/ndf)    : 14.7455
variance of residuals (reduced chisquare) = WSSR/ndf   : 217.428
p-value of the Chisq distribution (FIT_P)              : 0

Final set of parameters            Asymptotic Standard Error
=======================            ==========================
a               = -2.74908e-10     +/- 2.54         (9.239e+11%)
mr              = 16.5027          +/- 4.335e+10    (2.627e+11%)
c               = 0.00615125       +/- 0.1156       (1879%)

correlation matrix of the fit parameters:
                a      mr     c      
a               1.000 
mr             -0.999  1.000 
c              -0.998  0.995  1.000 


*******************************************************************************
Fri Jan 30 14:48:40 2026


FIT:    data read from 'corrfunc.dat' u 1:column2[i]:column3[i] every ::0::(L-1)
        format = x:z:s
        #datapoints = 64
function used for fitting: f(x,a,mr,c)
	f(x,a,mr,c)=a*cosh((x-L/2)/mr)/mr+c
fitted parameters initialized with current variable values

iter      chisq       delta/lim  lambda   a             mr            c            
   0 7.4154751547e+03   0.00e+00  1.40e+00   -2.749082e-10   1.650273e+01   6.151248e-03
   2 7.3775713401e+03  -1.38e-02  1.40e-02   -2.748898e-10   1.650677e+01   4.200180e-03

After 2 iterations the fit converged.
final sum of squares of residuals : 7377.57
rel. change during last iteration : -1.37929e-07

degrees of freedom    (FIT_NDF)                        : 61
rms of residuals      (FIT_STDFIT) = sqrt(WSSR/ndf)    : 10.9974
variance of residuals (reduced chisquare) = WSSR/ndf   : 120.944
p-value of the Chisq distribution (FIT_P)              : 0

Final set of parameters            Asymptotic Standard Error
=======================            ==========================
a               = -2.7489e-10      +/- 2.149        (7.819e+11%)
mr              = 16.5068          +/- 3.692e+10    (2.237e+11%)
c               = 0.00420018       +/- 0.09718      (2314%)

correlation matrix of the fit parameters:
                a      mr     c      
a               1.000 
mr             -0.999  1.000 
c              -0.998  0.995  1.000 


*******************************************************************************
Fri Jan 30 14:48:40 2026


FIT:    data read from 'corrfunc.dat' u 1:column2[i]:column3[i] every ::0::(L-1)
        format = x:z:s
        #datapoints = 64
function used for fitting: f(x,a,mr,c)
	f(x,a,mr,c)=a*cosh((x-L/2)/mr)/mr+c
fitted parameters initialized with current variable values

iter      chisq       delta/lim  lambda   a             mr            c            
   0 6.3196700840e+03   0.00e+00  9.64e-01   -2.748898e-10   1.650677e+01   4.200180e-03
   2 6.3005093771e+03  -8.16e-03  9.64e-03   -2.748473e-10   1.651607e+01   5.576198e-03

After 2 iterations the fit converged.
final sum of squares of residuals : 6300.51
rel. change during last iteration : -8.16444e-08

degrees of freedom    (FIT_NDF)                        : 61
rms of residuals      (FIT_STDFIT) = sqrt(WSSR/ndf)    : 10.163
variance of residuals (reduced chisquare) = WSSR/ndf   : 103.287
p-value of the Chisq distribution (FIT_P)              : 0

Final set of parameters            Asymptotic Standard Error
=======================            ==========================
a               = -2.74847e-10     +/- 1.905        (6.932e+11%)
mr              = 16.5161          +/- 3.255e+10    (1.971e+11%)
c               = 0.0055762        +/- 0.08697      (1560%)

correlation matrix of the fit parameters:
                a      mr     c      
a               1.000 
mr             -0.999  1.000 
c              -0.998  0.995  1.000 


*******************************************************************************
Fri Jan 30 14:48:40 2026


FIT:    data read from 'corrfunc.dat' u 1:column2[i]:column3[i] every ::0::(L-1)
        format = x:z:s
        #datapoints = 64
function used for fitting: f(x,a,mr,c)
	f(x,a,mr,c)=a*cosh((x-L/2)/mr)/mr+c
fitted parameters initialized with current variable values

iter      chisq       delta/lim  lambda   a             mr            c            
   0 5.4568374085e+03   0.00e+00  1.19e+00   -2.748473e-10   1.651607e+01   5.576198e-03
   2 5.4529889829e+03  -1.89e-03  1.19e-02   -2.748240e-10   1.652116e+01   4.913374e-03

After 2 iterations the fit converged.
final sum of squares of residuals : 5452.99
rel. change during last iteration : -1.89472e-08

degrees of freedom    (FIT_NDF)                        : 61
rms of residuals      (FIT_STDFIT) = sqrt(WSSR/ndf)    : 9.4548
variance of residuals (reduced chisquare) = WSSR/ndf   : 89.3933
p-value of the Chisq distribution (FIT_P)              : 0

Final set of parameters            Asymptotic Standard Error
=======================            ==========================
a               = -2.74824e-10     +/- 1.951        (7.099e+11%)
mr              = 16.5212          +/- 3.342e+10    (2.023e+11%)
c               = 0.00491337       +/- 0.08847      (1801%)

correlation matrix of the fit parameters:
                a      mr     c      
a               1.000 
mr             -0.999  1.000 
c              -0.998  0.995  1.000 


*******************************************************************************
Fri Jan 30 14:48:40 2026


FIT:    data read from 'corrfunc.dat' u 1:column2[i]:column3[i] every ::0::(L-1)
        format = x:z:s
        #datapoints = 64
function used for fitting: f(x,a,mr,c)
	f(x,a,mr,c)=a*cosh((x-L/2)/mr)/mr+c
fitted parameters initialized with current variable values

iter      chisq       delta/lim  lambda   a             mr            c            
   0 5.7899195701e+03   0.00e+00  9.69e-01   -2.748240e-10   1.652116e+01   4.913374e-03
   2 5.7863942685e+03  -1.64e-03  9.69e-03   -2.747931e-10   1.652796e+01   5.600269e-03

After 2 iterations the fit converged.
final sum of squares of residuals : 5786.39
rel. change during last iteration : -1.63564e-08

degrees of freedom    (FIT_NDF)                        : 61
rms of residuals      (FIT_STDFIT) = sqrt(WSSR/ndf)    : 9.73955
variance of residuals (reduced chisquare) = WSSR/ndf   : 94.8589
p-value of the Chisq distribution (FIT_P)              : 0

Final set of parameters            Asymptotic Standard Error
=======================            ==========================
a               = -2.74793e-10     +/- 2.243        (8.161e+11%)
mr              = 16.528           +/- 3.832e+10    (2.319e+11%)
c               = 0.00560027       +/- 0.1021       (1823%)

correlation matrix of the fit parameters:
                a      mr     c      
a               1.000 
mr             -0.999  1.000 
c              -0.998  0.996  1.000 


*******************************************************************************
Fri Jan 30 14:48:40 2026


FIT:    data read from 'corrfunc.dat' u 1:column2[i]:column3[i] every ::0::(L-1)
        format = x:z:s
        #datapoints = 64
function used for fitting: f(x,a,mr,c)
	f(x,a,mr,c)=a*cosh((x-L/2)/mr)/mr+c
fitted parameters initialized with current variable values

iter      chisq       delta/lim  lambda   a             mr            c            
   0 4.5354656857e+03   0.00e+00  1.15e+00   -2.747931e-10   1.652796e+01   5.600269e-03
   2 4.5305997529e+03  -2.88e-03  1.15e-02   -2.747733e-10   1.653228e+01   4.822469e-03

After 2 iterations the fit converged.
final sum of squares of residuals : 4530.6
rel. change during last iteration : -2.88338e-08

degrees of freedom    (FIT_NDF)                        : 61
rms of residuals      (FIT_STDFIT) = sqrt(WSSR/ndf)    : 8.61813
variance of residuals (reduced chisquare) = WSSR/ndf   : 74.2721
p-value of the Chisq distribution (FIT_P)              : 0

Final set of parameters            Asymptotic Standard Error
=======================            ==========================
a               = -2.74773e-10     +/- 1.881        (6.847e+11%)
mr              = 16.5323          +/- 3.239e+10    (1.959e+11%)
c               = 0.00482247       +/- 0.08496      (1762%)

correlation matrix of the fit parameters:
                a      mr     c      
a               1.000 
mr             -0.999  1.000 
c              -0.998  0.995  1.000 


*******************************************************************************
Fri Jan 30 14:48:40 2026


FIT:    data read from 'corrfunc.dat' u 1:column2[i]:column3[i] every ::0::(L-1)
        format = x:z:s
        #datapoints = 64
function used for fitting: f(x,a,mr,c)
	f(x,a,mr,c)=a*cosh((x-L/2)/mr)/mr+c
fitted parameters initialized with current variable values

iter      chisq       delta/lim  lambda   a             mr            c            
   0 4.4696568249e+03   0.00e+00  8.69e-01   -2.747733e-10   1.653228e+01   4.822469e-03
   2 4.4585542986e+03  -6.69e-03  8.69e-03   -2.747403e-10   1.653951e+01   6.156950e-03

After 2 iterations the fit converged.
final sum of squares of residuals : 4458.55
rel. change during last iteration : -6.68525e-08

degrees of freedom    (FIT_NDF)                        : 61
rms of residuals      (FIT_STDFIT) = sqrt(WSSR/ndf)    : 8.54933
variance of residuals (reduced chisquare) = WSSR/ndf   : 73.0911
p-value of the Chisq distribution (FIT_P)              : 0

Final set of parameters            Asymptotic Standard Error
=======================            ==========================
a               = -2.7474e-10      +/- 2.231        (8.122e+11%)
mr              = 16.5395          +/- 3.825e+10    (2.313e+11%)
c               = 0.00615695       +/- 0.101        (1640%)

correlation matrix of the fit parameters:
                a      mr     c      
a               1.000 
mr             -0.999  1.000 
c              -0.998  0.996  1.000 


*******************************************************************************
Fri Jan 30 14:48:40 2026


FIT:    data read from 'corrfunc.dat' u 1:column2[i]:column3[i] every ::0::(L-1)
        format = x:z:s
        #datapoints = 64
function used for fitting: f(x,a,mr,c)
	f(x,a,mr,c)=a*cosh((x-L/2)/mr)/mr+c
fitted parameters initialized with current variable values

iter      chisq       delta/lim  lambda   a             mr            c            
   0 8.4163707215e+03   0.00e+00  1.07e+00   -2.747403e-10   1.653951e+01   6.156950e-03
   2 8.3720087578e+03  -1.42e-02  1.07e-02   -2.747084e-10   1.654653e+01   8.917662e-03

After 2 iterations the fit converged.
final sum of squares of residuals : 8372.01
rel. change during last iteration : -1.42255e-07

degrees of freedom    (FIT_NDF)                        : 61
rms of residuals      (FIT_STDFIT) = sqrt(WSSR/ndf)    : 11.7152
variance of residuals (reduced chisquare) = WSSR/ndf   : 137.246
p-value of the Chisq distribution (FIT_P)              : 0

Final set of parameters            Asymptotic Standard Error
=======================            ==========================
a               = -2.74708e-10     +/- 2.904        (1.057e+12%)
mr              = 16.5465          +/- 4.976e+10    (3.007e+11%)
c               = 0.00891766       +/- 0.1319       (1479%)

correlation matrix of the fit parameters:
                a      mr     c      
a               1.000 
mr             -0.999  1.000 
c              -0.998  0.995  1.000 


*******************************************************************************
Fri Jan 30 14:48:40 2026


FIT:    data read from 'corrfunc.dat' u 1:column2[i]:column3[i] every ::0::(L-1)
        format = x:z:s
        #datapoints = 64
function used for fitting: f(x,a,mr,c)
	f(x,a,mr,c)=a*cosh((x-L/2)/mr)/mr+c
fitted parameters initialized with current variable values

iter      chisq       delta/lim  lambda   a             mr            c            
   0 1.1880482173e+04   0.00e+00  1.63e+00   -2.747084e-10   1.654653e+01   8.917662e-03
   2 1.1869011588e+04  -2.59e-03  1.63e-02   -2.746911e-10   1.655033e+01   1.025680e-02

After 2 iterations the fit converged.
final sum of squares of residuals : 11869
rel. change during last iteration : -2.59454e-08

degrees of freedom    (FIT_NDF)                        : 61
rms of residuals      (FIT_STDFIT) = sqrt(WSSR/ndf)    : 13.949
variance of residuals (reduced chisquare) = WSSR/ndf   : 194.574
p-value of the Chisq distribution (FIT_P)              : 0

Final set of parameters            Asymptotic Standard Error
=======================            ==========================
a               = -2.74691e-10     +/- 3.297        (1.2e+12%)
mr              = 16.5503          +/- 5.652e+10    (3.415e+11%)
c               = 0.0102568        +/- 0.1497       (1459%)

correlation matrix of the fit parameters:
                a      mr     c      
a               1.000 
mr             -0.999  1.000 
c              -0.998  0.995  1.000 


*******************************************************************************
Fri Jan 30 14:48:40 2026


FIT:    data read from 'corrfunc.dat' u 1:column2[i]:column3[i] every ::0::(L-1)
        format = x:z:s
        #datapoints = 64
function used for fitting: f(x,a,mr,c)
	f(x,a,mr,c)=a*cosh((x-L/2)/mr)/mr+c
fitted parameters initialized with current variable values

iter      chisq       delta/lim  lambda   a             mr            c            
   0 8.2630389425e+03   0.00e+00  1.69e+00   -2.746911e-10   1.655033e+01   1.025680e-02
   2 8.2016274879e+03  -2.01e-02  1.69e-02   -2.746800e-10   1.655276e+01   6.820125e-03

After 2 iterations the fit converged.
final sum of squares of residuals : 8201.63
rel. change during last iteration : -2.01018e-07

degrees of freedom    (FIT_NDF)                        : 61
rms of residuals      (FIT_STDFIT) = sqrt(WSSR/ndf)    : 11.5954
variance of residuals (reduced chisquare) = WSSR/ndf   : 134.453
p-value of the Chisq distribution (FIT_P)              : 0

Final set of parameters            Asymptotic Standard Error
=======================            ==========================
a               = -2.7468e-10      +/- 3.277        (1.193e+12%)
mr              = 16.5528          +/- 5.641e+10    (3.408e+11%)
c               = 0.00682012       +/- 0.1477       (2165%)

correlation matrix of the fit parameters:
                a      mr     c      
a               1.000 
mr             -0.999  1.000 
c              -0.998  0.996  1.000 


*******************************************************************************
Fri Jan 30 14:48:40 2026


FIT:    data read from 'corrfunc.dat' u 1:column2[i]:column3[i] every ::0::(L-1)
        format = x:z:s
        #datapoints = 64
function used for fitting: f(x,a,mr,c)
	f(x,a,mr,c)=a*cosh((x-L/2)/mr)/mr+c
fitted parameters initialized with current variable values

iter      chisq       delta/lim  lambda   a             mr            c            
   0 5.8197591019e+03   0.00e+00  1.11e+00   -2.746800e-10   1.655276e+01   6.820125e-03
   2 5.8173756053e+03  -1.10e-03  1.11e-02   -2.746586e-10   1.655745e+01   7.504276e-03

After 2 iterations the fit converged.
final sum of squares of residuals : 5817.38
rel. change during last iteration : -1.09999e-08

degrees of freedom    (FIT_NDF)                        : 61
rms of residuals      (FIT_STDFIT) = sqrt(WSSR/ndf)    : 9.76559
variance of residuals (reduced chisquare) = WSSR/ndf   : 95.3668
p-value of the Chisq distribution (FIT_P)              : 0

Final set of parameters            Asymptotic Standard Error
=======================            ==========================
a               = -2.74659e-10     +/- 2.755        (1.003e+12%)
mr              = 16.5574          +/- 4.744e+10    (2.865e+11%)
c               = 0.00750428       +/- 0.1241       (1654%)

correlation matrix of the fit parameters:
                a      mr     c      
a               1.000 
mr             -0.999  1.000 
c              -0.998  0.996  1.000 


*******************************************************************************
Fri Jan 30 14:48:40 2026


FIT:    data read from 'corrfunc.dat' u 1:column2[i]:column3[i] every ::0::(L-1)
        format = x:z:s
        #datapoints = 64
function used for fitting: f(x,a,mr,c)
	f(x,a,mr,c)=a*cosh((x-L/2)/mr)/mr+c
fitted parameters initialized with current variable values

iter      chisq       delta/lim  lambda   a             mr            c            
   0 1.4153679283e+04   0.00e+00  1.07e+00   -2.746586e-10   1.655745e+01   7.504276e-03
   2 1.3849151931e+04  -5.90e-02  1.07e-02   -2.746193e-10   1.656609e+01   1.634310e-02

After 2 iterations the fit converged.
final sum of squares of residuals : 13849.2
rel. change during last iteration : -5.90322e-07

degrees of freedom    (FIT_NDF)                        : 61
rms of residuals      (FIT_STDFIT) = sqrt(WSSR/ndf)    : 15.0677
variance of residuals (reduced chisquare) = WSSR/ndf   : 227.035
p-value of the Chisq distribution (FIT_P)              : 0

Final set of parameters            Asymptotic Standard Error
=======================            ==========================
a               = -2.74619e-10     +/- 4.415        (1.608e+12%)
mr              = 16.5661          +/- 7.57e+10     (4.57e+11%)
c               = 0.0163431        +/- 0.2          (1223%)

correlation matrix of the fit parameters:
                a      mr     c      
a               1.000 
mr             -0.999  1.000 
c              -0.998  0.995  1.000 


*******************************************************************************
Fri Jan 30 14:48:40 2026


FIT:    data read from 'corrfunc.dat' u 1:column2[i]:column3[i] every ::0::(L-1)
        format = x:z:s
        #datapoints = 64
function used for fitting: f(x,a,mr,c)
	f(x,a,mr,c)=a*cosh((x-L/2)/mr)/mr+c
fitted parameters initialized with current variable values

iter      chisq       delta/lim  lambda   a             mr            c            
   0 1.1145692134e+04   0.00e+00  2.24e+00   -2.746193e-10   1.656609e+01   1.634310e-02
   2 1.1103682290e+04  -1.02e-02  2.24e-02   -2.746123e-10   1.656763e+01   1.292874e-02

After 2 iterations the fit converged.
final sum of squares of residuals : 11103.7
rel. change during last iteration : -1.01571e-07

degrees of freedom    (FIT_NDF)                        : 61
rms of residuals      (FIT_STDFIT) = sqrt(WSSR/ndf)    : 13.4918
variance of residuals (reduced chisquare) = WSSR/ndf   : 182.028
p-value of the Chisq distribution (FIT_P)              : 0

Final set of parameters            Asymptotic Standard Error
=======================            ==========================
a               = -2.74612e-10     +/- 4.278        (1.558e+12%)
mr              = 16.5676          +/- 7.366e+10    (4.446e+11%)
c               = 0.0129287        +/- 0.1931       (1494%)

correlation matrix of the fit parameters:
                a      mr     c      
a               1.000 
mr             -0.999  1.000 
c              -0.998  0.995  1.000 


*******************************************************************************
Fri Jan 30 14:48:40 2026


FIT:    data read from 'corrfunc.dat' u 1:column2[i]:column3[i] every ::0::(L-1)
        format = x:z:s
        #datapoints = 64
function used for fitting: f(x,a,mr,c)
	f(x,a,mr,c)=a*cosh((x-L/2)/mr)/mr+c
fitted parameters initialized with current variable values

iter      chisq       delta/lim  lambda   a             mr            c            
   0 1.3930139741e+04   0.00e+00  1.68e+00   -2.746123e-10   1.656763e+01   1.292874e-02
   2 1.3859593066e+04  -1.37e-02  1.68e-02   -2.745971e-10   1.657095e+01   1.759195e-02

After 2 iterations the fit converged.
final sum of squares of residuals : 13859.6
rel. change during last iteration : -1.36651e-07

degrees of freedom    (FIT_NDF)                        : 61
rms of residuals      (FIT_STDFIT) = sqrt(WSSR/ndf)    : 15.0734
variance of residuals (reduced chisquare) = WSSR/ndf   : 227.206
p-value of the Chisq distribution (FIT_P)              : 0

Final set of parameters            Asymptotic Standard Error
=======================            ==========================
a               = -2.74597e-10     +/- 4.93         (1.796e+12%)
mr              = 16.5709          +/- 8.462e+10    (5.107e+11%)
c               = 0.017592         +/- 0.2228       (1267%)

correlation matrix of the fit parameters:
                a      mr     c      
a               1.000 
mr             -0.999  1.000 
c              -0.998  0.995  1.000 


*******************************************************************************
Fri Jan 30 14:48:40 2026


FIT:    data read from 'corrfunc.dat' u 1:column2[i]:column3[i] every ::0::(L-1)
        format = x:z:s
        #datapoints = 64
function used for fitting: f(x,a,mr,c)
	f(x,a,mr,c)=a*cosh((x-L/2)/mr)/mr+c
fitted parameters initialized with current variable values

iter      chisq       delta/lim  lambda   a             mr            c            
   0 1.1092301833e+04   0.00e+00  2.14e+00   -2.745971e-10   1.657095e+01   1.759195e-02
   2 1.1033251863e+04  -1.44e-02  2.14e-02   -2.745908e-10   1.657234e+01   1.303487e-02

After 2 iterations the fit converged.
final sum of squares of residuals : 11033.3
rel. change during last iteration : -1.43682e-07

degrees of freedom    (FIT_NDF)                        : 61
rms of residuals      (FIT_STDFIT) = sqrt(WSSR/ndf)    : 13.4489
variance of residuals (reduced chisquare) = WSSR/ndf   : 180.873
p-value of the Chisq distribution (FIT_P)              : 0

Final set of parameters            Asymptotic Standard Error
=======================            ==========================
a               = -2.74591e-10     +/- 4.959        (1.806e+12%)
mr              = 16.5723          +/- 8.57e+10     (5.171e+11%)
c               = 0.0130349        +/- 0.2229       (1710%)

correlation matrix of the fit parameters:
                a      mr     c      
a               1.000 
mr             -0.999  1.000 
c              -0.998  0.995  1.000 


*******************************************************************************
Fri Jan 30 14:48:40 2026


FIT:    data read from 'corrfunc.dat' u 1:column2[i]:column3[i] every ::0::(L-1)
        format = x:z:s
        #datapoints = 64
function used for fitting: f(x,a,mr,c)
	f(x,a,mr,c)=a*cosh((x-L/2)/mr)/mr+c
fitted parameters initialized with current variable values

iter      chisq       delta/lim  lambda   a             mr            c            
   0 1.8378350668e+04   0.00e+00  1.53e+00   -2.745908e-10   1.657234e+01   1.303487e-02
   2 1.8124601729e+04  -3.76e-02  1.53e-02   -2.745707e-10   1.657676e+01   2.280101e-02

After 2 iterations the fit converged.
final sum of squares of residuals : 18124.6
rel. change during last iteration : -3.75856e-07

degrees of freedom    (FIT_NDF)                        : 61
rms of residuals      (FIT_STDFIT) = sqrt(WSSR/ndf)    : 17.2373
variance of residuals (reduced chisquare) = WSSR/ndf   : 297.125
p-value of the Chisq distribution (FIT_P)              : 0

Final set of parameters            Asymptotic Standard Error
=======================            ==========================
a               = -2.74571e-10     +/- 6.212        (2.262e+12%)
mr              = 16.5768          +/- 1.064e+11    (6.418e+11%)
c               = 0.022801         +/- 0.2827       (1240%)

correlation matrix of the fit parameters:
                a      mr     c      
a               1.000 
mr             -0.999  1.000 
c              -0.998  0.995  1.000 


*******************************************************************************
Fri Jan 30 14:48:40 2026


FIT:    data read from 'corrfunc.dat' u 1:column2[i]:column3[i] every ::0::(L-1)
        format = x:z:s
        #datapoints = 64
function used for fitting: f(x,a,mr,c)
	f(x,a,mr,c)=a*cosh((x-L/2)/mr)/mr+c
fitted parameters initialized with current variable values

iter      chisq       delta/lim  lambda   a             mr            c            
   0 7.6314753982e+03   0.00e+00  2.40e+00   -2.745707e-10   1.657676e+01   2.280101e-02
   2 7.5139333966e+03  -4.20e-02  2.40e-02   -2.745666e-10   1.657765e+01   1.536151e-02

After 2 iterations the fit converged.
final sum of squares of residuals : 7513.93
rel. change during last iteration : -4.19963e-07

degrees of freedom    (FIT_NDF)                        : 61
rms of residuals      (FIT_STDFIT) = sqrt(WSSR/ndf)    : 11.0986
variance of residuals (reduced chisquare) = WSSR/ndf   : 123.179
p-value of the Chisq distribution (FIT_P)              : 0

Final set of parameters            Asymptotic Standard Error
=======================            ==========================
a               = -2.74567e-10     +/- 4.894        (1.782e+12%)
mr              = 16.5777          +/- 8.46e+10     (5.104e+11%)
c               = 0.0153615        +/- 0.22         (1432%)

correlation matrix of the fit parameters:
                a      mr     c      
a               1.000 
mr             -0.999  1.000 
c              -0.998  0.996  1.000 


*******************************************************************************
Fri Jan 30 14:48:40 2026


FIT:    data read from 'corrfunc.dat' u 1:column2[i]:column3[i] every ::0::(L-1)
        format = x:z:s
        #datapoints = 64
function used for fitting: f(x,a,mr,c)
	f(x,a,mr,c)=a*cosh((x-L/2)/mr)/mr+c
fitted parameters initialized with current variable values

iter      chisq       delta/lim  lambda   a             mr            c            
   0 1.1779776131e+04   0.00e+00  1.52e+00   -2.745666e-10   1.657765e+01   1.536151e-02
   2 1.1662807311e+04  -2.69e-02  1.52e-02   -2.745543e-10   1.658033e+01   2.327145e-02

After 2 iterations the fit converged.
final sum of squares of residuals : 11662.8
rel. change during last iteration : -2.69248e-07

degrees of freedom    (FIT_NDF)                        : 61
rms of residuals      (FIT_STDFIT) = sqrt(WSSR/ndf)    : 13.8273
variance of residuals (reduced chisquare) = WSSR/ndf   : 191.194
p-value of the Chisq distribution (FIT_P)              : 0

Final set of parameters            Asymptotic Standard Error
=======================            ==========================
a               = -2.74554e-10     +/- 6.207        (2.261e+12%)
mr              = 16.5803          +/- 1.069e+11    (6.45e+11%)
c               = 0.0232714        +/- 0.2808       (1206%)

correlation matrix of the fit parameters:
                a      mr     c      
a               1.000 
mr             -0.999  1.000 
c              -0.998  0.995  1.000 


*******************************************************************************
Fri Jan 30 14:48:40 2026


FIT:    data read from 'corrfunc.dat' u 1:column2[i]:column3[i] every ::0::(L-1)
        format = x:z:s
        #datapoints = 64
function used for fitting: f(x,a,mr,c)
	f(x,a,mr,c)=a*cosh((x-L/2)/mr)/mr+c
fitted parameters initialized with current variable values

iter      chisq       delta/lim  lambda   a             mr            c            
   0 1.3526163606e+04   0.00e+00  2.12e+00   -2.745543e-10   1.658033e+01   2.327145e-02
   2 1.3466339673e+04  -1.19e-02  2.12e-02   -2.745471e-10   1.658191e+01   2.938553e-02

After 2 iterations the fit converged.
final sum of squares of residuals : 13466.3
rel. change during last iteration : -1.19264e-07

degrees of freedom    (FIT_NDF)                        : 61
rms of residuals      (FIT_STDFIT) = sqrt(WSSR/ndf)    : 14.858
variance of residuals (reduced chisquare) = WSSR/ndf   : 220.76
p-value of the Chisq distribution (FIT_P)              : 0

Final set of parameters            Asymptotic Standard Error
=======================            ==========================
a               = -2.74547e-10     +/- 7.24         (2.637e+12%)
mr              = 16.5819          +/- 1.245e+11    (7.506e+11%)
c               = 0.0293855        +/- 0.3275       (1115%)

correlation matrix of the fit parameters:
                a      mr     c      
a               1.000 
mr             -0.999  1.000 
c              -0.998  0.996  1.000 


*******************************************************************************
Fri Jan 30 14:48:40 2026


FIT:    data read from 'corrfunc.dat' u 1:column2[i]:column3[i] every ::0::(L-1)
        format = x:z:s
        #datapoints = 64
function used for fitting: f(x,a,mr,c)
	f(x,a,mr,c)=a*cosh((x-L/2)/mr)/mr+c
fitted parameters initialized with current variable values

iter      chisq       delta/lim  lambda   a             mr            c            
   0 2.2481108457e+04   0.00e+00  2.38e+00   -2.745471e-10   1.658191e+01   2.938553e-02
   2 2.2204736287e+04  -3.34e-02  2.38e-02   -2.745398e-10   1.658350e+01   4.422471e-02

After 2 iterations the fit converged.
final sum of squares of residuals : 22204.7
rel. change during last iteration : -3.34144e-07

degrees of freedom    (FIT_NDF)                        : 61
rms of residuals      (FIT_STDFIT) = sqrt(WSSR/ndf)    : 19.0791
variance of residuals (reduced chisquare) = WSSR/ndf   : 364.012
p-value of the Chisq distribution (FIT_P)              : 0

Final set of parameters            Asymptotic Standard Error
=======================            ==========================
a               = -2.7454e-10      +/- 10.13        (3.689e+12%)
mr              = 16.5835          +/- 1.736e+11    (1.047e+12%)
c               = 0.0442247        +/- 0.4579       (1036%)

correlation matrix of the fit parameters:
                a      mr     c      
a               1.000 
mr             -0.999  1.000 
c              -0.998  0.996  1.000 


*******************************************************************************
Fri Jan 30 14:48:40 2026


FIT:    data read from 'corrfunc.dat' u 1:column2[i]:column3[i] every ::0::(L-1)
        format = x:z:s
        #datapoints = 64
function used for fitting: f(x,a,mr,c)
	f(x,a,mr,c)=a*cosh((x-L/2)/mr)/mr+c
fitted parameters initialized with current variable values

iter      chisq       delta/lim  lambda   a             mr            c            
   0 1.6985379822e+04   0.00e+00  3.39e+00   -2.745398e-10   1.658350e+01   4.422471e-02
   2 1.6966374558e+04  -3.01e-03  3.39e-02   -2.745372e-10   1.658408e+01   4.012332e-02

After 2 iterations the fit converged.
final sum of squares of residuals : 16966.4
rel. change during last iteration : -3.00726e-08

degrees of freedom    (FIT_NDF)                        : 61
rms of residuals      (FIT_STDFIT) = sqrt(WSSR/ndf)    : 16.6774
variance of residuals (reduced chisquare) = WSSR/ndf   : 278.137
p-value of the Chisq distribution (FIT_P)              : 0

Final set of parameters            Asymptotic Standard Error
=======================            ==========================
a               = -2.74537e-10     +/- 9.7          (3.533e+12%)
mr              = 16.5841          +/- 1.673e+11    (1.009e+12%)
c               = 0.0401233        +/- 0.4365       (1088%)

correlation matrix of the fit parameters:
                a      mr     c      
a               1.000 
mr             -0.999  1.000 
c              -0.998  0.996  1.000 


*******************************************************************************
Fri Jan 30 14:48:40 2026


FIT:    data read from 'corrfunc.dat' u 1:column2[i]:column3[i] every ::0::(L-1)
        format = x:z:s
        #datapoints = 64
function used for fitting: f(x,a,mr,c)
	f(x,a,mr,c)=a*cosh((x-L/2)/mr)/mr+c
fitted parameters initialized with current variable values

iter      chisq       delta/lim  lambda   a             mr            c            
   0 2.3233098430e+04   0.00e+00  3.06e+00   -2.745372e-10   1.658408e+01   4.012332e-02
   2 2.2923843022e+04  -3.62e-02  3.06e-02   -2.745325e-10   1.658509e+01   5.677213e-02

After 2 iterations the fit converged.
final sum of squares of residuals : 22923.8
rel. change during last iteration : -3.62172e-07

degrees of freedom    (FIT_NDF)                        : 61
rms of residuals      (FIT_STDFIT) = sqrt(WSSR/ndf)    : 19.3856
variance of residuals (reduced chisquare) = WSSR/ndf   : 375.801
p-value of the Chisq distribution (FIT_P)              : 0

Final set of parameters            Asymptotic Standard Error
=======================            ==========================
a               = -2.74533e-10     +/- 10.77        (3.923e+12%)
mr              = 16.5851          +/- 1.854e+11    (1.118e+12%)
c               = 0.0567721        +/- 0.484        (852.6%)

correlation matrix of the fit parameters:
                a      mr     c      
a               1.000 
mr             -0.999  1.000 
c              -0.998  0.996  1.000 


*******************************************************************************
Fri Jan 30 14:48:40 2026


FIT:    data read from 'corrfunc.dat' u 1:column2[i]:column3[i] every ::0::(L-1)
        format = x:z:s
        #datapoints = 64
function used for fitting: f(x,a,mr,c)
	f(x,a,mr,c)=a*cosh((x-L/2)/mr)/mr+c
fitted parameters initialized with current variable values

iter      chisq       delta/lim  lambda   a             mr            c            
   0 1.9623238637e+04   0.00e+00  3.55e+00   -2.745325e-10   1.658509e+01   5.677213e-02
   2 1.9602242180e+04  -2.88e-03  3.55e-02   -2.745302e-10   1.658559e+01   6.206768e-02

After 2 iterations the fit converged.
final sum of squares of residuals : 19602.2
rel. change during last iteration : -2.87558e-08

degrees of freedom    (FIT_NDF)                        : 61
rms of residuals      (FIT_STDFIT) = sqrt(WSSR/ndf)    : 17.9262
variance of residuals (reduced chisquare) = WSSR/ndf   : 321.348
p-value of the Chisq distribution (FIT_P)              : 0

Final set of parameters            Asymptotic Standard Error
=======================            ==========================
a               = -2.7453e-10      +/- 12.67        (4.616e+12%)
mr              = 16.5856          +/- 2.185e+11    (1.317e+12%)
c               = 0.0620677        +/- 0.5722       (921.8%)

correlation matrix of the fit parameters:
                a      mr     c      
a               1.000 
mr             -0.999  1.000 
c              -0.998  0.995  1.000 


*******************************************************************************
Fri Jan 30 14:48:40 2026


FIT:    data read from 'corrfunc.dat' u 1:column2[i]:column3[i] every ::0::(L-1)
        format = x:z:s
        #datapoints = 64
function used for fitting: f(x,a,mr,c)
	f(x,a,mr,c)=a*cosh((x-L/2)/mr)/mr+c
fitted parameters initialized with current variable values

iter      chisq       delta/lim  lambda   a             mr            c            
   0 2.7453483476e+04   0.00e+00  3.39e+00   -2.745302e-10   1.658559e+01   6.206768e-02
   2 2.7092222509e+04  -3.58e-02  3.39e-02   -2.745274e-10   1.658622e+01   8.720233e-02

After 2 iterations the fit converged.
final sum of squares of residuals : 27092.2
rel. change during last iteration : -3.57983e-07

degrees of freedom    (FIT_NDF)                        : 61
rms of residuals      (FIT_STDFIT) = sqrt(WSSR/ndf)    : 21.0745
variance of residuals (reduced chisquare) = WSSR/ndf   : 444.135
p-value of the Chisq distribution (FIT_P)              : 0

Final set of parameters            Asymptotic Standard Error
=======================            ==========================
a               = -2.74527e-10     +/- 15.8         (5.756e+12%)
mr              = 16.5862          +/- 2.712e+11    (1.635e+12%)
c               = 0.0872023        +/- 0.7159       (821%)

correlation matrix of the fit parameters:
                a      mr     c      
a               1.000 
mr             -0.999  1.000 
c              -0.998  0.995  1.000 


*******************************************************************************
Fri Jan 30 14:48:40 2026


FIT:    data read from 'corrfunc.dat' u 1:column2[i]:column3[i] every ::0::(L-1)
        format = x:z:s
        #datapoints = 64
function used for fitting: f(x,a,mr,c)
	f(x,a,mr,c)=a*cosh((x-L/2)/mr)/mr+c
fitted parameters initialized with current variable values

iter      chisq       delta/lim  lambda   a             mr            c            
   0 2.5756811854e+04   0.00e+00  4.45e+00   -2.745274e-10   1.658622e+01   8.720233e-02
   2 2.5491650883e+04  -2.79e-02  4.45e-02   -2.745258e-10   1.658657e+01   1.102430e-01

After 2 iterations the fit converged.
final sum of squares of residuals : 25491.7
rel. change during last iteration : -2.79252e-07

degrees of freedom    (FIT_NDF)                        : 61
rms of residuals      (FIT_STDFIT) = sqrt(WSSR/ndf)    : 20.4425
variance of residuals (reduced chisquare) = WSSR/ndf   : 417.896
p-value of the Chisq distribution (FIT_P)              : 0

Final set of parameters            Asymptotic Standard Error
=======================            ==========================
a               = -2.74526e-10     +/- 18.17        (6.619e+12%)
mr              = 16.5866          +/- 3.124e+11    (1.883e+12%)
c               = 0.110243         +/- 0.8188       (742.7%)

correlation matrix of the fit parameters:
                a      mr     c      
a               1.000 
mr             -0.999  1.000 
c              -0.998  0.996  1.000 


*******************************************************************************
Fri Jan 30 14:48:40 2026


FIT:    data read from 'corrfunc.dat' u 1:column2[i]:column3[i] every ::0::(L-1)
        format = x:z:s
        #datapoints = 64
function used for fitting: f(x,a,mr,c)
	f(x,a,mr,c)=a*cosh((x-L/2)/mr)/mr+c
fitted parameters initialized with current variable values

iter      chisq       delta/lim  lambda   a             mr            c            
   0 3.4419657617e+04   0.00e+00  4.94e+00   -2.745258e-10   1.658657e+01   1.102430e-01
   2 3.4265672603e+04  -1.21e-02  4.94e-02   -2.745244e-10   1.658687e+01   1.302425e-01

After 2 iterations the fit converged.
final sum of squares of residuals : 34265.7
rel. change during last iteration : -1.20644e-07

degrees of freedom    (FIT_NDF)                        : 61
rms of residuals      (FIT_STDFIT) = sqrt(WSSR/ndf)    : 23.7009
variance of residuals (reduced chisquare) = WSSR/ndf   : 561.732
p-value of the Chisq distribution (FIT_P)              : 0

Final set of parameters            Asymptotic Standard Error
=======================            ==========================
a               = -2.74524e-10     +/- 22.75        (8.286e+12%)
mr              = 16.5869          +/- 3.906e+11    (2.355e+12%)
c               = 0.130243         +/- 1.024        (786.6%)

correlation matrix of the fit parameters:
                a      mr     c      
a               1.000 
mr             -0.999  1.000 
c              -0.998  0.996  1.000 


*******************************************************************************
Fri Jan 30 14:48:40 2026


FIT:    data read from 'corrfunc.dat' u 1:column2[i]:column3[i] every ::0::(L-1)
        format = x:z:s
        #datapoints = 64
function used for fitting: f(x,a,mr,c)
	f(x,a,mr,c)=a*cosh((x-L/2)/mr)/mr+c
fitted parameters initialized with current variable values

iter      chisq       delta/lim  lambda   a             mr            c            
   0 3.3321766414e+04   0.00e+00  5.13e+00   -2.745244e-10   1.658687e+01   1.302425e-01
   2 3.1496415549e+04  -1.56e-01  5.13e-02   -2.745233e-10   1.658711e+01   2.085978e-01

After 2 iterations the fit converged.
final sum of squares of residuals : 31496.4
rel. change during last iteration : -1.55586e-06

degrees of freedom    (FIT_NDF)                        : 61
rms of residuals      (FIT_STDFIT) = sqrt(WSSR/ndf)    : 22.723
variance of residuals (reduced chisquare) = WSSR/ndf   : 516.335
p-value of the Chisq distribution (FIT_P)              : 0

Final set of parameters            Asymptotic Standard Error
=======================            ==========================
a               = -2.74523e-10     +/- 24.9         (9.069e+12%)
mr              = 16.5871          +/- 4.275e+11    (2.577e+12%)
c               = 0.208598         +/- 1.132        (542.7%)

correlation matrix of the fit parameters:
                a      mr     c      
a               1.000 
mr             -0.999  1.000 
c              -0.998  0.995  1.000 


*******************************************************************************
Fri Jan 30 14:48:40 2026


FIT:    data read from 'corrfunc.dat' u 1:column2[i]:column3[i] every ::0::(L-1)
        format = x:z:s
        #datapoints = 64
function used for fitting: f(x,a,mr,c)
	f(x,a,mr,c)=a*cosh((x-L/2)/mr)/mr+c
fitted parameters initialized with current variable values

iter      chisq       delta/lim  lambda   a             mr            c            
   0 5.0113749073e+04   0.00e+00  6.85e+00   -2.745233e-10   1.658711e+01   2.085978e-01
   2 4.5005474517e+04  -3.05e-01  6.85e-02   -2.745225e-10   1.658727e+01   3.657104e-01

After 2 iterations the fit converged.
final sum of squares of residuals : 45005.5
rel. change during last iteration : -3.04715e-06

degrees of freedom    (FIT_NDF)                        : 61
rms of residuals      (FIT_STDFIT) = sqrt(WSSR/ndf)    : 27.1624
variance of residuals (reduced chisquare) = WSSR/ndf   : 737.795
p-value of the Chisq distribution (FIT_P)              : 0

Final set of parameters            Asymptotic Standard Error
=======================            ==========================
a               = -2.74523e-10     +/- 33.73        (1.229e+13%)
mr              = 16.5873          +/- 5.745e+11    (3.464e+12%)
c               = 0.36571          +/- 1.545        (422.5%)

correlation matrix of the fit parameters:
                a      mr     c      
a               1.000 
mr             -0.999  1.000 
c              -0.998  0.995  1.000 


*******************************************************************************
Fri Jan 30 14:48:40 2026


FIT:    data read from 'corrfunc.dat' u 1:column2[i]:column3[i] every ::0::(L-1)
        format = x:z:s
        #datapoints = 64
function used for fitting: f(x,a,mr,c)
	f(x,a,mr,c)=a*cosh((x-L/2)/mr)/mr+c
fitted parameters initialized with current variable values

iter      chisq       delta/lim  lambda   a             mr            c            
   0 6.9172888408e+04   0.00e+00  1.13e+01   -2.745225e-10   1.658727e+01   3.657104e-01
   2 5.8816896744e+04  -4.73e-01  1.13e-01   -2.745222e-10   1.658733e+01   6.036881e-01

After 2 iterations the fit converged.
final sum of squares of residuals : 58816.9
rel. change during last iteration : -4.72688e-06

degrees of freedom    (FIT_NDF)                        : 61
rms of residuals      (FIT_STDFIT) = sqrt(WSSR/ndf)    : 31.0518
variance of residuals (reduced chisquare) = WSSR/ndf   : 964.211
p-value of the Chisq distribution (FIT_P)              : 0

Final set of parameters            Asymptotic Standard Error
=======================            ==========================
a               = -2.74522e-10     +/- 42.85        (1.561e+13%)
mr              = 16.5873          +/- 7.285e+11    (4.392e+12%)
c               = 0.603688         +/- 1.962        (324.9%)

correlation matrix of the fit parameters:
                a      mr     c      
a               1.000 
mr             -0.999  1.000 
c              -0.997  0.995  1.000 


*******************************************************************************
Fri Jan 30 14:48:40 2026


FIT:    data read from 'corrfunc.dat' u 1:column2[i]:column3[i] every ::0::(L-1)
        format = x:z:s
        #datapoints = 64
function used for fitting: f(x,a,mr,c)
	f(x,a,mr,c)=a*cosh((x-L/2)/mr)/mr+c
fitted parameters initialized with current variable values

iter      chisq       delta/lim  lambda   a             mr            c            
   0 6.3643733668e+04   0.00e+00  1.61e+01   -2.745222e-10   1.658733e+01   6.036881e-01
   2 5.7575238625e+04  -2.83e-01  1.61e-01   -2.745221e-10   1.658736e+01   8.150674e-01

After 2 iterations the fit converged.
final sum of squares of residuals : 57575.2
rel. change during last iteration : -2.82964e-06

degrees of freedom    (FIT_NDF)                        : 61
rms of residuals      (FIT_STDFIT) = sqrt(WSSR/ndf)    : 30.7222
variance of residuals (reduced chisquare) = WSSR/ndf   : 943.856
p-value of the Chisq distribution (FIT_P)              : 0

Final set of parameters            Asymptotic Standard Error
=======================            ==========================
a               = -2.74522e-10     +/- 47.36        (1.725e+13%)
mr              = 16.5874          +/- 7.98e+11     (4.811e+12%)
c               = 0.815067         +/- 2.217        (272.1%)

correlation matrix of the fit parameters:
                a      mr     c      
a               1.000 
mr             -0.999  1.000 
c              -0.997  0.994  1.000 


*******************************************************************************
Fri Jan 30 14:48:40 2026


FIT:    data read from 'corrfunc.dat' u 1:column2[i]:column3[i] every ::0::(L-1)
        format = x:z:s
        #datapoints = 64
function used for fitting: f(x,a,mr,c)
	f(x,a,mr,c)=a*cosh((x-L/2)/mr)/mr+c
fitted parameters initialized with current variable values

iter      chisq       delta/lim  lambda   a             mr            c            
   0 5.5885231331e+04   0.00e+00  1.58e+01   -2.745221e-10   1.658736e+01   8.150674e-01
   2 4.4895465384e+04  -6.57e-01  1.58e-01   -2.745220e-10   1.658738e+01   1.205238e+00

After 2 iterations the fit converged.
final sum of squares of residuals : 44895.5
rel. change during last iteration : -6.5716e-06

degrees of freedom    (FIT_NDF)                        : 61
rms of residuals      (FIT_STDFIT) = sqrt(WSSR/ndf)    : 27.1292
variance of residuals (reduced chisquare) = WSSR/ndf   : 735.991
p-value of the Chisq distribution (FIT_P)              : 0

Final set of parameters            Asymptotic Standard Error
=======================            ==========================
a               = -2.74522e-10     +/- 54.04        (1.968e+13%)
mr              = 16.5874          +/- 9.07e+11     (5.468e+12%)
c               = 1.20524          +/- 2.52         (209.1%)

correlation matrix of the fit parameters:
                a      mr     c      
a               1.000 
mr             -0.999  1.000 
c              -0.997  0.993  1.000 


*******************************************************************************
Fri Jan 30 14:48:40 2026


FIT:    data read from 'corrfunc.dat' u 1:column2[i]:column3[i] every ::0::(L-1)
        format = x:z:s
        #datapoints = 64
function used for fitting: f(x,a,mr,c)
	f(x,a,mr,c)=a*cosh((x-L/2)/mr)/mr+c
fitted parameters initialized with current variable values

iter      chisq       delta/lim  lambda   a             mr            c            
   0 3.5763536254e+04   0.00e+00  2.16e+01   -2.745220e-10   1.658738e+01   1.205238e+00
   3 2.5248713555e+04  -3.65e-09  2.16e-02   -2.745190e-10   1.658804e+01   1.617447e+00

After 3 iterations the fit converged.
final sum of squares of residuals : 25248.7
rel. change during last iteration : -3.64537e-14

degrees of freedom    (FIT_NDF)                        : 61
rms of residuals      (FIT_STDFIT) = sqrt(WSSR/ndf)    : 20.3449
variance of residuals (reduced chisquare) = WSSR/ndf   : 413.913
p-value of the Chisq distribution (FIT_P)              : 0

Final set of parameters            Asymptotic Standard Error
=======================            ==========================
a               = -2.74519e-10     +/- 46.09        (1.679e+13%)
mr              = 16.588           +/- 7.74e+11     (4.666e+12%)
c               = 1.61745          +/- 2.17         (134.2%)

correlation matrix of the fit parameters:
                a      mr     c      
a               1.000 
mr             -0.999  1.000 
c              -0.995  0.991  1.000 


*******************************************************************************
Fri Jan 30 14:48:40 2026


FIT:    data read from 'corrfunc.dat' u 1:column2[i]:column3[i] every ::0::(L-1)
        format = x:z:s
        #datapoints = 64
function used for fitting: f(x,a,mr,c)
	f(x,a,mr,c)=a*cosh((x-L/2)/mr)/mr+c
fitted parameters initialized with current variable values

iter      chisq       delta/lim  lambda   a             mr            c            
   0 1.4503985481e+04   0.00e+00  2.14e+01   -2.745190e-10   1.658804e+01   1.617447e+00
   3 9.2038125026e+03  -4.45e-09  2.14e-02   -2.745178e-10   1.658830e+01   2.014904e+00

After 3 iterations the fit converged.
final sum of squares of residuals : 9203.81
rel. change during last iteration : -4.44677e-14

degrees of freedom    (FIT_NDF)                        : 61
rms of residuals      (FIT_STDFIT) = sqrt(WSSR/ndf)    : 12.2834
variance of residuals (reduced chisquare) = WSSR/ndf   : 150.882
p-value of the Chisq distribution (FIT_P)              : 0

Final set of parameters            Asymptotic Standard Error
=======================            ==========================
a               = -2.74518e-10     +/- 43           (1.566e+13%)
mr              = 16.5883          +/- 7.134e+11    (4.301e+12%)
c               = 2.0149           +/- 2.087        (103.6%)

correlation matrix of the fit parameters:
                a      mr     c      
a               1.000 
mr             -0.999  1.000 
c              -0.995  0.991  1.000 


*******************************************************************************
Fri Jan 30 14:48:40 2026


FIT:    data read from 'corrfunc.dat' u 1:column2[i]:column3[i] every ::0::(L-1)
        format = x:z:s
        #datapoints = 64
function used for fitting: f(x,a,mr,c)
	f(x,a,mr,c)=a*cosh((x-L/2)/mr)/mr+c
fitted parameters initialized with current variable values

iter      chisq       delta/lim  lambda   a             mr            c            
   0 1.1283755924e+04   0.00e+00  2.69e+01   -2.745178e-10   1.658830e+01   2.014904e+00
   3 5.9160244633e+03  -6.80e-09  2.69e-02   -2.745171e-10   1.658845e+01   2.411385e+00

After 3 iterations the fit converged.
final sum of squares of residuals : 5916.02
rel. change during last iteration : -6.79505e-14

degrees of freedom    (FIT_NDF)                        : 61
rms of residuals      (FIT_STDFIT) = sqrt(WSSR/ndf)    : 9.84805
variance of residuals (reduced chisquare) = WSSR/ndf   : 96.984
p-value of the Chisq distribution (FIT_P)              : 0

Final set of parameters            Asymptotic Standard Error
=======================            ==========================
a               = -2.74517e-10     +/- 28.49        (1.038e+13%)
mr              = 16.5884          +/- 4.709e+11    (2.839e+12%)
c               = 2.41138          +/- 1.383        (57.37%)

correlation matrix of the fit parameters:
                a      mr     c      
a               1.000 
mr             -0.999  1.000 
c              -0.993  0.987  1.000 


*******************************************************************************
Fri Jan 30 14:48:40 2026


FIT:    data read from 'corrfunc.dat' u 1:column2[i]:column3[i] every ::0::(L-1)
        format = x:z:s
        #datapoints = 64
function used for fitting: f(x,a,mr,c)
	f(x,a,mr,c)=a*cosh((x-L/2)/mr)/mr+c
fitted parameters initialized with current variable values

iter      chisq       delta/lim  lambda   a             mr            c            
   0 2.7245430720e+03   0.00e+00  2.16e+01   -2.745171e-10   1.658845e+01   2.411385e+00
   3 1.9483694627e+03  -3.05e-09  2.16e-02   -2.745168e-10   1.658852e+01   2.636079e+00

After 3 iterations the fit converged.
final sum of squares of residuals : 1948.37
rel. change during last iteration : -3.04586e-14

degrees of freedom    (FIT_NDF)                        : 61
rms of residuals      (FIT_STDFIT) = sqrt(WSSR/ndf)    : 5.65159
variance of residuals (reduced chisquare) = WSSR/ndf   : 31.9405
p-value of the Chisq distribution (FIT_P)              : 0

Final set of parameters            Asymptotic Standard Error
=======================            ==========================
a               = -2.74517e-10     +/- 33.6         (1.224e+13%)
mr              = 16.5885          +/- 5.602e+11    (3.377e+12%)
c               = 2.63608          +/- 1.611        (61.1%)

correlation matrix of the fit parameters:
                a      mr     c      
a               1.000 
mr             -0.999  1.000 
c              -0.996  0.992  1.000 


*******************************************************************************
Fri Jan 30 14:48:40 2026


FIT:    data read from 'corrfunc.dat' u 1:column2[i]:column3[i] every ::0::(L-1)
        format = x:z:s
        #datapoints = 64
function used for fitting: f(x,a,mr,c)
	f(x,a,mr,c)=a*cosh((x-L/2)/mr)/mr+c
fitted parameters initialized with current variable values

iter      chisq       delta/lim  lambda   a             mr            c            
   0 4.3863133815e+03   0.00e+00  3.18e+01   -2.745168e-10   1.658852e+01   2.636079e+00
   3 1.2324373811e+03  -1.87e-08  3.18e-02   -2.745166e-10   1.658856e+01   2.971939e+00

After 3 iterations the fit converged.
final sum of squares of residuals : 1232.44
rel. change during last iteration : -1.87258e-13

degrees of freedom    (FIT_NDF)                        : 61
rms of residuals      (FIT_STDFIT) = sqrt(WSSR/ndf)    : 4.49487
variance of residuals (reduced chisquare) = WSSR/ndf   : 20.2039
p-value of the Chisq distribution (FIT_P)              : 0

Final set of parameters            Asymptotic Standard Error
=======================            ==========================
a               = -2.74517e-10     +/- 22.44        (8.174e+12%)
mr              = 16.5886          +/- 3.732e+11    (2.25e+12%)
c               = 2.97194          +/- 1.085        (36.52%)

correlation matrix of the fit parameters:
                a      mr     c      
a               1.000 
mr             -0.999  1.000 
c              -0.996  0.992  1.000 


*******************************************************************************
Fri Jan 30 14:48:40 2026


FIT:    data read from 'corrfunc.dat' u 1:column2[i]:column3[i] every ::0::(L-1)
        format = x:z:s
        #datapoints = 64
function used for fitting: f(x,a,mr,c)
	f(x,a,mr,c)=a*cosh((x-L/2)/mr)/mr+c
fitted parameters initialized with current variable values

iter      chisq       delta/lim  lambda   a             mr            c            
   0 1.7263303861e+03   0.00e+00  2.65e+01   -2.745166e-10   1.658856e+01   2.971939e+00
   3 3.3249316208e+02  -3.05e-08  2.65e-02   -2.745166e-10   1.658858e+01   3.274198e+00

After 3 iterations the fit converged.
final sum of squares of residuals : 332.493
rel. change during last iteration : -3.04995e-13

degrees of freedom    (FIT_NDF)                        : 61
rms of residuals      (FIT_STDFIT) = sqrt(WSSR/ndf)    : 2.33468
variance of residuals (reduced chisquare) = WSSR/ndf   : 5.45071
p-value of the Chisq distribution (FIT_P)              : 0

Final set of parameters            Asymptotic Standard Error
=======================            ==========================
a               = -2.74517e-10     +/- 14.6         (5.318e+12%)
mr              = 16.5886          +/- 2.397e+11    (1.445e+12%)
c               = 3.2742           +/- 0.7191       (21.96%)

correlation matrix of the fit parameters:
                a      mr     c      
a               1.000 
mr             -0.999  1.000 
c              -0.993  0.988  1.000 


*******************************************************************************
Fri Jan 30 14:48:40 2026


FIT:    data read from 'corrfunc.dat' u 1:column2[i]:column3[i] every ::0::(L-1)
        format = x:z:s
        #datapoints = 64
function used for fitting: f(x,a,mr,c)
	f(x,a,mr,c)=a*cosh((x-L/2)/mr)/mr+c
fitted parameters initialized with current variable values

iter      chisq       delta/lim  lambda   a             mr            c            
   0 3.3681722064e+03   0.00e+00  6.43e+01   -2.745166e-10   1.658858e+01   3.274198e+00
   3 2.3493099273e+02  -9.71e-08  6.43e-02   -2.745165e-10   1.658858e+01   3.480034e+00

After 3 iterations the fit converged.
final sum of squares of residuals : 234.931
rel. change during last iteration : -9.70856e-13

degrees of freedom    (FIT_NDF)                        : 61
rms of residuals      (FIT_STDFIT) = sqrt(WSSR/ndf)    : 1.96248
variance of residuals (reduced chisquare) = WSSR/ndf   : 3.85133
p-value of the Chisq distribution (FIT_P)              : 0

Final set of parameters            Asymptotic Standard Error
=======================            ==========================
a               = -2.74517e-10     +/- 3.664        (1.335e+12%)
mr              = 16.5886          +/- 6.081e+10    (3.666e+11%)
c               = 3.48003          +/- 0.1788       (5.137%)

correlation matrix of the fit parameters:
                a      mr     c      
a               1.000 
mr             -0.999  1.000 
c              -0.993  0.987  1.000 


*******************************************************************************
Fri Jan 30 14:48:40 2026


FIT:    data read from 'corrfunc.dat' u 1:column2[i]:column3[i] every ::0::(L-1)
        format = x:z:s
        #datapoints = 64
function used for fitting: f(x,a,mr,c)
	f(x,a,mr,c)=a*cosh((x-L/2)/mr)/mr+c
fitted parameters initialized with current variable values

iter      chisq       delta/lim  lambda   a             mr            c            
   0 6.0592761913e+03   0.00e+00  1.02e+02   -2.745165e-10   1.658858e+01   3.480034e+00
   3 2.2113435691e+02  -1.92e-07  1.02e-01   -2.745165e-10   1.658858e+01   3.667336e+00

After 3 iterations the fit converged.
final sum of squares of residuals : 221.134
rel. change during last iteration : -1.92199e-12

degrees of freedom    (FIT_NDF)                        : 61
rms of residuals      (FIT_STDFIT) = sqrt(WSSR/ndf)    : 1.90398
variance of residuals (reduced chisquare) = WSSR/ndf   : 3.62515
p-value of the Chisq distribution (FIT_P)              : 0

Final set of parameters            Asymptotic Standard Error
=======================            ==========================
a               = -2.74517e-10     +/- 2.357        (8.588e+11%)
mr              = 16.5886          +/- 3.879e+10    (2.339e+11%)
c               = 3.66734          +/- 0.118        (3.216%)

correlation matrix of the fit parameters:
                a      mr     c      
a               1.000 
mr             -0.999  1.000 
c              -0.995  0.989  1.000 


*******************************************************************************
Fri Jan 30 14:48:40 2026


FIT:    data read from 'corrfunc.dat' u 1:column2[i]:column3[i] every ::0::(L-1)
        format = x:z:s
        #datapoints = 64
function used for fitting: f(x,a,mr,c)
	f(x,a,mr,c)=a*cosh((x-L/2)/mr)/mr+c
fitted parameters initialized with current variable values

iter      chisq       delta/lim  lambda   a             mr            c            
   0 1.0092801462e+03   0.00e+00  4.97e+01   -2.745165e-10   1.658858e+01   3.667336e+00
   3 2.1620767569e+02  -2.71e-08  4.97e-02   -2.745165e-10   1.658859e+01   3.817207e+00

After 3 iterations the fit converged.
final sum of squares of residuals : 216.208
rel. change during last iteration : -2.70799e-13

degrees of freedom    (FIT_NDF)                        : 61
rms of residuals      (FIT_STDFIT) = sqrt(WSSR/ndf)    : 1.88265
variance of residuals (reduced chisquare) = WSSR/ndf   : 3.54439
p-value of the Chisq distribution (FIT_P)              : 0

Final set of parameters            Asymptotic Standard Error
=======================            ==========================
a               = -2.74516e-10     +/- 6.468        (2.356e+12%)
mr              = 16.5886          +/- 1.079e+11    (6.507e+11%)
c               = 3.81721          +/- 0.3081       (8.071%)

correlation matrix of the fit parameters:
                a      mr     c      
a               1.000 
mr             -0.999  1.000 
c              -0.996  0.993  1.000 


*******************************************************************************
Fri Jan 30 14:48:40 2026


FIT:    data read from 'corrfunc.dat' u 1:column2[i]:column3[i] every ::0::(L-1)
        format = x:z:s
        #datapoints = 64
function used for fitting: f(x,a,mr,c)
	f(x,a,mr,c)=a*cosh((x-L/2)/mr)/mr+c
fitted parameters initialized with current variable values

iter      chisq       delta/lim  lambda   a             mr            c            
   0 2.5836733568e+03   0.00e+00  6.81e+01   -2.745165e-10   1.658859e+01   3.817207e+00
   3 1.1088081290e+02  -1.62e-07  6.81e-02   -2.745165e-10   1.658860e+01   4.018489e+00

After 3 iterations the fit converged.
final sum of squares of residuals : 110.881
rel. change during last iteration : -1.6237e-12

degrees of freedom    (FIT_NDF)                        : 61
rms of residuals      (FIT_STDFIT) = sqrt(WSSR/ndf)    : 1.34823
variance of residuals (reduced chisquare) = WSSR/ndf   : 1.81772
p-value of the Chisq distribution (FIT_P)              : 9.90056e-05

Final set of parameters            Asymptotic Standard Error
=======================            ==========================
a               = -2.74516e-10     +/- 2.804        (1.022e+12%)
mr              = 16.5886          +/- 4.663e+10    (2.811e+11%)
c               = 4.01849          +/- 0.1377       (3.427%)

correlation matrix of the fit parameters:
                a      mr     c      
a               1.000 
mr             -0.999  1.000 
c              -0.992  0.986  1.000 


*******************************************************************************
Fri Jan 30 14:48:40 2026


FIT:    data read from 'corrfunc.dat' u 1:column2[i]:column3[i] every ::0::(L-1)
        format = x:z:s
        #datapoints = 64
function used for fitting: f(x,a,mr,c)
	f(x,a,mr,c)=a*cosh((x-L/2)/mr)/mr+c
fitted parameters initialized with current variable values

iter      chisq       delta/lim  lambda   a             mr            c            
   0 2.2781071413e+04   0.00e+00  2.48e+02   -2.745165e-10   1.658860e+01   4.018489e+00
   3 1.2724440668e+02  -1.30e-06  2.48e-01   -2.745165e-10   1.658860e+01   4.194600e+00

After 3 iterations the fit converged.
final sum of squares of residuals : 127.244
rel. change during last iteration : -1.2964e-11

degrees of freedom    (FIT_NDF)                        : 61
rms of residuals      (FIT_STDFIT) = sqrt(WSSR/ndf)    : 1.44429
variance of residuals (reduced chisquare) = WSSR/ndf   : 2.08597
p-value of the Chisq distribution (FIT_P)              : 1.42259e-06

Final set of parameters            Asymptotic Standard Error
=======================            ==========================
a               = -2.74516e-10     +/- 0.6827       (2.487e+11%)
mr              = 16.5886          +/- 1.185e+10    (7.146e+10%)
c               = 4.1946           +/- 0.0306       (0.7296%)

correlation matrix of the fit parameters:
                a      mr     c      
a               1.000 
mr             -0.998  1.000 
c              -0.995  0.989  1.000 


*******************************************************************************
Fri Jan 30 14:48:40 2026


FIT:    data read from 'corrfunc.dat' u 1:column2[i]:column3[i] every ::0::(L-1)
        format = x:z:s
        #datapoints = 64
function used for fitting: f(x,a,mr,c)
	f(x,a,mr,c)=a*cosh((x-L/2)/mr)/mr+c
fitted parameters initialized with current variable values

iter      chisq       delta/lim  lambda   a             mr            c            
   0 1.0099188885e+03   0.00e+00  5.22e+01   -2.745165e-10   1.658860e+01   4.194600e+00
   3 1.1491378160e+02  -5.67e-08  5.22e-02   -2.745164e-10   1.658860e+01   4.368043e+00

After 3 iterations the fit converged.
final sum of squares of residuals : 114.914
rel. change during last iteration : -5.67129e-13

degrees of freedom    (FIT_NDF)                        : 61
rms of residuals      (FIT_STDFIT) = sqrt(WSSR/ndf)    : 1.37253
variance of residuals (reduced chisquare) = WSSR/ndf   : 1.88383
p-value of the Chisq distribution (FIT_P)              : 3.65334e-05

Final set of parameters            Asymptotic Standard Error
=======================            ==========================
a               = -2.74516e-10     +/- 4.956        (1.805e+12%)
mr              = 16.5886          +/- 8.402e+10    (5.065e+11%)
c               = 4.36804          +/- 0.2263       (5.181%)

correlation matrix of the fit parameters:
                a      mr     c      
a               1.000 
mr             -0.999  1.000 
c              -0.995  0.991  1.000 


*******************************************************************************
Fri Jan 30 14:48:40 2026


FIT:    data read from 'corrfunc.dat' u 1:column2[i]:column3[i] every ::0::(L-1)
        format = x:z:s
        #datapoints = 64
function used for fitting: f(x,a,mr,c)
	f(x,a,mr,c)=a*cosh((x-L/2)/mr)/mr+c
fitted parameters initialized with current variable values

iter      chisq       delta/lim  lambda   a             mr            c            
   0 1.3071695926e+04   0.00e+00  1.98e+02   -2.745164e-10   1.658860e+01   4.368043e+00
   3 9.7552979540e+01  -9.68e-07  1.98e-01   -2.745164e-10   1.658860e+01   4.549683e+00

After 3 iterations the fit converged.
final sum of squares of residuals : 97.553
rel. change during last iteration : -9.6845e-12

degrees of freedom    (FIT_NDF)                        : 61
rms of residuals      (FIT_STDFIT) = sqrt(WSSR/ndf)    : 1.26461
variance of residuals (reduced chisquare) = WSSR/ndf   : 1.59923
p-value of the Chisq distribution (FIT_P)              : 0.00204783

Final set of parameters            Asymptotic Standard Error
=======================            ==========================
a               = -2.74516e-10     +/- 1.001        (3.648e+11%)
mr              = 16.5886          +/- 1.695e+10    (1.022e+11%)
c               = 4.54968          +/- 0.04739      (1.042%)

correlation matrix of the fit parameters:
                a      mr     c      
a               1.000 
mr             -0.999  1.000 
c              -0.995  0.990  1.000 


*******************************************************************************
Fri Jan 30 14:48:40 2026


FIT:    data read from 'corrfunc.dat' u 1:column2[i]:column3[i] every ::0::(L-1)
        format = x:z:s
        #datapoints = 64
function used for fitting: f(x,a,mr,c)
	f(x,a,mr,c)=a*cosh((x-L/2)/mr)/mr+c
fitted parameters initialized with current variable values

iter      chisq       delta/lim  lambda   a             mr            c            
   0 1.5231286633e+03   0.00e+00  8.56e+01   -2.745164e-10   1.658860e+01   4.549683e+00
   3 6.8821732755e+01  -1.54e-07  8.56e-02   -2.745164e-10   1.658860e+01   4.695944e+00

After 3 iterations the fit converged.
final sum of squares of residuals : 68.8217
rel. change during last iteration : -1.53875e-12

degrees of freedom    (FIT_NDF)                        : 61
rms of residuals      (FIT_STDFIT) = sqrt(WSSR/ndf)    : 1.06218
variance of residuals (reduced chisquare) = WSSR/ndf   : 1.12823
p-value of the Chisq distribution (FIT_P)              : 0.229728

Final set of parameters            Asymptotic Standard Error
=======================            ==========================
a               = -2.74516e-10     +/- 2.159        (7.865e+11%)
mr              = 16.5886          +/- 3.637e+10    (2.192e+11%)
c               = 4.69594          +/- 0.1019       (2.17%)

correlation matrix of the fit parameters:
                a      mr     c      
a               1.000 
mr             -0.999  1.000 
c              -0.996  0.992  1.000 


*******************************************************************************
Fri Jan 30 14:48:52 2026


FIT:    data read from 'corrfunc.dat' u 1:column2[i]:column3[i] every ::0::(L-1)
        format = x:z:s
        #datapoints = 64
function used for fitting: f(x,a,mr,c)
	f(x,a,mr,c)=a*cosh((x-L/2)/mr)/mr+c
fitted parameters initialized with current variable values

iter      chisq       delta/lim  lambda   a             mr            c            
   0 1.7790267549e+07   0.00e+00  3.02e+02    1.000000e-01   1.710000e+01   1.000000e+00
2127 4.6962655764e+01  -2.43e-01  3.02e+02    6.114942e-25   5.898591e-01  -2.062299e-05

After 2127 iterations the fit converged.
final sum of squares of residuals : 46.9627
rel. change during last iteration : -2.43265e-06

degrees of freedom    (FIT_NDF)                        : 61
rms of residuals      (FIT_STDFIT) = sqrt(WSSR/ndf)    : 0.877428
variance of residuals (reduced chisquare) = WSSR/ndf   : 0.76988
p-value of the Chisq distribution (FIT_P)              : 0.906974

Final set of parameters            Asymptotic Standard Error
=======================            ==========================
a               = 6.11494e-25      +/- 6.741e-25    (110.2%)
mr              = 0.589859         +/- 0.01214      (2.058%)
c               = -2.0623e-05      +/- 0.00022      (1067%)

correlation matrix of the fit parameters:
                a      mr     c      
a               1.000 
mr              1.000  1.000 
c              -0.258 -0.257  1.000 


*******************************************************************************
Fri Jan 30 14:48:54 2026


FIT:    data read from 'corrfunc.dat' u 1:column2[i]:column3[i] every ::0::(L-1)
        format = x:z:s
        #datapoints = 64
function used for fitting: f(x,a,mr,c)
	f(x,a,mr,c)=a*cosh((x-L/2)/mr)/mr+c
fitted parameters initialized with current variable values

iter      chisq       delta/lim  lambda   a             mr            c            
   0 9.8379140364e+01   0.00e+00  2.93e+02    6.114942e-25   5.898591e-01  -2.062299e-05
 137 5.1409981446e+01  -4.27e-01  2.93e-01    7.200725e-25   5.907235e-01  -2.148665e-05

After 137 iterations the fit converged.
final sum of squares of residuals : 51.41
rel. change during last iteration : -4.27312e-06

degrees of freedom    (FIT_NDF)                        : 61
rms of residuals      (FIT_STDFIT) = sqrt(WSSR/ndf)    : 0.918034
variance of residuals (reduced chisquare) = WSSR/ndf   : 0.842787
p-value of the Chisq distribution (FIT_P)              : 0.804332

Final set of parameters            Asymptotic Standard Error
=======================            ==========================
a               = 7.20072e-25      +/- 9.491e-25    (131.8%)
mr              = 0.590723         +/- 0.01455      (2.463%)
c               = -2.14866e-05     +/- 0.0002352    (1094%)

correlation matrix of the fit parameters:
                a      mr     c      
a               1.000 
mr              1.000  1.000 
c              -0.196 -0.195  1.000 


*******************************************************************************
Fri Jan 30 14:48:54 2026


FIT:    data read from 'corrfunc.dat' u 1:column2[i]:column3[i] every ::0::(L-1)
        format = x:z:s
        #datapoints = 64
function used for fitting: f(x,a,mr,c)
	f(x,a,mr,c)=a*cosh((x-L/2)/mr)/mr+c
fitted parameters initialized with current variable values

iter      chisq       delta/lim  lambda   a             mr            c            
   0 4.9368154960e+01   0.00e+00  2.48e+02    7.200725e-25   5.907235e-01  -2.148665e-05
 518 4.3135883692e+01  -4.63e-01  2.48e-02    6.609422e-24   6.155192e-01   6.869670e-05

After 518 iterations the fit converged.
final sum of squares of residuals : 43.1359
rel. change during last iteration : -4.63075e-06

degrees of freedom    (FIT_NDF)                        : 61
rms of residuals      (FIT_STDFIT) = sqrt(WSSR/ndf)    : 0.84092
variance of residuals (reduced chisquare) = WSSR/ndf   : 0.707146
p-value of the Chisq distribution (FIT_P)              : 0.959704

Final set of parameters            Asymptotic Standard Error
=======================            ==========================
a               = 6.60942e-24      +/- 7.025e-24    (106.3%)
mr              = 0.615519         +/- 0.01276      (2.073%)
c               = 6.86967e-05      +/- 0.0002338    (340.3%)

correlation matrix of the fit parameters:
                a      mr     c      
a               1.000 
mr              1.000  1.000 
c              -0.206 -0.204  1.000 


*******************************************************************************
Fri Jan 30 14:48:54 2026


FIT:    data read from 'corrfunc.dat' u 1:column2[i]:column3[i] every ::0::(L-1)
        format = x:z:s
        #datapoints = 64
function used for fitting: f(x,a,mr,c)
	f(x,a,mr,c)=a*cosh((x-L/2)/mr)/mr+c
fitted parameters initialized with current variable values

iter      chisq       delta/lim  lambda   a             mr            c            
   0 6.8909257309e+01   0.00e+00  2.95e+02    6.609422e-24   6.155192e-01   6.869670e-05
 199 5.5228533849e+01  -8.93e-01  2.95e-01    8.726836e-24   6.183061e-01   6.892584e-05

After 199 iterations the fit converged.
final sum of squares of residuals : 55.2285
rel. change during last iteration : -8.92826e-06

degrees of freedom    (FIT_NDF)                        : 61
rms of residuals      (FIT_STDFIT) = sqrt(WSSR/ndf)    : 0.951518
variance of residuals (reduced chisquare) = WSSR/ndf   : 0.905386
p-value of the Chisq distribution (FIT_P)              : 0.684061

Final set of parameters            Asymptotic Standard Error
=======================            ==========================
a               = 8.72684e-24      +/- 9.872e-24    (113.1%)
mr              = 0.618306         +/- 0.01367      (2.211%)
c               = 6.89258e-05      +/- 0.0002608    (378.4%)

correlation matrix of the fit parameters:
                a      mr     c      
a               1.000 
mr              1.000  1.000 
c              -0.216 -0.214  1.000 


*******************************************************************************
Fri Jan 30 14:48:54 2026


FIT:    data read from 'corrfunc.dat' u 1:column2[i]:column3[i] every ::0::(L-1)
        format = x:z:s
        #datapoints = 64
function used for fitting: f(x,a,mr,c)
	f(x,a,mr,c)=a*cosh((x-L/2)/mr)/mr+c
fitted parameters initialized with current variable values

iter      chisq       delta/lim  lambda   a             mr            c            
   0 8.0191357892e+01   0.00e+00  2.84e+02    8.726836e-24   6.183061e-01   6.892584e-05
 586 5.5180397204e+01  -9.96e-01  2.84e-01    6.860274e-23   6.429280e-01   5.077832e-04

After 586 iterations the fit converged.
final sum of squares of residuals : 55.1804
rel. change during last iteration : -9.96394e-06

degrees of freedom    (FIT_NDF)                        : 61
rms of residuals      (FIT_STDFIT) = sqrt(WSSR/ndf)    : 0.951103
variance of residuals (reduced chisquare) = WSSR/ndf   : 0.904597
p-value of the Chisq distribution (FIT_P)              : 0.685715

Final set of parameters            Asymptotic Standard Error
=======================            ==========================
a               = 6.86027e-23      +/- 7.527e-23    (109.7%)
mr              = 0.642928         +/- 0.01431      (2.226%)
c               = 0.000507783      +/- 0.0002746    (54.08%)

correlation matrix of the fit parameters:
                a      mr     c      
a               1.000 
mr              1.000  1.000 
c              -0.234 -0.232  1.000 


*******************************************************************************
Fri Jan 30 14:48:55 2026


FIT:    data read from 'corrfunc.dat' u 1:column2[i]:column3[i] every ::0::(L-1)
        format = x:z:s
        #datapoints = 64
function used for fitting: f(x,a,mr,c)
	f(x,a,mr,c)=a*cosh((x-L/2)/mr)/mr+c
fitted parameters initialized with current variable values

iter      chisq       delta/lim  lambda   a             mr            c            
   0 5.7810034816e+01   0.00e+00  2.39e+02    6.860274e-23   6.429280e-01   5.077832e-04
 135 5.0711142083e+01  -9.59e-01  2.39e-01    1.621669e-22   6.536016e-01   2.989007e-04

After 135 iterations the fit converged.
final sum of squares of residuals : 50.7111
rel. change during last iteration : -9.59481e-06

degrees of freedom    (FIT_NDF)                        : 61
rms of residuals      (FIT_STDFIT) = sqrt(WSSR/ndf)    : 0.911773
variance of residuals (reduced chisquare) = WSSR/ndf   : 0.83133
p-value of the Chisq distribution (FIT_P)              : 0.823408

Final set of parameters            Asymptotic Standard Error
=======================            ==========================
a               = 1.62167e-22      +/- 1.54e-22     (94.99%)
mr              = 0.653602         +/- 0.01285      (1.965%)
c               = 0.000298901      +/- 0.0002687    (89.91%)

correlation matrix of the fit parameters:
                a      mr     c      
a               1.000 
mr              1.000  1.000 
c              -0.232 -0.229  1.000 


*******************************************************************************
Fri Jan 30 14:48:55 2026


FIT:    data read from 'corrfunc.dat' u 1:column2[i]:column3[i] every ::0::(L-1)
        format = x:z:s
        #datapoints = 64
function used for fitting: f(x,a,mr,c)
	f(x,a,mr,c)=a*cosh((x-L/2)/mr)/mr+c
fitted parameters initialized with current variable values

iter      chisq       delta/lim  lambda   a             mr            c            
   0 6.1925291916e+01   0.00e+00  3.93e+02    1.621669e-22   6.536016e-01   2.989007e-04
 244 3.3225618291e+01  -9.99e-01  3.93e-01    6.135841e-22   6.708941e-01  -2.939884e-04

After 244 iterations the fit converged.
final sum of squares of residuals : 33.2256
rel. change during last iteration : -9.98592e-06

degrees of freedom    (FIT_NDF)                        : 61
rms of residuals      (FIT_STDFIT) = sqrt(WSSR/ndf)    : 0.738026
variance of residuals (reduced chisquare) = WSSR/ndf   : 0.544682
p-value of the Chisq distribution (FIT_P)              : 0.998579

Final set of parameters            Asymptotic Standard Error
=======================            ==========================
a               = 6.13584e-22      +/- 4.502e-22    (73.38%)
mr              = 0.670894         +/- 0.01039      (1.549%)
c               = -0.000293988     +/- 0.0002209    (75.14%)

correlation matrix of the fit parameters:
                a      mr     c      
a               1.000 
mr              1.000  1.000 
c              -0.230 -0.228  1.000 


*******************************************************************************
Fri Jan 30 14:48:55 2026


FIT:    data read from 'corrfunc.dat' u 1:column2[i]:column3[i] every ::0::(L-1)
        format = x:z:s
        #datapoints = 64
function used for fitting: f(x,a,mr,c)
	f(x,a,mr,c)=a*cosh((x-L/2)/mr)/mr+c
fitted parameters initialized with current variable values

iter      chisq       delta/lim  lambda   a             mr            c            
   0 6.8122876723e+01   0.00e+00  2.85e+02    6.135841e-22   6.708941e-01  -2.939884e-04
 406 5.3524105566e+01  -9.98e-01  2.85e-01    3.033006e-21   6.931283e-01  -1.590605e-04

After 406 iterations the fit converged.
final sum of squares of residuals : 53.5241
rel. change during last iteration : -9.97942e-06

degrees of freedom    (FIT_NDF)                        : 61
rms of residuals      (FIT_STDFIT) = sqrt(WSSR/ndf)    : 0.93672
variance of residuals (reduced chisquare) = WSSR/ndf   : 0.877444
p-value of the Chisq distribution (FIT_P)              : 0.740733

Final set of parameters            Asymptotic Standard Error
=======================            ==========================
a               = 3.03301e-21      +/- 3.456e-21    (114%)
mr              = 0.693128         +/- 0.0172       (2.482%)
c               = -0.00015906      +/- 0.0003072    (193.1%)

correlation matrix of the fit parameters:
                a      mr     c      
a               1.000 
mr              1.000  1.000 
c              -0.206 -0.205  1.000 


*******************************************************************************
Fri Jan 30 14:48:56 2026


FIT:    data read from 'corrfunc.dat' u 1:column2[i]:column3[i] every ::0::(L-1)
        format = x:z:s
        #datapoints = 64
function used for fitting: f(x,a,mr,c)
	f(x,a,mr,c)=a*cosh((x-L/2)/mr)/mr+c
fitted parameters initialized with current variable values

iter      chisq       delta/lim  lambda   a             mr            c            
   0 5.5553502724e+01   0.00e+00  2.58e+02    3.033006e-21   6.931283e-01  -1.590605e-04
   8 4.3151346998e+01  -6.51e-02  2.58e-05    3.995139e-21   6.967360e-01   4.021409e-04

After 8 iterations the fit converged.
final sum of squares of residuals : 43.1513
rel. change during last iteration : -6.50627e-07

degrees of freedom    (FIT_NDF)                        : 61
rms of residuals      (FIT_STDFIT) = sqrt(WSSR/ndf)    : 0.84107
variance of residuals (reduced chisquare) = WSSR/ndf   : 0.707399
p-value of the Chisq distribution (FIT_P)              : 0.959551

Final set of parameters            Asymptotic Standard Error
=======================            ==========================
a               = 3.99514e-21      +/- 2.984e-21    (74.68%)
mr              = 0.696736         +/- 0.01144      (1.642%)
c               = 0.000402141      +/- 0.0002775    (69%)

correlation matrix of the fit parameters:
                a      mr     c      
a               1.000 
mr              1.000  1.000 
c              -0.233 -0.230  1.000 


*******************************************************************************
Fri Jan 30 14:48:56 2026


FIT:    data read from 'corrfunc.dat' u 1:column2[i]:column3[i] every ::0::(L-1)
        format = x:z:s
        #datapoints = 64
function used for fitting: f(x,a,mr,c)
	f(x,a,mr,c)=a*cosh((x-L/2)/mr)/mr+c
fitted parameters initialized with current variable values

iter      chisq       delta/lim  lambda   a             mr            c            
   0 8.1454809956e+01   0.00e+00  2.32e+02    3.995139e-21   6.967360e-01   4.021409e-04
 325 6.1653453547e+01  -9.95e-01  2.32e-01    1.931877e-20   7.202093e-01   2.817477e-05

After 325 iterations the fit converged.
final sum of squares of residuals : 61.6535
rel. change during last iteration : -9.94662e-06

degrees of freedom    (FIT_NDF)                        : 61
rms of residuals      (FIT_STDFIT) = sqrt(WSSR/ndf)    : 1.00534
variance of residuals (reduced chisquare) = WSSR/ndf   : 1.01071
p-value of the Chisq distribution (FIT_P)              : 0.452518

Final set of parameters            Asymptotic Standard Error
=======================            ==========================
a               = 1.93188e-20      +/- 1.821e-20    (94.26%)
mr              = 0.720209         +/- 0.01541      (2.14%)
c               = 2.81748e-05      +/- 0.0003557    (1262%)

correlation matrix of the fit parameters:
                a      mr     c      
a               1.000 
mr              1.000  1.000 
c              -0.232 -0.229  1.000 


*******************************************************************************
Fri Jan 30 14:48:56 2026


FIT:    data read from 'corrfunc.dat' u 1:column2[i]:column3[i] every ::0::(L-1)
        format = x:z:s
        #datapoints = 64
function used for fitting: f(x,a,mr,c)
	f(x,a,mr,c)=a*cosh((x-L/2)/mr)/mr+c
fitted parameters initialized with current variable values

iter      chisq       delta/lim  lambda   a             mr            c            
   0 6.3451124926e+01   0.00e+00  2.30e+02    1.931877e-20   7.202093e-01   2.817477e-05
  10 3.9644565249e+01  -7.39e-01  2.30e-01    2.085384e-20   7.203911e-01   2.776184e-05

After 10 iterations the fit converged.
final sum of squares of residuals : 39.6446
rel. change during last iteration : -7.38578e-06

degrees of freedom    (FIT_NDF)                        : 61
rms of residuals      (FIT_STDFIT) = sqrt(WSSR/ndf)    : 0.806171
variance of residuals (reduced chisquare) = WSSR/ndf   : 0.649911
p-value of the Chisq distribution (FIT_P)              : 0.984541

Final set of parameters            Asymptotic Standard Error
=======================            ==========================
a               = 2.08538e-20      +/- 1.553e-20    (74.49%)
mr              = 0.720391         +/- 0.01217      (1.69%)
c               = 2.77618e-05      +/- 0.0003121    (1124%)

correlation matrix of the fit parameters:
                a      mr     c      
a               1.000 
mr              1.000  1.000 
c              -0.267 -0.265  1.000 


*******************************************************************************
Fri Jan 30 14:48:56 2026


FIT:    data read from 'corrfunc.dat' u 1:column2[i]:column3[i] every ::0::(L-1)
        format = x:z:s
        #datapoints = 64
function used for fitting: f(x,a,mr,c)
	f(x,a,mr,c)=a*cosh((x-L/2)/mr)/mr+c
fitted parameters initialized with current variable values

iter      chisq       delta/lim  lambda   a             mr            c            
   0 7.0290037164e+01   0.00e+00  2.06e+02    2.085384e-20   7.203911e-01   2.776184e-05
 229 5.7214716839e+01  -1.83e-01  2.06e-01    4.250397e-20   7.313205e-01   3.069230e-05

After 229 iterations the fit converged.
final sum of squares of residuals : 57.2147
rel. change during last iteration : -1.82531e-06

degrees of freedom    (FIT_NDF)                        : 61
rms of residuals      (FIT_STDFIT) = sqrt(WSSR/ndf)    : 0.968476
variance of residuals (reduced chisquare) = WSSR/ndf   : 0.937946
p-value of the Chisq distribution (FIT_P)              : 0.613839

Final set of parameters            Asymptotic Standard Error
=======================            ==========================
a               = 4.2504e-20       +/- 4.037e-20    (94.98%)
mr              = 0.73132          +/- 0.01601      (2.189%)
c               = 3.06923e-05      +/- 0.0003563    (1161%)

correlation matrix of the fit parameters:
                a      mr     c      
a               1.000 
mr              1.000  1.000 
c              -0.232 -0.229  1.000 


*******************************************************************************
Fri Jan 30 14:48:56 2026


FIT:    data read from 'corrfunc.dat' u 1:column2[i]:column3[i] every ::0::(L-1)
        format = x:z:s
        #datapoints = 64
function used for fitting: f(x,a,mr,c)
	f(x,a,mr,c)=a*cosh((x-L/2)/mr)/mr+c
fitted parameters initialized with current variable values

iter      chisq       delta/lim  lambda   a             mr            c            
   0 7.1445875114e+01   0.00e+00  2.01e+02    4.250397e-20   7.313205e-01   3.069230e-05
 461 4.2181323982e+01  -5.54e-01  2.01e-02    6.670307e-19   7.788436e-01   1.859587e-04

After 461 iterations the fit converged.
final sum of squares of residuals : 42.1813
rel. change during last iteration : -5.54368e-06

degrees of freedom    (FIT_NDF)                        : 61
rms of residuals      (FIT_STDFIT) = sqrt(WSSR/ndf)    : 0.831563
variance of residuals (reduced chisquare) = WSSR/ndf   : 0.691497
p-value of the Chisq distribution (FIT_P)              : 0.968362

Final set of parameters            Asymptotic Standard Error
=======================            ==========================
a               = 6.67031e-19      +/- 5.008e-19    (75.09%)
mr              = 0.778844         +/- 0.01434      (1.841%)
c               = 0.000185959      +/- 0.0003547    (190.7%)

correlation matrix of the fit parameters:
                a      mr     c      
a               1.000 
mr              1.000  1.000 
c              -0.281 -0.277  1.000 


*******************************************************************************
Fri Jan 30 14:48:56 2026


FIT:    data read from 'corrfunc.dat' u 1:column2[i]:column3[i] every ::0::(L-1)
        format = x:z:s
        #datapoints = 64
function used for fitting: f(x,a,mr,c)
	f(x,a,mr,c)=a*cosh((x-L/2)/mr)/mr+c
fitted parameters initialized with current variable values

iter      chisq       delta/lim  lambda   a             mr            c            
   0 9.2066677666e+01   0.00e+00  2.59e+02    6.670307e-19   7.788436e-01   1.859587e-04
 246 5.6001422454e+01  -6.60e-01  2.59e-01    1.224695e-18   7.892490e-01   2.114338e-04

After 246 iterations the fit converged.
final sum of squares of residuals : 56.0014
rel. change during last iteration : -6.60194e-06

degrees of freedom    (FIT_NDF)                        : 61
rms of residuals      (FIT_STDFIT) = sqrt(WSSR/ndf)    : 0.958152
variance of residuals (reduced chisquare) = WSSR/ndf   : 0.918056
p-value of the Chisq distribution (FIT_P)              : 0.657156

Final set of parameters            Asymptotic Standard Error
=======================            ==========================
a               = 1.22469e-18      +/- 9.166e-19    (74.85%)
mr              = 0.789249         +/- 0.01463      (1.854%)
c               = 0.000211434      +/- 0.0004188    (198.1%)

correlation matrix of the fit parameters:
                a      mr     c      
a               1.000 
mr              1.000  1.000 
c              -0.238 -0.235  1.000 


*******************************************************************************
Fri Jan 30 14:48:57 2026


FIT:    data read from 'corrfunc.dat' u 1:column2[i]:column3[i] every ::0::(L-1)
        format = x:z:s
        #datapoints = 64
function used for fitting: f(x,a,mr,c)
	f(x,a,mr,c)=a*cosh((x-L/2)/mr)/mr+c
fitted parameters initialized with current variable values

iter      chisq       delta/lim  lambda   a             mr            c            
   0 1.1021064237e+02   0.00e+00  3.04e+02    1.224695e-18   7.892490e-01   2.114338e-04
 523 4.7957484398e+01  -9.93e-01  3.04e-01    9.151421e-18   8.282614e-01  -1.497421e-05

After 523 iterations the fit converged.
final sum of squares of residuals : 47.9575
rel. change during last iteration : -9.92604e-06

degrees of freedom    (FIT_NDF)                        : 61
rms of residuals      (FIT_STDFIT) = sqrt(WSSR/ndf)    : 0.886673
variance of residuals (reduced chisquare) = WSSR/ndf   : 0.786188
p-value of the Chisq distribution (FIT_P)              : 0.887966

Final set of parameters            Asymptotic Standard Error
=======================            ==========================
a               = 9.15142e-18      +/- 5.191e-18    (56.72%)
mr              = 0.828261         +/- 0.01219      (1.471%)
c               = -1.49742e-05     +/- 0.000372     (2484%)

correlation matrix of the fit parameters:
                a      mr     c      
a               1.000 
mr              1.000  1.000 
c              -0.250 -0.247  1.000 


*******************************************************************************
Fri Jan 30 14:48:57 2026


FIT:    data read from 'corrfunc.dat' u 1:column2[i]:column3[i] every ::0::(L-1)
        format = x:z:s
        #datapoints = 64
function used for fitting: f(x,a,mr,c)
	f(x,a,mr,c)=a*cosh((x-L/2)/mr)/mr+c
fitted parameters initialized with current variable values

iter      chisq       delta/lim  lambda   a             mr            c            
   0 7.1643073940e+01   0.00e+00  2.40e+02    9.151421e-18   8.282614e-01  -1.497421e-05
 354 3.3349101515e+01  -5.57e-02  2.40e-06    5.168971e-17   8.647554e-01  -8.322952e-04

After 354 iterations the fit converged.
final sum of squares of residuals : 33.3491
rel. change during last iteration : -5.56673e-07

degrees of freedom    (FIT_NDF)                        : 61
rms of residuals      (FIT_STDFIT) = sqrt(WSSR/ndf)    : 0.739396
variance of residuals (reduced chisquare) = WSSR/ndf   : 0.546707
p-value of the Chisq distribution (FIT_P)              : 0.998498

Final set of parameters            Asymptotic Standard Error
=======================            ==========================
a               = 5.16897e-17      +/- 2.971e-17    (57.48%)
mr              = 0.864755         +/- 0.01342      (1.551%)
c               = -0.000832295     +/- 0.00034      (40.86%)

correlation matrix of the fit parameters:
                a      mr     c      
a               1.000 
mr              1.000  1.000 
c              -0.241 -0.238  1.000 


*******************************************************************************
Fri Jan 30 14:48:57 2026


FIT:    data read from 'corrfunc.dat' u 1:column2[i]:column3[i] every ::0::(L-1)
        format = x:z:s
        #datapoints = 64
function used for fitting: f(x,a,mr,c)
	f(x,a,mr,c)=a*cosh((x-L/2)/mr)/mr+c
fitted parameters initialized with current variable values

iter      chisq       delta/lim  lambda   a             mr            c            
   0 7.5202426024e+01   0.00e+00  1.98e+02    5.168971e-17   8.647554e-01  -8.322952e-04
 171 5.1451455846e+01  -9.67e-01  1.98e-01    1.843929e-16   8.939795e-01   1.075110e-04

After 171 iterations the fit converged.
final sum of squares of residuals : 51.4515
rel. change during last iteration : -9.67477e-06

degrees of freedom    (FIT_NDF)                        : 61
rms of residuals      (FIT_STDFIT) = sqrt(WSSR/ndf)    : 0.918404
variance of residuals (reduced chisquare) = WSSR/ndf   : 0.843466
p-value of the Chisq distribution (FIT_P)              : 0.803168

Final set of parameters            Asymptotic Standard Error
=======================            ==========================
a               = 1.84393e-16      +/- 1.17e-16     (63.44%)
mr              = 0.89398          +/- 0.01588      (1.776%)
c               = 0.000107511      +/- 0.000434     (403.7%)

correlation matrix of the fit parameters:
                a      mr     c      
a               1.000 
mr              1.000  1.000 
c              -0.284 -0.280  1.000 


*******************************************************************************
Fri Jan 30 14:48:57 2026


FIT:    data read from 'corrfunc.dat' u 1:column2[i]:column3[i] every ::0::(L-1)
        format = x:z:s
        #datapoints = 64
function used for fitting: f(x,a,mr,c)
	f(x,a,mr,c)=a*cosh((x-L/2)/mr)/mr+c
fitted parameters initialized with current variable values

iter      chisq       delta/lim  lambda   a             mr            c            
   0 1.6565687936e+02   0.00e+00  2.91e+02    1.843929e-16   8.939795e-01   1.075110e-04
 536 5.8966381900e+01  -3.16e-01  2.91e-02    1.952725e-15   9.535125e-01   4.062988e-04

After 536 iterations the fit converged.
final sum of squares of residuals : 58.9664
rel. change during last iteration : -3.1558e-06

degrees of freedom    (FIT_NDF)                        : 61
rms of residuals      (FIT_STDFIT) = sqrt(WSSR/ndf)    : 0.98319
variance of residuals (reduced chisquare) = WSSR/ndf   : 0.966662
p-value of the Chisq distribution (FIT_P)              : 0.549987

Final set of parameters            Asymptotic Standard Error
=======================            ==========================
a               = 1.95272e-15      +/- 1.081e-15    (55.34%)
mr              = 0.953513         +/- 0.01565      (1.641%)
c               = 0.000406299      +/- 0.0005359    (131.9%)

correlation matrix of the fit parameters:
                a      mr     c      
a               1.000 
mr              1.000  1.000 
c              -0.277 -0.273  1.000 


*******************************************************************************
Fri Jan 30 14:48:58 2026


FIT:    data read from 'corrfunc.dat' u 1:column2[i]:column3[i] every ::0::(L-1)
        format = x:z:s
        #datapoints = 64
function used for fitting: f(x,a,mr,c)
	f(x,a,mr,c)=a*cosh((x-L/2)/mr)/mr+c
fitted parameters initialized with current variable values

iter      chisq       delta/lim  lambda   a             mr            c            
   0 9.3244782951e+01   0.00e+00  2.45e+02    1.952725e-15   9.535125e-01   4.062988e-04
  98 4.4023756304e+01  -1.55e-01  2.45e-04    2.798799e-15   9.616982e-01   1.338338e-04

After 98 iterations the fit converged.
final sum of squares of residuals : 44.0238
rel. change during last iteration : -1.55369e-06

degrees of freedom    (FIT_NDF)                        : 61
rms of residuals      (FIT_STDFIT) = sqrt(WSSR/ndf)    : 0.84953
variance of residuals (reduced chisquare) = WSSR/ndf   : 0.721701
p-value of the Chisq distribution (FIT_P)              : 0.950164

Final set of parameters            Asymptotic Standard Error
=======================            ==========================
a               = 2.7988e-15       +/- 1.489e-15    (53.21%)
mr              = 0.961698         +/- 0.01531      (1.592%)
c               = 0.000133834      +/- 0.0004726    (353.1%)

correlation matrix of the fit parameters:
                a      mr     c      
a               1.000 
mr              1.000  1.000 
c              -0.239 -0.235  1.000 


*******************************************************************************
Fri Jan 30 14:48:58 2026


FIT:    data read from 'corrfunc.dat' u 1:column2[i]:column3[i] every ::0::(L-1)
        format = x:z:s
        #datapoints = 64
function used for fitting: f(x,a,mr,c)
	f(x,a,mr,c)=a*cosh((x-L/2)/mr)/mr+c
fitted parameters initialized with current variable values

iter      chisq       delta/lim  lambda   a             mr            c            
   0 1.8206833512e+02   0.00e+00  2.68e+02    2.798799e-15   9.616982e-01   1.338338e-04
 479 5.5690301151e+01  -3.91e-01  2.68e-02    2.776531e-14   1.028479e+00   1.649766e-04

After 479 iterations the fit converged.
final sum of squares of residuals : 55.6903
rel. change during last iteration : -3.9128e-06

degrees of freedom    (FIT_NDF)                        : 61
rms of residuals      (FIT_STDFIT) = sqrt(WSSR/ndf)    : 0.955487
variance of residuals (reduced chisquare) = WSSR/ndf   : 0.912956
p-value of the Chisq distribution (FIT_P)              : 0.668062

Final set of parameters            Asymptotic Standard Error
=======================            ==========================
a               = 2.77653e-14      +/- 1.356e-14    (48.83%)
mr              = 1.02848          +/- 0.01604      (1.559%)
c               = 0.000164977      +/- 0.0005675    (344%)

correlation matrix of the fit parameters:
                a      mr     c      
a               1.000 
mr              1.000  1.000 
c              -0.257 -0.252  1.000 


*******************************************************************************
Fri Jan 30 14:48:58 2026


FIT:    data read from 'corrfunc.dat' u 1:column2[i]:column3[i] every ::0::(L-1)
        format = x:z:s
        #datapoints = 64
function used for fitting: f(x,a,mr,c)
	f(x,a,mr,c)=a*cosh((x-L/2)/mr)/mr+c
fitted parameters initialized with current variable values

iter      chisq       delta/lim  lambda   a             mr            c            
   0 1.0421670404e+02   0.00e+00  2.25e+02    2.776531e-14   1.028479e+00   1.649766e-04
 371 3.9050625054e+01  -8.78e-01  2.25e-02    1.587552e-13   1.085266e+00  -3.067630e-04

After 371 iterations the fit converged.
final sum of squares of residuals : 39.0506
rel. change during last iteration : -8.77642e-06

degrees of freedom    (FIT_NDF)                        : 61
rms of residuals      (FIT_STDFIT) = sqrt(WSSR/ndf)    : 0.800109
variance of residuals (reduced chisquare) = WSSR/ndf   : 0.640174
p-value of the Chisq distribution (FIT_P)              : 0.987142

Final set of parameters            Asymptotic Standard Error
=======================            ==========================
a               = 1.58755e-13      +/- 7.64e-14     (48.13%)
mr              = 1.08527          +/- 0.01752      (1.614%)
c               = -0.000306763     +/- 0.0005037    (164.2%)

correlation matrix of the fit parameters:
                a      mr     c      
a               1.000 
mr              1.000  1.000 
c              -0.271 -0.267  1.000 


*******************************************************************************
Fri Jan 30 14:48:59 2026


FIT:    data read from 'corrfunc.dat' u 1:column2[i]:column3[i] every ::0::(L-1)
        format = x:z:s
        #datapoints = 64
function used for fitting: f(x,a,mr,c)
	f(x,a,mr,c)=a*cosh((x-L/2)/mr)/mr+c
fitted parameters initialized with current variable values

iter      chisq       delta/lim  lambda   a             mr            c            
   0 1.7673731209e+02   0.00e+00  2.77e+02    1.587552e-13   1.085266e+00  -3.067630e-04
 471 3.7179463701e+01  -1.50e-02  2.77e-02    1.848422e-12   1.177826e+00  -1.703853e-03

After 471 iterations the fit converged.
final sum of squares of residuals : 37.1795
rel. change during last iteration : -1.50352e-07

degrees of freedom    (FIT_NDF)                        : 61
rms of residuals      (FIT_STDFIT) = sqrt(WSSR/ndf)    : 0.780704
variance of residuals (reduced chisquare) = WSSR/ndf   : 0.609499
p-value of the Chisq distribution (FIT_P)              : 0.993121

Final set of parameters            Asymptotic Standard Error
=======================            ==========================
a               = 1.84842e-12      +/- 6.001e-13    (32.46%)
mr              = 1.17783          +/- 0.01391      (1.181%)
c               = -0.00170385      +/- 0.0005191    (30.47%)

correlation matrix of the fit parameters:
                a      mr     c      
a               1.000 
mr              1.000  1.000 
c              -0.278 -0.273  1.000 


*******************************************************************************
Fri Jan 30 14:48:59 2026


FIT:    data read from 'corrfunc.dat' u 1:column2[i]:column3[i] every ::0::(L-1)
        format = x:z:s
        #datapoints = 64
function used for fitting: f(x,a,mr,c)
	f(x,a,mr,c)=a*cosh((x-L/2)/mr)/mr+c
fitted parameters initialized with current variable values

iter      chisq       delta/lim  lambda   a             mr            c            
   0 1.6975336095e+02   0.00e+00  1.57e+02    1.848422e-12   1.177826e+00  -1.703853e-03
 222 4.8999725741e+01  -3.76e-01  1.57e-02    1.087580e-11   1.252915e+00  -3.383984e-04

After 222 iterations the fit converged.
final sum of squares of residuals : 48.9997
rel. change during last iteration : -3.76155e-06

degrees of freedom    (FIT_NDF)                        : 61
rms of residuals      (FIT_STDFIT) = sqrt(WSSR/ndf)    : 0.896256
variance of residuals (reduced chisquare) = WSSR/ndf   : 0.803274
p-value of the Chisq distribution (FIT_P)              : 0.865579

Final set of parameters            Asymptotic Standard Error
=======================            ==========================
a               = 1.08758e-11      +/- 4.615e-12    (42.44%)
mr              = 1.25291          +/- 0.02066      (1.649%)
c               = -0.000338398     +/- 0.0006667    (197%)

correlation matrix of the fit parameters:
                a      mr     c      
a               1.000 
mr              1.000  1.000 
c              -0.305 -0.299  1.000 


*******************************************************************************
Fri Jan 30 14:48:59 2026


FIT:    data read from 'corrfunc.dat' u 1:column2[i]:column3[i] every ::0::(L-1)
        format = x:z:s
        #datapoints = 64
function used for fitting: f(x,a,mr,c)
	f(x,a,mr,c)=a*cosh((x-L/2)/mr)/mr+c
fitted parameters initialized with current variable values

iter      chisq       delta/lim  lambda   a             mr            c            
   0 1.7312645278e+02   0.00e+00  1.89e+02    1.087580e-11   1.252915e+00  -3.383984e-04
  60 3.9864974574e+01  -7.43e-01  1.89e-04    1.366262e-11   1.259175e+00   1.717349e-03

After 60 iterations the fit converged.
final sum of squares of residuals : 39.865
rel. change during last iteration : -7.4338e-06

degrees of freedom    (FIT_NDF)                        : 61
rms of residuals      (FIT_STDFIT) = sqrt(WSSR/ndf)    : 0.808408
variance of residuals (reduced chisquare) = WSSR/ndf   : 0.653524
p-value of the Chisq distribution (FIT_P)              : 0.983475

Final set of parameters            Asymptotic Standard Error
=======================            ==========================
a               = 1.36626e-11      +/- 4.778e-12    (34.97%)
mr              = 1.25917          +/- 0.01714      (1.361%)
c               = 0.00171735       +/- 0.0006394    (37.23%)

correlation matrix of the fit parameters:
                a      mr     c      
a               1.000 
mr              1.000  1.000 
c              -0.290 -0.285  1.000 


*******************************************************************************
Fri Jan 30 14:48:59 2026


FIT:    data read from 'corrfunc.dat' u 1:column2[i]:column3[i] every ::0::(L-1)
        format = x:z:s
        #datapoints = 64
function used for fitting: f(x,a,mr,c)
	f(x,a,mr,c)=a*cosh((x-L/2)/mr)/mr+c
fitted parameters initialized with current variable values

iter      chisq       delta/lim  lambda   a             mr            c            
   0 2.7415368050e+02   0.00e+00  1.98e+02    1.366262e-11   1.259175e+00   1.717349e-03
 368 3.8868596502e+01  -3.69e-04  1.98e-05    2.514417e-10   1.410625e+00  -7.026390e-04

After 368 iterations the fit converged.
final sum of squares of residuals : 38.8686
rel. change during last iteration : -3.69326e-09

degrees of freedom    (FIT_NDF)                        : 61
rms of residuals      (FIT_STDFIT) = sqrt(WSSR/ndf)    : 0.798242
variance of residuals (reduced chisquare) = WSSR/ndf   : 0.63719
p-value of the Chisq distribution (FIT_P)              : 0.987864

Final set of parameters            Asymptotic Standard Error
=======================            ==========================
a               = 2.51442e-10      +/- 7.528e-11    (29.94%)
mr              = 1.41063          +/- 0.01841      (1.305%)
c               = -0.000702639     +/- 0.0006994    (99.55%)

correlation matrix of the fit parameters:
                a      mr     c      
a               1.000 
mr              1.000  1.000 
c              -0.320 -0.314  1.000 


*******************************************************************************
Fri Jan 30 14:49:00 2026


FIT:    data read from 'corrfunc.dat' u 1:column2[i]:column3[i] every ::0::(L-1)
        format = x:z:s
        #datapoints = 64
function used for fitting: f(x,a,mr,c)
	f(x,a,mr,c)=a*cosh((x-L/2)/mr)/mr+c
fitted parameters initialized with current variable values

iter      chisq       delta/lim  lambda   a             mr            c            
   0 3.2705214627e+02   0.00e+00  2.35e+02    2.514417e-10   1.410625e+00  -7.026390e-04
 279 2.7092222962e+01  -6.42e-01  2.35e-02    2.116242e-09   1.543848e+00  -1.276471e-03

After 279 iterations the fit converged.
final sum of squares of residuals : 27.0922
rel. change during last iteration : -6.424e-06

degrees of freedom    (FIT_NDF)                        : 61
rms of residuals      (FIT_STDFIT) = sqrt(WSSR/ndf)    : 0.666434
variance of residuals (reduced chisquare) = WSSR/ndf   : 0.444135
p-value of the Chisq distribution (FIT_P)              : 0.999949

Final set of parameters            Asymptotic Standard Error
=======================            ==========================
a               = 2.11624e-09      +/- 4.331e-10    (20.47%)
mr              = 1.54385          +/- 0.01488      (0.964%)
c               = -0.00127647      +/- 0.0006594    (51.66%)

correlation matrix of the fit parameters:
                a      mr     c      
a               1.000 
mr              1.000  1.000 
c              -0.308 -0.301  1.000 


*******************************************************************************
Fri Jan 30 14:49:00 2026


FIT:    data read from 'corrfunc.dat' u 1:column2[i]:column3[i] every ::0::(L-1)
        format = x:z:s
        #datapoints = 64
function used for fitting: f(x,a,mr,c)
	f(x,a,mr,c)=a*cosh((x-L/2)/mr)/mr+c
fitted parameters initialized with current variable values

iter      chisq       delta/lim  lambda   a             mr            c            
   0 3.3867845457e+02   0.00e+00  1.85e+02    2.116242e-09   1.543848e+00  -1.276471e-03
 131 5.0923703998e+01  -2.52e-02  1.85e-04    9.314560e-09   1.648805e+00   5.966373e-04

After 131 iterations the fit converged.
final sum of squares of residuals : 50.9237
rel. change during last iteration : -2.52194e-07

degrees of freedom    (FIT_NDF)                        : 61
rms of residuals      (FIT_STDFIT) = sqrt(WSSR/ndf)    : 0.913682
variance of residuals (reduced chisquare) = WSSR/ndf   : 0.834815
p-value of the Chisq distribution (FIT_P)              : 0.817716

Final set of parameters            Asymptotic Standard Error
=======================            ==========================
a               = 9.31456e-09      +/- 2.518e-09    (27.03%)
mr              = 1.64881          +/- 0.0224       (1.359%)
c               = 0.000596637      +/- 0.00097      (162.6%)

correlation matrix of the fit parameters:
                a      mr     c      
a               1.000 
mr              1.000  1.000 
c              -0.372 -0.364  1.000 


*******************************************************************************
Fri Jan 30 14:49:00 2026


FIT:    data read from 'corrfunc.dat' u 1:column2[i]:column3[i] every ::0::(L-1)
        format = x:z:s
        #datapoints = 64
function used for fitting: f(x,a,mr,c)
	f(x,a,mr,c)=a*cosh((x-L/2)/mr)/mr+c
fitted parameters initialized with current variable values

iter      chisq       delta/lim  lambda   a             mr            c            
   0 6.6320802378e+02   0.00e+00  1.97e+02    9.314560e-09   1.648805e+00   5.966373e-04
 235 4.3764036104e+01  -5.42e-05  1.97e-05    9.777255e-08   1.852903e+00  -2.054815e-03

After 235 iterations the fit converged.
final sum of squares of residuals : 43.764
rel. change during last iteration : -5.42354e-10

degrees of freedom    (FIT_NDF)                        : 61
rms of residuals      (FIT_STDFIT) = sqrt(WSSR/ndf)    : 0.84702
variance of residuals (reduced chisquare) = WSSR/ndf   : 0.717443
p-value of the Chisq distribution (FIT_P)              : 0.95311

Final set of parameters            Asymptotic Standard Error
=======================            ==========================
a               = 9.77725e-08      +/- 2.147e-08    (21.96%)
mr              = 1.8529           +/- 0.02312      (1.248%)
c               = -0.00205481      +/- 0.0009242    (44.98%)

correlation matrix of the fit parameters:
                a      mr     c      
a               1.000 
mr              1.000  1.000 
c              -0.356 -0.347  1.000 


*******************************************************************************
Fri Jan 30 14:49:00 2026


FIT:    data read from 'corrfunc.dat' u 1:column2[i]:column3[i] every ::0::(L-1)
        format = x:z:s
        #datapoints = 64
function used for fitting: f(x,a,mr,c)
	f(x,a,mr,c)=a*cosh((x-L/2)/mr)/mr+c
fitted parameters initialized with current variable values

iter      chisq       delta/lim  lambda   a             mr            c            
   0 6.3279633863e+02   0.00e+00  1.64e+02    9.777255e-08   1.852903e+00  -2.054815e-03
 133 3.7747810801e+01  -3.23e-01  1.64e-04    8.590319e-07   2.088489e+00   1.093889e-03

After 133 iterations the fit converged.
final sum of squares of residuals : 37.7478
rel. change during last iteration : -3.23081e-06

degrees of freedom    (FIT_NDF)                        : 61
rms of residuals      (FIT_STDFIT) = sqrt(WSSR/ndf)    : 0.786649
variance of residuals (reduced chisquare) = WSSR/ndf   : 0.618817
p-value of the Chisq distribution (FIT_P)              : 0.991619

Final set of parameters            Asymptotic Standard Error
=======================            ==========================
a               = 8.59032e-07      +/- 1.484e-07    (17.28%)
mr              = 2.08849          +/- 0.02275      (1.089%)
c               = 0.00109389       +/- 0.001066     (97.46%)

correlation matrix of the fit parameters:
                a      mr     c      
a               1.000 
mr              0.999  1.000 
c              -0.422 -0.412  1.000 


*******************************************************************************
Fri Jan 30 14:49:00 2026


FIT:    data read from 'corrfunc.dat' u 1:column2[i]:column3[i] every ::0::(L-1)
        format = x:z:s
        #datapoints = 64
function used for fitting: f(x,a,mr,c)
	f(x,a,mr,c)=a*cosh((x-L/2)/mr)/mr+c
fitted parameters initialized with current variable values

iter      chisq       delta/lim  lambda   a             mr            c            
   0 5.6498427465e+02   0.00e+00  1.78e+02    8.590319e-07   2.088489e+00   1.093889e-03
 130 3.6253570186e+01  -3.24e-03  1.78e-04    4.831940e-06   2.319435e+00   2.238725e-03

After 130 iterations the fit converged.
final sum of squares of residuals : 36.2536
rel. change during last iteration : -3.24237e-08

degrees of freedom    (FIT_NDF)                        : 61
rms of residuals      (FIT_STDFIT) = sqrt(WSSR/ndf)    : 0.770922
variance of residuals (reduced chisquare) = WSSR/ndf   : 0.594321
p-value of the Chisq distribution (FIT_P)              : 0.995087

Final set of parameters            Asymptotic Standard Error
=======================            ==========================
a               = 4.83194e-06      +/- 7.712e-07    (15.96%)
mr              = 2.31944          +/- 0.02563      (1.105%)
c               = 0.00223872       +/- 0.00119      (53.16%)

correlation matrix of the fit parameters:
                a      mr     c      
a               1.000 
mr              1.000  1.000 
c              -0.403 -0.393  1.000 


*******************************************************************************
Fri Jan 30 14:49:00 2026


FIT:    data read from 'corrfunc.dat' u 1:column2[i]:column3[i] every ::0::(L-1)
        format = x:z:s
        #datapoints = 64
function used for fitting: f(x,a,mr,c)
	f(x,a,mr,c)=a*cosh((x-L/2)/mr)/mr+c
fitted parameters initialized with current variable values

iter      chisq       delta/lim  lambda   a             mr            c            
   0 1.0469199969e+03   0.00e+00  1.51e+02    4.831940e-06   2.319435e+00   2.238725e-03
  56 6.0497481482e+01  -1.38e-01  1.51e-04    2.522415e-05   2.586020e+00   7.565345e-03

After 56 iterations the fit converged.
final sum of squares of residuals : 60.4975
rel. change during last iteration : -1.38265e-06

degrees of freedom    (FIT_NDF)                        : 61
rms of residuals      (FIT_STDFIT) = sqrt(WSSR/ndf)    : 0.995872
variance of residuals (reduced chisquare) = WSSR/ndf   : 0.991762
p-value of the Chisq distribution (FIT_P)              : 0.494086

Final set of parameters            Asymptotic Standard Error
=======================            ==========================
a               = 2.52241e-05      +/- 4.188e-06    (16.6%)
mr              = 2.58602          +/- 0.03332      (1.288%)
c               = 0.00756535       +/- 0.001688     (22.31%)

correlation matrix of the fit parameters:
                a      mr     c      
a               1.000 
mr              0.999  1.000 
c              -0.412 -0.398  1.000 


*******************************************************************************
Fri Jan 30 14:49:00 2026


FIT:    data read from 'corrfunc.dat' u 1:column2[i]:column3[i] every ::0::(L-1)
        format = x:z:s
        #datapoints = 64
function used for fitting: f(x,a,mr,c)
	f(x,a,mr,c)=a*cosh((x-L/2)/mr)/mr+c
fitted parameters initialized with current variable values

iter      chisq       delta/lim  lambda   a             mr            c            
   0 1.3969116220e+03   0.00e+00  1.57e+02    2.522415e-05   2.586020e+00   7.565345e-03
 158 2.7720357420e+01  -5.70e-07  1.57e-02    4.237652e-04   3.232228e+00  -7.971841e-03

After 158 iterations the fit converged.
final sum of squares of residuals : 27.7204
rel. change during last iteration : -5.70285e-12

degrees of freedom    (FIT_NDF)                        : 61
rms of residuals      (FIT_STDFIT) = sqrt(WSSR/ndf)    : 0.674116
variance of residuals (reduced chisquare) = WSSR/ndf   : 0.454432
p-value of the Chisq distribution (FIT_P)              : 0.999924

Final set of parameters            Asymptotic Standard Error
=======================            ==========================
a               = 0.000423765      +/- 3.644e-05    (8.6%)
mr              = 3.23223          +/- 0.02623      (0.8114%)
c               = -0.00797184      +/- 0.001346     (16.88%)

correlation matrix of the fit parameters:
                a      mr     c      
a               1.000 
mr              0.999  1.000 
c              -0.472 -0.456  1.000 


*******************************************************************************
Fri Jan 30 14:49:00 2026


FIT:    data read from 'corrfunc.dat' u 1:column2[i]:column3[i] every ::0::(L-1)
        format = x:z:s
        #datapoints = 64
function used for fitting: f(x,a,mr,c)
	f(x,a,mr,c)=a*cosh((x-L/2)/mr)/mr+c
fitted parameters initialized with current variable values

iter      chisq       delta/lim  lambda   a             mr            c            
   0 1.3214882483e+03   0.00e+00  1.35e+02    4.237652e-04   3.232228e+00  -7.971841e-03
  42 2.9034314765e+01  -2.20e-03  1.35e-04    1.547536e-03   3.629452e+00   1.783474e-03

After 42 iterations the fit converged.
final sum of squares of residuals : 29.0343
rel. change during last iteration : -2.19852e-08

degrees of freedom    (FIT_NDF)                        : 61
rms of residuals      (FIT_STDFIT) = sqrt(WSSR/ndf)    : 0.689908
variance of residuals (reduced chisquare) = WSSR/ndf   : 0.475972
p-value of the Chisq distribution (FIT_P)              : 0.999832

Final set of parameters            Asymptotic Standard Error
=======================            ==========================
a               = 0.00154754       +/- 0.0001132    (7.317%)
mr              = 3.62945          +/- 0.02805      (0.7729%)
c               = 0.00178347       +/- 0.001833     (102.8%)

correlation matrix of the fit parameters:
                a      mr     c      
a               1.000 
mr              0.999  1.000 
c              -0.598 -0.575  1.000 


*******************************************************************************
Fri Jan 30 14:49:00 2026


FIT:    data read from 'corrfunc.dat' u 1:column2[i]:column3[i] every ::0::(L-1)
        format = x:z:s
        #datapoints = 64
function used for fitting: f(x,a,mr,c)
	f(x,a,mr,c)=a*cosh((x-L/2)/mr)/mr+c
fitted parameters initialized with current variable values

iter      chisq       delta/lim  lambda   a             mr            c            
   0 3.2770154865e+03   0.00e+00  1.46e+02    1.547536e-03   3.629452e+00   1.783474e-03
 100 2.9106541382e+01  -6.69e-04  1.46e-05    1.319431e-02   4.551644e+00  -4.475993e-03

After 100 iterations the fit converged.
final sum of squares of residuals : 29.1065
rel. change during last iteration : -6.69454e-09

degrees of freedom    (FIT_NDF)                        : 61
rms of residuals      (FIT_STDFIT) = sqrt(WSSR/ndf)    : 0.690765
variance of residuals (reduced chisquare) = WSSR/ndf   : 0.477156
p-value of the Chisq distribution (FIT_P)              : 0.999825

Final set of parameters            Asymptotic Standard Error
=======================            ==========================
a               = 0.0131943        +/- 0.0008736    (6.621%)
mr              = 4.55164          +/- 0.03864      (0.849%)
c               = -0.00447599      +/- 0.002562     (57.25%)

correlation matrix of the fit parameters:
                a      mr     c      
a               1.000 
mr              0.999  1.000 
c              -0.676 -0.654  1.000 


*******************************************************************************
Fri Jan 30 14:49:00 2026


FIT:    data read from 'corrfunc.dat' u 1:column2[i]:column3[i] every ::0::(L-1)
        format = x:z:s
        #datapoints = 64
function used for fitting: f(x,a,mr,c)
	f(x,a,mr,c)=a*cosh((x-L/2)/mr)/mr+c
fitted parameters initialized with current variable values

iter      chisq       delta/lim  lambda   a             mr            c            
   0 3.6728924429e+03   0.00e+00  1.67e+02    1.319431e-02   4.551644e+00  -4.475993e-03
  65 4.3379058182e+01  -4.40e-03  1.67e-04    6.787187e-02   5.628761e+00   3.660344e-03

After 65 iterations the fit converged.
final sum of squares of residuals : 43.3791
rel. change during last iteration : -4.39939e-08

degrees of freedom    (FIT_NDF)                        : 61
rms of residuals      (FIT_STDFIT) = sqrt(WSSR/ndf)    : 0.843286
variance of residuals (reduced chisquare) = WSSR/ndf   : 0.711132
p-value of the Chisq distribution (FIT_P)              : 0.957239

Final set of parameters            Asymptotic Standard Error
=======================            ==========================
a               = 0.0678719        +/- 0.004289     (6.319%)
mr              = 5.62876          +/- 0.05407      (0.9606%)
c               = 0.00366034       +/- 0.004068     (111.1%)

correlation matrix of the fit parameters:
                a      mr     c      
a               1.000 
mr              0.998  1.000 
c              -0.735 -0.708  1.000 


*******************************************************************************
Fri Jan 30 14:49:01 2026


FIT:    data read from 'corrfunc.dat' u 1:column2[i]:column3[i] every ::0::(L-1)
        format = x:z:s
        #datapoints = 64
function used for fitting: f(x,a,mr,c)
	f(x,a,mr,c)=a*cosh((x-L/2)/mr)/mr+c
fitted parameters initialized with current variable values

iter      chisq       delta/lim  lambda   a             mr            c            
   0 5.3765656126e+03   0.00e+00  1.47e+02    6.787187e-02   5.628761e+00   3.660344e-03
  54 4.3100443071e+01  -4.24e-05  1.47e-05    3.816985e-01   7.347001e+00  -2.914194e-02

After 54 iterations the fit converged.
final sum of squares of residuals : 43.1004
rel. change during last iteration : -4.24215e-10

degrees of freedom    (FIT_NDF)                        : 61
rms of residuals      (FIT_STDFIT) = sqrt(WSSR/ndf)    : 0.840574
variance of residuals (reduced chisquare) = WSSR/ndf   : 0.706565
p-value of the Chisq distribution (FIT_P)              : 0.960054

Final set of parameters            Asymptotic Standard Error
=======================            ==========================
a               = 0.381698         +/- 0.02316      (6.067%)
mr              = 7.347            +/- 0.08189      (1.115%)
c               = -0.0291419       +/- 0.007221     (24.78%)

correlation matrix of the fit parameters:
                a      mr     c      
a               1.000 
mr              0.998  1.000 
c              -0.878 -0.856  1.000 


*******************************************************************************
Fri Jan 30 14:49:01 2026


FIT:    data read from 'corrfunc.dat' u 1:column2[i]:column3[i] every ::0::(L-1)
        format = x:z:s
        #datapoints = 64
function used for fitting: f(x,a,mr,c)
	f(x,a,mr,c)=a*cosh((x-L/2)/mr)/mr+c
fitted parameters initialized with current variable values

iter      chisq       delta/lim  lambda   a             mr            c            
   0 2.9700371502e+03   0.00e+00  1.30e+02    3.816985e-01   7.347001e+00  -2.914194e-02
  24 2.6861849674e+01  -1.16e-02  1.30e-04    8.314826e-01   8.426936e+00   1.667250e-02

After 24 iterations the fit converged.
final sum of squares of residuals : 26.8618
rel. change during last iteration : -1.15745e-07

degrees of freedom    (FIT_NDF)                        : 61
rms of residuals      (FIT_STDFIT) = sqrt(WSSR/ndf)    : 0.663595
variance of residuals (reduced chisquare) = WSSR/ndf   : 0.440358
p-value of the Chisq distribution (FIT_P)              : 0.999956

Final set of parameters            Asymptotic Standard Error
=======================            ==========================
a               = 0.831483         +/- 0.0494       (5.941%)
mr              = 8.42694          +/- 0.09993      (1.186%)
c               = 0.0166725        +/- 0.009482     (56.87%)

correlation matrix of the fit parameters:
                a      mr     c      
a               1.000 
mr              0.999  1.000 
c              -0.902 -0.882  1.000 


*******************************************************************************
Fri Jan 30 14:49:01 2026


FIT:    data read from 'corrfunc.dat' u 1:column2[i]:column3[i] every ::0::(L-1)
        format = x:z:s
        #datapoints = 64
function used for fitting: f(x,a,mr,c)
	f(x,a,mr,c)=a*cosh((x-L/2)/mr)/mr+c
fitted parameters initialized with current variable values

iter      chisq       delta/lim  lambda   a             mr            c            
   0 5.9076411017e+03   0.00e+00  1.22e+02    8.314826e-01   8.426936e+00   1.667250e-02
  29 3.9285656201e+01  -2.89e-03  1.22e-04    3.373922e+00   1.155349e+01   7.253413e-02

After 29 iterations the fit converged.
final sum of squares of residuals : 39.2857
rel. change during last iteration : -2.88662e-08

degrees of freedom    (FIT_NDF)                        : 61
rms of residuals      (FIT_STDFIT) = sqrt(WSSR/ndf)    : 0.802513
variance of residuals (reduced chisquare) = WSSR/ndf   : 0.644027
p-value of the Chisq distribution (FIT_P)              : 0.986159

Final set of parameters            Asymptotic Standard Error
=======================            ==========================
a               = 3.37392          +/- 0.3432       (10.17%)
mr              = 11.5535          +/- 0.2821       (2.441%)
c               = 0.0725341        +/- 0.03015      (41.57%)

correlation matrix of the fit parameters:
                a      mr     c      
a               1.000 
mr              0.999  1.000 
c              -0.972 -0.960  1.000 


*******************************************************************************
Fri Jan 30 14:49:01 2026


FIT:    data read from 'corrfunc.dat' u 1:column2[i]:column3[i] every ::0::(L-1)
        format = x:z:s
        #datapoints = 64
function used for fitting: f(x,a,mr,c)
	f(x,a,mr,c)=a*cosh((x-L/2)/mr)/mr+c
fitted parameters initialized with current variable values

iter      chisq       delta/lim  lambda   a             mr            c            
   0 2.5047927905e+03   0.00e+00  8.64e+01    3.373922e+00   1.155349e+01   7.253413e-02
 136 3.0301179735e+01  -1.85e-03  8.64e-05    4.124438e+00   1.241698e+01   4.067653e-01

After 136 iterations the fit converged.
final sum of squares of residuals : 30.3012
rel. change during last iteration : -1.85091e-08

degrees of freedom    (FIT_NDF)                        : 61
rms of residuals      (FIT_STDFIT) = sqrt(WSSR/ndf)    : 0.704798
variance of residuals (reduced chisquare) = WSSR/ndf   : 0.496741
p-value of the Chisq distribution (FIT_P)              : 0.999661

Final set of parameters            Asymptotic Standard Error
=======================            ==========================
a               = 4.12444          +/- 0.6308       (15.29%)
mr              = 12.417           +/- 0.4639       (3.736%)
c               = 0.406765         +/- 0.05131      (12.61%)

correlation matrix of the fit parameters:
                a      mr     c      
a               1.000 
mr              0.999  1.000 
c              -0.980 -0.970  1.000 


*******************************************************************************
Fri Jan 30 14:49:01 2026


FIT:    data read from 'corrfunc.dat' u 1:column2[i]:column3[i] every ::0::(L-1)
        format = x:z:s
        #datapoints = 64
function used for fitting: f(x,a,mr,c)
	f(x,a,mr,c)=a*cosh((x-L/2)/mr)/mr+c
fitted parameters initialized with current variable values

iter      chisq       delta/lim  lambda   a             mr            c            
   0 4.6093670161e+03   0.00e+00  8.24e+01    4.124438e+00   1.241698e+01   4.067653e-01
   6 4.1259917334e+01  -2.33e-03  8.24e-05    4.457093e+00   1.353907e+01   1.049204e+00

After 6 iterations the fit converged.
final sum of squares of residuals : 41.2599
rel. change during last iteration : -2.32658e-08

degrees of freedom    (FIT_NDF)                        : 61
rms of residuals      (FIT_STDFIT) = sqrt(WSSR/ndf)    : 0.822431
variance of residuals (reduced chisquare) = WSSR/ndf   : 0.676392
p-value of the Chisq distribution (FIT_P)              : 0.975296

Final set of parameters            Asymptotic Standard Error
=======================            ==========================
a               = 4.45709          +/- 1.145        (25.7%)
mr              = 13.5391          +/- 0.8882       (6.56%)
c               = 1.0492           +/- 0.0761       (7.253%)

correlation matrix of the fit parameters:
                a      mr     c      
a               1.000 
mr              0.999  1.000 
c              -0.987 -0.980  1.000 


*******************************************************************************
Fri Jan 30 14:49:01 2026


FIT:    data read from 'corrfunc.dat' u 1:column2[i]:column3[i] every ::0::(L-1)
        format = x:z:s
        #datapoints = 64
function used for fitting: f(x,a,mr,c)
	f(x,a,mr,c)=a*cosh((x-L/2)/mr)/mr+c
fitted parameters initialized with current variable values

iter      chisq       delta/lim  lambda   a             mr            c            
   0 7.6039700935e+02   0.00e+00  4.31e+01    4.457093e+00   1.353907e+01   1.049204e+00
 369 1.3320167992e+01  -3.25e-01  4.31e-02    2.352273e+01   2.191224e+01   5.371223e-01

After 369 iterations the fit converged.
final sum of squares of residuals : 13.3202
rel. change during last iteration : -3.24897e-06

degrees of freedom    (FIT_NDF)                        : 61
rms of residuals      (FIT_STDFIT) = sqrt(WSSR/ndf)    : 0.467294
variance of residuals (reduced chisquare) = WSSR/ndf   : 0.218363
p-value of the Chisq distribution (FIT_P)              : 1

Final set of parameters            Asymptotic Standard Error
=======================            ==========================
a               = 23.5227          +/- 10.32        (43.88%)
mr              = 21.9122          +/- 2.844        (12.98%)
c               = 0.537122         +/- 0.3447       (64.17%)

correlation matrix of the fit parameters:
                a      mr     c      
a               1.000 
mr              1.000  1.000 
c              -0.999 -0.998  1.000 


*******************************************************************************
Fri Jan 30 14:49:01 2026


FIT:    data read from 'corrfunc.dat' u 1:column2[i]:column3[i] every ::0::(L-1)
        format = x:z:s
        #datapoints = 64
function used for fitting: f(x,a,mr,c)
	f(x,a,mr,c)=a*cosh((x-L/2)/mr)/mr+c
fitted parameters initialized with current variable values

iter      chisq       delta/lim  lambda   a             mr            c            
   0 2.7907221489e+03   0.00e+00  6.29e+01    2.352273e+01   2.191224e+01   5.371223e-01
 568 2.0531800887e+01  -4.88e-03  6.29e-04    1.173981e+00   1.108936e+01   2.241022e+00

After 568 iterations the fit converged.
final sum of squares of residuals : 20.5318
rel. change during last iteration : -4.87597e-08

degrees of freedom    (FIT_NDF)                        : 61
rms of residuals      (FIT_STDFIT) = sqrt(WSSR/ndf)    : 0.580161
variance of residuals (reduced chisquare) = WSSR/ndf   : 0.336587
p-value of the Chisq distribution (FIT_P)              : 1

Final set of parameters            Asymptotic Standard Error
=======================            ==========================
a               = 1.17398          +/- 0.3899       (33.22%)
mr              = 11.0894          +/- 0.8487       (7.653%)
c               = 2.24102          +/- 0.04135      (1.845%)

correlation matrix of the fit parameters:
                a      mr     c      
a               1.000 
mr              0.999  1.000 
c              -0.966 -0.952  1.000 


*******************************************************************************
Fri Jan 30 14:49:01 2026


FIT:    data read from 'corrfunc.dat' u 1:column2[i]:column3[i] every ::0::(L-1)
        format = x:z:s
        #datapoints = 64
function used for fitting: f(x,a,mr,c)
	f(x,a,mr,c)=a*cosh((x-L/2)/mr)/mr+c
fitted parameters initialized with current variable values

iter      chisq       delta/lim  lambda   a             mr            c            
   0 8.4850860917e+02   0.00e+00  3.49e+01    1.173981e+00   1.108936e+01   2.241022e+00
 362 9.5534849395e+00  -2.18e-01  3.49e-03    6.333236e-02   6.637916e+00   2.812354e+00

After 362 iterations the fit converged.
final sum of squares of residuals : 9.55348
rel. change during last iteration : -2.18445e-06

degrees of freedom    (FIT_NDF)                        : 61
rms of residuals      (FIT_STDFIT) = sqrt(WSSR/ndf)    : 0.395746
variance of residuals (reduced chisquare) = WSSR/ndf   : 0.156615
p-value of the Chisq distribution (FIT_P)              : 1

Final set of parameters            Asymptotic Standard Error
=======================            ==========================
a               = 0.0633324        +/- 0.02633      (41.57%)
mr              = 6.63792          +/- 0.4524       (6.815%)
c               = 2.81235          +/- 0.01824      (0.6485%)

correlation matrix of the fit parameters:
                a      mr     c      
a               1.000 
mr              0.999  1.000 
c              -0.840 -0.811  1.000 


*******************************************************************************
Fri Jan 30 14:49:02 2026


FIT:    data read from 'corrfunc.dat' u 1:column2[i]:column3[i] every ::0::(L-1)
        format = x:z:s
        #datapoints = 64
function used for fitting: f(x,a,mr,c)
	f(x,a,mr,c)=a*cosh((x-L/2)/mr)/mr+c
fitted parameters initialized with current variable values

iter      chisq       delta/lim  lambda   a             mr            c            
   0 8.7485516325e+03   0.00e+00  6.98e+01    6.333236e-02   6.637916e+00   2.812354e+00
 415 2.6600401883e+01  -9.99e-01  6.98e+00    7.845233e-07   2.304068e+00   3.416820e+00

After 415 iterations the fit converged.
final sum of squares of residuals : 26.6004
rel. change during last iteration : -9.98781e-06

degrees of freedom    (FIT_NDF)                        : 61
rms of residuals      (FIT_STDFIT) = sqrt(WSSR/ndf)    : 0.660358
variance of residuals (reduced chisquare) = WSSR/ndf   : 0.436072
p-value of the Chisq distribution (FIT_P)              : 0.999963

Final set of parameters            Asymptotic Standard Error
=======================            ==========================
a               = 7.84523e-07      +/- 1.188e-06    (151.4%)
mr              = 2.30407          +/- 0.2383       (10.34%)
c               = 3.41682          +/- 0.005031     (0.1472%)

correlation matrix of the fit parameters:
                a      mr     c      
a               1.000 
mr              1.000  1.000 
c              -0.678 -0.661  1.000 


*******************************************************************************
Fri Jan 30 14:49:02 2026


FIT:    data read from 'corrfunc.dat' u 1:column2[i]:column3[i] every ::0::(L-1)
        format = x:z:s
        #datapoints = 64
function used for fitting: f(x,a,mr,c)
	f(x,a,mr,c)=a*cosh((x-L/2)/mr)/mr+c
fitted parameters initialized with current variable values

iter      chisq       delta/lim  lambda   a             mr            c            
   0 7.2049488248e+03   0.00e+00  1.05e+02    7.845233e-07   2.304068e+00   3.416820e+00
 435 2.3831165419e+01  -9.48e-01  1.05e+01    5.204065e-20   7.467004e-01   3.652254e+00

After 435 iterations the fit converged.
final sum of squares of residuals : 23.8312
rel. change during last iteration : -9.48006e-06

degrees of freedom    (FIT_NDF)                        : 61
rms of residuals      (FIT_STDFIT) = sqrt(WSSR/ndf)    : 0.62504
variance of residuals (reduced chisquare) = WSSR/ndf   : 0.390675
p-value of the Chisq distribution (FIT_P)              : 0.999995

Final set of parameters            Asymptotic Standard Error
=======================            ==========================
a               = 5.20407e-20      +/- 2.043e-19    (392.6%)
mr              = 0.7467           +/- 0.06855      (9.181%)
c               = 3.65225          +/- 0.001864     (0.05104%)

correlation matrix of the fit parameters:
                a      mr     c      
a               1.000 
mr              1.000  1.000 
c              -0.446 -0.441  1.000 


*******************************************************************************
Fri Jan 30 14:49:02 2026


FIT:    data read from 'corrfunc.dat' u 1:column2[i]:column3[i] every ::0::(L-1)
        format = x:z:s
        #datapoints = 64
function used for fitting: f(x,a,mr,c)
	f(x,a,mr,c)=a*cosh((x-L/2)/mr)/mr+c
fitted parameters initialized with current variable values

iter      chisq       delta/lim  lambda   a             mr            c            
   0 8.0001098427e+02   0.00e+00  5.65e+01    5.204065e-20   7.467004e-01   3.652254e+00
2846 2.3294930333e+01  -6.55e-02  5.65e-21    6.347283e-02   7.821617e+00   3.665022e+00

After 2846 iterations the fit converged.
final sum of squares of residuals : 23.2949
rel. change during last iteration : -6.54736e-07

degrees of freedom    (FIT_NDF)                        : 61
rms of residuals      (FIT_STDFIT) = sqrt(WSSR/ndf)    : 0.617968
variance of residuals (reduced chisquare) = WSSR/ndf   : 0.381884
p-value of the Chisq distribution (FIT_P)              : 0.999997

Final set of parameters            Asymptotic Standard Error
=======================            ==========================
a               = 0.0634728        +/- 0.0527       (83.02%)
mr              = 7.82162          +/- 1.228        (15.7%)
c               = 3.66502          +/- 0.01466      (0.4%)

correlation matrix of the fit parameters:
                a      mr     c      
a               1.000 
mr              0.999  1.000 
c              -0.882 -0.858  1.000 


*******************************************************************************
Fri Jan 30 14:49:05 2026


FIT:    data read from 'corrfunc.dat' u 1:column2[i]:column3[i] every ::0::(L-1)
        format = x:z:s
        #datapoints = 64
function used for fitting: f(x,a,mr,c)
	f(x,a,mr,c)=a*cosh((x-L/2)/mr)/mr+c
fitted parameters initialized with current variable values

iter      chisq       delta/lim  lambda   a             mr            c            
   0 2.7221985603e+03   0.00e+00  6.68e+01    6.347283e-02   7.821617e+00   3.665022e+00
 598 2.6472510814e+01  -8.13e-01  6.68e+00    5.470028e-17   8.870354e-01   3.996240e+00

After 598 iterations the fit converged.
final sum of squares of residuals : 26.4725
rel. change during last iteration : -8.13118e-06

degrees of freedom    (FIT_NDF)                        : 61
rms of residuals      (FIT_STDFIT) = sqrt(WSSR/ndf)    : 0.658768
variance of residuals (reduced chisquare) = WSSR/ndf   : 0.433976
p-value of the Chisq distribution (FIT_P)              : 0.999966

Final set of parameters            Asymptotic Standard Error
=======================            ==========================
a               = 5.47003e-17      +/- 2.696e-16    (492.9%)
mr              = 0.887035         +/- 0.1206       (13.6%)
c               = 3.99624          +/- 0.003699     (0.09255%)

correlation matrix of the fit parameters:
                a      mr     c      
a               1.000 
mr              1.000  1.000 
c              -0.549 -0.542  1.000 


*******************************************************************************
Fri Jan 30 14:49:05 2026


FIT:    data read from 'corrfunc.dat' u 1:column2[i]:column3[i] every ::0::(L-1)
        format = x:z:s
        #datapoints = 64
function used for fitting: f(x,a,mr,c)
	f(x,a,mr,c)=a*cosh((x-L/2)/mr)/mr+c
fitted parameters initialized with current variable values

iter      chisq       delta/lim  lambda   a             mr            c            
   0 2.7693197141e+04   0.00e+00  2.50e+02    5.470028e-17   8.870354e-01   3.996240e+00
3031 2.5115074407e+01  -9.99e-01  2.50e+01    2.335711e-27   5.410546e-01   4.192758e+00

After 3031 iterations the fit converged.
final sum of squares of residuals : 25.1151
rel. change during last iteration : -9.98887e-06

degrees of freedom    (FIT_NDF)                        : 61
rms of residuals      (FIT_STDFIT) = sqrt(WSSR/ndf)    : 0.641656
variance of residuals (reduced chisquare) = WSSR/ndf   : 0.411723
p-value of the Chisq distribution (FIT_P)              : 0.999987

Final set of parameters            Asymptotic Standard Error
=======================            ==========================
a               = 2.33571e-27      +/- 2.187e-26    (936.2%)
mr              = 0.541055         +/- 0.08697      (16.07%)
c               = 4.19276          +/- 0.0007794    (0.01859%)

correlation matrix of the fit parameters:
                a      mr     c      
a               1.000 
mr              1.000  1.000 
c              -0.223 -0.222  1.000 


*******************************************************************************
Fri Jan 30 14:49:07 2026


FIT:    data read from 'corrfunc.dat' u 1:column2[i]:column3[i] every ::0::(L-1)
        format = x:z:s
        #datapoints = 64
function used for fitting: f(x,a,mr,c)
	f(x,a,mr,c)=a*cosh((x-L/2)/mr)/mr+c
fitted parameters initialized with current variable values

iter      chisq       delta/lim  lambda   a             mr            c            
   0 7.4676080109e+02   0.00e+00  5.99e+01    2.335711e-27   5.410546e-01   4.192758e+00
 368 2.6944806138e+01  -4.80e-01  5.99e-03    4.723230e-26   5.653675e-01   4.334274e+00

After 368 iterations the fit converged.
final sum of squares of residuals : 26.9448
rel. change during last iteration : -4.80055e-06

degrees of freedom    (FIT_NDF)                        : 61
rms of residuals      (FIT_STDFIT) = sqrt(WSSR/ndf)    : 0.664619
variance of residuals (reduced chisquare) = WSSR/ndf   : 0.441718
p-value of the Chisq distribution (FIT_P)              : 0.999954

Final set of parameters            Asymptotic Standard Error
=======================            ==========================
a               = 4.72323e-26      +/- 5.103e-25    (1081%)
mr              = 0.565368         +/- 0.1091       (19.3%)
c               = 4.33427          +/- 0.006027     (0.139%)

correlation matrix of the fit parameters:
                a      mr     c      
a               1.000 
mr              1.000  1.000 
c              -0.661 -0.658  1.000 


*******************************************************************************
Fri Jan 30 14:49:08 2026


FIT:    data read from 'corrfunc.dat' u 1:column2[i]:column3[i] every ::0::(L-1)
        format = x:z:s
        #datapoints = 64
function used for fitting: f(x,a,mr,c)
	f(x,a,mr,c)=a*cosh((x-L/2)/mr)/mr+c
fitted parameters initialized with current variable values

iter      chisq       delta/lim  lambda   a             mr            c            
   0 1.7615299620e+04   0.00e+00  2.02e+02    4.723230e-26   5.653675e-01   4.334274e+00
  97 3.1170433710e+01  -1.98e-01  2.02e+00    6.080190e-27   5.496119e-01   4.547042e+00

After 97 iterations the fit converged.
final sum of squares of residuals : 31.1704
rel. change during last iteration : -1.98354e-06

degrees of freedom    (FIT_NDF)                        : 61
rms of residuals      (FIT_STDFIT) = sqrt(WSSR/ndf)    : 0.714836
variance of residuals (reduced chisquare) = WSSR/ndf   : 0.510991
p-value of the Chisq distribution (FIT_P)              : 0.999467

Final set of parameters            Asymptotic Standard Error
=======================            ==========================
a               = 6.08019e-27      +/- 5.902e-26    (970.6%)
mr              = 0.549612         +/- 0.09308      (16.94%)
c               = 4.54704          +/- 0.001213     (0.02668%)

correlation matrix of the fit parameters:
                a      mr     c      
a               1.000 
mr              1.000  1.000 
c              -0.285 -0.284  1.000 


*******************************************************************************
Fri Jan 30 14:49:08 2026


FIT:    data read from 'corrfunc.dat' u 1:column2[i]:column3[i] every ::0::(L-1)
        format = x:z:s
        #datapoints = 64
function used for fitting: f(x,a,mr,c)
	f(x,a,mr,c)=a*cosh((x-L/2)/mr)/mr+c
fitted parameters initialized with current variable values

iter      chisq       delta/lim  lambda   a             mr            c            
   0 1.3551923635e+03   0.00e+00  9.01e+01    6.080190e-27   5.496119e-01   4.547042e+00
 263 2.1899435975e+01  -7.26e-01  9.01e-03    4.616017e-26   5.686686e-01   4.686279e+00

After 263 iterations the fit converged.
final sum of squares of residuals : 21.8994
rel. change during last iteration : -7.25683e-06

degrees of freedom    (FIT_NDF)                        : 61
rms of residuals      (FIT_STDFIT) = sqrt(WSSR/ndf)    : 0.599172
variance of residuals (reduced chisquare) = WSSR/ndf   : 0.359007
p-value of the Chisq distribution (FIT_P)              : 0.999999

Final set of parameters            Asymptotic Standard Error
=======================            ==========================
a               = 4.61602e-26      +/- 5.243e-25    (1136%)
mr              = 0.568669         +/- 0.1163       (20.45%)
c               = 4.68628          +/- 0.002693     (0.05746%)

correlation matrix of the fit parameters:
                a      mr     c      
a               1.000 
mr              1.000  1.000 
c              -0.418 -0.416  1.000 
